"Test Information",Value
"RUN ID",497
"END EXECUTION TIME","2021-05-13 16:15:00"
"SOURCE PROBE NAME",raspberrypi-AAS
"SOURCE PROBE TEST IP ADDRESS",raspberrypi-AAS
"SOURCE PROBE MANAGEMENT IP ADDRESS",raspberrypi-AAS
"SOURCE PROBE GROUP",Administrators
"DESTINATION PROBE NAME",raspberrypi-5G
"DESTINATION PROBE TEST IP ADDRESS",raspberrypi-5G
"DESTINATION PROBE MANAGEMENT IP ADDRESS",raspberrypi-5G
"DESTINATION PROBE GROUP",Administrators
"DESTINATION PROBE LOCATION",
"TEST MODULE",MESH
"TEST TYPE","Network KPI"
"TEST ADDITIONAL INFORMATION"," DSCP Setting: Best Effort"
"TEST DURATION",120
"TEST STATUS",Failed
"FAIL OR ERROR REASON"," Threshold failed on KPI from->to Jitter (ms) 
 Threshold failed on KPI from->to Jitter Max (ms) 
 Threshold failed on KPI from->to Max Delay Variation (ms) 
 Threshold failed on KPI from->to MOS 
"

Metric,"Pair Name",Value,"Threshold Type",Threshold,"Status KPI"
"Datagrams Out of Order","KPI from->to",0.0,0,>=,Passed
"Delay (ms)","KPI from->to",29.56,0,<=,Passed
"Jitter (ms)","KPI from->to",9.25,0,<=,Failed
"Jitter Max (ms)","KPI from->to",21.0,0,<=,Failed
Loss,"KPI from->to",0.05,0,<=,Passed
"Max Delay Variation (ms)","KPI from->to",201.0,0,<=,Failed
"Max loss burst","KPI from->to",1.0,0,<=,Passed
MOS,"KPI from->to",1.38,1,<=,Failed

Metric,"Pair Name",Timestamp,Value
"Max Delay Variation (ms)","KPI from->to",102,110
"Max Delay Variation (ms)","KPI from->to",104,97
"Max Delay Variation (ms)","KPI from->to",106,81
"Max Delay Variation (ms)","KPI from->to",108,201
"Max Delay Variation (ms)","KPI from->to",110,109
"Max Delay Variation (ms)","KPI from->to",112,64
"Max Delay Variation (ms)","KPI from->to",114,134
"Max Delay Variation (ms)","KPI from->to",116,94
"Max Delay Variation (ms)","KPI from->to",118,60

Metric,"Pair Name",Timestamp,Value
"Jitter (ms)","KPI from->to",2,6
"Jitter (ms)","KPI from->to",4,13
"Jitter (ms)","KPI from->to",6,6
"Jitter (ms)","KPI from->to",8,13
"Jitter (ms)","KPI from->to",10,1
"Jitter (ms)","KPI from->to",12,8
"Jitter (ms)","KPI from->to",14,9
"Jitter (ms)","KPI from->to",16,8
"Jitter (ms)","KPI from->to",18,6
"Jitter (ms)","KPI from->to",20,11
"Jitter (ms)","KPI from->to",22,10
"Jitter (ms)","KPI from->to",24,14
"Jitter (ms)","KPI from->to",26,21
"Jitter (ms)","KPI from->to",28,3
"Jitter (ms)","KPI from->to",30,10
"Jitter (ms)","KPI from->to",32,8
"Jitter (ms)","KPI from->to",34,5
"Jitter (ms)","KPI from->to",36,5
"Jitter (ms)","KPI from->to",38,4
"Jitter (ms)","KPI from->to",40,1
"Jitter (ms)","KPI from->to",42,10
"Jitter (ms)","KPI from->to",44,9
"Jitter (ms)","KPI from->to",46,12
"Jitter (ms)","KPI from->to",48,6
"Jitter (ms)","KPI from->to",50,15
"Jitter (ms)","KPI from->to",52,12
"Jitter (ms)","KPI from->to",54,15
"Jitter (ms)","KPI from->to",56,11
"Jitter (ms)","KPI from->to",58,13
"Jitter (ms)","KPI from->to",60,9
"Jitter (ms)","KPI from->to",62,14
"Jitter (ms)","KPI from->to",64,10
"Jitter (ms)","KPI from->to",66,8
"Jitter (ms)","KPI from->to",68,17
"Jitter (ms)","KPI from->to",70,10
"Jitter (ms)","KPI from->to",72,5
"Jitter (ms)","KPI from->to",74,10
"Jitter (ms)","KPI from->to",76,13
"Jitter (ms)","KPI from->to",78,14
"Jitter (ms)","KPI from->to",80,15
"Jitter (ms)","KPI from->to",82,8
"Jitter (ms)","KPI from->to",84,15
"Jitter (ms)","KPI from->to",86,21
"Jitter (ms)","KPI from->to",88,8
"Jitter (ms)","KPI from->to",90,9
"Jitter (ms)","KPI from->to",92,7
"Jitter (ms)","KPI from->to",94,4
"Jitter (ms)","KPI from->to",96,6
"Jitter (ms)","KPI from->to",98,14
"Jitter (ms)","KPI from->to",100,10

Metric,"Pair Name",Timestamp,Value
MOS,"KPI from->to",102,1.38
MOS,"KPI from->to",104,1
MOS,"KPI from->to",106,2.18
MOS,"KPI from->to",108,1
MOS,"KPI from->to",110,1.84
MOS,"KPI from->to",112,1.89
MOS,"KPI from->to",114,1
MOS,"KPI from->to",116,1.87
MOS,"KPI from->to",118,1.42

Metric,"Pair Name",Timestamp,Value
"Delay (ms)","KPI from->to",2,31
"Delay (ms)","KPI from->to",4,34
"Delay (ms)","KPI from->to",6,29
"Delay (ms)","KPI from->to",8,44
"Delay (ms)","KPI from->to",10,34
"Delay (ms)","KPI from->to",12,24
"Delay (ms)","KPI from->to",14,30
"Delay (ms)","KPI from->to",16,29
"Delay (ms)","KPI from->to",18,33
"Delay (ms)","KPI from->to",20,31
"Delay (ms)","KPI from->to",22,27
"Delay (ms)","KPI from->to",24,44
"Delay (ms)","KPI from->to",26,33
"Delay (ms)","KPI from->to",28,23
"Delay (ms)","KPI from->to",30,38
"Delay (ms)","KPI from->to",32,23
"Delay (ms)","KPI from->to",34,24
"Delay (ms)","KPI from->to",36,38
"Delay (ms)","KPI from->to",38,31
"Delay (ms)","KPI from->to",40,28
"Delay (ms)","KPI from->to",42,46
"Delay (ms)","KPI from->to",44,38
"Delay (ms)","KPI from->to",46,28
"Delay (ms)","KPI from->to",48,30
"Delay (ms)","KPI from->to",50,34
"Delay (ms)","KPI from->to",52,24
"Delay (ms)","KPI from->to",54,32
"Delay (ms)","KPI from->to",56,24
"Delay (ms)","KPI from->to",58,23
"Delay (ms)","KPI from->to",60,28
"Delay (ms)","KPI from->to",62,25
"Delay (ms)","KPI from->to",64,22
"Delay (ms)","KPI from->to",66,29
"Delay (ms)","KPI from->to",68,27
"Delay (ms)","KPI from->to",70,17
"Delay (ms)","KPI from->to",72,24
"Delay (ms)","KPI from->to",74,21
"Delay (ms)","KPI from->to",76,22
"Delay (ms)","KPI from->to",78,40
"Delay (ms)","KPI from->to",80,32
"Delay (ms)","KPI from->to",82,23
"Delay (ms)","KPI from->to",84,34
"Delay (ms)","KPI from->to",86,32
"Delay (ms)","KPI from->to",88,19
"Delay (ms)","KPI from->to",90,40
"Delay (ms)","KPI from->to",92,26
"Delay (ms)","KPI from->to",94,37
"Delay (ms)","KPI from->to",96,22
"Delay (ms)","KPI from->to",98,41
"Delay (ms)","KPI from->to",100,25

Metric,"Pair Name",Timestamp,Value
Loss,"KPI from->to",102,0
Loss,"KPI from->to",104,0
Loss,"KPI from->to",106,0
Loss,"KPI from->to",108,1
Loss,"KPI from->to",110,0
Loss,"KPI from->to",112,0
Loss,"KPI from->to",114,0
Loss,"KPI from->to",116,0
Loss,"KPI from->to",118,0

Metric,"Pair Name",Timestamp,Value
"Delay (ms)","KPI from->to",102,28
"Delay (ms)","KPI from->to",104,27
"Delay (ms)","KPI from->to",106,26
"Delay (ms)","KPI from->to",108,42
"Delay (ms)","KPI from->to",110,28
"Delay (ms)","KPI from->to",112,24
"Delay (ms)","KPI from->to",114,30
"Delay (ms)","KPI from->to",116,24
"Delay (ms)","KPI from->to",118,22

Metric,"Pair Name",Timestamp,Value
"Jitter (ms)","KPI from->to",102,5
"Jitter (ms)","KPI from->to",104,7
"Jitter (ms)","KPI from->to",106,7
"Jitter (ms)","KPI from->to",108,8
"Jitter (ms)","KPI from->to",110,5
"Jitter (ms)","KPI from->to",112,5
"Jitter (ms)","KPI from->to",114,8
"Jitter (ms)","KPI from->to",116,2
"Jitter (ms)","KPI from->to",118,7

Metric,"Pair Name",Timestamp,Value
Loss,"KPI from->to",2,0
Loss,"KPI from->to",4,0
Loss,"KPI from->to",6,0
Loss,"KPI from->to",8,0
Loss,"KPI from->to",10,0
Loss,"KPI from->to",12,0
Loss,"KPI from->to",14,0
Loss,"KPI from->to",16,0
Loss,"KPI from->to",18,0
Loss,"KPI from->to",20,0
Loss,"KPI from->to",22,0
Loss,"KPI from->to",24,0
Loss,"KPI from->to",26,0
Loss,"KPI from->to",28,0
Loss,"KPI from->to",30,0
Loss,"KPI from->to",32,0
Loss,"KPI from->to",34,0
Loss,"KPI from->to",36,0.99009900990099
Loss,"KPI from->to",38,0
Loss,"KPI from->to",40,0
Loss,"KPI from->to",42,0
Loss,"KPI from->to",44,0
Loss,"KPI from->to",46,0
Loss,"KPI from->to",48,0
Loss,"KPI from->to",50,0
Loss,"KPI from->to",52,0
Loss,"KPI from->to",54,0
Loss,"KPI from->to",56,0
Loss,"KPI from->to",58,0
Loss,"KPI from->to",60,0
Loss,"KPI from->to",62,0
Loss,"KPI from->to",64,0
Loss,"KPI from->to",66,0
Loss,"KPI from->to",68,0
Loss,"KPI from->to",70,0
Loss,"KPI from->to",72,0
Loss,"KPI from->to",74,0
Loss,"KPI from->to",76,0
Loss,"KPI from->to",78,0
Loss,"KPI from->to",80,0
Loss,"KPI from->to",82,0
Loss,"KPI from->to",84,0
Loss,"KPI from->to",86,1.0204081632653
Loss,"KPI from->to",88,0
Loss,"KPI from->to",90,0
Loss,"KPI from->to",92,0
Loss,"KPI from->to",94,0
Loss,"KPI from->to",96,0
Loss,"KPI from->to",98,0
Loss,"KPI from->to",100,0

Metric,"Pair Name",Timestamp,Value
"Max Delay Variation (ms)","KPI from->to",2,100
"Max Delay Variation (ms)","KPI from->to",4,128
"Max Delay Variation (ms)","KPI from->to",6,124
"Max Delay Variation (ms)","KPI from->to",8,142
"Max Delay Variation (ms)","KPI from->to",10,155
"Max Delay Variation (ms)","KPI from->to",12,78
"Max Delay Variation (ms)","KPI from->to",14,136
"Max Delay Variation (ms)","KPI from->to",16,110
"Max Delay Variation (ms)","KPI from->to",18,92
"Max Delay Variation (ms)","KPI from->to",20,99
"Max Delay Variation (ms)","KPI from->to",22,92
"Max Delay Variation (ms)","KPI from->to",24,114
"Max Delay Variation (ms)","KPI from->to",26,168
"Max Delay Variation (ms)","KPI from->to",28,75
"Max Delay Variation (ms)","KPI from->to",30,149
"Max Delay Variation (ms)","KPI from->to",32,71
"Max Delay Variation (ms)","KPI from->to",34,58
"Max Delay Variation (ms)","KPI from->to",36,179
"Max Delay Variation (ms)","KPI from->to",38,137
"Max Delay Variation (ms)","KPI from->to",40,125
"Max Delay Variation (ms)","KPI from->to",42,197
"Max Delay Variation (ms)","KPI from->to",44,125
"Max Delay Variation (ms)","KPI from->to",46,106
"Max Delay Variation (ms)","KPI from->to",48,138
"Max Delay Variation (ms)","KPI from->to",50,99
"Max Delay Variation (ms)","KPI from->to",52,98
"Max Delay Variation (ms)","KPI from->to",54,155
"Max Delay Variation (ms)","KPI from->to",56,90
"Max Delay Variation (ms)","KPI from->to",58,101
"Max Delay Variation (ms)","KPI from->to",60,124
"Max Delay Variation (ms)","KPI from->to",62,138
"Max Delay Variation (ms)","KPI from->to",64,56
"Max Delay Variation (ms)","KPI from->to",66,155
"Max Delay Variation (ms)","KPI from->to",68,100
"Max Delay Variation (ms)","KPI from->to",70,74
"Max Delay Variation (ms)","KPI from->to",72,107
"Max Delay Variation (ms)","KPI from->to",74,138
"Max Delay Variation (ms)","KPI from->to",76,139
"Max Delay Variation (ms)","KPI from->to",78,184
"Max Delay Variation (ms)","KPI from->to",80,166
"Max Delay Variation (ms)","KPI from->to",82,144
"Max Delay Variation (ms)","KPI from->to",84,142
"Max Delay Variation (ms)","KPI from->to",86,200
"Max Delay Variation (ms)","KPI from->to",88,49
"Max Delay Variation (ms)","KPI from->to",90,136
"Max Delay Variation (ms)","KPI from->to",92,77
"Max Delay Variation (ms)","KPI from->to",94,197
"Max Delay Variation (ms)","KPI from->to",96,57
"Max Delay Variation (ms)","KPI from->to",98,172
"Max Delay Variation (ms)","KPI from->to",100,71

Metric,"Pair Name",Timestamp,Value
MOS,"KPI from->to",2,1.41
MOS,"KPI from->to",4,1
MOS,"KPI from->to",6,1
MOS,"KPI from->to",8,1
MOS,"KPI from->to",10,1.44
MOS,"KPI from->to",12,1.8
MOS,"KPI from->to",14,2.19
MOS,"KPI from->to",16,1.28
MOS,"KPI from->to",18,1
MOS,"KPI from->to",20,1
MOS,"KPI from->to",22,1
MOS,"KPI from->to",24,1
MOS,"KPI from->to",26,1
MOS,"KPI from->to",28,1.45
MOS,"KPI from->to",30,1
MOS,"KPI from->to",32,1.35
MOS,"KPI from->to",34,1
MOS,"KPI from->to",36,1
MOS,"KPI from->to",38,2.15
MOS,"KPI from->to",40,1
MOS,"KPI from->to",42,1
MOS,"KPI from->to",44,1
MOS,"KPI from->to",46,1
MOS,"KPI from->to",48,1.41
MOS,"KPI from->to",50,1
MOS,"KPI from->to",52,1.35
MOS,"KPI from->to",54,1
MOS,"KPI from->to",56,2.17
MOS,"KPI from->to",58,1
MOS,"KPI from->to",60,1.86
MOS,"KPI from->to",62,1.85
MOS,"KPI from->to",64,1
MOS,"KPI from->to",66,1
MOS,"KPI from->to",68,1
MOS,"KPI from->to",70,1.48
MOS,"KPI from->to",72,1
MOS,"KPI from->to",74,2.17
MOS,"KPI from->to",76,1.89
MOS,"KPI from->to",78,1
MOS,"KPI from->to",80,1.86
MOS,"KPI from->to",82,2.42
MOS,"KPI from->to",84,1
MOS,"KPI from->to",86,1.31
MOS,"KPI from->to",88,1.91
MOS,"KPI from->to",90,1
MOS,"KPI from->to",92,1.41
MOS,"KPI from->to",94,2.17
MOS,"KPI from->to",96,2.41
MOS,"KPI from->to",98,1
MOS,"KPI from->to",100,1


