"Test Information",Value
"RUN ID",497
"END EXECUTION TIME","2021-05-13 16:12:47"
"SOURCE PROBE NAME",raspberrypi-AAS
"SOURCE PROBE TEST IP ADDRESS",raspberrypi-AAS
"SOURCE PROBE MANAGEMENT IP ADDRESS",raspberrypi-AAS
"SOURCE PROBE GROUP",Administrators
"DESTINATION PROBE NAME",raspberrypi-5G
"DESTINATION PROBE TEST IP ADDRESS",raspberrypi-5G
"DESTINATION PROBE MANAGEMENT IP ADDRESS",raspberrypi-5G
"DESTINATION PROBE GROUP",Administrators
"DESTINATION PROBE LOCATION",
"TEST MODULE",MESH
"TEST TYPE","Network KPI"
"TEST ADDITIONAL INFORMATION"," DSCP Setting: Best Effort"
"TEST DURATION",120
"TEST STATUS",Failed
"FAIL OR ERROR REASON"," Threshold failed on KPI from->to Jitter (ms) 
 Threshold failed on KPI from->to Jitter Max (ms) 
 Threshold failed on KPI from->to Max Delay Variation (ms) 
 Threshold failed on KPI from->to MOS 
"

Metric,"Pair Name",Value,"Threshold Type",Threshold,"Status KPI"
"Datagrams Out of Order","KPI from->to",0.0,0,>=,Passed
"Delay (ms)","KPI from->to",23.78,0,<=,Passed
"Jitter (ms)","KPI from->to",8.97,0,<=,Failed
"Jitter Max (ms)","KPI from->to",17.0,0,<=,Failed
Loss,"KPI from->to",0.0,0,<=,Passed
"Max Delay Variation (ms)","KPI from->to",217.0,0,<=,Failed
"Max loss burst","KPI from->to",0.0,0,<=,Passed
MOS,"KPI from->to",1.54,1,<=,Failed

Metric,"Pair Name",Timestamp,Value
Loss,"KPI from->to",102,0
Loss,"KPI from->to",104,0
Loss,"KPI from->to",106,0
Loss,"KPI from->to",108,0
Loss,"KPI from->to",110,0
Loss,"KPI from->to",112,0
Loss,"KPI from->to",114,0
Loss,"KPI from->to",116,0
Loss,"KPI from->to",118,0
Loss,"KPI from->to",120,0

Metric,"Pair Name",Timestamp,Value
MOS,"KPI from->to",2,4.36
MOS,"KPI from->to",4,4.36
MOS,"KPI from->to",6,4.36
MOS,"KPI from->to",8,4.36
MOS,"KPI from->to",10,4.36
MOS,"KPI from->to",12,2.42
MOS,"KPI from->to",14,1.84
MOS,"KPI from->to",16,1.21
MOS,"KPI from->to",18,1.08
MOS,"KPI from->to",20,2.17
MOS,"KPI from->to",22,1
MOS,"KPI from->to",24,1.45
MOS,"KPI from->to",26,2.15
MOS,"KPI from->to",28,1
MOS,"KPI from->to",30,1
MOS,"KPI from->to",32,1.35
MOS,"KPI from->to",34,1.38
MOS,"KPI from->to",36,1
MOS,"KPI from->to",38,2.17
MOS,"KPI from->to",40,1
MOS,"KPI from->to",42,1
MOS,"KPI from->to",44,1
MOS,"KPI from->to",46,1.83
MOS,"KPI from->to",48,1
MOS,"KPI from->to",50,1
MOS,"KPI from->to",52,1.38
MOS,"KPI from->to",54,1.38
MOS,"KPI from->to",56,1.35
MOS,"KPI from->to",58,1
MOS,"KPI from->to",60,1.42
MOS,"KPI from->to",62,1
MOS,"KPI from->to",64,1.32
MOS,"KPI from->to",66,1.95
MOS,"KPI from->to",68,1.86
MOS,"KPI from->to",70,1.39
MOS,"KPI from->to",72,1
MOS,"KPI from->to",74,1.32
MOS,"KPI from->to",76,1
MOS,"KPI from->to",78,1
MOS,"KPI from->to",80,1.22
MOS,"KPI from->to",82,1
MOS,"KPI from->to",84,1
MOS,"KPI from->to",86,1.42
MOS,"KPI from->to",88,1.36
MOS,"KPI from->to",90,1
MOS,"KPI from->to",92,1
MOS,"KPI from->to",94,1.78
MOS,"KPI from->to",96,1.03
MOS,"KPI from->to",98,1
MOS,"KPI from->to",100,1

Metric,"Pair Name",Timestamp,Value
"Jitter (ms)","KPI from->to",102,7
"Jitter (ms)","KPI from->to",104,10
"Jitter (ms)","KPI from->to",106,6
"Jitter (ms)","KPI from->to",108,11
"Jitter (ms)","KPI from->to",110,11
"Jitter (ms)","KPI from->to",112,11
"Jitter (ms)","KPI from->to",114,12
"Jitter (ms)","KPI from->to",116,4
"Jitter (ms)","KPI from->to",118,10
"Jitter (ms)","KPI from->to",120,16

Metric,"Pair Name",Timestamp,Value
MOS,"KPI from->to",102,1
MOS,"KPI from->to",104,1
MOS,"KPI from->to",106,1
MOS,"KPI from->to",108,1.03
MOS,"KPI from->to",110,1
MOS,"KPI from->to",112,1
MOS,"KPI from->to",114,1
MOS,"KPI from->to",116,2.17
MOS,"KPI from->to",118,1
MOS,"KPI from->to",120,1

Metric,"Pair Name",Timestamp,Value
"Delay (ms)","KPI from->to",2,18
"Delay (ms)","KPI from->to",4,18
"Delay (ms)","KPI from->to",6,18
"Delay (ms)","KPI from->to",8,18
"Delay (ms)","KPI from->to",10,18
"Delay (ms)","KPI from->to",12,27
"Delay (ms)","KPI from->to",14,30
"Delay (ms)","KPI from->to",16,31
"Delay (ms)","KPI from->to",18,29
"Delay (ms)","KPI from->to",20,21
"Delay (ms)","KPI from->to",22,28
"Delay (ms)","KPI from->to",24,25
"Delay (ms)","KPI from->to",26,26
"Delay (ms)","KPI from->to",28,33
"Delay (ms)","KPI from->to",30,31
"Delay (ms)","KPI from->to",32,24
"Delay (ms)","KPI from->to",34,23
"Delay (ms)","KPI from->to",36,24
"Delay (ms)","KPI from->to",38,19
"Delay (ms)","KPI from->to",40,26
"Delay (ms)","KPI from->to",42,23
"Delay (ms)","KPI from->to",44,20
"Delay (ms)","KPI from->to",46,20
"Delay (ms)","KPI from->to",48,21
"Delay (ms)","KPI from->to",50,20
"Delay (ms)","KPI from->to",52,26
"Delay (ms)","KPI from->to",54,22
"Delay (ms)","KPI from->to",56,29
"Delay (ms)","KPI from->to",58,19
"Delay (ms)","KPI from->to",60,17
"Delay (ms)","KPI from->to",62,14
"Delay (ms)","KPI from->to",64,13
"Delay (ms)","KPI from->to",66,10
"Delay (ms)","KPI from->to",68,14
"Delay (ms)","KPI from->to",70,9
"Delay (ms)","KPI from->to",72,21
"Delay (ms)","KPI from->to",74,24
"Delay (ms)","KPI from->to",76,15
"Delay (ms)","KPI from->to",78,11
"Delay (ms)","KPI from->to",80,11
"Delay (ms)","KPI from->to",82,15
"Delay (ms)","KPI from->to",84,9
"Delay (ms)","KPI from->to",86,15
"Delay (ms)","KPI from->to",88,10
"Delay (ms)","KPI from->to",90,29
"Delay (ms)","KPI from->to",92,39
"Delay (ms)","KPI from->to",94,23
"Delay (ms)","KPI from->to",96,32
"Delay (ms)","KPI from->to",98,41
"Delay (ms)","KPI from->to",100,33

Metric,"Pair Name",Timestamp,Value
Loss,"KPI from->to",2,0
Loss,"KPI from->to",4,0
Loss,"KPI from->to",6,0
Loss,"KPI from->to",8,0
Loss,"KPI from->to",10,0
Loss,"KPI from->to",12,0
Loss,"KPI from->to",14,0
Loss,"KPI from->to",16,0
Loss,"KPI from->to",18,0
Loss,"KPI from->to",20,0
Loss,"KPI from->to",22,0
Loss,"KPI from->to",24,0
Loss,"KPI from->to",26,0
Loss,"KPI from->to",28,0
Loss,"KPI from->to",30,0
Loss,"KPI from->to",32,0
Loss,"KPI from->to",34,0
Loss,"KPI from->to",36,0
Loss,"KPI from->to",38,0
Loss,"KPI from->to",40,0
Loss,"KPI from->to",42,0
Loss,"KPI from->to",44,0
Loss,"KPI from->to",46,0
Loss,"KPI from->to",48,0
Loss,"KPI from->to",50,0
Loss,"KPI from->to",52,0
Loss,"KPI from->to",54,0
Loss,"KPI from->to",56,0
Loss,"KPI from->to",58,0
Loss,"KPI from->to",60,0
Loss,"KPI from->to",62,0
Loss,"KPI from->to",64,0
Loss,"KPI from->to",66,0
Loss,"KPI from->to",68,0
Loss,"KPI from->to",70,0
Loss,"KPI from->to",72,0
Loss,"KPI from->to",74,0
Loss,"KPI from->to",76,0
Loss,"KPI from->to",78,0
Loss,"KPI from->to",80,0
Loss,"KPI from->to",82,0
Loss,"KPI from->to",84,0
Loss,"KPI from->to",86,0
Loss,"KPI from->to",88,0
Loss,"KPI from->to",90,0
Loss,"KPI from->to",92,0
Loss,"KPI from->to",94,0
Loss,"KPI from->to",96,0
Loss,"KPI from->to",98,0
Loss,"KPI from->to",100,0

Metric,"Pair Name",Timestamp,Value
"Max Delay Variation (ms)","KPI from->to",102,152
"Max Delay Variation (ms)","KPI from->to",104,109
"Max Delay Variation (ms)","KPI from->to",106,121
"Max Delay Variation (ms)","KPI from->to",108,182
"Max Delay Variation (ms)","KPI from->to",110,177
"Max Delay Variation (ms)","KPI from->to",112,120
"Max Delay Variation (ms)","KPI from->to",114,185
"Max Delay Variation (ms)","KPI from->to",116,129
"Max Delay Variation (ms)","KPI from->to",118,95
"Max Delay Variation (ms)","KPI from->to",120,139

Metric,"Pair Name",Timestamp,Value
"Delay (ms)","KPI from->to",102,34
"Delay (ms)","KPI from->to",104,30
"Delay (ms)","KPI from->to",106,37
"Delay (ms)","KPI from->to",108,38
"Delay (ms)","KPI from->to",110,39
"Delay (ms)","KPI from->to",112,34
"Delay (ms)","KPI from->to",114,39
"Delay (ms)","KPI from->to",116,25
"Delay (ms)","KPI from->to",118,28
"Delay (ms)","KPI from->to",120,31

Metric,"Pair Name",Timestamp,Value
"Jitter (ms)","KPI from->to",2,0
"Jitter (ms)","KPI from->to",4,0
"Jitter (ms)","KPI from->to",6,0
"Jitter (ms)","KPI from->to",8,0
"Jitter (ms)","KPI from->to",10,0
"Jitter (ms)","KPI from->to",12,10
"Jitter (ms)","KPI from->to",14,8
"Jitter (ms)","KPI from->to",16,9
"Jitter (ms)","KPI from->to",18,9
"Jitter (ms)","KPI from->to",20,7
"Jitter (ms)","KPI from->to",22,12
"Jitter (ms)","KPI from->to",24,7
"Jitter (ms)","KPI from->to",26,4
"Jitter (ms)","KPI from->to",28,11
"Jitter (ms)","KPI from->to",30,17
"Jitter (ms)","KPI from->to",32,8
"Jitter (ms)","KPI from->to",34,8
"Jitter (ms)","KPI from->to",36,11
"Jitter (ms)","KPI from->to",38,4
"Jitter (ms)","KPI from->to",40,9
"Jitter (ms)","KPI from->to",42,10
"Jitter (ms)","KPI from->to",44,10
"Jitter (ms)","KPI from->to",46,8
"Jitter (ms)","KPI from->to",48,7
"Jitter (ms)","KPI from->to",50,9
"Jitter (ms)","KPI from->to",52,12
"Jitter (ms)","KPI from->to",54,6
"Jitter (ms)","KPI from->to",56,12
"Jitter (ms)","KPI from->to",58,7
"Jitter (ms)","KPI from->to",60,11
"Jitter (ms)","KPI from->to",62,9
"Jitter (ms)","KPI from->to",64,14
"Jitter (ms)","KPI from->to",66,11
"Jitter (ms)","KPI from->to",68,11
"Jitter (ms)","KPI from->to",70,6
"Jitter (ms)","KPI from->to",72,8
"Jitter (ms)","KPI from->to",74,14
"Jitter (ms)","KPI from->to",76,13
"Jitter (ms)","KPI from->to",78,11
"Jitter (ms)","KPI from->to",80,4
"Jitter (ms)","KPI from->to",82,15
"Jitter (ms)","KPI from->to",84,12
"Jitter (ms)","KPI from->to",86,12
"Jitter (ms)","KPI from->to",88,6
"Jitter (ms)","KPI from->to",90,15
"Jitter (ms)","KPI from->to",92,16
"Jitter (ms)","KPI from->to",94,10
"Jitter (ms)","KPI from->to",96,7
"Jitter (ms)","KPI from->to",98,9
"Jitter (ms)","KPI from->to",100,11

Metric,"Pair Name",Timestamp,Value
"Max Delay Variation (ms)","KPI from->to",2,6
"Max Delay Variation (ms)","KPI from->to",4,2
"Max Delay Variation (ms)","KPI from->to",6,5
"Max Delay Variation (ms)","KPI from->to",8,5
"Max Delay Variation (ms)","KPI from->to",10,3
"Max Delay Variation (ms)","KPI from->to",12,110
"Max Delay Variation (ms)","KPI from->to",14,80
"Max Delay Variation (ms)","KPI from->to",16,95
"Max Delay Variation (ms)","KPI from->to",18,58
"Max Delay Variation (ms)","KPI from->to",20,47
"Max Delay Variation (ms)","KPI from->to",22,99
"Max Delay Variation (ms)","KPI from->to",24,61
"Max Delay Variation (ms)","KPI from->to",26,139
"Max Delay Variation (ms)","KPI from->to",28,144
"Max Delay Variation (ms)","KPI from->to",30,149
"Max Delay Variation (ms)","KPI from->to",32,65
"Max Delay Variation (ms)","KPI from->to",34,97
"Max Delay Variation (ms)","KPI from->to",36,86
"Max Delay Variation (ms)","KPI from->to",38,70
"Max Delay Variation (ms)","KPI from->to",40,168
"Max Delay Variation (ms)","KPI from->to",42,83
"Max Delay Variation (ms)","KPI from->to",44,60
"Max Delay Variation (ms)","KPI from->to",46,59
"Max Delay Variation (ms)","KPI from->to",48,56
"Max Delay Variation (ms)","KPI from->to",50,59
"Max Delay Variation (ms)","KPI from->to",52,146
"Max Delay Variation (ms)","KPI from->to",54,138
"Max Delay Variation (ms)","KPI from->to",56,204
"Max Delay Variation (ms)","KPI from->to",58,132
"Max Delay Variation (ms)","KPI from->to",60,140
"Max Delay Variation (ms)","KPI from->to",62,93
"Max Delay Variation (ms)","KPI from->to",64,98
"Max Delay Variation (ms)","KPI from->to",66,56
"Max Delay Variation (ms)","KPI from->to",68,98
"Max Delay Variation (ms)","KPI from->to",70,56
"Max Delay Variation (ms)","KPI from->to",72,151
"Max Delay Variation (ms)","KPI from->to",74,217
"Max Delay Variation (ms)","KPI from->to",76,137
"Max Delay Variation (ms)","KPI from->to",78,58
"Max Delay Variation (ms)","KPI from->to",80,60
"Max Delay Variation (ms)","KPI from->to",82,67
"Max Delay Variation (ms)","KPI from->to",84,62
"Max Delay Variation (ms)","KPI from->to",86,97
"Max Delay Variation (ms)","KPI from->to",88,70
"Max Delay Variation (ms)","KPI from->to",90,100
"Max Delay Variation (ms)","KPI from->to",92,151
"Max Delay Variation (ms)","KPI from->to",94,58
"Max Delay Variation (ms)","KPI from->to",96,99
"Max Delay Variation (ms)","KPI from->to",98,178
"Max Delay Variation (ms)","KPI from->to",100,84


