"Test Information",Value
"RUN ID",497
"END EXECUTION TIME","2021-05-13 15:50:37"
"SOURCE PROBE NAME",raspberrypi-AAS
"SOURCE PROBE TEST IP ADDRESS",raspberrypi-AAS
"SOURCE PROBE MANAGEMENT IP ADDRESS",raspberrypi-AAS
"SOURCE PROBE GROUP",Administrators
"DESTINATION PROBE NAME",raspberrypi-5G
"DESTINATION PROBE TEST IP ADDRESS",raspberrypi-5G
"DESTINATION PROBE MANAGEMENT IP ADDRESS",raspberrypi-5G
"DESTINATION PROBE GROUP",Administrators
"DESTINATION PROBE LOCATION",
"TEST MODULE",MESH
"TEST TYPE","Network KPI"
"TEST ADDITIONAL INFORMATION"," DSCP Setting: Best Effort"
"TEST DURATION",120
"TEST STATUS",Failed
"FAIL OR ERROR REASON"," Threshold failed on KPI from->to Jitter (ms) 
 Threshold failed on KPI from->to Jitter Max (ms) 
 Threshold failed on KPI from->to Max Delay Variation (ms) 
 Threshold failed on KPI from->to MOS 
"

Metric,"Pair Name",Value,"Threshold Type",Threshold,"Status KPI"
"Datagrams Out of Order","KPI from->to",0.0,0,>=,Passed
"Delay (ms)","KPI from->to",14.65,0,<=,Passed
"Jitter (ms)","KPI from->to",7.53,0,<=,Failed
"Jitter Max (ms)","KPI from->to",15.0,0,<=,Failed
Loss,"KPI from->to",0.0,0,<=,Passed
"Max Delay Variation (ms)","KPI from->to",176.0,0,<=,Failed
"Max loss burst","KPI from->to",0.0,0,<=,Passed
MOS,"KPI from->to",1.94,1,<=,Failed

Metric,"Pair Name",Timestamp,Value
MOS,"KPI from->to",2,2.43
MOS,"KPI from->to",4,1.88
MOS,"KPI from->to",6,1.91
MOS,"KPI from->to",8,2.18
MOS,"KPI from->to",10,1
MOS,"KPI from->to",12,1
MOS,"KPI from->to",14,2.43
MOS,"KPI from->to",16,2.81
MOS,"KPI from->to",18,1.43
MOS,"KPI from->to",20,1
MOS,"KPI from->to",22,1.4
MOS,"KPI from->to",24,1
MOS,"KPI from->to",26,2.38
MOS,"KPI from->to",28,1.97
MOS,"KPI from->to",30,1.37
MOS,"KPI from->to",32,1.9
MOS,"KPI from->to",34,1
MOS,"KPI from->to",36,2.2
MOS,"KPI from->to",38,1
MOS,"KPI from->to",40,1.39
MOS,"KPI from->to",42,1.9
MOS,"KPI from->to",44,3.48
MOS,"KPI from->to",46,1
MOS,"KPI from->to",48,1.9
MOS,"KPI from->to",50,2.44
MOS,"KPI from->to",52,1.39
MOS,"KPI from->to",54,1.88
MOS,"KPI from->to",56,1.39
MOS,"KPI from->to",58,1
MOS,"KPI from->to",60,2.43
MOS,"KPI from->to",62,1
MOS,"KPI from->to",64,1.39
MOS,"KPI from->to",66,2.42
MOS,"KPI from->to",68,2.18
MOS,"KPI from->to",70,2.17
MOS,"KPI from->to",72,2.17
MOS,"KPI from->to",74,1
MOS,"KPI from->to",76,2.78
MOS,"KPI from->to",78,2.18
MOS,"KPI from->to",80,2.8
MOS,"KPI from->to",82,1.39
MOS,"KPI from->to",84,2.17
MOS,"KPI from->to",86,1.87
MOS,"KPI from->to",88,3.48
MOS,"KPI from->to",90,2.17
MOS,"KPI from->to",92,3.43
MOS,"KPI from->to",94,1.54
MOS,"KPI from->to",96,2.17
MOS,"KPI from->to",98,1.87
MOS,"KPI from->to",100,1.38

Metric,"Pair Name",Timestamp,Value
"Delay (ms)","KPI from->to",2,10
"Delay (ms)","KPI from->to",4,7
"Delay (ms)","KPI from->to",6,3
"Delay (ms)","KPI from->to",8,6
"Delay (ms)","KPI from->to",10,9
"Delay (ms)","KPI from->to",12,13
"Delay (ms)","KPI from->to",14,6
"Delay (ms)","KPI from->to",16,2
"Delay (ms)","KPI from->to",18,5
"Delay (ms)","KPI from->to",20,4
"Delay (ms)","KPI from->to",22,5
"Delay (ms)","KPI from->to",24,7
"Delay (ms)","KPI from->to",26,7
"Delay (ms)","KPI from->to",28,5
"Delay (ms)","KPI from->to",30,3
"Delay (ms)","KPI from->to",32,9
"Delay (ms)","KPI from->to",34,9
"Delay (ms)","KPI from->to",36,9
"Delay (ms)","KPI from->to",38,11
"Delay (ms)","KPI from->to",40,15
"Delay (ms)","KPI from->to",42,10
"Delay (ms)","KPI from->to",44,8
"Delay (ms)","KPI from->to",46,8
"Delay (ms)","KPI from->to",48,9
"Delay (ms)","KPI from->to",50,12
"Delay (ms)","KPI from->to",52,15
"Delay (ms)","KPI from->to",54,11
"Delay (ms)","KPI from->to",56,13
"Delay (ms)","KPI from->to",58,15
"Delay (ms)","KPI from->to",60,12
"Delay (ms)","KPI from->to",62,18
"Delay (ms)","KPI from->to",64,12
"Delay (ms)","KPI from->to",66,21
"Delay (ms)","KPI from->to",68,17
"Delay (ms)","KPI from->to",70,21
"Delay (ms)","KPI from->to",72,22
"Delay (ms)","KPI from->to",74,26
"Delay (ms)","KPI from->to",76,18
"Delay (ms)","KPI from->to",78,24
"Delay (ms)","KPI from->to",80,17
"Delay (ms)","KPI from->to",82,21
"Delay (ms)","KPI from->to",84,23
"Delay (ms)","KPI from->to",86,23
"Delay (ms)","KPI from->to",88,16
"Delay (ms)","KPI from->to",90,22
"Delay (ms)","KPI from->to",92,20
"Delay (ms)","KPI from->to",94,24
"Delay (ms)","KPI from->to",96,22
"Delay (ms)","KPI from->to",98,23
"Delay (ms)","KPI from->to",100,23

Metric,"Pair Name",Timestamp,Value
MOS,"KPI from->to",102,1.87
MOS,"KPI from->to",104,2.42
MOS,"KPI from->to",106,3.48
MOS,"KPI from->to",108,1.87
MOS,"KPI from->to",110,1.38
MOS,"KPI from->to",112,2.4
MOS,"KPI from->to",114,2.2
MOS,"KPI from->to",116,2.42
MOS,"KPI from->to",118,2.17
MOS,"KPI from->to",120,1.87

Metric,"Pair Name",Timestamp,Value
"Delay (ms)","KPI from->to",102,23
"Delay (ms)","KPI from->to",104,19
"Delay (ms)","KPI from->to",106,17
"Delay (ms)","KPI from->to",108,22
"Delay (ms)","KPI from->to",110,24
"Delay (ms)","KPI from->to",112,19
"Delay (ms)","KPI from->to",114,20
"Delay (ms)","KPI from->to",116,19
"Delay (ms)","KPI from->to",118,24
"Delay (ms)","KPI from->to",120,21

Metric,"Pair Name",Timestamp,Value
Loss,"KPI from->to",2,0
Loss,"KPI from->to",4,0
Loss,"KPI from->to",6,0
Loss,"KPI from->to",8,0
Loss,"KPI from->to",10,0
Loss,"KPI from->to",12,0
Loss,"KPI from->to",14,0
Loss,"KPI from->to",16,0
Loss,"KPI from->to",18,0
Loss,"KPI from->to",20,0
Loss,"KPI from->to",22,0
Loss,"KPI from->to",24,0
Loss,"KPI from->to",26,0
Loss,"KPI from->to",28,0
Loss,"KPI from->to",30,0
Loss,"KPI from->to",32,0
Loss,"KPI from->to",34,0
Loss,"KPI from->to",36,0
Loss,"KPI from->to",38,0
Loss,"KPI from->to",40,0
Loss,"KPI from->to",42,0
Loss,"KPI from->to",44,0
Loss,"KPI from->to",46,0
Loss,"KPI from->to",48,0
Loss,"KPI from->to",50,0
Loss,"KPI from->to",52,0
Loss,"KPI from->to",54,0
Loss,"KPI from->to",56,0
Loss,"KPI from->to",58,0
Loss,"KPI from->to",60,0
Loss,"KPI from->to",62,0
Loss,"KPI from->to",64,0
Loss,"KPI from->to",66,0
Loss,"KPI from->to",68,0
Loss,"KPI from->to",70,0
Loss,"KPI from->to",72,0
Loss,"KPI from->to",74,0
Loss,"KPI from->to",76,0
Loss,"KPI from->to",78,0
Loss,"KPI from->to",80,0
Loss,"KPI from->to",82,0
Loss,"KPI from->to",84,0
Loss,"KPI from->to",86,0
Loss,"KPI from->to",88,0
Loss,"KPI from->to",90,0
Loss,"KPI from->to",92,0
Loss,"KPI from->to",94,0
Loss,"KPI from->to",96,0
Loss,"KPI from->to",98,0
Loss,"KPI from->to",100,0

Metric,"Pair Name",Timestamp,Value
Loss,"KPI from->to",102,0
Loss,"KPI from->to",104,0
Loss,"KPI from->to",106,0
Loss,"KPI from->to",108,0
Loss,"KPI from->to",110,0
Loss,"KPI from->to",112,0
Loss,"KPI from->to",114,0
Loss,"KPI from->to",116,0
Loss,"KPI from->to",118,0
Loss,"KPI from->to",120,0

Metric,"Pair Name",Timestamp,Value
"Jitter (ms)","KPI from->to",102,4
"Jitter (ms)","KPI from->to",104,2
"Jitter (ms)","KPI from->to",106,1
"Jitter (ms)","KPI from->to",108,6
"Jitter (ms)","KPI from->to",110,10
"Jitter (ms)","KPI from->to",112,5
"Jitter (ms)","KPI from->to",114,5
"Jitter (ms)","KPI from->to",116,3
"Jitter (ms)","KPI from->to",118,3
"Jitter (ms)","KPI from->to",120,8

Metric,"Pair Name",Timestamp,Value
"Max Delay Variation (ms)","KPI from->to",2,132
"Max Delay Variation (ms)","KPI from->to",4,69
"Max Delay Variation (ms)","KPI from->to",6,57
"Max Delay Variation (ms)","KPI from->to",8,97
"Max Delay Variation (ms)","KPI from->to",10,97
"Max Delay Variation (ms)","KPI from->to",12,137
"Max Delay Variation (ms)","KPI from->to",14,98
"Max Delay Variation (ms)","KPI from->to",16,43
"Max Delay Variation (ms)","KPI from->to",18,98
"Max Delay Variation (ms)","KPI from->to",20,58
"Max Delay Variation (ms)","KPI from->to",22,95
"Max Delay Variation (ms)","KPI from->to",24,92
"Max Delay Variation (ms)","KPI from->to",26,138
"Max Delay Variation (ms)","KPI from->to",28,57
"Max Delay Variation (ms)","KPI from->to",30,58
"Max Delay Variation (ms)","KPI from->to",32,97
"Max Delay Variation (ms)","KPI from->to",34,42
"Max Delay Variation (ms)","KPI from->to",36,102
"Max Delay Variation (ms)","KPI from->to",38,58
"Max Delay Variation (ms)","KPI from->to",40,96
"Max Delay Variation (ms)","KPI from->to",42,103
"Max Delay Variation (ms)","KPI from->to",44,43
"Max Delay Variation (ms)","KPI from->to",46,42
"Max Delay Variation (ms)","KPI from->to",48,62
"Max Delay Variation (ms)","KPI from->to",50,87
"Max Delay Variation (ms)","KPI from->to",52,90
"Max Delay Variation (ms)","KPI from->to",54,71
"Max Delay Variation (ms)","KPI from->to",56,95
"Max Delay Variation (ms)","KPI from->to",58,59
"Max Delay Variation (ms)","KPI from->to",60,57
"Max Delay Variation (ms)","KPI from->to",62,97
"Max Delay Variation (ms)","KPI from->to",64,76
"Max Delay Variation (ms)","KPI from->to",66,176
"Max Delay Variation (ms)","KPI from->to",68,97
"Max Delay Variation (ms)","KPI from->to",70,98
"Max Delay Variation (ms)","KPI from->to",72,97
"Max Delay Variation (ms)","KPI from->to",74,94
"Max Delay Variation (ms)","KPI from->to",76,41
"Max Delay Variation (ms)","KPI from->to",78,131
"Max Delay Variation (ms)","KPI from->to",80,42
"Max Delay Variation (ms)","KPI from->to",82,55
"Max Delay Variation (ms)","KPI from->to",84,75
"Max Delay Variation (ms)","KPI from->to",86,98
"Max Delay Variation (ms)","KPI from->to",88,42
"Max Delay Variation (ms)","KPI from->to",90,104
"Max Delay Variation (ms)","KPI from->to",92,42
"Max Delay Variation (ms)","KPI from->to",94,55
"Max Delay Variation (ms)","KPI from->to",96,85
"Max Delay Variation (ms)","KPI from->to",98,86
"Max Delay Variation (ms)","KPI from->to",100,97

Metric,"Pair Name",Timestamp,Value
"Max Delay Variation (ms)","KPI from->to",102,92
"Max Delay Variation (ms)","KPI from->to",104,42
"Max Delay Variation (ms)","KPI from->to",106,41
"Max Delay Variation (ms)","KPI from->to",108,43
"Max Delay Variation (ms)","KPI from->to",110,62
"Max Delay Variation (ms)","KPI from->to",112,48
"Max Delay Variation (ms)","KPI from->to",114,57
"Max Delay Variation (ms)","KPI from->to",116,48
"Max Delay Variation (ms)","KPI from->to",118,102
"Max Delay Variation (ms)","KPI from->to",120,43

Metric,"Pair Name",Timestamp,Value
"Jitter (ms)","KPI from->to",2,3
"Jitter (ms)","KPI from->to",4,15
"Jitter (ms)","KPI from->to",6,7
"Jitter (ms)","KPI from->to",8,10
"Jitter (ms)","KPI from->to",10,15
"Jitter (ms)","KPI from->to",12,12
"Jitter (ms)","KPI from->to",14,11
"Jitter (ms)","KPI from->to",16,7
"Jitter (ms)","KPI from->to",18,8
"Jitter (ms)","KPI from->to",20,7
"Jitter (ms)","KPI from->to",22,13
"Jitter (ms)","KPI from->to",24,7
"Jitter (ms)","KPI from->to",26,5
"Jitter (ms)","KPI from->to",28,5
"Jitter (ms)","KPI from->to",30,11
"Jitter (ms)","KPI from->to",32,12
"Jitter (ms)","KPI from->to",34,9
"Jitter (ms)","KPI from->to",36,8
"Jitter (ms)","KPI from->to",38,11
"Jitter (ms)","KPI from->to",40,14
"Jitter (ms)","KPI from->to",42,4
"Jitter (ms)","KPI from->to",44,15
"Jitter (ms)","KPI from->to",46,7
"Jitter (ms)","KPI from->to",48,12
"Jitter (ms)","KPI from->to",50,2
"Jitter (ms)","KPI from->to",52,9
"Jitter (ms)","KPI from->to",54,8
"Jitter (ms)","KPI from->to",56,8
"Jitter (ms)","KPI from->to",58,8
"Jitter (ms)","KPI from->to",60,10
"Jitter (ms)","KPI from->to",62,15
"Jitter (ms)","KPI from->to",64,11
"Jitter (ms)","KPI from->to",66,7
"Jitter (ms)","KPI from->to",68,13
"Jitter (ms)","KPI from->to",70,2
"Jitter (ms)","KPI from->to",72,6
"Jitter (ms)","KPI from->to",74,13
"Jitter (ms)","KPI from->to",76,2
"Jitter (ms)","KPI from->to",78,6
"Jitter (ms)","KPI from->to",80,1
"Jitter (ms)","KPI from->to",82,9
"Jitter (ms)","KPI from->to",84,6
"Jitter (ms)","KPI from->to",86,8
"Jitter (ms)","KPI from->to",88,0
"Jitter (ms)","KPI from->to",90,3
"Jitter (ms)","KPI from->to",92,6
"Jitter (ms)","KPI from->to",94,3
"Jitter (ms)","KPI from->to",96,12
"Jitter (ms)","KPI from->to",98,6
"Jitter (ms)","KPI from->to",100,3


