"Test Information",Value
"RUN ID",497
"END EXECUTION TIME","2021-05-13 15:21:42"
"SOURCE PROBE NAME",raspberrypi-AAS
"SOURCE PROBE TEST IP ADDRESS",raspberrypi-AAS
"SOURCE PROBE MANAGEMENT IP ADDRESS",raspberrypi-AAS
"SOURCE PROBE GROUP",Administrators
"DESTINATION PROBE NAME",raspberrypi-5G
"DESTINATION PROBE TEST IP ADDRESS",raspberrypi-5G
"DESTINATION PROBE MANAGEMENT IP ADDRESS",raspberrypi-5G
"DESTINATION PROBE GROUP",Administrators
"DESTINATION PROBE LOCATION",
"TEST MODULE",MESH
"TEST TYPE","Network KPI"
"TEST ADDITIONAL INFORMATION"," DSCP Setting: Best Effort"
"TEST DURATION",120
"TEST STATUS",Failed
"FAIL OR ERROR REASON"," Threshold failed on KPI from->to Jitter (ms) 
 Threshold failed on KPI from->to Jitter Max (ms) 
 Threshold failed on KPI from->to Max Delay Variation (ms) 
 Threshold failed on KPI from->to MOS 
"

Metric,"Pair Name",Value,"Threshold Type",Threshold,"Status KPI"
"Datagrams Out of Order","KPI from->to",0.0,0,>=,Passed
"Delay (ms)","KPI from->to",22.0,0,<=,Passed
"Jitter (ms)","KPI from->to",8.98,0,<=,Failed
"Jitter Max (ms)","KPI from->to",19.0,0,<=,Failed
Loss,"KPI from->to",0.0,0,<=,Passed
"Max Delay Variation (ms)","KPI from->to",180.0,0,<=,Failed
"Max loss burst","KPI from->to",0.0,0,<=,Passed
MOS,"KPI from->to",1.64,1,<=,Failed

Metric,"Pair Name",Timestamp,Value
MOS,"KPI from->to",2,1.41
MOS,"KPI from->to",4,1.48
MOS,"KPI from->to",6,1
MOS,"KPI from->to",8,1
MOS,"KPI from->to",10,1
MOS,"KPI from->to",12,1
MOS,"KPI from->to",14,1.9
MOS,"KPI from->to",16,1
MOS,"KPI from->to",18,1.35
MOS,"KPI from->to",20,2.79
MOS,"KPI from->to",22,1.78
MOS,"KPI from->to",24,1
MOS,"KPI from->to",26,1
MOS,"KPI from->to",28,2.19
MOS,"KPI from->to",30,1
MOS,"KPI from->to",32,2.16
MOS,"KPI from->to",34,2.79
MOS,"KPI from->to",36,1.89
MOS,"KPI from->to",38,2.41
MOS,"KPI from->to",40,2.78
MOS,"KPI from->to",42,1.45
MOS,"KPI from->to",44,1.35
MOS,"KPI from->to",46,2.18
MOS,"KPI from->to",48,1.86
MOS,"KPI from->to",50,1.85
MOS,"KPI from->to",52,2.43
MOS,"KPI from->to",54,1.88
MOS,"KPI from->to",56,1.86
MOS,"KPI from->to",58,1.86
MOS,"KPI from->to",60,1.92
MOS,"KPI from->to",62,2.18
MOS,"KPI from->to",64,1.88
MOS,"KPI from->to",66,1.9
MOS,"KPI from->to",68,2.15
MOS,"KPI from->to",70,1
MOS,"KPI from->to",72,1
MOS,"KPI from->to",74,1.81
MOS,"KPI from->to",76,2.18
MOS,"KPI from->to",78,1
MOS,"KPI from->to",80,1
MOS,"KPI from->to",82,1
MOS,"KPI from->to",84,1.42
MOS,"KPI from->to",86,1.86
MOS,"KPI from->to",88,2.44
MOS,"KPI from->to",90,1.85
MOS,"KPI from->to",92,1
MOS,"KPI from->to",94,1.68
MOS,"KPI from->to",96,1
MOS,"KPI from->to",98,1
MOS,"KPI from->to",100,1

Metric,"Pair Name",Timestamp,Value
MOS,"KPI from->to",102,2.19
MOS,"KPI from->to",104,1.86
MOS,"KPI from->to",106,1.39
MOS,"KPI from->to",108,1
MOS,"KPI from->to",110,1.85
MOS,"KPI from->to",112,1
MOS,"KPI from->to",114,2.18
MOS,"KPI from->to",116,1.84
MOS,"KPI from->to",118,1.41

Metric,"Pair Name",Timestamp,Value
"Delay (ms)","KPI from->to",2,32
"Delay (ms)","KPI from->to",4,24
"Delay (ms)","KPI from->to",6,28
"Delay (ms)","KPI from->to",8,33
"Delay (ms)","KPI from->to",10,24
"Delay (ms)","KPI from->to",12,27
"Delay (ms)","KPI from->to",14,29
"Delay (ms)","KPI from->to",16,32
"Delay (ms)","KPI from->to",18,27
"Delay (ms)","KPI from->to",20,20
"Delay (ms)","KPI from->to",22,25
"Delay (ms)","KPI from->to",24,34
"Delay (ms)","KPI from->to",26,28
"Delay (ms)","KPI from->to",28,22
"Delay (ms)","KPI from->to",30,26
"Delay (ms)","KPI from->to",32,25
"Delay (ms)","KPI from->to",34,19
"Delay (ms)","KPI from->to",36,21
"Delay (ms)","KPI from->to",38,21
"Delay (ms)","KPI from->to",40,22
"Delay (ms)","KPI from->to",42,25
"Delay (ms)","KPI from->to",44,24
"Delay (ms)","KPI from->to",46,27
"Delay (ms)","KPI from->to",48,28
"Delay (ms)","KPI from->to",50,22
"Delay (ms)","KPI from->to",52,21
"Delay (ms)","KPI from->to",54,14
"Delay (ms)","KPI from->to",56,10
"Delay (ms)","KPI from->to",58,12
"Delay (ms)","KPI from->to",60,10
"Delay (ms)","KPI from->to",62,5
"Delay (ms)","KPI from->to",64,10
"Delay (ms)","KPI from->to",66,7
"Delay (ms)","KPI from->to",68,7
"Delay (ms)","KPI from->to",70,14
"Delay (ms)","KPI from->to",72,17
"Delay (ms)","KPI from->to",74,13
"Delay (ms)","KPI from->to",76,10
"Delay (ms)","KPI from->to",78,19
"Delay (ms)","KPI from->to",80,17
"Delay (ms)","KPI from->to",82,12
"Delay (ms)","KPI from->to",84,22
"Delay (ms)","KPI from->to",86,11
"Delay (ms)","KPI from->to",88,8
"Delay (ms)","KPI from->to",90,23
"Delay (ms)","KPI from->to",92,27
"Delay (ms)","KPI from->to",94,26
"Delay (ms)","KPI from->to",96,29
"Delay (ms)","KPI from->to",98,26
"Delay (ms)","KPI from->to",100,24

Metric,"Pair Name",Timestamp,Value
Loss,"KPI from->to",102,0
Loss,"KPI from->to",104,0
Loss,"KPI from->to",106,0
Loss,"KPI from->to",108,0
Loss,"KPI from->to",110,0
Loss,"KPI from->to",112,0
Loss,"KPI from->to",114,0
Loss,"KPI from->to",116,0
Loss,"KPI from->to",118,0

Metric,"Pair Name",Timestamp,Value
"Jitter (ms)","KPI from->to",102,7
"Jitter (ms)","KPI from->to",104,10
"Jitter (ms)","KPI from->to",106,7
"Jitter (ms)","KPI from->to",108,8
"Jitter (ms)","KPI from->to",110,9
"Jitter (ms)","KPI from->to",112,15
"Jitter (ms)","KPI from->to",114,16
"Jitter (ms)","KPI from->to",116,13
"Jitter (ms)","KPI from->to",118,5

Metric,"Pair Name",Timestamp,Value
Loss,"KPI from->to",2,0
Loss,"KPI from->to",4,0
Loss,"KPI from->to",6,0
Loss,"KPI from->to",8,0
Loss,"KPI from->to",10,0
Loss,"KPI from->to",12,0
Loss,"KPI from->to",14,0
Loss,"KPI from->to",16,0
Loss,"KPI from->to",18,0
Loss,"KPI from->to",20,0
Loss,"KPI from->to",22,0
Loss,"KPI from->to",24,0
Loss,"KPI from->to",26,0
Loss,"KPI from->to",28,0
Loss,"KPI from->to",30,0
Loss,"KPI from->to",32,0
Loss,"KPI from->to",34,0
Loss,"KPI from->to",36,0
Loss,"KPI from->to",38,0
Loss,"KPI from->to",40,0
Loss,"KPI from->to",42,0
Loss,"KPI from->to",44,0
Loss,"KPI from->to",46,0
Loss,"KPI from->to",48,0
Loss,"KPI from->to",50,0
Loss,"KPI from->to",52,0
Loss,"KPI from->to",54,0
Loss,"KPI from->to",56,0
Loss,"KPI from->to",58,0
Loss,"KPI from->to",60,0
Loss,"KPI from->to",62,0
Loss,"KPI from->to",64,0
Loss,"KPI from->to",66,0
Loss,"KPI from->to",68,0
Loss,"KPI from->to",70,0
Loss,"KPI from->to",72,0
Loss,"KPI from->to",74,0
Loss,"KPI from->to",76,0
Loss,"KPI from->to",78,0
Loss,"KPI from->to",80,0
Loss,"KPI from->to",82,0
Loss,"KPI from->to",84,0
Loss,"KPI from->to",86,0
Loss,"KPI from->to",88,0
Loss,"KPI from->to",90,0
Loss,"KPI from->to",92,0
Loss,"KPI from->to",94,0
Loss,"KPI from->to",96,0
Loss,"KPI from->to",98,0
Loss,"KPI from->to",100,0

Metric,"Pair Name",Timestamp,Value
"Delay (ms)","KPI from->to",102,22
"Delay (ms)","KPI from->to",104,35
"Delay (ms)","KPI from->to",106,21
"Delay (ms)","KPI from->to",108,37
"Delay (ms)","KPI from->to",110,24
"Delay (ms)","KPI from->to",112,33
"Delay (ms)","KPI from->to",114,23
"Delay (ms)","KPI from->to",116,33
"Delay (ms)","KPI from->to",118,31

Metric,"Pair Name",Timestamp,Value
"Jitter (ms)","KPI from->to",2,19
"Jitter (ms)","KPI from->to",4,4
"Jitter (ms)","KPI from->to",6,13
"Jitter (ms)","KPI from->to",8,14
"Jitter (ms)","KPI from->to",10,12
"Jitter (ms)","KPI from->to",12,14
"Jitter (ms)","KPI from->to",14,5
"Jitter (ms)","KPI from->to",16,5
"Jitter (ms)","KPI from->to",18,11
"Jitter (ms)","KPI from->to",20,6
"Jitter (ms)","KPI from->to",22,4
"Jitter (ms)","KPI from->to",24,13
"Jitter (ms)","KPI from->to",26,14
"Jitter (ms)","KPI from->to",28,6
"Jitter (ms)","KPI from->to",30,10
"Jitter (ms)","KPI from->to",32,14
"Jitter (ms)","KPI from->to",34,6
"Jitter (ms)","KPI from->to",36,8
"Jitter (ms)","KPI from->to",38,7
"Jitter (ms)","KPI from->to",40,4
"Jitter (ms)","KPI from->to",42,4
"Jitter (ms)","KPI from->to",44,7
"Jitter (ms)","KPI from->to",46,5
"Jitter (ms)","KPI from->to",48,7
"Jitter (ms)","KPI from->to",50,8
"Jitter (ms)","KPI from->to",52,6
"Jitter (ms)","KPI from->to",54,5
"Jitter (ms)","KPI from->to",56,12
"Jitter (ms)","KPI from->to",58,6
"Jitter (ms)","KPI from->to",60,7
"Jitter (ms)","KPI from->to",62,9
"Jitter (ms)","KPI from->to",64,5
"Jitter (ms)","KPI from->to",66,9
"Jitter (ms)","KPI from->to",68,1
"Jitter (ms)","KPI from->to",70,16
"Jitter (ms)","KPI from->to",72,6
"Jitter (ms)","KPI from->to",74,11
"Jitter (ms)","KPI from->to",76,13
"Jitter (ms)","KPI from->to",78,10
"Jitter (ms)","KPI from->to",80,6
"Jitter (ms)","KPI from->to",82,14
"Jitter (ms)","KPI from->to",84,10
"Jitter (ms)","KPI from->to",86,8
"Jitter (ms)","KPI from->to",88,7
"Jitter (ms)","KPI from->to",90,4
"Jitter (ms)","KPI from->to",92,10
"Jitter (ms)","KPI from->to",94,15
"Jitter (ms)","KPI from->to",96,8
"Jitter (ms)","KPI from->to",98,10
"Jitter (ms)","KPI from->to",100,12

Metric,"Pair Name",Timestamp,Value
"Max Delay Variation (ms)","KPI from->to",2,144
"Max Delay Variation (ms)","KPI from->to",4,61
"Max Delay Variation (ms)","KPI from->to",6,97
"Max Delay Variation (ms)","KPI from->to",8,104
"Max Delay Variation (ms)","KPI from->to",10,61
"Max Delay Variation (ms)","KPI from->to",12,90
"Max Delay Variation (ms)","KPI from->to",14,77
"Max Delay Variation (ms)","KPI from->to",16,92
"Max Delay Variation (ms)","KPI from->to",18,110
"Max Delay Variation (ms)","KPI from->to",20,42
"Max Delay Variation (ms)","KPI from->to",22,65
"Max Delay Variation (ms)","KPI from->to",24,133
"Max Delay Variation (ms)","KPI from->to",26,100
"Max Delay Variation (ms)","KPI from->to",28,97
"Max Delay Variation (ms)","KPI from->to",30,94
"Max Delay Variation (ms)","KPI from->to",32,66
"Max Delay Variation (ms)","KPI from->to",34,93
"Max Delay Variation (ms)","KPI from->to",36,78
"Max Delay Variation (ms)","KPI from->to",38,59
"Max Delay Variation (ms)","KPI from->to",40,57
"Max Delay Variation (ms)","KPI from->to",42,98
"Max Delay Variation (ms)","KPI from->to",44,89
"Max Delay Variation (ms)","KPI from->to",46,180
"Max Delay Variation (ms)","KPI from->to",48,100
"Max Delay Variation (ms)","KPI from->to",50,52
"Max Delay Variation (ms)","KPI from->to",52,60
"Max Delay Variation (ms)","KPI from->to",54,58
"Max Delay Variation (ms)","KPI from->to",56,69
"Max Delay Variation (ms)","KPI from->to",58,139
"Max Delay Variation (ms)","KPI from->to",60,95
"Max Delay Variation (ms)","KPI from->to",62,56
"Max Delay Variation (ms)","KPI from->to",64,70
"Max Delay Variation (ms)","KPI from->to",66,54
"Max Delay Variation (ms)","KPI from->to",68,60
"Max Delay Variation (ms)","KPI from->to",70,90
"Max Delay Variation (ms)","KPI from->to",72,102
"Max Delay Variation (ms)","KPI from->to",74,52
"Max Delay Variation (ms)","KPI from->to",76,42
"Max Delay Variation (ms)","KPI from->to",78,77
"Max Delay Variation (ms)","KPI from->to",80,136
"Max Delay Variation (ms)","KPI from->to",82,59
"Max Delay Variation (ms)","KPI from->to",84,145
"Max Delay Variation (ms)","KPI from->to",86,52
"Max Delay Variation (ms)","KPI from->to",88,43
"Max Delay Variation (ms)","KPI from->to",90,119
"Max Delay Variation (ms)","KPI from->to",92,93
"Max Delay Variation (ms)","KPI from->to",94,145
"Max Delay Variation (ms)","KPI from->to",96,50
"Max Delay Variation (ms)","KPI from->to",98,92
"Max Delay Variation (ms)","KPI from->to",100,79

Metric,"Pair Name",Timestamp,Value
"Max Delay Variation (ms)","KPI from->to",102,59
"Max Delay Variation (ms)","KPI from->to",104,130
"Max Delay Variation (ms)","KPI from->to",106,57
"Max Delay Variation (ms)","KPI from->to",108,159
"Max Delay Variation (ms)","KPI from->to",110,99
"Max Delay Variation (ms)","KPI from->to",112,117
"Max Delay Variation (ms)","KPI from->to",114,107
"Max Delay Variation (ms)","KPI from->to",116,135
"Max Delay Variation (ms)","KPI from->to",118,136


