"Test Information",Value
"RUN ID",497
"END EXECUTION TIME","2021-05-13 15:52:51"
"SOURCE PROBE NAME",raspberrypi-5G
"SOURCE PROBE TEST IP ADDRESS",raspberrypi-5G
"SOURCE PROBE MANAGEMENT IP ADDRESS",raspberrypi-5G
"SOURCE PROBE GROUP",Administrators
"DESTINATION PROBE NAME",raspberrypi-AAS
"DESTINATION PROBE TEST IP ADDRESS",raspberrypi-AAS
"DESTINATION PROBE MANAGEMENT IP ADDRESS",raspberrypi-AAS
"DESTINATION PROBE GROUP",Administrators
"DESTINATION PROBE LOCATION",
"TEST MODULE",MESH
"TEST TYPE","Network KPI"
"TEST ADDITIONAL INFORMATION"," DSCP Setting: Best Effort"
"TEST DURATION",120
"TEST STATUS",Passed
"FAIL OR ERROR REASON",

Metric,"Pair Name",Value,"Threshold Type",Threshold,"Status KPI"
"Datagrams Out of Order","KPI from->to",0.0,0,>=,Passed
"Delay (ms)","KPI from->to",22.15,0,<=,Passed
"Jitter (ms)","KPI from->to",0.4,0,<=,Passed
"Jitter Max (ms)","KPI from->to",1.0,0,<=,Passed
Loss,"KPI from->to",0.0,0,<=,Passed
"Max Delay Variation (ms)","KPI from->to",12.0,0,<=,Passed
"Max loss burst","KPI from->to",0.0,0,<=,Passed
MOS,"KPI from->to",4.36,1,<=,Passed

Metric,"Pair Name",Timestamp,Value
"Delay (ms)","KPI from->to",2,20
"Delay (ms)","KPI from->to",4,21
"Delay (ms)","KPI from->to",6,20
"Delay (ms)","KPI from->to",8,28
"Delay (ms)","KPI from->to",10,29
"Delay (ms)","KPI from->to",12,29
"Delay (ms)","KPI from->to",14,29
"Delay (ms)","KPI from->to",16,29
"Delay (ms)","KPI from->to",18,29
"Delay (ms)","KPI from->to",20,29
"Delay (ms)","KPI from->to",22,29
"Delay (ms)","KPI from->to",24,30
"Delay (ms)","KPI from->to",26,30
"Delay (ms)","KPI from->to",28,29
"Delay (ms)","KPI from->to",30,29
"Delay (ms)","KPI from->to",32,30
"Delay (ms)","KPI from->to",34,30
"Delay (ms)","KPI from->to",36,30
"Delay (ms)","KPI from->to",38,27
"Delay (ms)","KPI from->to",40,19
"Delay (ms)","KPI from->to",42,19
"Delay (ms)","KPI from->to",44,19
"Delay (ms)","KPI from->to",46,19
"Delay (ms)","KPI from->to",48,19
"Delay (ms)","KPI from->to",50,19
"Delay (ms)","KPI from->to",52,19
"Delay (ms)","KPI from->to",54,19
"Delay (ms)","KPI from->to",56,19
"Delay (ms)","KPI from->to",58,20
"Delay (ms)","KPI from->to",60,20
"Delay (ms)","KPI from->to",62,20
"Delay (ms)","KPI from->to",64,20
"Delay (ms)","KPI from->to",66,20
"Delay (ms)","KPI from->to",68,20
"Delay (ms)","KPI from->to",70,19
"Delay (ms)","KPI from->to",72,20
"Delay (ms)","KPI from->to",74,19
"Delay (ms)","KPI from->to",76,19
"Delay (ms)","KPI from->to",78,20
"Delay (ms)","KPI from->to",80,19
"Delay (ms)","KPI from->to",82,19
"Delay (ms)","KPI from->to",84,20
"Delay (ms)","KPI from->to",86,20
"Delay (ms)","KPI from->to",88,20
"Delay (ms)","KPI from->to",90,20
"Delay (ms)","KPI from->to",92,20
"Delay (ms)","KPI from->to",94,19
"Delay (ms)","KPI from->to",96,19
"Delay (ms)","KPI from->to",98,18
"Delay (ms)","KPI from->to",100,18

Metric,"Pair Name",Timestamp,Value
Loss,"KPI from->to",102,0
Loss,"KPI from->to",104,0
Loss,"KPI from->to",106,0
Loss,"KPI from->to",108,0
Loss,"KPI from->to",110,0
Loss,"KPI from->to",112,0
Loss,"KPI from->to",114,0
Loss,"KPI from->to",116,0
Loss,"KPI from->to",118,0
Loss,"KPI from->to",120,0

Metric,"Pair Name",Timestamp,Value
"Jitter (ms)","KPI from->to",2,1
"Jitter (ms)","KPI from->to",4,0
"Jitter (ms)","KPI from->to",6,0
"Jitter (ms)","KPI from->to",8,1
"Jitter (ms)","KPI from->to",10,0
"Jitter (ms)","KPI from->to",12,0
"Jitter (ms)","KPI from->to",14,0
"Jitter (ms)","KPI from->to",16,1
"Jitter (ms)","KPI from->to",18,0
"Jitter (ms)","KPI from->to",20,0
"Jitter (ms)","KPI from->to",22,0
"Jitter (ms)","KPI from->to",24,1
"Jitter (ms)","KPI from->to",26,1
"Jitter (ms)","KPI from->to",28,1
"Jitter (ms)","KPI from->to",30,0
"Jitter (ms)","KPI from->to",32,0
"Jitter (ms)","KPI from->to",34,1
"Jitter (ms)","KPI from->to",36,1
"Jitter (ms)","KPI from->to",38,0
"Jitter (ms)","KPI from->to",40,0
"Jitter (ms)","KPI from->to",42,1
"Jitter (ms)","KPI from->to",44,0
"Jitter (ms)","KPI from->to",46,0
"Jitter (ms)","KPI from->to",48,0
"Jitter (ms)","KPI from->to",50,0
"Jitter (ms)","KPI from->to",52,1
"Jitter (ms)","KPI from->to",54,1
"Jitter (ms)","KPI from->to",56,0
"Jitter (ms)","KPI from->to",58,0
"Jitter (ms)","KPI from->to",60,0
"Jitter (ms)","KPI from->to",62,0
"Jitter (ms)","KPI from->to",64,0
"Jitter (ms)","KPI from->to",66,0
"Jitter (ms)","KPI from->to",68,0
"Jitter (ms)","KPI from->to",70,0
"Jitter (ms)","KPI from->to",72,1
"Jitter (ms)","KPI from->to",74,0
"Jitter (ms)","KPI from->to",76,0
"Jitter (ms)","KPI from->to",78,0
"Jitter (ms)","KPI from->to",80,0
"Jitter (ms)","KPI from->to",82,1
"Jitter (ms)","KPI from->to",84,1
"Jitter (ms)","KPI from->to",86,0
"Jitter (ms)","KPI from->to",88,0
"Jitter (ms)","KPI from->to",90,1
"Jitter (ms)","KPI from->to",92,1
"Jitter (ms)","KPI from->to",94,0
"Jitter (ms)","KPI from->to",96,0
"Jitter (ms)","KPI from->to",98,0
"Jitter (ms)","KPI from->to",100,1

Metric,"Pair Name",Timestamp,Value
Loss,"KPI from->to",2,0
Loss,"KPI from->to",4,0
Loss,"KPI from->to",6,0
Loss,"KPI from->to",8,0
Loss,"KPI from->to",10,0
Loss,"KPI from->to",12,0
Loss,"KPI from->to",14,0
Loss,"KPI from->to",16,0
Loss,"KPI from->to",18,0
Loss,"KPI from->to",20,0
Loss,"KPI from->to",22,0
Loss,"KPI from->to",24,0
Loss,"KPI from->to",26,0
Loss,"KPI from->to",28,0
Loss,"KPI from->to",30,0
Loss,"KPI from->to",32,0
Loss,"KPI from->to",34,0
Loss,"KPI from->to",36,0
Loss,"KPI from->to",38,0
Loss,"KPI from->to",40,0
Loss,"KPI from->to",42,0
Loss,"KPI from->to",44,0
Loss,"KPI from->to",46,0
Loss,"KPI from->to",48,0
Loss,"KPI from->to",50,0
Loss,"KPI from->to",52,0
Loss,"KPI from->to",54,0
Loss,"KPI from->to",56,0
Loss,"KPI from->to",58,0
Loss,"KPI from->to",60,0
Loss,"KPI from->to",62,0
Loss,"KPI from->to",64,0
Loss,"KPI from->to",66,0
Loss,"KPI from->to",68,0
Loss,"KPI from->to",70,0
Loss,"KPI from->to",72,0
Loss,"KPI from->to",74,0
Loss,"KPI from->to",76,0
Loss,"KPI from->to",78,0
Loss,"KPI from->to",80,0
Loss,"KPI from->to",82,0
Loss,"KPI from->to",84,0
Loss,"KPI from->to",86,0
Loss,"KPI from->to",88,0
Loss,"KPI from->to",90,0
Loss,"KPI from->to",92,0
Loss,"KPI from->to",94,0
Loss,"KPI from->to",96,0
Loss,"KPI from->to",98,0
Loss,"KPI from->to",100,0

Metric,"Pair Name",Timestamp,Value
"Delay (ms)","KPI from->to",102,19
"Delay (ms)","KPI from->to",104,18
"Delay (ms)","KPI from->to",106,18
"Delay (ms)","KPI from->to",108,19
"Delay (ms)","KPI from->to",110,21
"Delay (ms)","KPI from->to",112,21
"Delay (ms)","KPI from->to",114,22
"Delay (ms)","KPI from->to",116,21
"Delay (ms)","KPI from->to",118,21
"Delay (ms)","KPI from->to",120,22

Metric,"Pair Name",Timestamp,Value
"Max Delay Variation (ms)","KPI from->to",2,5
"Max Delay Variation (ms)","KPI from->to",4,5
"Max Delay Variation (ms)","KPI from->to",6,4
"Max Delay Variation (ms)","KPI from->to",8,5
"Max Delay Variation (ms)","KPI from->to",10,5
"Max Delay Variation (ms)","KPI from->to",12,5
"Max Delay Variation (ms)","KPI from->to",14,3
"Max Delay Variation (ms)","KPI from->to",16,12
"Max Delay Variation (ms)","KPI from->to",18,4
"Max Delay Variation (ms)","KPI from->to",20,4
"Max Delay Variation (ms)","KPI from->to",22,4
"Max Delay Variation (ms)","KPI from->to",24,4
"Max Delay Variation (ms)","KPI from->to",26,4
"Max Delay Variation (ms)","KPI from->to",28,5
"Max Delay Variation (ms)","KPI from->to",30,4
"Max Delay Variation (ms)","KPI from->to",32,5
"Max Delay Variation (ms)","KPI from->to",34,4
"Max Delay Variation (ms)","KPI from->to",36,4
"Max Delay Variation (ms)","KPI from->to",38,11
"Max Delay Variation (ms)","KPI from->to",40,4
"Max Delay Variation (ms)","KPI from->to",42,8
"Max Delay Variation (ms)","KPI from->to",44,4
"Max Delay Variation (ms)","KPI from->to",46,4
"Max Delay Variation (ms)","KPI from->to",48,4
"Max Delay Variation (ms)","KPI from->to",50,5
"Max Delay Variation (ms)","KPI from->to",52,5
"Max Delay Variation (ms)","KPI from->to",54,7
"Max Delay Variation (ms)","KPI from->to",56,5
"Max Delay Variation (ms)","KPI from->to",58,10
"Max Delay Variation (ms)","KPI from->to",60,4
"Max Delay Variation (ms)","KPI from->to",62,6
"Max Delay Variation (ms)","KPI from->to",64,5
"Max Delay Variation (ms)","KPI from->to",66,4
"Max Delay Variation (ms)","KPI from->to",68,5
"Max Delay Variation (ms)","KPI from->to",70,6
"Max Delay Variation (ms)","KPI from->to",72,7
"Max Delay Variation (ms)","KPI from->to",74,5
"Max Delay Variation (ms)","KPI from->to",76,9
"Max Delay Variation (ms)","KPI from->to",78,7
"Max Delay Variation (ms)","KPI from->to",80,4
"Max Delay Variation (ms)","KPI from->to",82,9
"Max Delay Variation (ms)","KPI from->to",84,5
"Max Delay Variation (ms)","KPI from->to",86,12
"Max Delay Variation (ms)","KPI from->to",88,10
"Max Delay Variation (ms)","KPI from->to",90,5
"Max Delay Variation (ms)","KPI from->to",92,6
"Max Delay Variation (ms)","KPI from->to",94,5
"Max Delay Variation (ms)","KPI from->to",96,6
"Max Delay Variation (ms)","KPI from->to",98,5
"Max Delay Variation (ms)","KPI from->to",100,5

Metric,"Pair Name",Timestamp,Value
"Max Delay Variation (ms)","KPI from->to",102,8
"Max Delay Variation (ms)","KPI from->to",104,5
"Max Delay Variation (ms)","KPI from->to",106,5
"Max Delay Variation (ms)","KPI from->to",108,5
"Max Delay Variation (ms)","KPI from->to",110,5
"Max Delay Variation (ms)","KPI from->to",112,5
"Max Delay Variation (ms)","KPI from->to",114,5
"Max Delay Variation (ms)","KPI from->to",116,5
"Max Delay Variation (ms)","KPI from->to",118,8
"Max Delay Variation (ms)","KPI from->to",120,8

Metric,"Pair Name",Timestamp,Value
"Jitter (ms)","KPI from->to",102,1
"Jitter (ms)","KPI from->to",104,0
"Jitter (ms)","KPI from->to",106,1
"Jitter (ms)","KPI from->to",108,1
"Jitter (ms)","KPI from->to",110,0
"Jitter (ms)","KPI from->to",112,0
"Jitter (ms)","KPI from->to",114,1
"Jitter (ms)","KPI from->to",116,1
"Jitter (ms)","KPI from->to",118,1
"Jitter (ms)","KPI from->to",120,1

Metric,"Pair Name",Timestamp,Value
MOS,"KPI from->to",2,4.36
MOS,"KPI from->to",4,4.36
MOS,"KPI from->to",6,4.36
MOS,"KPI from->to",8,4.36
MOS,"KPI from->to",10,4.36
MOS,"KPI from->to",12,4.36
MOS,"KPI from->to",14,4.36
MOS,"KPI from->to",16,4.36
MOS,"KPI from->to",18,4.36
MOS,"KPI from->to",20,4.36
MOS,"KPI from->to",22,4.36
MOS,"KPI from->to",24,4.36
MOS,"KPI from->to",26,4.36
MOS,"KPI from->to",28,4.36
MOS,"KPI from->to",30,4.36
MOS,"KPI from->to",32,4.36
MOS,"KPI from->to",34,4.36
MOS,"KPI from->to",36,4.36
MOS,"KPI from->to",38,4.36
MOS,"KPI from->to",40,4.36
MOS,"KPI from->to",42,4.36
MOS,"KPI from->to",44,4.36
MOS,"KPI from->to",46,4.36
MOS,"KPI from->to",48,4.36
MOS,"KPI from->to",50,4.36
MOS,"KPI from->to",52,4.36
MOS,"KPI from->to",54,4.36
MOS,"KPI from->to",56,4.36
MOS,"KPI from->to",58,4.36
MOS,"KPI from->to",60,4.36
MOS,"KPI from->to",62,4.36
MOS,"KPI from->to",64,4.36
MOS,"KPI from->to",66,4.36
MOS,"KPI from->to",68,4.36
MOS,"KPI from->to",70,4.36
MOS,"KPI from->to",72,4.36
MOS,"KPI from->to",74,4.36
MOS,"KPI from->to",76,4.36
MOS,"KPI from->to",78,4.36
MOS,"KPI from->to",80,4.36
MOS,"KPI from->to",82,4.36
MOS,"KPI from->to",84,4.36
MOS,"KPI from->to",86,4.36
MOS,"KPI from->to",88,4.36
MOS,"KPI from->to",90,4.36
MOS,"KPI from->to",92,4.36
MOS,"KPI from->to",94,4.36
MOS,"KPI from->to",96,4.36
MOS,"KPI from->to",98,4.36
MOS,"KPI from->to",100,4.36

Metric,"Pair Name",Timestamp,Value
MOS,"KPI from->to",102,4.36
MOS,"KPI from->to",104,4.36
MOS,"KPI from->to",106,4.36
MOS,"KPI from->to",108,4.36
MOS,"KPI from->to",110,4.36
MOS,"KPI from->to",112,4.36
MOS,"KPI from->to",114,4.36
MOS,"KPI from->to",116,4.36
MOS,"KPI from->to",118,4.36
MOS,"KPI from->to",120,4.36


