"Test Information",Value
"RUN ID",497
"END EXECUTION TIME","2021-05-13 15:57:17"
"SOURCE PROBE NAME",raspberrypi-5G
"SOURCE PROBE TEST IP ADDRESS",raspberrypi-5G
"SOURCE PROBE MANAGEMENT IP ADDRESS",raspberrypi-5G
"SOURCE PROBE GROUP",Administrators
"DESTINATION PROBE NAME",raspberrypi-AAS
"DESTINATION PROBE TEST IP ADDRESS",raspberrypi-AAS
"DESTINATION PROBE MANAGEMENT IP ADDRESS",raspberrypi-AAS
"DESTINATION PROBE GROUP",Administrators
"DESTINATION PROBE LOCATION",
"TEST MODULE",MESH
"TEST TYPE","Network KPI"
"TEST ADDITIONAL INFORMATION"," DSCP Setting: Best Effort"
"TEST DURATION",120
"TEST STATUS",Failed
"FAIL OR ERROR REASON"," Threshold failed on KPI from->to Max Delay Variation (ms) 
"

Metric,"Pair Name",Value,"Threshold Type",Threshold,"Status KPI"
"Datagrams Out of Order","KPI from->to",0.0,0,>=,Passed
"Delay (ms)","KPI from->to",20.6,0,<=,Passed
"Jitter (ms)","KPI from->to",0.85,0,<=,Passed
"Jitter Max (ms)","KPI from->to",2.0,0,<=,Passed
Loss,"KPI from->to",0.0,0,<=,Passed
"Max Delay Variation (ms)","KPI from->to",21.0,0,<=,Failed
"Max loss burst","KPI from->to",0.0,0,<=,Passed
MOS,"KPI from->to",4.36,1,<=,Passed

Metric,"Pair Name",Timestamp,Value
"Max Delay Variation (ms)","KPI from->to",102,5
"Max Delay Variation (ms)","KPI from->to",104,3
"Max Delay Variation (ms)","KPI from->to",106,8
"Max Delay Variation (ms)","KPI from->to",108,10
"Max Delay Variation (ms)","KPI from->to",110,5
"Max Delay Variation (ms)","KPI from->to",112,5
"Max Delay Variation (ms)","KPI from->to",114,13
"Max Delay Variation (ms)","KPI from->to",116,19
"Max Delay Variation (ms)","KPI from->to",118,7
"Max Delay Variation (ms)","KPI from->to",120,6

Metric,"Pair Name",Timestamp,Value
MOS,"KPI from->to",102,4.36
MOS,"KPI from->to",104,4.36
MOS,"KPI from->to",106,4.36
MOS,"KPI from->to",108,4.36
MOS,"KPI from->to",110,4.36
MOS,"KPI from->to",112,4.36
MOS,"KPI from->to",114,4.36
MOS,"KPI from->to",116,4.36
MOS,"KPI from->to",118,4.36
MOS,"KPI from->to",120,4.36

Metric,"Pair Name",Timestamp,Value
"Jitter (ms)","KPI from->to",2,0
"Jitter (ms)","KPI from->to",4,0
"Jitter (ms)","KPI from->to",6,0
"Jitter (ms)","KPI from->to",8,1
"Jitter (ms)","KPI from->to",10,1
"Jitter (ms)","KPI from->to",12,0
"Jitter (ms)","KPI from->to",14,1
"Jitter (ms)","KPI from->to",16,1
"Jitter (ms)","KPI from->to",18,2
"Jitter (ms)","KPI from->to",20,1
"Jitter (ms)","KPI from->to",22,1
"Jitter (ms)","KPI from->to",24,2
"Jitter (ms)","KPI from->to",26,1
"Jitter (ms)","KPI from->to",28,1
"Jitter (ms)","KPI from->to",30,2
"Jitter (ms)","KPI from->to",32,1
"Jitter (ms)","KPI from->to",34,1
"Jitter (ms)","KPI from->to",36,1
"Jitter (ms)","KPI from->to",38,1
"Jitter (ms)","KPI from->to",40,1
"Jitter (ms)","KPI from->to",42,1
"Jitter (ms)","KPI from->to",44,1
"Jitter (ms)","KPI from->to",46,1
"Jitter (ms)","KPI from->to",48,1
"Jitter (ms)","KPI from->to",50,0
"Jitter (ms)","KPI from->to",52,1
"Jitter (ms)","KPI from->to",54,1
"Jitter (ms)","KPI from->to",56,0
"Jitter (ms)","KPI from->to",58,1
"Jitter (ms)","KPI from->to",60,1
"Jitter (ms)","KPI from->to",62,1
"Jitter (ms)","KPI from->to",64,0
"Jitter (ms)","KPI from->to",66,1
"Jitter (ms)","KPI from->to",68,1
"Jitter (ms)","KPI from->to",70,1
"Jitter (ms)","KPI from->to",72,1
"Jitter (ms)","KPI from->to",74,2
"Jitter (ms)","KPI from->to",76,1
"Jitter (ms)","KPI from->to",78,1
"Jitter (ms)","KPI from->to",80,1
"Jitter (ms)","KPI from->to",82,1
"Jitter (ms)","KPI from->to",84,1
"Jitter (ms)","KPI from->to",86,1
"Jitter (ms)","KPI from->to",88,0
"Jitter (ms)","KPI from->to",90,1
"Jitter (ms)","KPI from->to",92,1
"Jitter (ms)","KPI from->to",94,1
"Jitter (ms)","KPI from->to",96,1
"Jitter (ms)","KPI from->to",98,1
"Jitter (ms)","KPI from->to",100,1

Metric,"Pair Name",Timestamp,Value
Loss,"KPI from->to",102,0
Loss,"KPI from->to",104,0
Loss,"KPI from->to",106,0
Loss,"KPI from->to",108,0
Loss,"KPI from->to",110,0
Loss,"KPI from->to",112,0
Loss,"KPI from->to",114,0
Loss,"KPI from->to",116,0
Loss,"KPI from->to",118,0
Loss,"KPI from->to",120,0

Metric,"Pair Name",Timestamp,Value
"Delay (ms)","KPI from->to",102,21
"Delay (ms)","KPI from->to",104,21
"Delay (ms)","KPI from->to",106,21
"Delay (ms)","KPI from->to",108,22
"Delay (ms)","KPI from->to",110,21
"Delay (ms)","KPI from->to",112,22
"Delay (ms)","KPI from->to",114,21
"Delay (ms)","KPI from->to",116,22
"Delay (ms)","KPI from->to",118,22
"Delay (ms)","KPI from->to",120,22

Metric,"Pair Name",Timestamp,Value
"Jitter (ms)","KPI from->to",102,1
"Jitter (ms)","KPI from->to",104,1
"Jitter (ms)","KPI from->to",106,0
"Jitter (ms)","KPI from->to",108,1
"Jitter (ms)","KPI from->to",110,0
"Jitter (ms)","KPI from->to",112,0
"Jitter (ms)","KPI from->to",114,0
"Jitter (ms)","KPI from->to",116,1
"Jitter (ms)","KPI from->to",118,0
"Jitter (ms)","KPI from->to",120,1

Metric,"Pair Name",Timestamp,Value
MOS,"KPI from->to",2,4.36
MOS,"KPI from->to",4,4.36
MOS,"KPI from->to",6,4.36
MOS,"KPI from->to",8,4.36
MOS,"KPI from->to",10,4.36
MOS,"KPI from->to",12,4.36
MOS,"KPI from->to",14,4.36
MOS,"KPI from->to",16,4.36
MOS,"KPI from->to",18,4.36
MOS,"KPI from->to",20,4.36
MOS,"KPI from->to",22,4.36
MOS,"KPI from->to",24,4.36
MOS,"KPI from->to",26,4.36
MOS,"KPI from->to",28,4.36
MOS,"KPI from->to",30,4.36
MOS,"KPI from->to",32,4.36
MOS,"KPI from->to",34,4.36
MOS,"KPI from->to",36,4.36
MOS,"KPI from->to",38,4.36
MOS,"KPI from->to",40,4.36
MOS,"KPI from->to",42,4.36
MOS,"KPI from->to",44,4.36
MOS,"KPI from->to",46,4.36
MOS,"KPI from->to",48,4.36
MOS,"KPI from->to",50,4.36
MOS,"KPI from->to",52,4.36
MOS,"KPI from->to",54,4.36
MOS,"KPI from->to",56,4.36
MOS,"KPI from->to",58,4.36
MOS,"KPI from->to",60,4.36
MOS,"KPI from->to",62,4.36
MOS,"KPI from->to",64,4.36
MOS,"KPI from->to",66,4.36
MOS,"KPI from->to",68,4.36
MOS,"KPI from->to",70,4.36
MOS,"KPI from->to",72,4.36
MOS,"KPI from->to",74,4.36
MOS,"KPI from->to",76,4.36
MOS,"KPI from->to",78,4.36
MOS,"KPI from->to",80,4.36
MOS,"KPI from->to",82,4.36
MOS,"KPI from->to",84,4.36
MOS,"KPI from->to",86,4.36
MOS,"KPI from->to",88,4.36
MOS,"KPI from->to",90,4.36
MOS,"KPI from->to",92,4.36
MOS,"KPI from->to",94,4.36
MOS,"KPI from->to",96,4.36
MOS,"KPI from->to",98,4.36
MOS,"KPI from->to",100,4.36

Metric,"Pair Name",Timestamp,Value
"Delay (ms)","KPI from->to",2,19
"Delay (ms)","KPI from->to",4,19
"Delay (ms)","KPI from->to",6,19
"Delay (ms)","KPI from->to",8,19
"Delay (ms)","KPI from->to",10,18
"Delay (ms)","KPI from->to",12,19
"Delay (ms)","KPI from->to",14,19
"Delay (ms)","KPI from->to",16,19
"Delay (ms)","KPI from->to",18,19
"Delay (ms)","KPI from->to",20,19
"Delay (ms)","KPI from->to",22,19
"Delay (ms)","KPI from->to",24,19
"Delay (ms)","KPI from->to",26,18
"Delay (ms)","KPI from->to",28,19
"Delay (ms)","KPI from->to",30,19
"Delay (ms)","KPI from->to",32,19
"Delay (ms)","KPI from->to",34,21
"Delay (ms)","KPI from->to",36,21
"Delay (ms)","KPI from->to",38,21
"Delay (ms)","KPI from->to",40,21
"Delay (ms)","KPI from->to",42,21
"Delay (ms)","KPI from->to",44,21
"Delay (ms)","KPI from->to",46,21
"Delay (ms)","KPI from->to",48,21
"Delay (ms)","KPI from->to",50,21
"Delay (ms)","KPI from->to",52,21
"Delay (ms)","KPI from->to",54,21
"Delay (ms)","KPI from->to",56,21
"Delay (ms)","KPI from->to",58,21
"Delay (ms)","KPI from->to",60,21
"Delay (ms)","KPI from->to",62,21
"Delay (ms)","KPI from->to",64,21
"Delay (ms)","KPI from->to",66,21
"Delay (ms)","KPI from->to",68,21
"Delay (ms)","KPI from->to",70,21
"Delay (ms)","KPI from->to",72,21
"Delay (ms)","KPI from->to",74,22
"Delay (ms)","KPI from->to",76,22
"Delay (ms)","KPI from->to",78,21
"Delay (ms)","KPI from->to",80,22
"Delay (ms)","KPI from->to",82,22
"Delay (ms)","KPI from->to",84,21
"Delay (ms)","KPI from->to",86,21
"Delay (ms)","KPI from->to",88,21
"Delay (ms)","KPI from->to",90,21
"Delay (ms)","KPI from->to",92,22
"Delay (ms)","KPI from->to",94,21
"Delay (ms)","KPI from->to",96,21
"Delay (ms)","KPI from->to",98,21
"Delay (ms)","KPI from->to",100,21

Metric,"Pair Name",Timestamp,Value
Loss,"KPI from->to",2,0
Loss,"KPI from->to",4,0
Loss,"KPI from->to",6,0
Loss,"KPI from->to",8,0
Loss,"KPI from->to",10,0
Loss,"KPI from->to",12,0
Loss,"KPI from->to",14,0
Loss,"KPI from->to",16,0
Loss,"KPI from->to",18,0
Loss,"KPI from->to",20,0
Loss,"KPI from->to",22,0
Loss,"KPI from->to",24,0
Loss,"KPI from->to",26,0
Loss,"KPI from->to",28,0
Loss,"KPI from->to",30,0
Loss,"KPI from->to",32,0
Loss,"KPI from->to",34,0
Loss,"KPI from->to",36,0
Loss,"KPI from->to",38,0
Loss,"KPI from->to",40,0
Loss,"KPI from->to",42,0
Loss,"KPI from->to",44,0
Loss,"KPI from->to",46,0
Loss,"KPI from->to",48,0
Loss,"KPI from->to",50,0
Loss,"KPI from->to",52,0
Loss,"KPI from->to",54,0
Loss,"KPI from->to",56,0
Loss,"KPI from->to",58,0
Loss,"KPI from->to",60,0
Loss,"KPI from->to",62,0
Loss,"KPI from->to",64,0
Loss,"KPI from->to",66,0
Loss,"KPI from->to",68,0
Loss,"KPI from->to",70,0
Loss,"KPI from->to",72,0
Loss,"KPI from->to",74,0
Loss,"KPI from->to",76,0
Loss,"KPI from->to",78,0
Loss,"KPI from->to",80,0
Loss,"KPI from->to",82,0
Loss,"KPI from->to",84,0
Loss,"KPI from->to",86,0
Loss,"KPI from->to",88,0
Loss,"KPI from->to",90,0
Loss,"KPI from->to",92,0
Loss,"KPI from->to",94,0
Loss,"KPI from->to",96,0
Loss,"KPI from->to",98,0
Loss,"KPI from->to",100,0

Metric,"Pair Name",Timestamp,Value
"Max Delay Variation (ms)","KPI from->to",2,4
"Max Delay Variation (ms)","KPI from->to",4,5
"Max Delay Variation (ms)","KPI from->to",6,5
"Max Delay Variation (ms)","KPI from->to",8,4
"Max Delay Variation (ms)","KPI from->to",10,6
"Max Delay Variation (ms)","KPI from->to",12,5
"Max Delay Variation (ms)","KPI from->to",14,5
"Max Delay Variation (ms)","KPI from->to",16,7
"Max Delay Variation (ms)","KPI from->to",18,6
"Max Delay Variation (ms)","KPI from->to",20,5
"Max Delay Variation (ms)","KPI from->to",22,5
"Max Delay Variation (ms)","KPI from->to",24,7
"Max Delay Variation (ms)","KPI from->to",26,6
"Max Delay Variation (ms)","KPI from->to",28,5
"Max Delay Variation (ms)","KPI from->to",30,21
"Max Delay Variation (ms)","KPI from->to",32,7
"Max Delay Variation (ms)","KPI from->to",34,5
"Max Delay Variation (ms)","KPI from->to",36,5
"Max Delay Variation (ms)","KPI from->to",38,7
"Max Delay Variation (ms)","KPI from->to",40,6
"Max Delay Variation (ms)","KPI from->to",42,5
"Max Delay Variation (ms)","KPI from->to",44,6
"Max Delay Variation (ms)","KPI from->to",46,5
"Max Delay Variation (ms)","KPI from->to",48,11
"Max Delay Variation (ms)","KPI from->to",50,4
"Max Delay Variation (ms)","KPI from->to",52,4
"Max Delay Variation (ms)","KPI from->to",54,9
"Max Delay Variation (ms)","KPI from->to",56,4
"Max Delay Variation (ms)","KPI from->to",58,6
"Max Delay Variation (ms)","KPI from->to",60,6
"Max Delay Variation (ms)","KPI from->to",62,4
"Max Delay Variation (ms)","KPI from->to",64,5
"Max Delay Variation (ms)","KPI from->to",66,5
"Max Delay Variation (ms)","KPI from->to",68,6
"Max Delay Variation (ms)","KPI from->to",70,5
"Max Delay Variation (ms)","KPI from->to",72,6
"Max Delay Variation (ms)","KPI from->to",74,11
"Max Delay Variation (ms)","KPI from->to",76,5
"Max Delay Variation (ms)","KPI from->to",78,5
"Max Delay Variation (ms)","KPI from->to",80,7
"Max Delay Variation (ms)","KPI from->to",82,5
"Max Delay Variation (ms)","KPI from->to",84,4
"Max Delay Variation (ms)","KPI from->to",86,5
"Max Delay Variation (ms)","KPI from->to",88,4
"Max Delay Variation (ms)","KPI from->to",90,5
"Max Delay Variation (ms)","KPI from->to",92,9
"Max Delay Variation (ms)","KPI from->to",94,6
"Max Delay Variation (ms)","KPI from->to",96,5
"Max Delay Variation (ms)","KPI from->to",98,6
"Max Delay Variation (ms)","KPI from->to",100,5


