"Test Information",Value
"RUN ID",497
"END EXECUTION TIME","2021-05-13 15:44:01"
"SOURCE PROBE NAME",raspberrypi-5G
"SOURCE PROBE TEST IP ADDRESS",raspberrypi-5G
"SOURCE PROBE MANAGEMENT IP ADDRESS",raspberrypi-5G
"SOURCE PROBE GROUP",Administrators
"DESTINATION PROBE NAME",raspberrypi-AAS
"DESTINATION PROBE TEST IP ADDRESS",raspberrypi-AAS
"DESTINATION PROBE MANAGEMENT IP ADDRESS",raspberrypi-AAS
"DESTINATION PROBE GROUP",Administrators
"DESTINATION PROBE LOCATION",
"TEST MODULE",MESH
"TEST TYPE","Network KPI"
"TEST ADDITIONAL INFORMATION"," DSCP Setting: Best Effort"
"TEST DURATION",120
"TEST STATUS",Passed
"FAIL OR ERROR REASON",

Metric,"Pair Name",Value,"Threshold Type",Threshold,"Status KPI"
"Datagrams Out of Order","KPI from->to",0.0,0,>=,Passed
"Delay (ms)","KPI from->to",30.13,0,<=,Passed
"Jitter (ms)","KPI from->to",0.35,0,<=,Passed
"Jitter Max (ms)","KPI from->to",1.0,0,<=,Passed
Loss,"KPI from->to",0.0,0,<=,Passed
"Max Delay Variation (ms)","KPI from->to",16.0,0,<=,Passed
"Max loss burst","KPI from->to",0.0,0,<=,Passed
MOS,"KPI from->to",4.36,1,<=,Passed

Metric,"Pair Name",Timestamp,Value
"Delay (ms)","KPI from->to",102,34
"Delay (ms)","KPI from->to",104,34
"Delay (ms)","KPI from->to",106,34
"Delay (ms)","KPI from->to",108,34
"Delay (ms)","KPI from->to",110,34
"Delay (ms)","KPI from->to",112,27
"Delay (ms)","KPI from->to",114,29
"Delay (ms)","KPI from->to",116,29
"Delay (ms)","KPI from->to",118,29
"Delay (ms)","KPI from->to",120,29

Metric,"Pair Name",Timestamp,Value
"Jitter (ms)","KPI from->to",2,0
"Jitter (ms)","KPI from->to",4,0
"Jitter (ms)","KPI from->to",6,1
"Jitter (ms)","KPI from->to",8,0
"Jitter (ms)","KPI from->to",10,0
"Jitter (ms)","KPI from->to",12,1
"Jitter (ms)","KPI from->to",14,1
"Jitter (ms)","KPI from->to",16,1
"Jitter (ms)","KPI from->to",18,1
"Jitter (ms)","KPI from->to",20,1
"Jitter (ms)","KPI from->to",22,0
"Jitter (ms)","KPI from->to",24,1
"Jitter (ms)","KPI from->to",26,0
"Jitter (ms)","KPI from->to",28,0
"Jitter (ms)","KPI from->to",30,1
"Jitter (ms)","KPI from->to",32,0
"Jitter (ms)","KPI from->to",34,0
"Jitter (ms)","KPI from->to",36,1
"Jitter (ms)","KPI from->to",38,0
"Jitter (ms)","KPI from->to",40,0
"Jitter (ms)","KPI from->to",42,0
"Jitter (ms)","KPI from->to",44,0
"Jitter (ms)","KPI from->to",46,0
"Jitter (ms)","KPI from->to",48,0
"Jitter (ms)","KPI from->to",50,0
"Jitter (ms)","KPI from->to",52,0
"Jitter (ms)","KPI from->to",54,0
"Jitter (ms)","KPI from->to",56,0
"Jitter (ms)","KPI from->to",58,0
"Jitter (ms)","KPI from->to",60,1
"Jitter (ms)","KPI from->to",62,0
"Jitter (ms)","KPI from->to",64,0
"Jitter (ms)","KPI from->to",66,0
"Jitter (ms)","KPI from->to",68,0
"Jitter (ms)","KPI from->to",70,1
"Jitter (ms)","KPI from->to",72,0
"Jitter (ms)","KPI from->to",74,1
"Jitter (ms)","KPI from->to",76,0
"Jitter (ms)","KPI from->to",78,1
"Jitter (ms)","KPI from->to",80,0
"Jitter (ms)","KPI from->to",82,0
"Jitter (ms)","KPI from->to",84,0
"Jitter (ms)","KPI from->to",86,0
"Jitter (ms)","KPI from->to",88,0
"Jitter (ms)","KPI from->to",90,1
"Jitter (ms)","KPI from->to",92,0
"Jitter (ms)","KPI from->to",94,0
"Jitter (ms)","KPI from->to",96,0
"Jitter (ms)","KPI from->to",98,0
"Jitter (ms)","KPI from->to",100,0

Metric,"Pair Name",Timestamp,Value
"Max Delay Variation (ms)","KPI from->to",102,11
"Max Delay Variation (ms)","KPI from->to",104,6
"Max Delay Variation (ms)","KPI from->to",106,7
"Max Delay Variation (ms)","KPI from->to",108,6
"Max Delay Variation (ms)","KPI from->to",110,5
"Max Delay Variation (ms)","KPI from->to",112,9
"Max Delay Variation (ms)","KPI from->to",114,5
"Max Delay Variation (ms)","KPI from->to",116,6
"Max Delay Variation (ms)","KPI from->to",118,5
"Max Delay Variation (ms)","KPI from->to",120,7

Metric,"Pair Name",Timestamp,Value
"Max Delay Variation (ms)","KPI from->to",2,10
"Max Delay Variation (ms)","KPI from->to",4,5
"Max Delay Variation (ms)","KPI from->to",6,7
"Max Delay Variation (ms)","KPI from->to",8,7
"Max Delay Variation (ms)","KPI from->to",10,5
"Max Delay Variation (ms)","KPI from->to",12,11
"Max Delay Variation (ms)","KPI from->to",14,16
"Max Delay Variation (ms)","KPI from->to",16,13
"Max Delay Variation (ms)","KPI from->to",18,8
"Max Delay Variation (ms)","KPI from->to",20,5
"Max Delay Variation (ms)","KPI from->to",22,4
"Max Delay Variation (ms)","KPI from->to",24,9
"Max Delay Variation (ms)","KPI from->to",26,13
"Max Delay Variation (ms)","KPI from->to",28,8
"Max Delay Variation (ms)","KPI from->to",30,8
"Max Delay Variation (ms)","KPI from->to",32,6
"Max Delay Variation (ms)","KPI from->to",34,6
"Max Delay Variation (ms)","KPI from->to",36,6
"Max Delay Variation (ms)","KPI from->to",38,5
"Max Delay Variation (ms)","KPI from->to",40,8
"Max Delay Variation (ms)","KPI from->to",42,6
"Max Delay Variation (ms)","KPI from->to",44,6
"Max Delay Variation (ms)","KPI from->to",46,4
"Max Delay Variation (ms)","KPI from->to",48,6
"Max Delay Variation (ms)","KPI from->to",50,10
"Max Delay Variation (ms)","KPI from->to",52,5
"Max Delay Variation (ms)","KPI from->to",54,13
"Max Delay Variation (ms)","KPI from->to",56,7
"Max Delay Variation (ms)","KPI from->to",58,6
"Max Delay Variation (ms)","KPI from->to",60,5
"Max Delay Variation (ms)","KPI from->to",62,4
"Max Delay Variation (ms)","KPI from->to",64,8
"Max Delay Variation (ms)","KPI from->to",66,7
"Max Delay Variation (ms)","KPI from->to",68,5
"Max Delay Variation (ms)","KPI from->to",70,8
"Max Delay Variation (ms)","KPI from->to",72,5
"Max Delay Variation (ms)","KPI from->to",74,8
"Max Delay Variation (ms)","KPI from->to",76,5
"Max Delay Variation (ms)","KPI from->to",78,10
"Max Delay Variation (ms)","KPI from->to",80,5
"Max Delay Variation (ms)","KPI from->to",82,11
"Max Delay Variation (ms)","KPI from->to",84,12
"Max Delay Variation (ms)","KPI from->to",86,6
"Max Delay Variation (ms)","KPI from->to",88,5
"Max Delay Variation (ms)","KPI from->to",90,5
"Max Delay Variation (ms)","KPI from->to",92,5
"Max Delay Variation (ms)","KPI from->to",94,5
"Max Delay Variation (ms)","KPI from->to",96,4
"Max Delay Variation (ms)","KPI from->to",98,6
"Max Delay Variation (ms)","KPI from->to",100,4

Metric,"Pair Name",Timestamp,Value
MOS,"KPI from->to",102,4.36
MOS,"KPI from->to",104,4.36
MOS,"KPI from->to",106,4.36
MOS,"KPI from->to",108,4.36
MOS,"KPI from->to",110,4.36
MOS,"KPI from->to",112,4.36
MOS,"KPI from->to",114,4.36
MOS,"KPI from->to",116,4.36
MOS,"KPI from->to",118,4.36
MOS,"KPI from->to",120,4.36

Metric,"Pair Name",Timestamp,Value
"Jitter (ms)","KPI from->to",102,1
"Jitter (ms)","KPI from->to",104,1
"Jitter (ms)","KPI from->to",106,1
"Jitter (ms)","KPI from->to",108,1
"Jitter (ms)","KPI from->to",110,0
"Jitter (ms)","KPI from->to",112,1
"Jitter (ms)","KPI from->to",114,0
"Jitter (ms)","KPI from->to",116,0
"Jitter (ms)","KPI from->to",118,1
"Jitter (ms)","KPI from->to",120,1

Metric,"Pair Name",Timestamp,Value
Loss,"KPI from->to",2,0
Loss,"KPI from->to",4,0
Loss,"KPI from->to",6,0
Loss,"KPI from->to",8,0
Loss,"KPI from->to",10,0
Loss,"KPI from->to",12,0
Loss,"KPI from->to",14,0
Loss,"KPI from->to",16,0
Loss,"KPI from->to",18,0
Loss,"KPI from->to",20,0
Loss,"KPI from->to",22,0
Loss,"KPI from->to",24,0
Loss,"KPI from->to",26,0
Loss,"KPI from->to",28,0
Loss,"KPI from->to",30,0
Loss,"KPI from->to",32,0
Loss,"KPI from->to",34,0
Loss,"KPI from->to",36,0
Loss,"KPI from->to",38,0
Loss,"KPI from->to",40,0
Loss,"KPI from->to",42,0
Loss,"KPI from->to",44,0
Loss,"KPI from->to",46,0
Loss,"KPI from->to",48,0
Loss,"KPI from->to",50,0
Loss,"KPI from->to",52,0
Loss,"KPI from->to",54,0
Loss,"KPI from->to",56,0
Loss,"KPI from->to",58,0
Loss,"KPI from->to",60,0
Loss,"KPI from->to",62,0
Loss,"KPI from->to",64,0
Loss,"KPI from->to",66,0
Loss,"KPI from->to",68,0
Loss,"KPI from->to",70,0
Loss,"KPI from->to",72,0
Loss,"KPI from->to",74,0
Loss,"KPI from->to",76,0
Loss,"KPI from->to",78,0
Loss,"KPI from->to",80,0
Loss,"KPI from->to",82,0
Loss,"KPI from->to",84,0
Loss,"KPI from->to",86,0
Loss,"KPI from->to",88,0
Loss,"KPI from->to",90,0
Loss,"KPI from->to",92,0
Loss,"KPI from->to",94,0
Loss,"KPI from->to",96,0
Loss,"KPI from->to",98,0
Loss,"KPI from->to",100,0

Metric,"Pair Name",Timestamp,Value
"Delay (ms)","KPI from->to",2,20
"Delay (ms)","KPI from->to",4,20
"Delay (ms)","KPI from->to",6,20
"Delay (ms)","KPI from->to",8,20
"Delay (ms)","KPI from->to",10,21
"Delay (ms)","KPI from->to",12,21
"Delay (ms)","KPI from->to",14,21
"Delay (ms)","KPI from->to",16,21
"Delay (ms)","KPI from->to",18,21
"Delay (ms)","KPI from->to",20,21
"Delay (ms)","KPI from->to",22,20
"Delay (ms)","KPI from->to",24,21
"Delay (ms)","KPI from->to",26,21
"Delay (ms)","KPI from->to",28,21
"Delay (ms)","KPI from->to",30,21
"Delay (ms)","KPI from->to",32,28
"Delay (ms)","KPI from->to",34,33
"Delay (ms)","KPI from->to",36,33
"Delay (ms)","KPI from->to",38,34
"Delay (ms)","KPI from->to",40,34
"Delay (ms)","KPI from->to",42,34
"Delay (ms)","KPI from->to",44,34
"Delay (ms)","KPI from->to",46,34
"Delay (ms)","KPI from->to",48,34
"Delay (ms)","KPI from->to",50,34
"Delay (ms)","KPI from->to",52,34
"Delay (ms)","KPI from->to",54,34
"Delay (ms)","KPI from->to",56,34
"Delay (ms)","KPI from->to",58,34
"Delay (ms)","KPI from->to",60,34
"Delay (ms)","KPI from->to",62,34
"Delay (ms)","KPI from->to",64,34
"Delay (ms)","KPI from->to",66,34
"Delay (ms)","KPI from->to",68,34
"Delay (ms)","KPI from->to",70,34
"Delay (ms)","KPI from->to",72,34
"Delay (ms)","KPI from->to",74,35
"Delay (ms)","KPI from->to",76,35
"Delay (ms)","KPI from->to",78,35
"Delay (ms)","KPI from->to",80,34
"Delay (ms)","KPI from->to",82,34
"Delay (ms)","KPI from->to",84,34
"Delay (ms)","KPI from->to",86,34
"Delay (ms)","KPI from->to",88,34
"Delay (ms)","KPI from->to",90,34
"Delay (ms)","KPI from->to",92,34
"Delay (ms)","KPI from->to",94,34
"Delay (ms)","KPI from->to",96,34
"Delay (ms)","KPI from->to",98,34
"Delay (ms)","KPI from->to",100,34

Metric,"Pair Name",Timestamp,Value
Loss,"KPI from->to",102,0
Loss,"KPI from->to",104,0
Loss,"KPI from->to",106,0
Loss,"KPI from->to",108,0
Loss,"KPI from->to",110,0
Loss,"KPI from->to",112,0
Loss,"KPI from->to",114,0
Loss,"KPI from->to",116,0
Loss,"KPI from->to",118,0
Loss,"KPI from->to",120,0

Metric,"Pair Name",Timestamp,Value
MOS,"KPI from->to",2,4.36
MOS,"KPI from->to",4,4.36
MOS,"KPI from->to",6,4.36
MOS,"KPI from->to",8,4.36
MOS,"KPI from->to",10,4.36
MOS,"KPI from->to",12,4.36
MOS,"KPI from->to",14,4.36
MOS,"KPI from->to",16,4.36
MOS,"KPI from->to",18,4.36
MOS,"KPI from->to",20,4.36
MOS,"KPI from->to",22,4.36
MOS,"KPI from->to",24,4.36
MOS,"KPI from->to",26,4.36
MOS,"KPI from->to",28,4.36
MOS,"KPI from->to",30,4.36
MOS,"KPI from->to",32,4.36
MOS,"KPI from->to",34,4.36
MOS,"KPI from->to",36,4.36
MOS,"KPI from->to",38,4.36
MOS,"KPI from->to",40,4.36
MOS,"KPI from->to",42,4.36
MOS,"KPI from->to",44,4.36
MOS,"KPI from->to",46,4.36
MOS,"KPI from->to",48,4.36
MOS,"KPI from->to",50,4.36
MOS,"KPI from->to",52,4.36
MOS,"KPI from->to",54,4.36
MOS,"KPI from->to",56,4.36
MOS,"KPI from->to",58,4.36
MOS,"KPI from->to",60,4.36
MOS,"KPI from->to",62,4.36
MOS,"KPI from->to",64,4.36
MOS,"KPI from->to",66,4.36
MOS,"KPI from->to",68,4.36
MOS,"KPI from->to",70,4.36
MOS,"KPI from->to",72,4.36
MOS,"KPI from->to",74,4.36
MOS,"KPI from->to",76,4.36
MOS,"KPI from->to",78,4.36
MOS,"KPI from->to",80,4.36
MOS,"KPI from->to",82,4.36
MOS,"KPI from->to",84,4.36
MOS,"KPI from->to",86,4.36
MOS,"KPI from->to",88,4.36
MOS,"KPI from->to",90,4.36
MOS,"KPI from->to",92,4.36
MOS,"KPI from->to",94,4.36
MOS,"KPI from->to",96,4.36
MOS,"KPI from->to",98,4.36
MOS,"KPI from->to",100,4.36


