"Test Information",Value
"RUN ID",497
"END EXECUTION TIME","2021-05-13 15:30:39"
"SOURCE PROBE NAME",raspberrypi-AAS
"SOURCE PROBE TEST IP ADDRESS",raspberrypi-AAS
"SOURCE PROBE MANAGEMENT IP ADDRESS",raspberrypi-AAS
"SOURCE PROBE GROUP",Administrators
"DESTINATION PROBE NAME",raspberrypi-5G
"DESTINATION PROBE TEST IP ADDRESS",raspberrypi-5G
"DESTINATION PROBE MANAGEMENT IP ADDRESS",raspberrypi-5G
"DESTINATION PROBE GROUP",Administrators
"DESTINATION PROBE LOCATION",
"TEST MODULE",MESH
"TEST TYPE","Network KPI"
"TEST ADDITIONAL INFORMATION"," DSCP Setting: Best Effort"
"TEST DURATION",120
"TEST STATUS",Failed
"FAIL OR ERROR REASON"," Threshold failed on KPI from->to Jitter (ms) 
 Threshold failed on KPI from->to Jitter Max (ms) 
 Threshold failed on KPI from->to Max Delay Variation (ms) 
 Threshold failed on KPI from->to MOS 
"

Metric,"Pair Name",Value,"Threshold Type",Threshold,"Status KPI"
"Datagrams Out of Order","KPI from->to",0.0,0,>=,Passed
"Delay (ms)","KPI from->to",19.07,0,<=,Passed
"Jitter (ms)","KPI from->to",7.73,0,<=,Failed
"Jitter Max (ms)","KPI from->to",20.0,0,<=,Failed
Loss,"KPI from->to",0.0,0,<=,Passed
"Max Delay Variation (ms)","KPI from->to",198.0,0,<=,Failed
"Max loss burst","KPI from->to",0.0,0,<=,Passed
MOS,"KPI from->to",1.74,1,<=,Failed

Metric,"Pair Name",Timestamp,Value
MOS,"KPI from->to",2,1.46
MOS,"KPI from->to",4,1.71
MOS,"KPI from->to",6,1.96
MOS,"KPI from->to",8,1.42
MOS,"KPI from->to",10,2.19
MOS,"KPI from->to",12,1.32
MOS,"KPI from->to",14,2.19
MOS,"KPI from->to",16,1.42
MOS,"KPI from->to",18,2.16
MOS,"KPI from->to",20,1
MOS,"KPI from->to",22,1.87
MOS,"KPI from->to",24,1.87
MOS,"KPI from->to",26,1.89
MOS,"KPI from->to",28,1
MOS,"KPI from->to",30,2.17
MOS,"KPI from->to",32,1.85
MOS,"KPI from->to",34,1
MOS,"KPI from->to",36,1.87
MOS,"KPI from->to",38,2.15
MOS,"KPI from->to",40,2.2
MOS,"KPI from->to",42,2.18
MOS,"KPI from->to",44,1
MOS,"KPI from->to",46,1.9
MOS,"KPI from->to",48,1.87
MOS,"KPI from->to",50,1.86
MOS,"KPI from->to",52,2.42
MOS,"KPI from->to",54,2.19
MOS,"KPI from->to",56,2.17
MOS,"KPI from->to",58,1.43
MOS,"KPI from->to",60,2.42
MOS,"KPI from->to",62,1.87
MOS,"KPI from->to",64,1.42
MOS,"KPI from->to",66,1.38
MOS,"KPI from->to",68,1
MOS,"KPI from->to",70,1.39
MOS,"KPI from->to",72,1.39
MOS,"KPI from->to",74,1
MOS,"KPI from->to",76,2.19
MOS,"KPI from->to",78,1.38
MOS,"KPI from->to",80,1.36
MOS,"KPI from->to",82,1.89
MOS,"KPI from->to",84,1
MOS,"KPI from->to",86,2.18
MOS,"KPI from->to",88,2.16
MOS,"KPI from->to",90,1
MOS,"KPI from->to",92,1.89
MOS,"KPI from->to",94,1.83
MOS,"KPI from->to",96,1.88
MOS,"KPI from->to",98,2.43
MOS,"KPI from->to",100,2.19

Metric,"Pair Name",Timestamp,Value
"Jitter (ms)","KPI from->to",2,12
"Jitter (ms)","KPI from->to",4,14
"Jitter (ms)","KPI from->to",6,10
"Jitter (ms)","KPI from->to",8,13
"Jitter (ms)","KPI from->to",10,3
"Jitter (ms)","KPI from->to",12,4
"Jitter (ms)","KPI from->to",14,3
"Jitter (ms)","KPI from->to",16,9
"Jitter (ms)","KPI from->to",18,5
"Jitter (ms)","KPI from->to",20,7
"Jitter (ms)","KPI from->to",22,5
"Jitter (ms)","KPI from->to",24,4
"Jitter (ms)","KPI from->to",26,7
"Jitter (ms)","KPI from->to",28,8
"Jitter (ms)","KPI from->to",30,7
"Jitter (ms)","KPI from->to",32,5
"Jitter (ms)","KPI from->to",34,6
"Jitter (ms)","KPI from->to",36,8
"Jitter (ms)","KPI from->to",38,2
"Jitter (ms)","KPI from->to",40,5
"Jitter (ms)","KPI from->to",42,4
"Jitter (ms)","KPI from->to",44,12
"Jitter (ms)","KPI from->to",46,6
"Jitter (ms)","KPI from->to",48,10
"Jitter (ms)","KPI from->to",50,2
"Jitter (ms)","KPI from->to",52,12
"Jitter (ms)","KPI from->to",54,13
"Jitter (ms)","KPI from->to",56,9
"Jitter (ms)","KPI from->to",58,3
"Jitter (ms)","KPI from->to",60,5
"Jitter (ms)","KPI from->to",62,15
"Jitter (ms)","KPI from->to",64,4
"Jitter (ms)","KPI from->to",66,20
"Jitter (ms)","KPI from->to",68,7
"Jitter (ms)","KPI from->to",70,9
"Jitter (ms)","KPI from->to",72,13
"Jitter (ms)","KPI from->to",74,10
"Jitter (ms)","KPI from->to",76,5
"Jitter (ms)","KPI from->to",78,9
"Jitter (ms)","KPI from->to",80,3
"Jitter (ms)","KPI from->to",82,3
"Jitter (ms)","KPI from->to",84,9
"Jitter (ms)","KPI from->to",86,4
"Jitter (ms)","KPI from->to",88,14
"Jitter (ms)","KPI from->to",90,15
"Jitter (ms)","KPI from->to",92,5
"Jitter (ms)","KPI from->to",94,13
"Jitter (ms)","KPI from->to",96,9
"Jitter (ms)","KPI from->to",98,3
"Jitter (ms)","KPI from->to",100,8

Metric,"Pair Name",Timestamp,Value
Loss,"KPI from->to",102,0
Loss,"KPI from->to",104,0
Loss,"KPI from->to",106,0
Loss,"KPI from->to",108,0
Loss,"KPI from->to",110,0
Loss,"KPI from->to",112,0
Loss,"KPI from->to",114,0
Loss,"KPI from->to",116,0
Loss,"KPI from->to",118,0
Loss,"KPI from->to",120,0

Metric,"Pair Name",Timestamp,Value
"Max Delay Variation (ms)","KPI from->to",102,117
"Max Delay Variation (ms)","KPI from->to",104,95
"Max Delay Variation (ms)","KPI from->to",106,57
"Max Delay Variation (ms)","KPI from->to",108,95
"Max Delay Variation (ms)","KPI from->to",110,95
"Max Delay Variation (ms)","KPI from->to",112,54
"Max Delay Variation (ms)","KPI from->to",114,56
"Max Delay Variation (ms)","KPI from->to",116,56
"Max Delay Variation (ms)","KPI from->to",118,77
"Max Delay Variation (ms)","KPI from->to",120,55

Metric,"Pair Name",Timestamp,Value
"Delay (ms)","KPI from->to",102,14
"Delay (ms)","KPI from->to",104,26
"Delay (ms)","KPI from->to",106,18
"Delay (ms)","KPI from->to",108,26
"Delay (ms)","KPI from->to",110,29
"Delay (ms)","KPI from->to",112,22
"Delay (ms)","KPI from->to",114,24
"Delay (ms)","KPI from->to",116,24
"Delay (ms)","KPI from->to",118,29
"Delay (ms)","KPI from->to",120,23

Metric,"Pair Name",Timestamp,Value
"Max Delay Variation (ms)","KPI from->to",2,62
"Max Delay Variation (ms)","KPI from->to",4,109
"Max Delay Variation (ms)","KPI from->to",6,61
"Max Delay Variation (ms)","KPI from->to",8,99
"Max Delay Variation (ms)","KPI from->to",10,43
"Max Delay Variation (ms)","KPI from->to",12,95
"Max Delay Variation (ms)","KPI from->to",14,57
"Max Delay Variation (ms)","KPI from->to",16,54
"Max Delay Variation (ms)","KPI from->to",18,90
"Max Delay Variation (ms)","KPI from->to",20,94
"Max Delay Variation (ms)","KPI from->to",22,49
"Max Delay Variation (ms)","KPI from->to",24,89
"Max Delay Variation (ms)","KPI from->to",26,90
"Max Delay Variation (ms)","KPI from->to",28,96
"Max Delay Variation (ms)","KPI from->to",30,137
"Max Delay Variation (ms)","KPI from->to",32,62
"Max Delay Variation (ms)","KPI from->to",34,105
"Max Delay Variation (ms)","KPI from->to",36,78
"Max Delay Variation (ms)","KPI from->to",38,47
"Max Delay Variation (ms)","KPI from->to",40,59
"Max Delay Variation (ms)","KPI from->to",42,136
"Max Delay Variation (ms)","KPI from->to",44,64
"Max Delay Variation (ms)","KPI from->to",46,59
"Max Delay Variation (ms)","KPI from->to",48,94
"Max Delay Variation (ms)","KPI from->to",50,45
"Max Delay Variation (ms)","KPI from->to",52,42
"Max Delay Variation (ms)","KPI from->to",54,57
"Max Delay Variation (ms)","KPI from->to",56,135
"Max Delay Variation (ms)","KPI from->to",58,65
"Max Delay Variation (ms)","KPI from->to",60,67
"Max Delay Variation (ms)","KPI from->to",62,141
"Max Delay Variation (ms)","KPI from->to",64,118
"Max Delay Variation (ms)","KPI from->to",66,145
"Max Delay Variation (ms)","KPI from->to",68,95
"Max Delay Variation (ms)","KPI from->to",70,57
"Max Delay Variation (ms)","KPI from->to",72,134
"Max Delay Variation (ms)","KPI from->to",74,65
"Max Delay Variation (ms)","KPI from->to",76,56
"Max Delay Variation (ms)","KPI from->to",78,128
"Max Delay Variation (ms)","KPI from->to",80,64
"Max Delay Variation (ms)","KPI from->to",82,125
"Max Delay Variation (ms)","KPI from->to",84,102
"Max Delay Variation (ms)","KPI from->to",86,96
"Max Delay Variation (ms)","KPI from->to",88,58
"Max Delay Variation (ms)","KPI from->to",90,198
"Max Delay Variation (ms)","KPI from->to",92,133
"Max Delay Variation (ms)","KPI from->to",94,61
"Max Delay Variation (ms)","KPI from->to",96,46
"Max Delay Variation (ms)","KPI from->to",98,134
"Max Delay Variation (ms)","KPI from->to",100,47

Metric,"Pair Name",Timestamp,Value
"Delay (ms)","KPI from->to",2,12
"Delay (ms)","KPI from->to",4,20
"Delay (ms)","KPI from->to",6,20
"Delay (ms)","KPI from->to",8,23
"Delay (ms)","KPI from->to",10,13
"Delay (ms)","KPI from->to",12,18
"Delay (ms)","KPI from->to",14,15
"Delay (ms)","KPI from->to",16,19
"Delay (ms)","KPI from->to",18,19
"Delay (ms)","KPI from->to",20,24
"Delay (ms)","KPI from->to",22,19
"Delay (ms)","KPI from->to",24,21
"Delay (ms)","KPI from->to",26,23
"Delay (ms)","KPI from->to",28,35
"Delay (ms)","KPI from->to",30,28
"Delay (ms)","KPI from->to",32,22
"Delay (ms)","KPI from->to",34,25
"Delay (ms)","KPI from->to",36,19
"Delay (ms)","KPI from->to",38,18
"Delay (ms)","KPI from->to",40,24
"Delay (ms)","KPI from->to",42,20
"Delay (ms)","KPI from->to",44,19
"Delay (ms)","KPI from->to",46,13
"Delay (ms)","KPI from->to",48,17
"Delay (ms)","KPI from->to",50,13
"Delay (ms)","KPI from->to",52,16
"Delay (ms)","KPI from->to",54,14
"Delay (ms)","KPI from->to",56,18
"Delay (ms)","KPI from->to",58,11
"Delay (ms)","KPI from->to",60,10
"Delay (ms)","KPI from->to",62,16
"Delay (ms)","KPI from->to",64,16
"Delay (ms)","KPI from->to",66,24
"Delay (ms)","KPI from->to",68,19
"Delay (ms)","KPI from->to",70,13
"Delay (ms)","KPI from->to",72,17
"Delay (ms)","KPI from->to",74,15
"Delay (ms)","KPI from->to",76,12
"Delay (ms)","KPI from->to",78,22
"Delay (ms)","KPI from->to",80,14
"Delay (ms)","KPI from->to",82,17
"Delay (ms)","KPI from->to",84,22
"Delay (ms)","KPI from->to",86,14
"Delay (ms)","KPI from->to",88,13
"Delay (ms)","KPI from->to",90,31
"Delay (ms)","KPI from->to",92,17
"Delay (ms)","KPI from->to",94,16
"Delay (ms)","KPI from->to",96,13
"Delay (ms)","KPI from->to",98,17
"Delay (ms)","KPI from->to",100,13

Metric,"Pair Name",Timestamp,Value
"Jitter (ms)","KPI from->to",102,7
"Jitter (ms)","KPI from->to",104,7
"Jitter (ms)","KPI from->to",106,6
"Jitter (ms)","KPI from->to",108,7
"Jitter (ms)","KPI from->to",110,9
"Jitter (ms)","KPI from->to",112,7
"Jitter (ms)","KPI from->to",114,8
"Jitter (ms)","KPI from->to",116,7
"Jitter (ms)","KPI from->to",118,9
"Jitter (ms)","KPI from->to",120,6

Metric,"Pair Name",Timestamp,Value
Loss,"KPI from->to",2,0
Loss,"KPI from->to",4,0
Loss,"KPI from->to",6,0
Loss,"KPI from->to",8,0
Loss,"KPI from->to",10,0
Loss,"KPI from->to",12,0
Loss,"KPI from->to",14,0
Loss,"KPI from->to",16,0
Loss,"KPI from->to",18,0
Loss,"KPI from->to",20,0
Loss,"KPI from->to",22,0
Loss,"KPI from->to",24,0
Loss,"KPI from->to",26,0
Loss,"KPI from->to",28,0
Loss,"KPI from->to",30,0
Loss,"KPI from->to",32,0
Loss,"KPI from->to",34,0
Loss,"KPI from->to",36,0
Loss,"KPI from->to",38,0
Loss,"KPI from->to",40,0
Loss,"KPI from->to",42,0
Loss,"KPI from->to",44,0
Loss,"KPI from->to",46,0
Loss,"KPI from->to",48,0
Loss,"KPI from->to",50,0
Loss,"KPI from->to",52,0
Loss,"KPI from->to",54,0
Loss,"KPI from->to",56,0
Loss,"KPI from->to",58,0
Loss,"KPI from->to",60,0
Loss,"KPI from->to",62,0
Loss,"KPI from->to",64,0
Loss,"KPI from->to",66,0
Loss,"KPI from->to",68,0
Loss,"KPI from->to",70,0
Loss,"KPI from->to",72,0
Loss,"KPI from->to",74,0
Loss,"KPI from->to",76,0
Loss,"KPI from->to",78,0
Loss,"KPI from->to",80,0
Loss,"KPI from->to",82,0
Loss,"KPI from->to",84,0
Loss,"KPI from->to",86,0
Loss,"KPI from->to",88,0
Loss,"KPI from->to",90,0
Loss,"KPI from->to",92,0
Loss,"KPI from->to",94,0
Loss,"KPI from->to",96,0
Loss,"KPI from->to",98,0
Loss,"KPI from->to",100,0

Metric,"Pair Name",Timestamp,Value
MOS,"KPI from->to",102,1.88
MOS,"KPI from->to",104,2.16
MOS,"KPI from->to",106,2.8
MOS,"KPI from->to",108,1.31
MOS,"KPI from->to",110,1
MOS,"KPI from->to",112,1.91
MOS,"KPI from->to",114,1.83
MOS,"KPI from->to",116,1.38
MOS,"KPI from->to",118,1.9
MOS,"KPI from->to",120,1.32


