"Test Information",Value
"RUN ID",497
"END EXECUTION TIME","2021-05-13 15:17:15"
"SOURCE PROBE NAME",raspberrypi-5G
"SOURCE PROBE TEST IP ADDRESS",raspberrypi-5G
"SOURCE PROBE MANAGEMENT IP ADDRESS",raspberrypi-5G
"SOURCE PROBE GROUP",Administrators
"DESTINATION PROBE NAME",raspberrypi-AAS
"DESTINATION PROBE TEST IP ADDRESS",raspberrypi-AAS
"DESTINATION PROBE MANAGEMENT IP ADDRESS",raspberrypi-AAS
"DESTINATION PROBE GROUP",Administrators
"DESTINATION PROBE LOCATION",
"TEST MODULE",MESH
"TEST TYPE","Network KPI"
"TEST ADDITIONAL INFORMATION"," DSCP Setting: Best Effort"
"TEST DURATION",120
"TEST STATUS",Failed
"FAIL OR ERROR REASON"," Threshold failed on KPI from->to Max Delay Variation (ms) 
"

Metric,"Pair Name",Value,"Threshold Type",Threshold,"Status KPI"
"Datagrams Out of Order","KPI from->to",0.0,0,>=,Passed
"Delay (ms)","KPI from->to",21.47,0,<=,Passed
"Jitter (ms)","KPI from->to",0.3,0,<=,Passed
"Jitter Max (ms)","KPI from->to",1.0,0,<=,Passed
Loss,"KPI from->to",0.0,0,<=,Passed
"Max Delay Variation (ms)","KPI from->to",23.0,0,<=,Failed
"Max loss burst","KPI from->to",0.0,0,<=,Passed
MOS,"KPI from->to",4.36,1,<=,Passed

Metric,"Pair Name",Timestamp,Value
"Max Delay Variation (ms)","KPI from->to",102,5
"Max Delay Variation (ms)","KPI from->to",104,8
"Max Delay Variation (ms)","KPI from->to",106,8
"Max Delay Variation (ms)","KPI from->to",108,7
"Max Delay Variation (ms)","KPI from->to",110,7
"Max Delay Variation (ms)","KPI from->to",112,4
"Max Delay Variation (ms)","KPI from->to",114,11
"Max Delay Variation (ms)","KPI from->to",116,7
"Max Delay Variation (ms)","KPI from->to",118,6
"Max Delay Variation (ms)","KPI from->to",120,13

Metric,"Pair Name",Timestamp,Value
"Jitter (ms)","KPI from->to",102,1
"Jitter (ms)","KPI from->to",104,0
"Jitter (ms)","KPI from->to",106,1
"Jitter (ms)","KPI from->to",108,1
"Jitter (ms)","KPI from->to",110,1
"Jitter (ms)","KPI from->to",112,0
"Jitter (ms)","KPI from->to",114,1
"Jitter (ms)","KPI from->to",116,0
"Jitter (ms)","KPI from->to",118,0
"Jitter (ms)","KPI from->to",120,1

Metric,"Pair Name",Timestamp,Value
MOS,"KPI from->to",2,4.36
MOS,"KPI from->to",4,4.36
MOS,"KPI from->to",6,4.36
MOS,"KPI from->to",8,4.36
MOS,"KPI from->to",10,4.36
MOS,"KPI from->to",12,4.36
MOS,"KPI from->to",14,4.36
MOS,"KPI from->to",16,4.36
MOS,"KPI from->to",18,4.36
MOS,"KPI from->to",20,4.36
MOS,"KPI from->to",22,4.36
MOS,"KPI from->to",24,4.36
MOS,"KPI from->to",26,4.36
MOS,"KPI from->to",28,4.36
MOS,"KPI from->to",30,4.36
MOS,"KPI from->to",32,4.36
MOS,"KPI from->to",34,4.36
MOS,"KPI from->to",36,4.36
MOS,"KPI from->to",38,4.36
MOS,"KPI from->to",40,4.36
MOS,"KPI from->to",42,4.36
MOS,"KPI from->to",44,4.36
MOS,"KPI from->to",46,4.36
MOS,"KPI from->to",48,4.36
MOS,"KPI from->to",50,4.36
MOS,"KPI from->to",52,4.36
MOS,"KPI from->to",54,4.36
MOS,"KPI from->to",56,4.36
MOS,"KPI from->to",58,4.36
MOS,"KPI from->to",60,4.36
MOS,"KPI from->to",62,4.36
MOS,"KPI from->to",64,4.36
MOS,"KPI from->to",66,4.36
MOS,"KPI from->to",68,4.36
MOS,"KPI from->to",70,4.36
MOS,"KPI from->to",72,4.36
MOS,"KPI from->to",74,4.36
MOS,"KPI from->to",76,4.36
MOS,"KPI from->to",78,4.36
MOS,"KPI from->to",80,4.36
MOS,"KPI from->to",82,4.36
MOS,"KPI from->to",84,4.36
MOS,"KPI from->to",86,4.36
MOS,"KPI from->to",88,4.36
MOS,"KPI from->to",90,4.36
MOS,"KPI from->to",92,4.36
MOS,"KPI from->to",94,4.36
MOS,"KPI from->to",96,4.36
MOS,"KPI from->to",98,4.36
MOS,"KPI from->to",100,4.36

Metric,"Pair Name",Timestamp,Value
"Max Delay Variation (ms)","KPI from->to",2,4
"Max Delay Variation (ms)","KPI from->to",4,4
"Max Delay Variation (ms)","KPI from->to",6,7
"Max Delay Variation (ms)","KPI from->to",8,4
"Max Delay Variation (ms)","KPI from->to",10,10
"Max Delay Variation (ms)","KPI from->to",12,6
"Max Delay Variation (ms)","KPI from->to",14,5
"Max Delay Variation (ms)","KPI from->to",16,5
"Max Delay Variation (ms)","KPI from->to",18,8
"Max Delay Variation (ms)","KPI from->to",20,8
"Max Delay Variation (ms)","KPI from->to",22,5
"Max Delay Variation (ms)","KPI from->to",24,4
"Max Delay Variation (ms)","KPI from->to",26,8
"Max Delay Variation (ms)","KPI from->to",28,8
"Max Delay Variation (ms)","KPI from->to",30,5
"Max Delay Variation (ms)","KPI from->to",32,9
"Max Delay Variation (ms)","KPI from->to",34,5
"Max Delay Variation (ms)","KPI from->to",36,8
"Max Delay Variation (ms)","KPI from->to",38,5
"Max Delay Variation (ms)","KPI from->to",40,5
"Max Delay Variation (ms)","KPI from->to",42,5
"Max Delay Variation (ms)","KPI from->to",44,5
"Max Delay Variation (ms)","KPI from->to",46,10
"Max Delay Variation (ms)","KPI from->to",48,4
"Max Delay Variation (ms)","KPI from->to",50,7
"Max Delay Variation (ms)","KPI from->to",52,6
"Max Delay Variation (ms)","KPI from->to",54,10
"Max Delay Variation (ms)","KPI from->to",56,5
"Max Delay Variation (ms)","KPI from->to",58,5
"Max Delay Variation (ms)","KPI from->to",60,5
"Max Delay Variation (ms)","KPI from->to",62,4
"Max Delay Variation (ms)","KPI from->to",64,4
"Max Delay Variation (ms)","KPI from->to",66,7
"Max Delay Variation (ms)","KPI from->to",68,4
"Max Delay Variation (ms)","KPI from->to",70,4
"Max Delay Variation (ms)","KPI from->to",72,23
"Max Delay Variation (ms)","KPI from->to",74,8
"Max Delay Variation (ms)","KPI from->to",76,6
"Max Delay Variation (ms)","KPI from->to",78,7
"Max Delay Variation (ms)","KPI from->to",80,4
"Max Delay Variation (ms)","KPI from->to",82,5
"Max Delay Variation (ms)","KPI from->to",84,6
"Max Delay Variation (ms)","KPI from->to",86,8
"Max Delay Variation (ms)","KPI from->to",88,5
"Max Delay Variation (ms)","KPI from->to",90,5
"Max Delay Variation (ms)","KPI from->to",92,7
"Max Delay Variation (ms)","KPI from->to",94,5
"Max Delay Variation (ms)","KPI from->to",96,5
"Max Delay Variation (ms)","KPI from->to",98,5
"Max Delay Variation (ms)","KPI from->to",100,4

Metric,"Pair Name",Timestamp,Value
MOS,"KPI from->to",102,4.36
MOS,"KPI from->to",104,4.36
MOS,"KPI from->to",106,4.36
MOS,"KPI from->to",108,4.36
MOS,"KPI from->to",110,4.36
MOS,"KPI from->to",112,4.36
MOS,"KPI from->to",114,4.36
MOS,"KPI from->to",116,4.36
MOS,"KPI from->to",118,4.36
MOS,"KPI from->to",120,4.36

Metric,"Pair Name",Timestamp,Value
"Delay (ms)","KPI from->to",2,29
"Delay (ms)","KPI from->to",4,28
"Delay (ms)","KPI from->to",6,29
"Delay (ms)","KPI from->to",8,29
"Delay (ms)","KPI from->to",10,28
"Delay (ms)","KPI from->to",12,28
"Delay (ms)","KPI from->to",14,28
"Delay (ms)","KPI from->to",16,28
"Delay (ms)","KPI from->to",18,29
"Delay (ms)","KPI from->to",20,28
"Delay (ms)","KPI from->to",22,28
"Delay (ms)","KPI from->to",24,28
"Delay (ms)","KPI from->to",26,28
"Delay (ms)","KPI from->to",28,28
"Delay (ms)","KPI from->to",30,29
"Delay (ms)","KPI from->to",32,23
"Delay (ms)","KPI from->to",34,18
"Delay (ms)","KPI from->to",36,18
"Delay (ms)","KPI from->to",38,18
"Delay (ms)","KPI from->to",40,19
"Delay (ms)","KPI from->to",42,18
"Delay (ms)","KPI from->to",44,18
"Delay (ms)","KPI from->to",46,19
"Delay (ms)","KPI from->to",48,18
"Delay (ms)","KPI from->to",50,18
"Delay (ms)","KPI from->to",52,18
"Delay (ms)","KPI from->to",54,19
"Delay (ms)","KPI from->to",56,19
"Delay (ms)","KPI from->to",58,18
"Delay (ms)","KPI from->to",60,18
"Delay (ms)","KPI from->to",62,18
"Delay (ms)","KPI from->to",64,19
"Delay (ms)","KPI from->to",66,19
"Delay (ms)","KPI from->to",68,18
"Delay (ms)","KPI from->to",70,19
"Delay (ms)","KPI from->to",72,19
"Delay (ms)","KPI from->to",74,19
"Delay (ms)","KPI from->to",76,19
"Delay (ms)","KPI from->to",78,19
"Delay (ms)","KPI from->to",80,19
"Delay (ms)","KPI from->to",82,19
"Delay (ms)","KPI from->to",84,19
"Delay (ms)","KPI from->to",86,19
"Delay (ms)","KPI from->to",88,19
"Delay (ms)","KPI from->to",90,19
"Delay (ms)","KPI from->to",92,19
"Delay (ms)","KPI from->to",94,19
"Delay (ms)","KPI from->to",96,19
"Delay (ms)","KPI from->to",98,19
"Delay (ms)","KPI from->to",100,20

Metric,"Pair Name",Timestamp,Value
"Delay (ms)","KPI from->to",102,20
"Delay (ms)","KPI from->to",104,20
"Delay (ms)","KPI from->to",106,20
"Delay (ms)","KPI from->to",108,21
"Delay (ms)","KPI from->to",110,21
"Delay (ms)","KPI from->to",112,20
"Delay (ms)","KPI from->to",114,21
"Delay (ms)","KPI from->to",116,21
"Delay (ms)","KPI from->to",118,20
"Delay (ms)","KPI from->to",120,21

Metric,"Pair Name",Timestamp,Value
"Jitter (ms)","KPI from->to",2,0
"Jitter (ms)","KPI from->to",4,0
"Jitter (ms)","KPI from->to",6,0
"Jitter (ms)","KPI from->to",8,0
"Jitter (ms)","KPI from->to",10,1
"Jitter (ms)","KPI from->to",12,0
"Jitter (ms)","KPI from->to",14,0
"Jitter (ms)","KPI from->to",16,0
"Jitter (ms)","KPI from->to",18,1
"Jitter (ms)","KPI from->to",20,0
"Jitter (ms)","KPI from->to",22,0
"Jitter (ms)","KPI from->to",24,0
"Jitter (ms)","KPI from->to",26,0
"Jitter (ms)","KPI from->to",28,0
"Jitter (ms)","KPI from->to",30,1
"Jitter (ms)","KPI from->to",32,0
"Jitter (ms)","KPI from->to",34,0
"Jitter (ms)","KPI from->to",36,1
"Jitter (ms)","KPI from->to",38,0
"Jitter (ms)","KPI from->to",40,0
"Jitter (ms)","KPI from->to",42,0
"Jitter (ms)","KPI from->to",44,0
"Jitter (ms)","KPI from->to",46,0
"Jitter (ms)","KPI from->to",48,0
"Jitter (ms)","KPI from->to",50,0
"Jitter (ms)","KPI from->to",52,0
"Jitter (ms)","KPI from->to",54,1
"Jitter (ms)","KPI from->to",56,0
"Jitter (ms)","KPI from->to",58,0
"Jitter (ms)","KPI from->to",60,1
"Jitter (ms)","KPI from->to",62,0
"Jitter (ms)","KPI from->to",64,0
"Jitter (ms)","KPI from->to",66,1
"Jitter (ms)","KPI from->to",68,0
"Jitter (ms)","KPI from->to",70,0
"Jitter (ms)","KPI from->to",72,1
"Jitter (ms)","KPI from->to",74,0
"Jitter (ms)","KPI from->to",76,0
"Jitter (ms)","KPI from->to",78,1
"Jitter (ms)","KPI from->to",80,0
"Jitter (ms)","KPI from->to",82,0
"Jitter (ms)","KPI from->to",84,0
"Jitter (ms)","KPI from->to",86,0
"Jitter (ms)","KPI from->to",88,1
"Jitter (ms)","KPI from->to",90,1
"Jitter (ms)","KPI from->to",92,0
"Jitter (ms)","KPI from->to",94,0
"Jitter (ms)","KPI from->to",96,0
"Jitter (ms)","KPI from->to",98,0
"Jitter (ms)","KPI from->to",100,1

Metric,"Pair Name",Timestamp,Value
Loss,"KPI from->to",2,0
Loss,"KPI from->to",4,0
Loss,"KPI from->to",6,0
Loss,"KPI from->to",8,0
Loss,"KPI from->to",10,0
Loss,"KPI from->to",12,0
Loss,"KPI from->to",14,0
Loss,"KPI from->to",16,0
Loss,"KPI from->to",18,0
Loss,"KPI from->to",20,0
Loss,"KPI from->to",22,0
Loss,"KPI from->to",24,0
Loss,"KPI from->to",26,0
Loss,"KPI from->to",28,0
Loss,"KPI from->to",30,0
Loss,"KPI from->to",32,0
Loss,"KPI from->to",34,0
Loss,"KPI from->to",36,0
Loss,"KPI from->to",38,0
Loss,"KPI from->to",40,0
Loss,"KPI from->to",42,0
Loss,"KPI from->to",44,0
Loss,"KPI from->to",46,0
Loss,"KPI from->to",48,0
Loss,"KPI from->to",50,0
Loss,"KPI from->to",52,0
Loss,"KPI from->to",54,0
Loss,"KPI from->to",56,0
Loss,"KPI from->to",58,0
Loss,"KPI from->to",60,0
Loss,"KPI from->to",62,0
Loss,"KPI from->to",64,0
Loss,"KPI from->to",66,0
Loss,"KPI from->to",68,0
Loss,"KPI from->to",70,0
Loss,"KPI from->to",72,0
Loss,"KPI from->to",74,0
Loss,"KPI from->to",76,0
Loss,"KPI from->to",78,0
Loss,"KPI from->to",80,0
Loss,"KPI from->to",82,0
Loss,"KPI from->to",84,0
Loss,"KPI from->to",86,0
Loss,"KPI from->to",88,0
Loss,"KPI from->to",90,0
Loss,"KPI from->to",92,0
Loss,"KPI from->to",94,0
Loss,"KPI from->to",96,0
Loss,"KPI from->to",98,0
Loss,"KPI from->to",100,0

Metric,"Pair Name",Timestamp,Value
Loss,"KPI from->to",102,0
Loss,"KPI from->to",104,0
Loss,"KPI from->to",106,0
Loss,"KPI from->to",108,0
Loss,"KPI from->to",110,0
Loss,"KPI from->to",112,0
Loss,"KPI from->to",114,0
Loss,"KPI from->to",116,0
Loss,"KPI from->to",118,0
Loss,"KPI from->to",120,0


