"Test Information",Value
"RUN ID",497
"END EXECUTION TIME","2021-05-13 15:32:54"
"SOURCE PROBE NAME",raspberrypi-5G
"SOURCE PROBE TEST IP ADDRESS",raspberrypi-5G
"SOURCE PROBE MANAGEMENT IP ADDRESS",raspberrypi-5G
"SOURCE PROBE GROUP",Administrators
"DESTINATION PROBE NAME",raspberrypi-AAS
"DESTINATION PROBE TEST IP ADDRESS",raspberrypi-AAS
"DESTINATION PROBE MANAGEMENT IP ADDRESS",raspberrypi-AAS
"DESTINATION PROBE GROUP",Administrators
"DESTINATION PROBE LOCATION",
"TEST MODULE",MESH
"TEST TYPE","Network KPI"
"TEST ADDITIONAL INFORMATION"," DSCP Setting: Best Effort"
"TEST DURATION",120
"TEST STATUS",Passed
"FAIL OR ERROR REASON",

Metric,"Pair Name",Value,"Threshold Type",Threshold,"Status KPI"
"Datagrams Out of Order","KPI from->to",0.0,0,>=,Passed
"Delay (ms)","KPI from->to",37.8,0,<=,Passed
"Jitter (ms)","KPI from->to",0.52,0,<=,Passed
"Jitter Max (ms)","KPI from->to",1.0,0,<=,Passed
Loss,"KPI from->to",0.0,0,<=,Passed
"Max Delay Variation (ms)","KPI from->to",18.0,0,<=,Passed
"Max loss burst","KPI from->to",0.0,0,<=,Passed
MOS,"KPI from->to",4.35,1,<=,Passed

Metric,"Pair Name",Timestamp,Value
MOS,"KPI from->to",102,4.35
MOS,"KPI from->to",104,4.34
MOS,"KPI from->to",106,4.35
MOS,"KPI from->to",108,4.34
MOS,"KPI from->to",110,4.35
MOS,"KPI from->to",112,4.35
MOS,"KPI from->to",114,4.35
MOS,"KPI from->to",116,4.35
MOS,"KPI from->to",118,4.34
MOS,"KPI from->to",120,4.34

Metric,"Pair Name",Timestamp,Value
"Delay (ms)","KPI from->to",102,59
"Delay (ms)","KPI from->to",104,60
"Delay (ms)","KPI from->to",106,59
"Delay (ms)","KPI from->to",108,60
"Delay (ms)","KPI from->to",110,59
"Delay (ms)","KPI from->to",112,59
"Delay (ms)","KPI from->to",114,59
"Delay (ms)","KPI from->to",116,59
"Delay (ms)","KPI from->to",118,60
"Delay (ms)","KPI from->to",120,60

Metric,"Pair Name",Timestamp,Value
"Jitter (ms)","KPI from->to",2,1
"Jitter (ms)","KPI from->to",4,0
"Jitter (ms)","KPI from->to",6,1
"Jitter (ms)","KPI from->to",8,0
"Jitter (ms)","KPI from->to",10,0
"Jitter (ms)","KPI from->to",12,1
"Jitter (ms)","KPI from->to",14,0
"Jitter (ms)","KPI from->to",16,1
"Jitter (ms)","KPI from->to",18,0
"Jitter (ms)","KPI from->to",20,1
"Jitter (ms)","KPI from->to",22,1
"Jitter (ms)","KPI from->to",24,1
"Jitter (ms)","KPI from->to",26,0
"Jitter (ms)","KPI from->to",28,1
"Jitter (ms)","KPI from->to",30,1
"Jitter (ms)","KPI from->to",32,0
"Jitter (ms)","KPI from->to",34,0
"Jitter (ms)","KPI from->to",36,1
"Jitter (ms)","KPI from->to",38,1
"Jitter (ms)","KPI from->to",40,0
"Jitter (ms)","KPI from->to",42,0
"Jitter (ms)","KPI from->to",44,1
"Jitter (ms)","KPI from->to",46,0
"Jitter (ms)","KPI from->to",48,1
"Jitter (ms)","KPI from->to",50,0
"Jitter (ms)","KPI from->to",52,0
"Jitter (ms)","KPI from->to",54,1
"Jitter (ms)","KPI from->to",56,0
"Jitter (ms)","KPI from->to",58,0
"Jitter (ms)","KPI from->to",60,1
"Jitter (ms)","KPI from->to",62,1
"Jitter (ms)","KPI from->to",64,0
"Jitter (ms)","KPI from->to",66,1
"Jitter (ms)","KPI from->to",68,0
"Jitter (ms)","KPI from->to",70,0
"Jitter (ms)","KPI from->to",72,1
"Jitter (ms)","KPI from->to",74,1
"Jitter (ms)","KPI from->to",76,0
"Jitter (ms)","KPI from->to",78,1
"Jitter (ms)","KPI from->to",80,0
"Jitter (ms)","KPI from->to",82,1
"Jitter (ms)","KPI from->to",84,1
"Jitter (ms)","KPI from->to",86,1
"Jitter (ms)","KPI from->to",88,0
"Jitter (ms)","KPI from->to",90,0
"Jitter (ms)","KPI from->to",92,0
"Jitter (ms)","KPI from->to",94,0
"Jitter (ms)","KPI from->to",96,1
"Jitter (ms)","KPI from->to",98,0
"Jitter (ms)","KPI from->to",100,1

Metric,"Pair Name",Timestamp,Value
"Jitter (ms)","KPI from->to",102,0
"Jitter (ms)","KPI from->to",104,0
"Jitter (ms)","KPI from->to",106,0
"Jitter (ms)","KPI from->to",108,1
"Jitter (ms)","KPI from->to",110,1
"Jitter (ms)","KPI from->to",112,0
"Jitter (ms)","KPI from->to",114,1
"Jitter (ms)","KPI from->to",116,1
"Jitter (ms)","KPI from->to",118,1
"Jitter (ms)","KPI from->to",120,1

Metric,"Pair Name",Timestamp,Value
"Max Delay Variation (ms)","KPI from->to",102,4
"Max Delay Variation (ms)","KPI from->to",104,4
"Max Delay Variation (ms)","KPI from->to",106,4
"Max Delay Variation (ms)","KPI from->to",108,13
"Max Delay Variation (ms)","KPI from->to",110,8
"Max Delay Variation (ms)","KPI from->to",112,5
"Max Delay Variation (ms)","KPI from->to",114,7
"Max Delay Variation (ms)","KPI from->to",116,11
"Max Delay Variation (ms)","KPI from->to",118,11
"Max Delay Variation (ms)","KPI from->to",120,7

Metric,"Pair Name",Timestamp,Value
"Max Delay Variation (ms)","KPI from->to",2,5
"Max Delay Variation (ms)","KPI from->to",4,5
"Max Delay Variation (ms)","KPI from->to",6,6
"Max Delay Variation (ms)","KPI from->to",8,5
"Max Delay Variation (ms)","KPI from->to",10,4
"Max Delay Variation (ms)","KPI from->to",12,6
"Max Delay Variation (ms)","KPI from->to",14,5
"Max Delay Variation (ms)","KPI from->to",16,4
"Max Delay Variation (ms)","KPI from->to",18,5
"Max Delay Variation (ms)","KPI from->to",20,8
"Max Delay Variation (ms)","KPI from->to",22,5
"Max Delay Variation (ms)","KPI from->to",24,5
"Max Delay Variation (ms)","KPI from->to",26,6
"Max Delay Variation (ms)","KPI from->to",28,4
"Max Delay Variation (ms)","KPI from->to",30,7
"Max Delay Variation (ms)","KPI from->to",32,18
"Max Delay Variation (ms)","KPI from->to",34,4
"Max Delay Variation (ms)","KPI from->to",36,10
"Max Delay Variation (ms)","KPI from->to",38,5
"Max Delay Variation (ms)","KPI from->to",40,6
"Max Delay Variation (ms)","KPI from->to",42,5
"Max Delay Variation (ms)","KPI from->to",44,10
"Max Delay Variation (ms)","KPI from->to",46,6
"Max Delay Variation (ms)","KPI from->to",48,12
"Max Delay Variation (ms)","KPI from->to",50,5
"Max Delay Variation (ms)","KPI from->to",52,5
"Max Delay Variation (ms)","KPI from->to",54,10
"Max Delay Variation (ms)","KPI from->to",56,10
"Max Delay Variation (ms)","KPI from->to",58,4
"Max Delay Variation (ms)","KPI from->to",60,6
"Max Delay Variation (ms)","KPI from->to",62,8
"Max Delay Variation (ms)","KPI from->to",64,5
"Max Delay Variation (ms)","KPI from->to",66,6
"Max Delay Variation (ms)","KPI from->to",68,8
"Max Delay Variation (ms)","KPI from->to",70,4
"Max Delay Variation (ms)","KPI from->to",72,5
"Max Delay Variation (ms)","KPI from->to",74,5
"Max Delay Variation (ms)","KPI from->to",76,5
"Max Delay Variation (ms)","KPI from->to",78,5
"Max Delay Variation (ms)","KPI from->to",80,4
"Max Delay Variation (ms)","KPI from->to",82,9
"Max Delay Variation (ms)","KPI from->to",84,8
"Max Delay Variation (ms)","KPI from->to",86,8
"Max Delay Variation (ms)","KPI from->to",88,6
"Max Delay Variation (ms)","KPI from->to",90,6
"Max Delay Variation (ms)","KPI from->to",92,8
"Max Delay Variation (ms)","KPI from->to",94,5
"Max Delay Variation (ms)","KPI from->to",96,5
"Max Delay Variation (ms)","KPI from->to",98,4
"Max Delay Variation (ms)","KPI from->to",100,8

Metric,"Pair Name",Timestamp,Value
MOS,"KPI from->to",2,4.36
MOS,"KPI from->to",4,4.36
MOS,"KPI from->to",6,4.36
MOS,"KPI from->to",8,4.36
MOS,"KPI from->to",10,4.36
MOS,"KPI from->to",12,4.36
MOS,"KPI from->to",14,4.36
MOS,"KPI from->to",16,4.36
MOS,"KPI from->to",18,4.36
MOS,"KPI from->to",20,4.36
MOS,"KPI from->to",22,4.36
MOS,"KPI from->to",24,4.36
MOS,"KPI from->to",26,4.36
MOS,"KPI from->to",28,4.36
MOS,"KPI from->to",30,4.36
MOS,"KPI from->to",32,4.36
MOS,"KPI from->to",34,4.36
MOS,"KPI from->to",36,4.36
MOS,"KPI from->to",38,4.36
MOS,"KPI from->to",40,4.36
MOS,"KPI from->to",42,4.36
MOS,"KPI from->to",44,4.36
MOS,"KPI from->to",46,4.36
MOS,"KPI from->to",48,4.36
MOS,"KPI from->to",50,4.36
MOS,"KPI from->to",52,4.36
MOS,"KPI from->to",54,4.36
MOS,"KPI from->to",56,4.36
MOS,"KPI from->to",58,4.36
MOS,"KPI from->to",60,4.36
MOS,"KPI from->to",62,4.35
MOS,"KPI from->to",64,4.35
MOS,"KPI from->to",66,4.35
MOS,"KPI from->to",68,4.35
MOS,"KPI from->to",70,4.35
MOS,"KPI from->to",72,4.35
MOS,"KPI from->to",74,4.35
MOS,"KPI from->to",76,4.35
MOS,"KPI from->to",78,4.35
MOS,"KPI from->to",80,4.35
MOS,"KPI from->to",82,4.35
MOS,"KPI from->to",84,4.35
MOS,"KPI from->to",86,4.35
MOS,"KPI from->to",88,4.35
MOS,"KPI from->to",90,4.35
MOS,"KPI from->to",92,4.35
MOS,"KPI from->to",94,4.35
MOS,"KPI from->to",96,4.35
MOS,"KPI from->to",98,4.35
MOS,"KPI from->to",100,4.35

Metric,"Pair Name",Timestamp,Value
"Delay (ms)","KPI from->to",2,18
"Delay (ms)","KPI from->to",4,18
"Delay (ms)","KPI from->to",6,18
"Delay (ms)","KPI from->to",8,19
"Delay (ms)","KPI from->to",10,19
"Delay (ms)","KPI from->to",12,21
"Delay (ms)","KPI from->to",14,21
"Delay (ms)","KPI from->to",16,21
"Delay (ms)","KPI from->to",18,21
"Delay (ms)","KPI from->to",20,21
"Delay (ms)","KPI from->to",22,21
"Delay (ms)","KPI from->to",24,21
"Delay (ms)","KPI from->to",26,21
"Delay (ms)","KPI from->to",28,20
"Delay (ms)","KPI from->to",30,19
"Delay (ms)","KPI from->to",32,19
"Delay (ms)","KPI from->to",34,19
"Delay (ms)","KPI from->to",36,19
"Delay (ms)","KPI from->to",38,19
"Delay (ms)","KPI from->to",40,19
"Delay (ms)","KPI from->to",42,19
"Delay (ms)","KPI from->to",44,19
"Delay (ms)","KPI from->to",46,19
"Delay (ms)","KPI from->to",48,19
"Delay (ms)","KPI from->to",50,20
"Delay (ms)","KPI from->to",52,20
"Delay (ms)","KPI from->to",54,20
"Delay (ms)","KPI from->to",56,20
"Delay (ms)","KPI from->to",58,20
"Delay (ms)","KPI from->to",60,26
"Delay (ms)","KPI from->to",62,50
"Delay (ms)","KPI from->to",64,53
"Delay (ms)","KPI from->to",66,52
"Delay (ms)","KPI from->to",68,52
"Delay (ms)","KPI from->to",70,52
"Delay (ms)","KPI from->to",72,52
"Delay (ms)","KPI from->to",74,52
"Delay (ms)","KPI from->to",76,52
"Delay (ms)","KPI from->to",78,52
"Delay (ms)","KPI from->to",80,52
"Delay (ms)","KPI from->to",82,53
"Delay (ms)","KPI from->to",84,52
"Delay (ms)","KPI from->to",86,53
"Delay (ms)","KPI from->to",88,52
"Delay (ms)","KPI from->to",90,55
"Delay (ms)","KPI from->to",92,59
"Delay (ms)","KPI from->to",94,59
"Delay (ms)","KPI from->to",96,58
"Delay (ms)","KPI from->to",98,59
"Delay (ms)","KPI from->to",100,59

Metric,"Pair Name",Timestamp,Value
Loss,"KPI from->to",2,0
Loss,"KPI from->to",4,0
Loss,"KPI from->to",6,0
Loss,"KPI from->to",8,0
Loss,"KPI from->to",10,0
Loss,"KPI from->to",12,0
Loss,"KPI from->to",14,0
Loss,"KPI from->to",16,0
Loss,"KPI from->to",18,0
Loss,"KPI from->to",20,0
Loss,"KPI from->to",22,0
Loss,"KPI from->to",24,0
Loss,"KPI from->to",26,0
Loss,"KPI from->to",28,0
Loss,"KPI from->to",30,0
Loss,"KPI from->to",32,0
Loss,"KPI from->to",34,0
Loss,"KPI from->to",36,0
Loss,"KPI from->to",38,0
Loss,"KPI from->to",40,0
Loss,"KPI from->to",42,0
Loss,"KPI from->to",44,0
Loss,"KPI from->to",46,0
Loss,"KPI from->to",48,0
Loss,"KPI from->to",50,0
Loss,"KPI from->to",52,0
Loss,"KPI from->to",54,0
Loss,"KPI from->to",56,0
Loss,"KPI from->to",58,0
Loss,"KPI from->to",60,0
Loss,"KPI from->to",62,0
Loss,"KPI from->to",64,0
Loss,"KPI from->to",66,0
Loss,"KPI from->to",68,0
Loss,"KPI from->to",70,0
Loss,"KPI from->to",72,0
Loss,"KPI from->to",74,0
Loss,"KPI from->to",76,0
Loss,"KPI from->to",78,0
Loss,"KPI from->to",80,0
Loss,"KPI from->to",82,0
Loss,"KPI from->to",84,0
Loss,"KPI from->to",86,0
Loss,"KPI from->to",88,0
Loss,"KPI from->to",90,0
Loss,"KPI from->to",92,0
Loss,"KPI from->to",94,0
Loss,"KPI from->to",96,0
Loss,"KPI from->to",98,0
Loss,"KPI from->to",100,0

Metric,"Pair Name",Timestamp,Value
Loss,"KPI from->to",102,0
Loss,"KPI from->to",104,0
Loss,"KPI from->to",106,0
Loss,"KPI from->to",108,0
Loss,"KPI from->to",110,0
Loss,"KPI from->to",112,0
Loss,"KPI from->to",114,0
Loss,"KPI from->to",116,0
Loss,"KPI from->to",118,0
Loss,"KPI from->to",120,0


