"Test Information",Value
"RUN ID",497
"END EXECUTION TIME","2021-05-13 15:32:53"
"SOURCE PROBE NAME",raspberrypi-AAS
"SOURCE PROBE TEST IP ADDRESS",raspberrypi-AAS
"SOURCE PROBE MANAGEMENT IP ADDRESS",raspberrypi-AAS
"SOURCE PROBE GROUP",Administrators
"DESTINATION PROBE NAME",raspberrypi-5G
"DESTINATION PROBE TEST IP ADDRESS",raspberrypi-5G
"DESTINATION PROBE MANAGEMENT IP ADDRESS",raspberrypi-5G
"DESTINATION PROBE GROUP",Administrators
"DESTINATION PROBE LOCATION",
"TEST MODULE",MESH
"TEST TYPE","Network KPI"
"TEST ADDITIONAL INFORMATION"," DSCP Setting: Best Effort"
"TEST DURATION",120
"TEST STATUS",Failed
"FAIL OR ERROR REASON"," Threshold failed on KPI from->to Jitter (ms) 
 Threshold failed on KPI from->to Jitter Max (ms) 
 Threshold failed on KPI from->to Max Delay Variation (ms) 
 Threshold failed on KPI from->to MOS 
"

Metric,"Pair Name",Value,"Threshold Type",Threshold,"Status KPI"
"Datagrams Out of Order","KPI from->to",0.0,0,>=,Passed
"Delay (ms)","KPI from->to",18.9,0,<=,Passed
"Jitter (ms)","KPI from->to",6.67,0,<=,Failed
"Jitter Max (ms)","KPI from->to",17.0,0,<=,Failed
Loss,"KPI from->to",0.0,0,<=,Passed
"Max Delay Variation (ms)","KPI from->to",164.0,0,<=,Failed
"Max loss burst","KPI from->to",0.0,0,<=,Passed
MOS,"KPI from->to",1.65,1,<=,Failed

Metric,"Pair Name",Timestamp,Value
MOS,"KPI from->to",2,1.38
MOS,"KPI from->to",4,2.17
MOS,"KPI from->to",6,1
MOS,"KPI from->to",8,1.84
MOS,"KPI from->to",10,1.86
MOS,"KPI from->to",12,2.43
MOS,"KPI from->to",14,2.39
MOS,"KPI from->to",16,1.9
MOS,"KPI from->to",18,1.82
MOS,"KPI from->to",20,1
MOS,"KPI from->to",22,1.38
MOS,"KPI from->to",24,1
MOS,"KPI from->to",26,2.2
MOS,"KPI from->to",28,1.38
MOS,"KPI from->to",30,1
MOS,"KPI from->to",32,2.4
MOS,"KPI from->to",34,1.87
MOS,"KPI from->to",36,1
MOS,"KPI from->to",38,2.16
MOS,"KPI from->to",40,1
MOS,"KPI from->to",42,2.15
MOS,"KPI from->to",44,1.38
MOS,"KPI from->to",46,2.19
MOS,"KPI from->to",48,1.35
MOS,"KPI from->to",50,1
MOS,"KPI from->to",52,1
MOS,"KPI from->to",54,1.35
MOS,"KPI from->to",56,1.42
MOS,"KPI from->to",58,1
MOS,"KPI from->to",60,1.41
MOS,"KPI from->to",62,1
MOS,"KPI from->to",64,1
MOS,"KPI from->to",66,1
MOS,"KPI from->to",68,1.29
MOS,"KPI from->to",70,1.46
MOS,"KPI from->to",72,2.19
MOS,"KPI from->to",74,1
MOS,"KPI from->to",76,2.42
MOS,"KPI from->to",78,1.9
MOS,"KPI from->to",80,2.81
MOS,"KPI from->to",82,1
MOS,"KPI from->to",84,2.19
MOS,"KPI from->to",86,1.92
MOS,"KPI from->to",88,1
MOS,"KPI from->to",90,1.91
MOS,"KPI from->to",92,1.87
MOS,"KPI from->to",94,2.19
MOS,"KPI from->to",96,2.8
MOS,"KPI from->to",98,1.43
MOS,"KPI from->to",100,2.44

Metric,"Pair Name",Timestamp,Value
"Max Delay Variation (ms)","KPI from->to",2,112
"Max Delay Variation (ms)","KPI from->to",4,76
"Max Delay Variation (ms)","KPI from->to",6,134
"Max Delay Variation (ms)","KPI from->to",8,89
"Max Delay Variation (ms)","KPI from->to",10,105
"Max Delay Variation (ms)","KPI from->to",12,42
"Max Delay Variation (ms)","KPI from->to",14,61
"Max Delay Variation (ms)","KPI from->to",16,88
"Max Delay Variation (ms)","KPI from->to",18,95
"Max Delay Variation (ms)","KPI from->to",20,138
"Max Delay Variation (ms)","KPI from->to",22,62
"Max Delay Variation (ms)","KPI from->to",24,97
"Max Delay Variation (ms)","KPI from->to",26,42
"Max Delay Variation (ms)","KPI from->to",28,48
"Max Delay Variation (ms)","KPI from->to",30,63
"Max Delay Variation (ms)","KPI from->to",32,125
"Max Delay Variation (ms)","KPI from->to",34,70
"Max Delay Variation (ms)","KPI from->to",36,99
"Max Delay Variation (ms)","KPI from->to",38,78
"Max Delay Variation (ms)","KPI from->to",40,92
"Max Delay Variation (ms)","KPI from->to",42,97
"Max Delay Variation (ms)","KPI from->to",44,57
"Max Delay Variation (ms)","KPI from->to",46,133
"Max Delay Variation (ms)","KPI from->to",48,95
"Max Delay Variation (ms)","KPI from->to",50,119
"Max Delay Variation (ms)","KPI from->to",52,95
"Max Delay Variation (ms)","KPI from->to",54,139
"Max Delay Variation (ms)","KPI from->to",56,97
"Max Delay Variation (ms)","KPI from->to",58,117
"Max Delay Variation (ms)","KPI from->to",60,55
"Max Delay Variation (ms)","KPI from->to",62,63
"Max Delay Variation (ms)","KPI from->to",64,160
"Max Delay Variation (ms)","KPI from->to",66,98
"Max Delay Variation (ms)","KPI from->to",68,62
"Max Delay Variation (ms)","KPI from->to",70,99
"Max Delay Variation (ms)","KPI from->to",72,56
"Max Delay Variation (ms)","KPI from->to",74,100
"Max Delay Variation (ms)","KPI from->to",76,107
"Max Delay Variation (ms)","KPI from->to",78,97
"Max Delay Variation (ms)","KPI from->to",80,49
"Max Delay Variation (ms)","KPI from->to",82,164
"Max Delay Variation (ms)","KPI from->to",84,56
"Max Delay Variation (ms)","KPI from->to",86,91
"Max Delay Variation (ms)","KPI from->to",88,73
"Max Delay Variation (ms)","KPI from->to",90,98
"Max Delay Variation (ms)","KPI from->to",92,98
"Max Delay Variation (ms)","KPI from->to",94,52
"Max Delay Variation (ms)","KPI from->to",96,43
"Max Delay Variation (ms)","KPI from->to",98,59
"Max Delay Variation (ms)","KPI from->to",100,80

Metric,"Pair Name",Timestamp,Value
MOS,"KPI from->to",102,2.44
MOS,"KPI from->to",104,1
MOS,"KPI from->to",106,1.86
MOS,"KPI from->to",108,1.49
MOS,"KPI from->to",110,1.86
MOS,"KPI from->to",112,2.43
MOS,"KPI from->to",114,1.39
MOS,"KPI from->to",116,2.18
MOS,"KPI from->to",118,1
MOS,"KPI from->to",120,1.39

Metric,"Pair Name",Timestamp,Value
"Delay (ms)","KPI from->to",102,2
"Delay (ms)","KPI from->to",104,13
"Delay (ms)","KPI from->to",106,10
"Delay (ms)","KPI from->to",108,11
"Delay (ms)","KPI from->to",110,10
"Delay (ms)","KPI from->to",112,8
"Delay (ms)","KPI from->to",114,9
"Delay (ms)","KPI from->to",116,15
"Delay (ms)","KPI from->to",118,18
"Delay (ms)","KPI from->to",120,13

Metric,"Pair Name",Timestamp,Value
Loss,"KPI from->to",2,0
Loss,"KPI from->to",4,0
Loss,"KPI from->to",6,0
Loss,"KPI from->to",8,0
Loss,"KPI from->to",10,0
Loss,"KPI from->to",12,0
Loss,"KPI from->to",14,0
Loss,"KPI from->to",16,0
Loss,"KPI from->to",18,0
Loss,"KPI from->to",20,0
Loss,"KPI from->to",22,0
Loss,"KPI from->to",24,0
Loss,"KPI from->to",26,0
Loss,"KPI from->to",28,0
Loss,"KPI from->to",30,0
Loss,"KPI from->to",32,0
Loss,"KPI from->to",34,0
Loss,"KPI from->to",36,0
Loss,"KPI from->to",38,0
Loss,"KPI from->to",40,0
Loss,"KPI from->to",42,0
Loss,"KPI from->to",44,0
Loss,"KPI from->to",46,0
Loss,"KPI from->to",48,0
Loss,"KPI from->to",50,0
Loss,"KPI from->to",52,0
Loss,"KPI from->to",54,0
Loss,"KPI from->to",56,0
Loss,"KPI from->to",58,0
Loss,"KPI from->to",60,0
Loss,"KPI from->to",62,0
Loss,"KPI from->to",64,0
Loss,"KPI from->to",66,0
Loss,"KPI from->to",68,0
Loss,"KPI from->to",70,0
Loss,"KPI from->to",72,0
Loss,"KPI from->to",74,0
Loss,"KPI from->to",76,0
Loss,"KPI from->to",78,0
Loss,"KPI from->to",80,0
Loss,"KPI from->to",82,0
Loss,"KPI from->to",84,0
Loss,"KPI from->to",86,0
Loss,"KPI from->to",88,0
Loss,"KPI from->to",90,0
Loss,"KPI from->to",92,0
Loss,"KPI from->to",94,0
Loss,"KPI from->to",96,0
Loss,"KPI from->to",98,0
Loss,"KPI from->to",100,0

Metric,"Pair Name",Timestamp,Value
"Max Delay Variation (ms)","KPI from->to",102,42
"Max Delay Variation (ms)","KPI from->to",104,90
"Max Delay Variation (ms)","KPI from->to",106,58
"Max Delay Variation (ms)","KPI from->to",108,49
"Max Delay Variation (ms)","KPI from->to",110,88
"Max Delay Variation (ms)","KPI from->to",112,43
"Max Delay Variation (ms)","KPI from->to",114,58
"Max Delay Variation (ms)","KPI from->to",116,62
"Max Delay Variation (ms)","KPI from->to",118,99
"Max Delay Variation (ms)","KPI from->to",120,70

Metric,"Pair Name",Timestamp,Value
"Delay (ms)","KPI from->to",2,31
"Delay (ms)","KPI from->to",4,23
"Delay (ms)","KPI from->to",6,31
"Delay (ms)","KPI from->to",8,27
"Delay (ms)","KPI from->to",10,27
"Delay (ms)","KPI from->to",12,21
"Delay (ms)","KPI from->to",14,22
"Delay (ms)","KPI from->to",16,25
"Delay (ms)","KPI from->to",18,25
"Delay (ms)","KPI from->to",20,30
"Delay (ms)","KPI from->to",22,24
"Delay (ms)","KPI from->to",24,30
"Delay (ms)","KPI from->to",26,24
"Delay (ms)","KPI from->to",28,22
"Delay (ms)","KPI from->to",30,24
"Delay (ms)","KPI from->to",32,26
"Delay (ms)","KPI from->to",34,25
"Delay (ms)","KPI from->to",36,30
"Delay (ms)","KPI from->to",38,22
"Delay (ms)","KPI from->to",40,28
"Delay (ms)","KPI from->to",42,26
"Delay (ms)","KPI from->to",44,22
"Delay (ms)","KPI from->to",46,29
"Delay (ms)","KPI from->to",48,27
"Delay (ms)","KPI from->to",50,31
"Delay (ms)","KPI from->to",52,26
"Delay (ms)","KPI from->to",54,27
"Delay (ms)","KPI from->to",56,25
"Delay (ms)","KPI from->to",58,30
"Delay (ms)","KPI from->to",60,26
"Delay (ms)","KPI from->to",62,24
"Delay (ms)","KPI from->to",64,34
"Delay (ms)","KPI from->to",66,28
"Delay (ms)","KPI from->to",68,13
"Delay (ms)","KPI from->to",70,13
"Delay (ms)","KPI from->to",72,9
"Delay (ms)","KPI from->to",74,16
"Delay (ms)","KPI from->to",76,10
"Delay (ms)","KPI from->to",78,12
"Delay (ms)","KPI from->to",80,7
"Delay (ms)","KPI from->to",82,29
"Delay (ms)","KPI from->to",84,13
"Delay (ms)","KPI from->to",86,7
"Delay (ms)","KPI from->to",88,6
"Delay (ms)","KPI from->to",90,3
"Delay (ms)","KPI from->to",92,4
"Delay (ms)","KPI from->to",94,4
"Delay (ms)","KPI from->to",96,1
"Delay (ms)","KPI from->to",98,3
"Delay (ms)","KPI from->to",100,3

Metric,"Pair Name",Timestamp,Value
"Jitter (ms)","KPI from->to",2,4
"Jitter (ms)","KPI from->to",4,4
"Jitter (ms)","KPI from->to",6,7
"Jitter (ms)","KPI from->to",8,6
"Jitter (ms)","KPI from->to",10,6
"Jitter (ms)","KPI from->to",12,5
"Jitter (ms)","KPI from->to",14,6
"Jitter (ms)","KPI from->to",16,10
"Jitter (ms)","KPI from->to",18,4
"Jitter (ms)","KPI from->to",20,2
"Jitter (ms)","KPI from->to",22,5
"Jitter (ms)","KPI from->to",24,9
"Jitter (ms)","KPI from->to",26,4
"Jitter (ms)","KPI from->to",28,3
"Jitter (ms)","KPI from->to",30,5
"Jitter (ms)","KPI from->to",32,3
"Jitter (ms)","KPI from->to",34,5
"Jitter (ms)","KPI from->to",36,12
"Jitter (ms)","KPI from->to",38,9
"Jitter (ms)","KPI from->to",40,8
"Jitter (ms)","KPI from->to",42,7
"Jitter (ms)","KPI from->to",44,6
"Jitter (ms)","KPI from->to",46,4
"Jitter (ms)","KPI from->to",48,6
"Jitter (ms)","KPI from->to",50,3
"Jitter (ms)","KPI from->to",52,8
"Jitter (ms)","KPI from->to",54,10
"Jitter (ms)","KPI from->to",56,13
"Jitter (ms)","KPI from->to",58,11
"Jitter (ms)","KPI from->to",60,9
"Jitter (ms)","KPI from->to",62,11
"Jitter (ms)","KPI from->to",64,8
"Jitter (ms)","KPI from->to",66,16
"Jitter (ms)","KPI from->to",68,11
"Jitter (ms)","KPI from->to",70,6
"Jitter (ms)","KPI from->to",72,7
"Jitter (ms)","KPI from->to",74,9
"Jitter (ms)","KPI from->to",76,2
"Jitter (ms)","KPI from->to",78,3
"Jitter (ms)","KPI from->to",80,1
"Jitter (ms)","KPI from->to",82,17
"Jitter (ms)","KPI from->to",84,14
"Jitter (ms)","KPI from->to",86,1
"Jitter (ms)","KPI from->to",88,7
"Jitter (ms)","KPI from->to",90,5
"Jitter (ms)","KPI from->to",92,2
"Jitter (ms)","KPI from->to",94,4
"Jitter (ms)","KPI from->to",96,5
"Jitter (ms)","KPI from->to",98,2
"Jitter (ms)","KPI from->to",100,4

Metric,"Pair Name",Timestamp,Value
"Jitter (ms)","KPI from->to",102,3
"Jitter (ms)","KPI from->to",104,9
"Jitter (ms)","KPI from->to",106,2
"Jitter (ms)","KPI from->to",108,7
"Jitter (ms)","KPI from->to",110,3
"Jitter (ms)","KPI from->to",112,4
"Jitter (ms)","KPI from->to",114,7
"Jitter (ms)","KPI from->to",116,9
"Jitter (ms)","KPI from->to",118,13
"Jitter (ms)","KPI from->to",120,14

Metric,"Pair Name",Timestamp,Value
Loss,"KPI from->to",102,0
Loss,"KPI from->to",104,0
Loss,"KPI from->to",106,0
Loss,"KPI from->to",108,0
Loss,"KPI from->to",110,0
Loss,"KPI from->to",112,0
Loss,"KPI from->to",114,0
Loss,"KPI from->to",116,0
Loss,"KPI from->to",118,0
Loss,"KPI from->to",120,0


