"Test Information",Value
"RUN ID",497
"END EXECUTION TIME","2021-05-13 15:17:14"
"SOURCE PROBE NAME",raspberrypi-AAS
"SOURCE PROBE TEST IP ADDRESS",raspberrypi-AAS
"SOURCE PROBE MANAGEMENT IP ADDRESS",raspberrypi-AAS
"SOURCE PROBE GROUP",Administrators
"DESTINATION PROBE NAME",raspberrypi-5G
"DESTINATION PROBE TEST IP ADDRESS",raspberrypi-5G
"DESTINATION PROBE MANAGEMENT IP ADDRESS",raspberrypi-5G
"DESTINATION PROBE GROUP",Administrators
"DESTINATION PROBE LOCATION",
"TEST MODULE",MESH
"TEST TYPE","Network KPI"
"TEST ADDITIONAL INFORMATION"," DSCP Setting: Best Effort"
"TEST DURATION",120
"TEST STATUS",Failed
"FAIL OR ERROR REASON"," Threshold failed on KPI from->to Jitter (ms) 
 Threshold failed on KPI from->to Jitter Max (ms) 
 Threshold failed on KPI from->to Max Delay Variation (ms) 
 Threshold failed on KPI from->to MOS 
"

Metric,"Pair Name",Value,"Threshold Type",Threshold,"Status KPI"
"Datagrams Out of Order","KPI from->to",0.0,0,>=,Passed
"Delay (ms)","KPI from->to",24.07,0,<=,Passed
"Jitter (ms)","KPI from->to",6.67,0,<=,Failed
"Jitter Max (ms)","KPI from->to",22.0,0,<=,Failed
Loss,"KPI from->to",0.0,0,<=,Passed
"Max Delay Variation (ms)","KPI from->to",172.0,0,<=,Failed
"Max loss burst","KPI from->to",0.0,0,<=,Passed
MOS,"KPI from->to",1.78,1,<=,Failed

Metric,"Pair Name",Timestamp,Value
"Jitter (ms)","KPI from->to",102,9
"Jitter (ms)","KPI from->to",104,7
"Jitter (ms)","KPI from->to",106,8
"Jitter (ms)","KPI from->to",108,4
"Jitter (ms)","KPI from->to",110,1
"Jitter (ms)","KPI from->to",112,3
"Jitter (ms)","KPI from->to",114,11
"Jitter (ms)","KPI from->to",116,6
"Jitter (ms)","KPI from->to",118,6
"Jitter (ms)","KPI from->to",120,12

Metric,"Pair Name",Timestamp,Value
Loss,"KPI from->to",102,0
Loss,"KPI from->to",104,0
Loss,"KPI from->to",106,0
Loss,"KPI from->to",108,0
Loss,"KPI from->to",110,0
Loss,"KPI from->to",112,0
Loss,"KPI from->to",114,0
Loss,"KPI from->to",116,0
Loss,"KPI from->to",118,0
Loss,"KPI from->to",120,0

Metric,"Pair Name",Timestamp,Value
"Delay (ms)","KPI from->to",102,22
"Delay (ms)","KPI from->to",104,27
"Delay (ms)","KPI from->to",106,25
"Delay (ms)","KPI from->to",108,20
"Delay (ms)","KPI from->to",110,24
"Delay (ms)","KPI from->to",112,26
"Delay (ms)","KPI from->to",114,25
"Delay (ms)","KPI from->to",116,26
"Delay (ms)","KPI from->to",118,32
"Delay (ms)","KPI from->to",120,31

Metric,"Pair Name",Timestamp,Value
MOS,"KPI from->to",2,2.16
MOS,"KPI from->to",4,1
MOS,"KPI from->to",6,1
MOS,"KPI from->to",8,1
MOS,"KPI from->to",10,1.88
MOS,"KPI from->to",12,1.87
MOS,"KPI from->to",14,1
MOS,"KPI from->to",16,1.86
MOS,"KPI from->to",18,1.88
MOS,"KPI from->to",20,2.4
MOS,"KPI from->to",22,2.17
MOS,"KPI from->to",24,1
MOS,"KPI from->to",26,2.41
MOS,"KPI from->to",28,2.19
MOS,"KPI from->to",30,2.15
MOS,"KPI from->to",32,1.9
MOS,"KPI from->to",34,1.87
MOS,"KPI from->to",36,1
MOS,"KPI from->to",38,1.28
MOS,"KPI from->to",40,2.43
MOS,"KPI from->to",42,1.89
MOS,"KPI from->to",44,1.34
MOS,"KPI from->to",46,1
MOS,"KPI from->to",48,1.88
MOS,"KPI from->to",50,2.17
MOS,"KPI from->to",52,1.87
MOS,"KPI from->to",54,1.89
MOS,"KPI from->to",56,1.85
MOS,"KPI from->to",58,1.87
MOS,"KPI from->to",60,1.79
MOS,"KPI from->to",62,1
MOS,"KPI from->to",64,2.42
MOS,"KPI from->to",66,1.41
MOS,"KPI from->to",68,2.41
MOS,"KPI from->to",70,1.42
MOS,"KPI from->to",72,1
MOS,"KPI from->to",74,2.41
MOS,"KPI from->to",76,2.42
MOS,"KPI from->to",78,1.84
MOS,"KPI from->to",80,2.43
MOS,"KPI from->to",82,2.42
MOS,"KPI from->to",84,2.43
MOS,"KPI from->to",86,2.17
MOS,"KPI from->to",88,2.8
MOS,"KPI from->to",90,2.18
MOS,"KPI from->to",92,1
MOS,"KPI from->to",94,2.18
MOS,"KPI from->to",96,1.89
MOS,"KPI from->to",98,2.16
MOS,"KPI from->to",100,1.42

Metric,"Pair Name",Timestamp,Value
"Jitter (ms)","KPI from->to",2,5
"Jitter (ms)","KPI from->to",4,9
"Jitter (ms)","KPI from->to",6,22
"Jitter (ms)","KPI from->to",8,7
"Jitter (ms)","KPI from->to",10,6
"Jitter (ms)","KPI from->to",12,9
"Jitter (ms)","KPI from->to",14,7
"Jitter (ms)","KPI from->to",16,10
"Jitter (ms)","KPI from->to",18,7
"Jitter (ms)","KPI from->to",20,8
"Jitter (ms)","KPI from->to",22,11
"Jitter (ms)","KPI from->to",24,5
"Jitter (ms)","KPI from->to",26,8
"Jitter (ms)","KPI from->to",28,3
"Jitter (ms)","KPI from->to",30,2
"Jitter (ms)","KPI from->to",32,7
"Jitter (ms)","KPI from->to",34,2
"Jitter (ms)","KPI from->to",36,11
"Jitter (ms)","KPI from->to",38,7
"Jitter (ms)","KPI from->to",40,3
"Jitter (ms)","KPI from->to",42,6
"Jitter (ms)","KPI from->to",44,21
"Jitter (ms)","KPI from->to",46,12
"Jitter (ms)","KPI from->to",48,7
"Jitter (ms)","KPI from->to",50,4
"Jitter (ms)","KPI from->to",52,6
"Jitter (ms)","KPI from->to",54,5
"Jitter (ms)","KPI from->to",56,3
"Jitter (ms)","KPI from->to",58,1
"Jitter (ms)","KPI from->to",60,6
"Jitter (ms)","KPI from->to",62,8
"Jitter (ms)","KPI from->to",64,3
"Jitter (ms)","KPI from->to",66,5
"Jitter (ms)","KPI from->to",68,4
"Jitter (ms)","KPI from->to",70,5
"Jitter (ms)","KPI from->to",72,9
"Jitter (ms)","KPI from->to",74,0
"Jitter (ms)","KPI from->to",76,1
"Jitter (ms)","KPI from->to",78,16
"Jitter (ms)","KPI from->to",80,3
"Jitter (ms)","KPI from->to",82,1
"Jitter (ms)","KPI from->to",84,7
"Jitter (ms)","KPI from->to",86,4
"Jitter (ms)","KPI from->to",88,3
"Jitter (ms)","KPI from->to",90,5
"Jitter (ms)","KPI from->to",92,11
"Jitter (ms)","KPI from->to",94,2
"Jitter (ms)","KPI from->to",96,11
"Jitter (ms)","KPI from->to",98,4
"Jitter (ms)","KPI from->to",100,11

Metric,"Pair Name",Timestamp,Value
Loss,"KPI from->to",2,0
Loss,"KPI from->to",4,0
Loss,"KPI from->to",6,0
Loss,"KPI from->to",8,0
Loss,"KPI from->to",10,0
Loss,"KPI from->to",12,0
Loss,"KPI from->to",14,0
Loss,"KPI from->to",16,0
Loss,"KPI from->to",18,0
Loss,"KPI from->to",20,0
Loss,"KPI from->to",22,0
Loss,"KPI from->to",24,0
Loss,"KPI from->to",26,0
Loss,"KPI from->to",28,0
Loss,"KPI from->to",30,0
Loss,"KPI from->to",32,0
Loss,"KPI from->to",34,0
Loss,"KPI from->to",36,0
Loss,"KPI from->to",38,0
Loss,"KPI from->to",40,0
Loss,"KPI from->to",42,0
Loss,"KPI from->to",44,0
Loss,"KPI from->to",46,0
Loss,"KPI from->to",48,0
Loss,"KPI from->to",50,0
Loss,"KPI from->to",52,0
Loss,"KPI from->to",54,0
Loss,"KPI from->to",56,0
Loss,"KPI from->to",58,0
Loss,"KPI from->to",60,0
Loss,"KPI from->to",62,0
Loss,"KPI from->to",64,0
Loss,"KPI from->to",66,0
Loss,"KPI from->to",68,0
Loss,"KPI from->to",70,0
Loss,"KPI from->to",72,0
Loss,"KPI from->to",74,0
Loss,"KPI from->to",76,0
Loss,"KPI from->to",78,0
Loss,"KPI from->to",80,0
Loss,"KPI from->to",82,0
Loss,"KPI from->to",84,0
Loss,"KPI from->to",86,0
Loss,"KPI from->to",88,0
Loss,"KPI from->to",90,0
Loss,"KPI from->to",92,0
Loss,"KPI from->to",94,0
Loss,"KPI from->to",96,0
Loss,"KPI from->to",98,0
Loss,"KPI from->to",100,0

Metric,"Pair Name",Timestamp,Value
MOS,"KPI from->to",102,1
MOS,"KPI from->to",104,1.88
MOS,"KPI from->to",106,1
MOS,"KPI from->to",108,1.85
MOS,"KPI from->to",110,2.42
MOS,"KPI from->to",112,1.88
MOS,"KPI from->to",114,2.12
MOS,"KPI from->to",116,1.51
MOS,"KPI from->to",118,1
MOS,"KPI from->to",120,1

Metric,"Pair Name",Timestamp,Value
"Delay (ms)","KPI from->to",2,28
"Delay (ms)","KPI from->to",4,28
"Delay (ms)","KPI from->to",6,42
"Delay (ms)","KPI from->to",8,35
"Delay (ms)","KPI from->to",10,26
"Delay (ms)","KPI from->to",12,25
"Delay (ms)","KPI from->to",14,23
"Delay (ms)","KPI from->to",16,31
"Delay (ms)","KPI from->to",18,25
"Delay (ms)","KPI from->to",20,26
"Delay (ms)","KPI from->to",22,28
"Delay (ms)","KPI from->to",24,27
"Delay (ms)","KPI from->to",26,20
"Delay (ms)","KPI from->to",28,20
"Delay (ms)","KPI from->to",30,19
"Delay (ms)","KPI from->to",32,28
"Delay (ms)","KPI from->to",34,20
"Delay (ms)","KPI from->to",36,23
"Delay (ms)","KPI from->to",38,26
"Delay (ms)","KPI from->to",40,24
"Delay (ms)","KPI from->to",42,22
"Delay (ms)","KPI from->to",44,32
"Delay (ms)","KPI from->to",46,28
"Delay (ms)","KPI from->to",48,28
"Delay (ms)","KPI from->to",50,20
"Delay (ms)","KPI from->to",52,21
"Delay (ms)","KPI from->to",54,22
"Delay (ms)","KPI from->to",56,24
"Delay (ms)","KPI from->to",58,21
"Delay (ms)","KPI from->to",60,18
"Delay (ms)","KPI from->to",62,25
"Delay (ms)","KPI from->to",64,23
"Delay (ms)","KPI from->to",66,26
"Delay (ms)","KPI from->to",68,18
"Delay (ms)","KPI from->to",70,24
"Delay (ms)","KPI from->to",72,26
"Delay (ms)","KPI from->to",74,17
"Delay (ms)","KPI from->to",76,17
"Delay (ms)","KPI from->to",78,27
"Delay (ms)","KPI from->to",80,20
"Delay (ms)","KPI from->to",82,19
"Delay (ms)","KPI from->to",84,19
"Delay (ms)","KPI from->to",86,20
"Delay (ms)","KPI from->to",88,19
"Delay (ms)","KPI from->to",90,18
"Delay (ms)","KPI from->to",92,24
"Delay (ms)","KPI from->to",94,16
"Delay (ms)","KPI from->to",96,23
"Delay (ms)","KPI from->to",98,22
"Delay (ms)","KPI from->to",100,23

Metric,"Pair Name",Timestamp,Value
"Max Delay Variation (ms)","KPI from->to",2,119
"Max Delay Variation (ms)","KPI from->to",4,60
"Max Delay Variation (ms)","KPI from->to",6,141
"Max Delay Variation (ms)","KPI from->to",8,172
"Max Delay Variation (ms)","KPI from->to",10,120
"Max Delay Variation (ms)","KPI from->to",12,122
"Max Delay Variation (ms)","KPI from->to",14,58
"Max Delay Variation (ms)","KPI from->to",16,118
"Max Delay Variation (ms)","KPI from->to",18,95
"Max Delay Variation (ms)","KPI from->to",20,149
"Max Delay Variation (ms)","KPI from->to",22,134
"Max Delay Variation (ms)","KPI from->to",24,140
"Max Delay Variation (ms)","KPI from->to",26,58
"Max Delay Variation (ms)","KPI from->to",28,84
"Max Delay Variation (ms)","KPI from->to",30,60
"Max Delay Variation (ms)","KPI from->to",32,139
"Max Delay Variation (ms)","KPI from->to",34,61
"Max Delay Variation (ms)","KPI from->to",36,95
"Max Delay Variation (ms)","KPI from->to",38,97
"Max Delay Variation (ms)","KPI from->to",40,44
"Max Delay Variation (ms)","KPI from->to",42,57
"Max Delay Variation (ms)","KPI from->to",44,143
"Max Delay Variation (ms)","KPI from->to",46,112
"Max Delay Variation (ms)","KPI from->to",48,158
"Max Delay Variation (ms)","KPI from->to",50,43
"Max Delay Variation (ms)","KPI from->to",52,44
"Max Delay Variation (ms)","KPI from->to",54,98
"Max Delay Variation (ms)","KPI from->to",56,97
"Max Delay Variation (ms)","KPI from->to",58,86
"Max Delay Variation (ms)","KPI from->to",60,47
"Max Delay Variation (ms)","KPI from->to",62,57
"Max Delay Variation (ms)","KPI from->to",64,97
"Max Delay Variation (ms)","KPI from->to",66,135
"Max Delay Variation (ms)","KPI from->to",68,58
"Max Delay Variation (ms)","KPI from->to",70,95
"Max Delay Variation (ms)","KPI from->to",72,90
"Max Delay Variation (ms)","KPI from->to",74,43
"Max Delay Variation (ms)","KPI from->to",76,42
"Max Delay Variation (ms)","KPI from->to",78,122
"Max Delay Variation (ms)","KPI from->to",80,43
"Max Delay Variation (ms)","KPI from->to",82,98
"Max Delay Variation (ms)","KPI from->to",84,94
"Max Delay Variation (ms)","KPI from->to",86,86
"Max Delay Variation (ms)","KPI from->to",88,43
"Max Delay Variation (ms)","KPI from->to",90,42
"Max Delay Variation (ms)","KPI from->to",92,102
"Max Delay Variation (ms)","KPI from->to",94,46
"Max Delay Variation (ms)","KPI from->to",96,115
"Max Delay Variation (ms)","KPI from->to",98,106
"Max Delay Variation (ms)","KPI from->to",100,117

Metric,"Pair Name",Timestamp,Value
"Max Delay Variation (ms)","KPI from->to",102,90
"Max Delay Variation (ms)","KPI from->to",104,96
"Max Delay Variation (ms)","KPI from->to",106,95
"Max Delay Variation (ms)","KPI from->to",108,49
"Max Delay Variation (ms)","KPI from->to",110,98
"Max Delay Variation (ms)","KPI from->to",112,77
"Max Delay Variation (ms)","KPI from->to",114,95
"Max Delay Variation (ms)","KPI from->to",116,69
"Max Delay Variation (ms)","KPI from->to",118,108
"Max Delay Variation (ms)","KPI from->to",120,95


