"Test Information",Value
"RUN ID",497
"END EXECUTION TIME","2021-05-13 16:10:32"
"SOURCE PROBE NAME",raspberrypi-AAS
"SOURCE PROBE TEST IP ADDRESS",raspberrypi-AAS
"SOURCE PROBE MANAGEMENT IP ADDRESS",raspberrypi-AAS
"SOURCE PROBE GROUP",Administrators
"DESTINATION PROBE NAME",raspberrypi-5G
"DESTINATION PROBE TEST IP ADDRESS",raspberrypi-5G
"DESTINATION PROBE MANAGEMENT IP ADDRESS",raspberrypi-5G
"DESTINATION PROBE GROUP",Administrators
"DESTINATION PROBE LOCATION",
"TEST MODULE",MESH
"TEST TYPE","Network KPI"
"TEST ADDITIONAL INFORMATION"," DSCP Setting: Best Effort"
"TEST DURATION",120
"TEST STATUS",Failed
"FAIL OR ERROR REASON"," Threshold failed on KPI from->to Max Delay Variation (ms) 
"

Metric,"Pair Name",Value,"Threshold Type",Threshold,"Status KPI"
"Datagrams Out of Order","KPI from->to",0.0,0,>=,Passed
"Delay (ms)","KPI from->to",18.78,0,<=,Passed
"Jitter (ms)","KPI from->to",0.12,0,<=,Passed
"Jitter Max (ms)","KPI from->to",2.0,0,<=,Passed
Loss,"KPI from->to",0.0,0,<=,Passed
"Max Delay Variation (ms)","KPI from->to",67.0,0,<=,Failed
"Max loss burst","KPI from->to",0.0,0,<=,Passed
MOS,"KPI from->to",4.35,1,<=,Passed

Metric,"Pair Name",Timestamp,Value
"Jitter (ms)","KPI from->to",2,0
"Jitter (ms)","KPI from->to",4,0
"Jitter (ms)","KPI from->to",6,0
"Jitter (ms)","KPI from->to",8,0
"Jitter (ms)","KPI from->to",10,0
"Jitter (ms)","KPI from->to",12,0
"Jitter (ms)","KPI from->to",14,0
"Jitter (ms)","KPI from->to",16,0
"Jitter (ms)","KPI from->to",18,0
"Jitter (ms)","KPI from->to",20,0
"Jitter (ms)","KPI from->to",22,1
"Jitter (ms)","KPI from->to",24,0
"Jitter (ms)","KPI from->to",26,0
"Jitter (ms)","KPI from->to",28,0
"Jitter (ms)","KPI from->to",30,0
"Jitter (ms)","KPI from->to",32,0
"Jitter (ms)","KPI from->to",34,0
"Jitter (ms)","KPI from->to",36,1
"Jitter (ms)","KPI from->to",38,0
"Jitter (ms)","KPI from->to",40,0
"Jitter (ms)","KPI from->to",42,0
"Jitter (ms)","KPI from->to",44,1
"Jitter (ms)","KPI from->to",46,0
"Jitter (ms)","KPI from->to",48,0
"Jitter (ms)","KPI from->to",50,0
"Jitter (ms)","KPI from->to",52,0
"Jitter (ms)","KPI from->to",54,0
"Jitter (ms)","KPI from->to",56,0
"Jitter (ms)","KPI from->to",58,0
"Jitter (ms)","KPI from->to",60,0
"Jitter (ms)","KPI from->to",62,0
"Jitter (ms)","KPI from->to",64,0
"Jitter (ms)","KPI from->to",66,2
"Jitter (ms)","KPI from->to",68,0
"Jitter (ms)","KPI from->to",70,0
"Jitter (ms)","KPI from->to",72,0
"Jitter (ms)","KPI from->to",74,0
"Jitter (ms)","KPI from->to",76,0
"Jitter (ms)","KPI from->to",78,0
"Jitter (ms)","KPI from->to",80,0
"Jitter (ms)","KPI from->to",82,0
"Jitter (ms)","KPI from->to",84,0
"Jitter (ms)","KPI from->to",86,0
"Jitter (ms)","KPI from->to",88,0
"Jitter (ms)","KPI from->to",90,0
"Jitter (ms)","KPI from->to",92,0
"Jitter (ms)","KPI from->to",94,0
"Jitter (ms)","KPI from->to",96,1
"Jitter (ms)","KPI from->to",98,0
"Jitter (ms)","KPI from->to",100,1

Metric,"Pair Name",Timestamp,Value
Loss,"KPI from->to",2,0
Loss,"KPI from->to",4,0
Loss,"KPI from->to",6,0
Loss,"KPI from->to",8,0
Loss,"KPI from->to",10,0
Loss,"KPI from->to",12,0
Loss,"KPI from->to",14,0
Loss,"KPI from->to",16,0
Loss,"KPI from->to",18,0
Loss,"KPI from->to",20,0
Loss,"KPI from->to",22,0
Loss,"KPI from->to",24,0
Loss,"KPI from->to",26,0
Loss,"KPI from->to",28,0
Loss,"KPI from->to",30,0
Loss,"KPI from->to",32,0
Loss,"KPI from->to",34,0
Loss,"KPI from->to",36,0
Loss,"KPI from->to",38,0
Loss,"KPI from->to",40,0
Loss,"KPI from->to",42,0
Loss,"KPI from->to",44,0
Loss,"KPI from->to",46,0
Loss,"KPI from->to",48,0
Loss,"KPI from->to",50,0
Loss,"KPI from->to",52,0
Loss,"KPI from->to",54,0
Loss,"KPI from->to",56,0
Loss,"KPI from->to",58,0
Loss,"KPI from->to",60,0
Loss,"KPI from->to",62,0
Loss,"KPI from->to",64,0
Loss,"KPI from->to",66,0
Loss,"KPI from->to",68,0
Loss,"KPI from->to",70,0
Loss,"KPI from->to",72,0
Loss,"KPI from->to",74,0
Loss,"KPI from->to",76,0
Loss,"KPI from->to",78,0
Loss,"KPI from->to",80,0
Loss,"KPI from->to",82,0
Loss,"KPI from->to",84,0
Loss,"KPI from->to",86,0
Loss,"KPI from->to",88,0
Loss,"KPI from->to",90,0
Loss,"KPI from->to",92,0
Loss,"KPI from->to",94,0
Loss,"KPI from->to",96,0
Loss,"KPI from->to",98,0
Loss,"KPI from->to",100,0

Metric,"Pair Name",Timestamp,Value
"Jitter (ms)","KPI from->to",102,0
"Jitter (ms)","KPI from->to",104,0
"Jitter (ms)","KPI from->to",106,0
"Jitter (ms)","KPI from->to",108,0
"Jitter (ms)","KPI from->to",110,0
"Jitter (ms)","KPI from->to",112,0
"Jitter (ms)","KPI from->to",114,0
"Jitter (ms)","KPI from->to",116,0
"Jitter (ms)","KPI from->to",118,0

Metric,"Pair Name",Timestamp,Value
Loss,"KPI from->to",102,0
Loss,"KPI from->to",104,0
Loss,"KPI from->to",106,0
Loss,"KPI from->to",108,0
Loss,"KPI from->to",110,0
Loss,"KPI from->to",112,0
Loss,"KPI from->to",114,0
Loss,"KPI from->to",116,0
Loss,"KPI from->to",118,0

Metric,"Pair Name",Timestamp,Value
"Delay (ms)","KPI from->to",102,18
"Delay (ms)","KPI from->to",104,18
"Delay (ms)","KPI from->to",106,18
"Delay (ms)","KPI from->to",108,18
"Delay (ms)","KPI from->to",110,18
"Delay (ms)","KPI from->to",112,18
"Delay (ms)","KPI from->to",114,18
"Delay (ms)","KPI from->to",116,18
"Delay (ms)","KPI from->to",118,18

Metric,"Pair Name",Timestamp,Value
"Max Delay Variation (ms)","KPI from->to",2,9
"Max Delay Variation (ms)","KPI from->to",4,3
"Max Delay Variation (ms)","KPI from->to",6,5
"Max Delay Variation (ms)","KPI from->to",8,5
"Max Delay Variation (ms)","KPI from->to",10,2
"Max Delay Variation (ms)","KPI from->to",12,2
"Max Delay Variation (ms)","KPI from->to",14,8
"Max Delay Variation (ms)","KPI from->to",16,3
"Max Delay Variation (ms)","KPI from->to",18,2
"Max Delay Variation (ms)","KPI from->to",20,5
"Max Delay Variation (ms)","KPI from->to",22,9
"Max Delay Variation (ms)","KPI from->to",24,3
"Max Delay Variation (ms)","KPI from->to",26,3
"Max Delay Variation (ms)","KPI from->to",28,10
"Max Delay Variation (ms)","KPI from->to",30,3
"Max Delay Variation (ms)","KPI from->to",32,4
"Max Delay Variation (ms)","KPI from->to",34,5
"Max Delay Variation (ms)","KPI from->to",36,5
"Max Delay Variation (ms)","KPI from->to",38,7
"Max Delay Variation (ms)","KPI from->to",40,10
"Max Delay Variation (ms)","KPI from->to",42,3
"Max Delay Variation (ms)","KPI from->to",44,4
"Max Delay Variation (ms)","KPI from->to",46,3
"Max Delay Variation (ms)","KPI from->to",48,3
"Max Delay Variation (ms)","KPI from->to",50,5
"Max Delay Variation (ms)","KPI from->to",52,8
"Max Delay Variation (ms)","KPI from->to",54,4
"Max Delay Variation (ms)","KPI from->to",56,3
"Max Delay Variation (ms)","KPI from->to",58,2
"Max Delay Variation (ms)","KPI from->to",60,9
"Max Delay Variation (ms)","KPI from->to",62,4
"Max Delay Variation (ms)","KPI from->to",64,2
"Max Delay Variation (ms)","KPI from->to",66,67
"Max Delay Variation (ms)","KPI from->to",68,5
"Max Delay Variation (ms)","KPI from->to",70,3
"Max Delay Variation (ms)","KPI from->to",72,3
"Max Delay Variation (ms)","KPI from->to",74,7
"Max Delay Variation (ms)","KPI from->to",76,2
"Max Delay Variation (ms)","KPI from->to",78,3
"Max Delay Variation (ms)","KPI from->to",80,4
"Max Delay Variation (ms)","KPI from->to",82,4
"Max Delay Variation (ms)","KPI from->to",84,2
"Max Delay Variation (ms)","KPI from->to",86,2
"Max Delay Variation (ms)","KPI from->to",88,2
"Max Delay Variation (ms)","KPI from->to",90,4
"Max Delay Variation (ms)","KPI from->to",92,3
"Max Delay Variation (ms)","KPI from->to",94,3
"Max Delay Variation (ms)","KPI from->to",96,9
"Max Delay Variation (ms)","KPI from->to",98,4
"Max Delay Variation (ms)","KPI from->to",100,16

Metric,"Pair Name",Timestamp,Value
MOS,"KPI from->to",102,4.36
MOS,"KPI from->to",104,4.36
MOS,"KPI from->to",106,4.36
MOS,"KPI from->to",108,4.36
MOS,"KPI from->to",110,4.36
MOS,"KPI from->to",112,4.36
MOS,"KPI from->to",114,4.36
MOS,"KPI from->to",116,4.36
MOS,"KPI from->to",118,4.36

Metric,"Pair Name",Timestamp,Value
"Delay (ms)","KPI from->to",2,21
"Delay (ms)","KPI from->to",4,21
"Delay (ms)","KPI from->to",6,21
"Delay (ms)","KPI from->to",8,21
"Delay (ms)","KPI from->to",10,21
"Delay (ms)","KPI from->to",12,20
"Delay (ms)","KPI from->to",14,20
"Delay (ms)","KPI from->to",16,20
"Delay (ms)","KPI from->to",18,20
"Delay (ms)","KPI from->to",20,20
"Delay (ms)","KPI from->to",22,20
"Delay (ms)","KPI from->to",24,20
"Delay (ms)","KPI from->to",26,20
"Delay (ms)","KPI from->to",28,20
"Delay (ms)","KPI from->to",30,19
"Delay (ms)","KPI from->to",32,19
"Delay (ms)","KPI from->to",34,19
"Delay (ms)","KPI from->to",36,19
"Delay (ms)","KPI from->to",38,19
"Delay (ms)","KPI from->to",40,19
"Delay (ms)","KPI from->to",42,19
"Delay (ms)","KPI from->to",44,19
"Delay (ms)","KPI from->to",46,18
"Delay (ms)","KPI from->to",48,18
"Delay (ms)","KPI from->to",50,18
"Delay (ms)","KPI from->to",52,18
"Delay (ms)","KPI from->to",54,18
"Delay (ms)","KPI from->to",56,18
"Delay (ms)","KPI from->to",58,18
"Delay (ms)","KPI from->to",60,18
"Delay (ms)","KPI from->to",62,18
"Delay (ms)","KPI from->to",64,18
"Delay (ms)","KPI from->to",66,19
"Delay (ms)","KPI from->to",68,18
"Delay (ms)","KPI from->to",70,18
"Delay (ms)","KPI from->to",72,18
"Delay (ms)","KPI from->to",74,19
"Delay (ms)","KPI from->to",76,19
"Delay (ms)","KPI from->to",78,19
"Delay (ms)","KPI from->to",80,19
"Delay (ms)","KPI from->to",82,18
"Delay (ms)","KPI from->to",84,18
"Delay (ms)","KPI from->to",86,18
"Delay (ms)","KPI from->to",88,18
"Delay (ms)","KPI from->to",90,18
"Delay (ms)","KPI from->to",92,18
"Delay (ms)","KPI from->to",94,18
"Delay (ms)","KPI from->to",96,18
"Delay (ms)","KPI from->to",98,18
"Delay (ms)","KPI from->to",100,18

Metric,"Pair Name",Timestamp,Value
"Max Delay Variation (ms)","KPI from->to",102,18
"Max Delay Variation (ms)","KPI from->to",104,2
"Max Delay Variation (ms)","KPI from->to",106,2
"Max Delay Variation (ms)","KPI from->to",108,6
"Max Delay Variation (ms)","KPI from->to",110,3
"Max Delay Variation (ms)","KPI from->to",112,2
"Max Delay Variation (ms)","KPI from->to",114,2
"Max Delay Variation (ms)","KPI from->to",116,2
"Max Delay Variation (ms)","KPI from->to",118,3

Metric,"Pair Name",Timestamp,Value
MOS,"KPI from->to",2,4.36
MOS,"KPI from->to",4,4.36
MOS,"KPI from->to",6,4.36
MOS,"KPI from->to",8,4.36
MOS,"KPI from->to",10,4.36
MOS,"KPI from->to",12,4.36
MOS,"KPI from->to",14,4.36
MOS,"KPI from->to",16,4.36
MOS,"KPI from->to",18,4.36
MOS,"KPI from->to",20,4.36
MOS,"KPI from->to",22,4.36
MOS,"KPI from->to",24,4.36
MOS,"KPI from->to",26,4.36
MOS,"KPI from->to",28,4.36
MOS,"KPI from->to",30,4.36
MOS,"KPI from->to",32,4.36
MOS,"KPI from->to",34,4.36
MOS,"KPI from->to",36,4.36
MOS,"KPI from->to",38,4.36
MOS,"KPI from->to",40,4.36
MOS,"KPI from->to",42,4.36
MOS,"KPI from->to",44,4.36
MOS,"KPI from->to",46,4.36
MOS,"KPI from->to",48,4.36
MOS,"KPI from->to",50,4.36
MOS,"KPI from->to",52,4.36
MOS,"KPI from->to",54,4.36
MOS,"KPI from->to",56,4.36
MOS,"KPI from->to",58,4.36
MOS,"KPI from->to",60,4.36
MOS,"KPI from->to",62,4.36
MOS,"KPI from->to",64,4.36
MOS,"KPI from->to",66,3.48
MOS,"KPI from->to",68,4.36
MOS,"KPI from->to",70,4.36
MOS,"KPI from->to",72,4.36
MOS,"KPI from->to",74,4.36
MOS,"KPI from->to",76,4.36
MOS,"KPI from->to",78,4.36
MOS,"KPI from->to",80,4.36
MOS,"KPI from->to",82,4.36
MOS,"KPI from->to",84,4.36
MOS,"KPI from->to",86,4.36
MOS,"KPI from->to",88,4.36
MOS,"KPI from->to",90,4.36
MOS,"KPI from->to",92,4.36
MOS,"KPI from->to",94,4.36
MOS,"KPI from->to",96,4.36
MOS,"KPI from->to",98,4.36
MOS,"KPI from->to",100,4.36


