"Test Information",Value
"RUN ID",497
"END EXECUTION TIME","2021-05-13 16:01:39"
"SOURCE PROBE NAME",raspberrypi-AAS
"SOURCE PROBE TEST IP ADDRESS",raspberrypi-AAS
"SOURCE PROBE MANAGEMENT IP ADDRESS",raspberrypi-AAS
"SOURCE PROBE GROUP",Administrators
"DESTINATION PROBE NAME",raspberrypi-5G
"DESTINATION PROBE TEST IP ADDRESS",raspberrypi-5G
"DESTINATION PROBE MANAGEMENT IP ADDRESS",raspberrypi-5G
"DESTINATION PROBE GROUP",Administrators
"DESTINATION PROBE LOCATION",
"TEST MODULE",MESH
"TEST TYPE","Network KPI"
"TEST ADDITIONAL INFORMATION"," DSCP Setting: Best Effort"
"TEST DURATION",120
"TEST STATUS",Failed
"FAIL OR ERROR REASON"," Threshold failed on KPI from->to Jitter Max (ms) 
 Threshold failed on KPI from->to Max Delay Variation (ms) 
 Threshold failed on KPI from->to MOS 
"

Metric,"Pair Name",Value,"Threshold Type",Threshold,"Status KPI"
"Datagrams Out of Order","KPI from->to",0.0,0,>=,Passed
"Delay (ms)","KPI from->to",18.48,0,<=,Passed
"Jitter (ms)","KPI from->to",4.6,0,<=,Passed
"Jitter Max (ms)","KPI from->to",17.0,0,<=,Failed
Loss,"KPI from->to",0.0,0,<=,Passed
"Max Delay Variation (ms)","KPI from->to",137.0,0,<=,Failed
"Max loss burst","KPI from->to",0.0,0,<=,Passed
MOS,"KPI from->to",2.98,1,<=,Failed

Metric,"Pair Name",Timestamp,Value
"Jitter (ms)","KPI from->to",2,7
"Jitter (ms)","KPI from->to",4,5
"Jitter (ms)","KPI from->to",6,13
"Jitter (ms)","KPI from->to",8,5
"Jitter (ms)","KPI from->to",10,10
"Jitter (ms)","KPI from->to",12,5
"Jitter (ms)","KPI from->to",14,7
"Jitter (ms)","KPI from->to",16,7
"Jitter (ms)","KPI from->to",18,6
"Jitter (ms)","KPI from->to",20,13
"Jitter (ms)","KPI from->to",22,17
"Jitter (ms)","KPI from->to",24,7
"Jitter (ms)","KPI from->to",26,8
"Jitter (ms)","KPI from->to",28,11
"Jitter (ms)","KPI from->to",30,7
"Jitter (ms)","KPI from->to",32,8
"Jitter (ms)","KPI from->to",34,5
"Jitter (ms)","KPI from->to",36,9
"Jitter (ms)","KPI from->to",38,7
"Jitter (ms)","KPI from->to",40,7
"Jitter (ms)","KPI from->to",42,10
"Jitter (ms)","KPI from->to",44,3
"Jitter (ms)","KPI from->to",46,7
"Jitter (ms)","KPI from->to",48,5
"Jitter (ms)","KPI from->to",50,9
"Jitter (ms)","KPI from->to",52,11
"Jitter (ms)","KPI from->to",54,11
"Jitter (ms)","KPI from->to",56,11
"Jitter (ms)","KPI from->to",58,11
"Jitter (ms)","KPI from->to",60,3
"Jitter (ms)","KPI from->to",62,6
"Jitter (ms)","KPI from->to",64,7
"Jitter (ms)","KPI from->to",66,8
"Jitter (ms)","KPI from->to",68,4
"Jitter (ms)","KPI from->to",70,2
"Jitter (ms)","KPI from->to",72,0
"Jitter (ms)","KPI from->to",74,1
"Jitter (ms)","KPI from->to",76,0
"Jitter (ms)","KPI from->to",78,0
"Jitter (ms)","KPI from->to",80,1
"Jitter (ms)","KPI from->to",82,0
"Jitter (ms)","KPI from->to",84,1
"Jitter (ms)","KPI from->to",86,0
"Jitter (ms)","KPI from->to",88,0
"Jitter (ms)","KPI from->to",90,0
"Jitter (ms)","KPI from->to",92,0
"Jitter (ms)","KPI from->to",94,0
"Jitter (ms)","KPI from->to",96,0
"Jitter (ms)","KPI from->to",98,0
"Jitter (ms)","KPI from->to",100,0

Metric,"Pair Name",Timestamp,Value
"Delay (ms)","KPI from->to",2,28
"Delay (ms)","KPI from->to",4,26
"Delay (ms)","KPI from->to",6,32
"Delay (ms)","KPI from->to",8,26
"Delay (ms)","KPI from->to",10,23
"Delay (ms)","KPI from->to",12,23
"Delay (ms)","KPI from->to",14,27
"Delay (ms)","KPI from->to",16,28
"Delay (ms)","KPI from->to",18,21
"Delay (ms)","KPI from->to",20,18
"Delay (ms)","KPI from->to",22,23
"Delay (ms)","KPI from->to",24,18
"Delay (ms)","KPI from->to",26,20
"Delay (ms)","KPI from->to",28,20
"Delay (ms)","KPI from->to",30,17
"Delay (ms)","KPI from->to",32,16
"Delay (ms)","KPI from->to",34,16
"Delay (ms)","KPI from->to",36,14
"Delay (ms)","KPI from->to",38,18
"Delay (ms)","KPI from->to",40,14
"Delay (ms)","KPI from->to",42,22
"Delay (ms)","KPI from->to",44,15
"Delay (ms)","KPI from->to",46,19
"Delay (ms)","KPI from->to",48,15
"Delay (ms)","KPI from->to",50,22
"Delay (ms)","KPI from->to",52,15
"Delay (ms)","KPI from->to",54,16
"Delay (ms)","KPI from->to",56,19
"Delay (ms)","KPI from->to",58,16
"Delay (ms)","KPI from->to",60,15
"Delay (ms)","KPI from->to",62,14
"Delay (ms)","KPI from->to",64,16
"Delay (ms)","KPI from->to",66,15
"Delay (ms)","KPI from->to",68,10
"Delay (ms)","KPI from->to",70,17
"Delay (ms)","KPI from->to",72,19
"Delay (ms)","KPI from->to",74,18
"Delay (ms)","KPI from->to",76,18
"Delay (ms)","KPI from->to",78,18
"Delay (ms)","KPI from->to",80,17
"Delay (ms)","KPI from->to",82,17
"Delay (ms)","KPI from->to",84,18
"Delay (ms)","KPI from->to",86,17
"Delay (ms)","KPI from->to",88,17
"Delay (ms)","KPI from->to",90,17
"Delay (ms)","KPI from->to",92,17
"Delay (ms)","KPI from->to",94,17
"Delay (ms)","KPI from->to",96,17
"Delay (ms)","KPI from->to",98,17
"Delay (ms)","KPI from->to",100,17

Metric,"Pair Name",Timestamp,Value
"Max Delay Variation (ms)","KPI from->to",102,4
"Max Delay Variation (ms)","KPI from->to",104,5
"Max Delay Variation (ms)","KPI from->to",106,3
"Max Delay Variation (ms)","KPI from->to",108,3
"Max Delay Variation (ms)","KPI from->to",110,8
"Max Delay Variation (ms)","KPI from->to",112,4
"Max Delay Variation (ms)","KPI from->to",114,3
"Max Delay Variation (ms)","KPI from->to",116,8
"Max Delay Variation (ms)","KPI from->to",118,2
"Max Delay Variation (ms)","KPI from->to",120,4

Metric,"Pair Name",Timestamp,Value
"Delay (ms)","KPI from->to",102,17
"Delay (ms)","KPI from->to",104,18
"Delay (ms)","KPI from->to",106,18
"Delay (ms)","KPI from->to",108,18
"Delay (ms)","KPI from->to",110,18
"Delay (ms)","KPI from->to",112,17
"Delay (ms)","KPI from->to",114,17
"Delay (ms)","KPI from->to",116,17
"Delay (ms)","KPI from->to",118,17
"Delay (ms)","KPI from->to",120,17

Metric,"Pair Name",Timestamp,Value
"Jitter (ms)","KPI from->to",102,0
"Jitter (ms)","KPI from->to",104,1
"Jitter (ms)","KPI from->to",106,0
"Jitter (ms)","KPI from->to",108,0
"Jitter (ms)","KPI from->to",110,0
"Jitter (ms)","KPI from->to",112,0
"Jitter (ms)","KPI from->to",114,0
"Jitter (ms)","KPI from->to",116,0
"Jitter (ms)","KPI from->to",118,0
"Jitter (ms)","KPI from->to",120,0

Metric,"Pair Name",Timestamp,Value
MOS,"KPI from->to",102,4.37
MOS,"KPI from->to",104,4.36
MOS,"KPI from->to",106,4.36
MOS,"KPI from->to",108,4.36
MOS,"KPI from->to",110,4.36
MOS,"KPI from->to",112,4.37
MOS,"KPI from->to",114,4.37
MOS,"KPI from->to",116,4.37
MOS,"KPI from->to",118,4.37
MOS,"KPI from->to",120,4.37

Metric,"Pair Name",Timestamp,Value
Loss,"KPI from->to",2,0
Loss,"KPI from->to",4,0
Loss,"KPI from->to",6,0
Loss,"KPI from->to",8,0
Loss,"KPI from->to",10,0
Loss,"KPI from->to",12,0
Loss,"KPI from->to",14,0
Loss,"KPI from->to",16,0
Loss,"KPI from->to",18,0
Loss,"KPI from->to",20,0
Loss,"KPI from->to",22,0
Loss,"KPI from->to",24,0
Loss,"KPI from->to",26,0
Loss,"KPI from->to",28,0
Loss,"KPI from->to",30,0
Loss,"KPI from->to",32,0
Loss,"KPI from->to",34,0
Loss,"KPI from->to",36,0
Loss,"KPI from->to",38,0
Loss,"KPI from->to",40,0
Loss,"KPI from->to",42,0
Loss,"KPI from->to",44,0
Loss,"KPI from->to",46,0
Loss,"KPI from->to",48,0
Loss,"KPI from->to",50,0
Loss,"KPI from->to",52,0
Loss,"KPI from->to",54,0
Loss,"KPI from->to",56,0
Loss,"KPI from->to",58,0
Loss,"KPI from->to",60,0
Loss,"KPI from->to",62,0
Loss,"KPI from->to",64,0
Loss,"KPI from->to",66,0
Loss,"KPI from->to",68,0
Loss,"KPI from->to",70,0
Loss,"KPI from->to",72,0
Loss,"KPI from->to",74,0
Loss,"KPI from->to",76,0
Loss,"KPI from->to",78,0
Loss,"KPI from->to",80,0
Loss,"KPI from->to",82,0
Loss,"KPI from->to",84,0
Loss,"KPI from->to",86,0
Loss,"KPI from->to",88,0
Loss,"KPI from->to",90,0
Loss,"KPI from->to",92,0
Loss,"KPI from->to",94,0
Loss,"KPI from->to",96,0
Loss,"KPI from->to",98,0
Loss,"KPI from->to",100,0

Metric,"Pair Name",Timestamp,Value
Loss,"KPI from->to",102,0
Loss,"KPI from->to",104,0
Loss,"KPI from->to",106,0
Loss,"KPI from->to",108,0
Loss,"KPI from->to",110,0
Loss,"KPI from->to",112,0
Loss,"KPI from->to",114,0
Loss,"KPI from->to",116,0
Loss,"KPI from->to",118,0
Loss,"KPI from->to",120,0

Metric,"Pair Name",Timestamp,Value
"Max Delay Variation (ms)","KPI from->to",2,79
"Max Delay Variation (ms)","KPI from->to",4,129
"Max Delay Variation (ms)","KPI from->to",6,137
"Max Delay Variation (ms)","KPI from->to",8,100
"Max Delay Variation (ms)","KPI from->to",10,35
"Max Delay Variation (ms)","KPI from->to",12,57
"Max Delay Variation (ms)","KPI from->to",14,92
"Max Delay Variation (ms)","KPI from->to",16,113
"Max Delay Variation (ms)","KPI from->to",18,58
"Max Delay Variation (ms)","KPI from->to",20,50
"Max Delay Variation (ms)","KPI from->to",22,105
"Max Delay Variation (ms)","KPI from->to",24,65
"Max Delay Variation (ms)","KPI from->to",26,94
"Max Delay Variation (ms)","KPI from->to",28,99
"Max Delay Variation (ms)","KPI from->to",30,90
"Max Delay Variation (ms)","KPI from->to",32,57
"Max Delay Variation (ms)","KPI from->to",34,65
"Max Delay Variation (ms)","KPI from->to",36,95
"Max Delay Variation (ms)","KPI from->to",38,90
"Max Delay Variation (ms)","KPI from->to",40,61
"Max Delay Variation (ms)","KPI from->to",42,97
"Max Delay Variation (ms)","KPI from->to",44,90
"Max Delay Variation (ms)","KPI from->to",46,77
"Max Delay Variation (ms)","KPI from->to",48,97
"Max Delay Variation (ms)","KPI from->to",50,133
"Max Delay Variation (ms)","KPI from->to",52,44
"Max Delay Variation (ms)","KPI from->to",54,93
"Max Delay Variation (ms)","KPI from->to",56,125
"Max Delay Variation (ms)","KPI from->to",58,58
"Max Delay Variation (ms)","KPI from->to",60,57
"Max Delay Variation (ms)","KPI from->to",62,41
"Max Delay Variation (ms)","KPI from->to",64,57
"Max Delay Variation (ms)","KPI from->to",66,60
"Max Delay Variation (ms)","KPI from->to",68,42
"Max Delay Variation (ms)","KPI from->to",70,89
"Max Delay Variation (ms)","KPI from->to",72,10
"Max Delay Variation (ms)","KPI from->to",74,8
"Max Delay Variation (ms)","KPI from->to",76,3
"Max Delay Variation (ms)","KPI from->to",78,3
"Max Delay Variation (ms)","KPI from->to",80,8
"Max Delay Variation (ms)","KPI from->to",82,7
"Max Delay Variation (ms)","KPI from->to",84,7
"Max Delay Variation (ms)","KPI from->to",86,3
"Max Delay Variation (ms)","KPI from->to",88,4
"Max Delay Variation (ms)","KPI from->to",90,16
"Max Delay Variation (ms)","KPI from->to",92,4
"Max Delay Variation (ms)","KPI from->to",94,4
"Max Delay Variation (ms)","KPI from->to",96,3
"Max Delay Variation (ms)","KPI from->to",98,2
"Max Delay Variation (ms)","KPI from->to",100,6

Metric,"Pair Name",Timestamp,Value
MOS,"KPI from->to",2,1.86
MOS,"KPI from->to",4,1.86
MOS,"KPI from->to",6,1.41
MOS,"KPI from->to",8,1.84
MOS,"KPI from->to",10,4.36
MOS,"KPI from->to",12,2.18
MOS,"KPI from->to",14,1.35
MOS,"KPI from->to",16,2.17
MOS,"KPI from->to",18,2.79
MOS,"KPI from->to",20,1.87
MOS,"KPI from->to",22,1.87
MOS,"KPI from->to",24,1.89
MOS,"KPI from->to",26,2.17
MOS,"KPI from->to",28,1
MOS,"KPI from->to",30,1.81
MOS,"KPI from->to",32,1.93
MOS,"KPI from->to",34,1
MOS,"KPI from->to",36,2.43
MOS,"KPI from->to",38,1.35
MOS,"KPI from->to",40,2.18
MOS,"KPI from->to",42,1
MOS,"KPI from->to",44,2.14
MOS,"KPI from->to",46,1
MOS,"KPI from->to",48,2.18
MOS,"KPI from->to",50,1.87
MOS,"KPI from->to",52,1.88
MOS,"KPI from->to",54,1.42
MOS,"KPI from->to",56,2.41
MOS,"KPI from->to",58,2.42
MOS,"KPI from->to",60,1.39
MOS,"KPI from->to",62,2.8
MOS,"KPI from->to",64,1
MOS,"KPI from->to",66,1.88
MOS,"KPI from->to",68,3.49
MOS,"KPI from->to",70,3.48
MOS,"KPI from->to",72,4.36
MOS,"KPI from->to",74,4.36
MOS,"KPI from->to",76,4.36
MOS,"KPI from->to",78,4.36
MOS,"KPI from->to",80,4.37
MOS,"KPI from->to",82,4.37
MOS,"KPI from->to",84,4.36
MOS,"KPI from->to",86,4.37
MOS,"KPI from->to",88,4.37
MOS,"KPI from->to",90,4.37
MOS,"KPI from->to",92,4.37
MOS,"KPI from->to",94,4.37
MOS,"KPI from->to",96,4.37
MOS,"KPI from->to",98,4.37
MOS,"KPI from->to",100,4.37


