"Test Information",Value
"RUN ID",497
"END EXECUTION TIME","2021-05-13 15:37:21"
"SOURCE PROBE NAME",raspberrypi-AAS
"SOURCE PROBE TEST IP ADDRESS",raspberrypi-AAS
"SOURCE PROBE MANAGEMENT IP ADDRESS",raspberrypi-AAS
"SOURCE PROBE GROUP",Administrators
"DESTINATION PROBE NAME",raspberrypi-5G
"DESTINATION PROBE TEST IP ADDRESS",raspberrypi-5G
"DESTINATION PROBE MANAGEMENT IP ADDRESS",raspberrypi-5G
"DESTINATION PROBE GROUP",Administrators
"DESTINATION PROBE LOCATION",
"TEST MODULE",MESH
"TEST TYPE","Network KPI"
"TEST ADDITIONAL INFORMATION"," DSCP Setting: Best Effort"
"TEST DURATION",120
"TEST STATUS",Failed
"FAIL OR ERROR REASON"," Threshold failed on KPI from->to Jitter (ms) 
 Threshold failed on KPI from->to Jitter Max (ms) 
 Threshold failed on KPI from->to Max Delay Variation (ms) 
 Threshold failed on KPI from->to MOS 
"

Metric,"Pair Name",Value,"Threshold Type",Threshold,"Status KPI"
"Datagrams Out of Order","KPI from->to",0.0,0,>=,Passed
"Delay (ms)","KPI from->to",23.55,0,<=,Passed
"Jitter (ms)","KPI from->to",8.08,0,<=,Failed
"Jitter Max (ms)","KPI from->to",18.0,0,<=,Failed
Loss,"KPI from->to",0.0,0,<=,Passed
"Max Delay Variation (ms)","KPI from->to",178.0,0,<=,Failed
"Max loss burst","KPI from->to",0.0,0,<=,Passed
MOS,"KPI from->to",1.83,1,<=,Failed

Metric,"Pair Name",Timestamp,Value
"Delay (ms)","KPI from->to",102,29
"Delay (ms)","KPI from->to",104,24
"Delay (ms)","KPI from->to",106,19
"Delay (ms)","KPI from->to",108,17
"Delay (ms)","KPI from->to",110,22
"Delay (ms)","KPI from->to",112,20
"Delay (ms)","KPI from->to",114,34
"Delay (ms)","KPI from->to",116,32
"Delay (ms)","KPI from->to",118,28
"Delay (ms)","KPI from->to",120,24

Metric,"Pair Name",Timestamp,Value
"Max Delay Variation (ms)","KPI from->to",2,147
"Max Delay Variation (ms)","KPI from->to",4,158
"Max Delay Variation (ms)","KPI from->to",6,111
"Max Delay Variation (ms)","KPI from->to",8,97
"Max Delay Variation (ms)","KPI from->to",10,63
"Max Delay Variation (ms)","KPI from->to",12,100
"Max Delay Variation (ms)","KPI from->to",14,48
"Max Delay Variation (ms)","KPI from->to",16,107
"Max Delay Variation (ms)","KPI from->to",18,98
"Max Delay Variation (ms)","KPI from->to",20,41
"Max Delay Variation (ms)","KPI from->to",22,41
"Max Delay Variation (ms)","KPI from->to",24,134
"Max Delay Variation (ms)","KPI from->to",26,43
"Max Delay Variation (ms)","KPI from->to",28,62
"Max Delay Variation (ms)","KPI from->to",30,44
"Max Delay Variation (ms)","KPI from->to",32,95
"Max Delay Variation (ms)","KPI from->to",34,137
"Max Delay Variation (ms)","KPI from->to",36,42
"Max Delay Variation (ms)","KPI from->to",38,46
"Max Delay Variation (ms)","KPI from->to",40,99
"Max Delay Variation (ms)","KPI from->to",42,94
"Max Delay Variation (ms)","KPI from->to",44,63
"Max Delay Variation (ms)","KPI from->to",46,167
"Max Delay Variation (ms)","KPI from->to",48,98
"Max Delay Variation (ms)","KPI from->to",50,65
"Max Delay Variation (ms)","KPI from->to",52,56
"Max Delay Variation (ms)","KPI from->to",54,57
"Max Delay Variation (ms)","KPI from->to",56,40
"Max Delay Variation (ms)","KPI from->to",58,157
"Max Delay Variation (ms)","KPI from->to",60,136
"Max Delay Variation (ms)","KPI from->to",62,42
"Max Delay Variation (ms)","KPI from->to",64,43
"Max Delay Variation (ms)","KPI from->to",66,43
"Max Delay Variation (ms)","KPI from->to",68,43
"Max Delay Variation (ms)","KPI from->to",70,97
"Max Delay Variation (ms)","KPI from->to",72,97
"Max Delay Variation (ms)","KPI from->to",74,98
"Max Delay Variation (ms)","KPI from->to",76,59
"Max Delay Variation (ms)","KPI from->to",78,98
"Max Delay Variation (ms)","KPI from->to",80,97
"Max Delay Variation (ms)","KPI from->to",82,72
"Max Delay Variation (ms)","KPI from->to",84,95
"Max Delay Variation (ms)","KPI from->to",86,43
"Max Delay Variation (ms)","KPI from->to",88,43
"Max Delay Variation (ms)","KPI from->to",90,104
"Max Delay Variation (ms)","KPI from->to",92,56
"Max Delay Variation (ms)","KPI from->to",94,71
"Max Delay Variation (ms)","KPI from->to",96,55
"Max Delay Variation (ms)","KPI from->to",98,91
"Max Delay Variation (ms)","KPI from->to",100,98

Metric,"Pair Name",Timestamp,Value
"Max Delay Variation (ms)","KPI from->to",102,138
"Max Delay Variation (ms)","KPI from->to",104,50
"Max Delay Variation (ms)","KPI from->to",106,103
"Max Delay Variation (ms)","KPI from->to",108,57
"Max Delay Variation (ms)","KPI from->to",110,132
"Max Delay Variation (ms)","KPI from->to",112,42
"Max Delay Variation (ms)","KPI from->to",114,98
"Max Delay Variation (ms)","KPI from->to",116,178
"Max Delay Variation (ms)","KPI from->to",118,99
"Max Delay Variation (ms)","KPI from->to",120,98

Metric,"Pair Name",Timestamp,Value
"Delay (ms)","KPI from->to",2,27
"Delay (ms)","KPI from->to",4,27
"Delay (ms)","KPI from->to",6,23
"Delay (ms)","KPI from->to",8,30
"Delay (ms)","KPI from->to",10,24
"Delay (ms)","KPI from->to",12,27
"Delay (ms)","KPI from->to",14,22
"Delay (ms)","KPI from->to",16,23
"Delay (ms)","KPI from->to",18,22
"Delay (ms)","KPI from->to",20,19
"Delay (ms)","KPI from->to",22,19
"Delay (ms)","KPI from->to",24,37
"Delay (ms)","KPI from->to",26,19
"Delay (ms)","KPI from->to",28,22
"Delay (ms)","KPI from->to",30,22
"Delay (ms)","KPI from->to",32,22
"Delay (ms)","KPI from->to",34,27
"Delay (ms)","KPI from->to",36,18
"Delay (ms)","KPI from->to",38,20
"Delay (ms)","KPI from->to",40,27
"Delay (ms)","KPI from->to",42,25
"Delay (ms)","KPI from->to",44,21
"Delay (ms)","KPI from->to",46,27
"Delay (ms)","KPI from->to",48,26
"Delay (ms)","KPI from->to",50,20
"Delay (ms)","KPI from->to",52,23
"Delay (ms)","KPI from->to",54,22
"Delay (ms)","KPI from->to",56,19
"Delay (ms)","KPI from->to",58,32
"Delay (ms)","KPI from->to",60,24
"Delay (ms)","KPI from->to",62,18
"Delay (ms)","KPI from->to",64,22
"Delay (ms)","KPI from->to",66,17
"Delay (ms)","KPI from->to",68,20
"Delay (ms)","KPI from->to",70,24
"Delay (ms)","KPI from->to",72,21
"Delay (ms)","KPI from->to",74,23
"Delay (ms)","KPI from->to",76,22
"Delay (ms)","KPI from->to",78,25
"Delay (ms)","KPI from->to",80,23
"Delay (ms)","KPI from->to",82,28
"Delay (ms)","KPI from->to",84,29
"Delay (ms)","KPI from->to",86,25
"Delay (ms)","KPI from->to",88,23
"Delay (ms)","KPI from->to",90,27
"Delay (ms)","KPI from->to",92,23
"Delay (ms)","KPI from->to",94,20
"Delay (ms)","KPI from->to",96,15
"Delay (ms)","KPI from->to",98,21
"Delay (ms)","KPI from->to",100,22

Metric,"Pair Name",Timestamp,Value
"Jitter (ms)","KPI from->to",2,13
"Jitter (ms)","KPI from->to",4,9
"Jitter (ms)","KPI from->to",6,3
"Jitter (ms)","KPI from->to",8,11
"Jitter (ms)","KPI from->to",10,15
"Jitter (ms)","KPI from->to",12,6
"Jitter (ms)","KPI from->to",14,8
"Jitter (ms)","KPI from->to",16,12
"Jitter (ms)","KPI from->to",18,11
"Jitter (ms)","KPI from->to",20,2
"Jitter (ms)","KPI from->to",22,6
"Jitter (ms)","KPI from->to",24,13
"Jitter (ms)","KPI from->to",26,12
"Jitter (ms)","KPI from->to",28,9
"Jitter (ms)","KPI from->to",30,6
"Jitter (ms)","KPI from->to",32,4
"Jitter (ms)","KPI from->to",34,7
"Jitter (ms)","KPI from->to",36,8
"Jitter (ms)","KPI from->to",38,6
"Jitter (ms)","KPI from->to",40,8
"Jitter (ms)","KPI from->to",42,9
"Jitter (ms)","KPI from->to",44,3
"Jitter (ms)","KPI from->to",46,4
"Jitter (ms)","KPI from->to",48,12
"Jitter (ms)","KPI from->to",50,4
"Jitter (ms)","KPI from->to",52,9
"Jitter (ms)","KPI from->to",54,11
"Jitter (ms)","KPI from->to",56,4
"Jitter (ms)","KPI from->to",58,4
"Jitter (ms)","KPI from->to",60,13
"Jitter (ms)","KPI from->to",62,3
"Jitter (ms)","KPI from->to",64,5
"Jitter (ms)","KPI from->to",66,7
"Jitter (ms)","KPI from->to",68,5
"Jitter (ms)","KPI from->to",70,14
"Jitter (ms)","KPI from->to",72,11
"Jitter (ms)","KPI from->to",74,3
"Jitter (ms)","KPI from->to",76,11
"Jitter (ms)","KPI from->to",78,11
"Jitter (ms)","KPI from->to",80,4
"Jitter (ms)","KPI from->to",82,8
"Jitter (ms)","KPI from->to",84,7
"Jitter (ms)","KPI from->to",86,2
"Jitter (ms)","KPI from->to",88,6
"Jitter (ms)","KPI from->to",90,8
"Jitter (ms)","KPI from->to",92,9
"Jitter (ms)","KPI from->to",94,6
"Jitter (ms)","KPI from->to",96,7
"Jitter (ms)","KPI from->to",98,9
"Jitter (ms)","KPI from->to",100,16

Metric,"Pair Name",Timestamp,Value
"Jitter (ms)","KPI from->to",102,9
"Jitter (ms)","KPI from->to",104,9
"Jitter (ms)","KPI from->to",106,5
"Jitter (ms)","KPI from->to",108,11
"Jitter (ms)","KPI from->to",110,8
"Jitter (ms)","KPI from->to",112,5
"Jitter (ms)","KPI from->to",114,18
"Jitter (ms)","KPI from->to",116,10
"Jitter (ms)","KPI from->to",118,11
"Jitter (ms)","KPI from->to",120,5

Metric,"Pair Name",Timestamp,Value
Loss,"KPI from->to",2,0
Loss,"KPI from->to",4,0
Loss,"KPI from->to",6,0
Loss,"KPI from->to",8,0
Loss,"KPI from->to",10,0
Loss,"KPI from->to",12,0
Loss,"KPI from->to",14,0
Loss,"KPI from->to",16,0
Loss,"KPI from->to",18,0
Loss,"KPI from->to",20,0
Loss,"KPI from->to",22,0
Loss,"KPI from->to",24,0
Loss,"KPI from->to",26,0
Loss,"KPI from->to",28,0
Loss,"KPI from->to",30,0
Loss,"KPI from->to",32,0
Loss,"KPI from->to",34,0
Loss,"KPI from->to",36,0
Loss,"KPI from->to",38,0
Loss,"KPI from->to",40,0
Loss,"KPI from->to",42,0
Loss,"KPI from->to",44,0
Loss,"KPI from->to",46,0
Loss,"KPI from->to",48,0
Loss,"KPI from->to",50,0
Loss,"KPI from->to",52,0
Loss,"KPI from->to",54,0
Loss,"KPI from->to",56,0
Loss,"KPI from->to",58,0
Loss,"KPI from->to",60,0
Loss,"KPI from->to",62,0
Loss,"KPI from->to",64,0
Loss,"KPI from->to",66,0
Loss,"KPI from->to",68,0
Loss,"KPI from->to",70,0
Loss,"KPI from->to",72,0
Loss,"KPI from->to",74,0
Loss,"KPI from->to",76,0
Loss,"KPI from->to",78,0
Loss,"KPI from->to",80,0
Loss,"KPI from->to",82,0
Loss,"KPI from->to",84,0
Loss,"KPI from->to",86,0
Loss,"KPI from->to",88,0
Loss,"KPI from->to",90,0
Loss,"KPI from->to",92,0
Loss,"KPI from->to",94,0
Loss,"KPI from->to",96,0
Loss,"KPI from->to",98,0
Loss,"KPI from->to",100,0

Metric,"Pair Name",Timestamp,Value
Loss,"KPI from->to",102,0
Loss,"KPI from->to",104,0
Loss,"KPI from->to",106,0
Loss,"KPI from->to",108,0
Loss,"KPI from->to",110,0
Loss,"KPI from->to",112,0
Loss,"KPI from->to",114,0
Loss,"KPI from->to",116,0
Loss,"KPI from->to",118,0
Loss,"KPI from->to",120,0

Metric,"Pair Name",Timestamp,Value
MOS,"KPI from->to",2,2.41
MOS,"KPI from->to",4,2.17
MOS,"KPI from->to",6,2.18
MOS,"KPI from->to",8,1.28
MOS,"KPI from->to",10,2.19
MOS,"KPI from->to",12,1.41
MOS,"KPI from->to",14,2.41
MOS,"KPI from->to",16,2.17
MOS,"KPI from->to",18,2.17
MOS,"KPI from->to",20,3.48
MOS,"KPI from->to",22,2.42
MOS,"KPI from->to",24,1
MOS,"KPI from->to",26,2.41
MOS,"KPI from->to",28,1
MOS,"KPI from->to",30,1.42
MOS,"KPI from->to",32,2.41
MOS,"KPI from->to",34,2.17
MOS,"KPI from->to",36,2.8
MOS,"KPI from->to",38,2.39
MOS,"KPI from->to",40,1.45
MOS,"KPI from->to",42,1.42
MOS,"KPI from->to",44,2.78
MOS,"KPI from->to",46,2.17
MOS,"KPI from->to",48,1
MOS,"KPI from->to",50,2.78
MOS,"KPI from->to",52,1.38
MOS,"KPI from->to",54,1.89
MOS,"KPI from->to",56,4.36
MOS,"KPI from->to",58,1.31
MOS,"KPI from->to",60,2.21
MOS,"KPI from->to",62,2.17
MOS,"KPI from->to",64,1
MOS,"KPI from->to",66,2.18
MOS,"KPI from->to",68,1.85
MOS,"KPI from->to",70,1.42
MOS,"KPI from->to",72,1
MOS,"KPI from->to",74,1.38
MOS,"KPI from->to",76,1.87
MOS,"KPI from->to",78,1.42
MOS,"KPI from->to",80,2.16
MOS,"KPI from->to",82,1
MOS,"KPI from->to",84,1
MOS,"KPI from->to",86,1.94
MOS,"KPI from->to",88,1.87
MOS,"KPI from->to",90,1.41
MOS,"KPI from->to",92,2.39
MOS,"KPI from->to",94,1.45
MOS,"KPI from->to",96,1.79
MOS,"KPI from->to",98,1.51
MOS,"KPI from->to",100,1

Metric,"Pair Name",Timestamp,Value
MOS,"KPI from->to",102,1
MOS,"KPI from->to",104,1.1
MOS,"KPI from->to",106,1.39
MOS,"KPI from->to",108,1.85
MOS,"KPI from->to",110,1.89
MOS,"KPI from->to",112,2.79
MOS,"KPI from->to",114,1
MOS,"KPI from->to",116,1.44
MOS,"KPI from->to",118,1
MOS,"KPI from->to",120,1.73


