"Test Information",Value
"RUN ID",497
"END EXECUTION TIME","2021-05-13 16:01:41"
"SOURCE PROBE NAME",andreas
"SOURCE PROBE TEST IP ADDRESS",andreas
"SOURCE PROBE MANAGEMENT IP ADDRESS",andreas
"SOURCE PROBE GROUP",Administrators
"DESTINATION PROBE NAME",raspberrypi-AAS
"DESTINATION PROBE TEST IP ADDRESS",raspberrypi-AAS
"DESTINATION PROBE MANAGEMENT IP ADDRESS",raspberrypi-AAS
"DESTINATION PROBE GROUP",Administrators
"DESTINATION PROBE LOCATION",
"TEST MODULE",MESH
"TEST TYPE","Network KPI"
"TEST ADDITIONAL INFORMATION"," DSCP Setting: Best Effort"
"TEST DURATION",120
"TEST STATUS",Failed
"FAIL OR ERROR REASON"," Threshold failed on KPI from->to Jitter Max (ms) 
 Threshold failed on KPI from->to Max Delay Variation (ms) 
"

Metric,"Pair Name",Value,"Threshold Type",Threshold,"Status KPI"
"Datagrams Out of Order","KPI from->to",0.0,0,>=,Passed
"Delay (ms)","KPI from->to",27.25,0,<=,Passed
"Jitter (ms)","KPI from->to",0.83,0,<=,Passed
"Jitter Max (ms)","KPI from->to",19.0,0,<=,Failed
Loss,"KPI from->to",0.05,0,<=,Passed
"Max Delay Variation (ms)","KPI from->to",132.0,0,<=,Failed
"Max loss burst","KPI from->to",1.0,0,<=,Passed
MOS,"KPI from->to",4.1,1,<=,Passed

Metric,"Pair Name",Timestamp,Value
MOS,"KPI from->to",2,4.36
MOS,"KPI from->to",4,4.36
MOS,"KPI from->to",6,3.47
MOS,"KPI from->to",8,4.36
MOS,"KPI from->to",10,4.36
MOS,"KPI from->to",12,4.36
MOS,"KPI from->to",14,4.36
MOS,"KPI from->to",16,4.36
MOS,"KPI from->to",18,3.47
MOS,"KPI from->to",20,4.36
MOS,"KPI from->to",22,4.36
MOS,"KPI from->to",24,4.36
MOS,"KPI from->to",26,4.36
MOS,"KPI from->to",28,4.36
MOS,"KPI from->to",30,4.36
MOS,"KPI from->to",32,2.35
MOS,"KPI from->to",34,1
MOS,"KPI from->to",36,1
MOS,"KPI from->to",38,4.36
MOS,"KPI from->to",40,3.47
MOS,"KPI from->to",42,4.36
MOS,"KPI from->to",44,4.36
MOS,"KPI from->to",46,4.36
MOS,"KPI from->to",48,4.36
MOS,"KPI from->to",50,3.46
MOS,"KPI from->to",52,4.36
MOS,"KPI from->to",54,4.36
MOS,"KPI from->to",56,4.36
MOS,"KPI from->to",58,4.36
MOS,"KPI from->to",60,4.36
MOS,"KPI from->to",62,3.46
MOS,"KPI from->to",64,4.36
MOS,"KPI from->to",66,4.36
MOS,"KPI from->to",68,4.36
MOS,"KPI from->to",70,4.36
MOS,"KPI from->to",72,4.36
MOS,"KPI from->to",74,3.47
MOS,"KPI from->to",76,4.36
MOS,"KPI from->to",78,4.36
MOS,"KPI from->to",80,4.36
MOS,"KPI from->to",82,4.36
MOS,"KPI from->to",84,4.36
MOS,"KPI from->to",86,4.36
MOS,"KPI from->to",88,4.36
MOS,"KPI from->to",90,4.36
MOS,"KPI from->to",92,4.36
MOS,"KPI from->to",94,4.36
MOS,"KPI from->to",96,3.47
MOS,"KPI from->to",98,4.36
MOS,"KPI from->to",100,4.36

Metric,"Pair Name",Timestamp,Value
"Delay (ms)","KPI from->to",2,29
"Delay (ms)","KPI from->to",4,30
"Delay (ms)","KPI from->to",6,31
"Delay (ms)","KPI from->to",8,30
"Delay (ms)","KPI from->to",10,30
"Delay (ms)","KPI from->to",12,30
"Delay (ms)","KPI from->to",14,30
"Delay (ms)","KPI from->to",16,30
"Delay (ms)","KPI from->to",18,31
"Delay (ms)","KPI from->to",20,30
"Delay (ms)","KPI from->to",22,30
"Delay (ms)","KPI from->to",24,30
"Delay (ms)","KPI from->to",26,30
"Delay (ms)","KPI from->to",28,31
"Delay (ms)","KPI from->to",30,30
"Delay (ms)","KPI from->to",32,46
"Delay (ms)","KPI from->to",34,64
"Delay (ms)","KPI from->to",36,54
"Delay (ms)","KPI from->to",38,30
"Delay (ms)","KPI from->to",40,31
"Delay (ms)","KPI from->to",42,30
"Delay (ms)","KPI from->to",44,30
"Delay (ms)","KPI from->to",46,30
"Delay (ms)","KPI from->to",48,30
"Delay (ms)","KPI from->to",50,31
"Delay (ms)","KPI from->to",52,30
"Delay (ms)","KPI from->to",54,30
"Delay (ms)","KPI from->to",56,30
"Delay (ms)","KPI from->to",58,30
"Delay (ms)","KPI from->to",60,30
"Delay (ms)","KPI from->to",62,32
"Delay (ms)","KPI from->to",64,31
"Delay (ms)","KPI from->to",66,30
"Delay (ms)","KPI from->to",68,30
"Delay (ms)","KPI from->to",70,30
"Delay (ms)","KPI from->to",72,30
"Delay (ms)","KPI from->to",74,31
"Delay (ms)","KPI from->to",76,30
"Delay (ms)","KPI from->to",78,30
"Delay (ms)","KPI from->to",80,30
"Delay (ms)","KPI from->to",82,30
"Delay (ms)","KPI from->to",84,31
"Delay (ms)","KPI from->to",86,30
"Delay (ms)","KPI from->to",88,31
"Delay (ms)","KPI from->to",90,30
"Delay (ms)","KPI from->to",92,31
"Delay (ms)","KPI from->to",94,30
"Delay (ms)","KPI from->to",96,32
"Delay (ms)","KPI from->to",98,30
"Delay (ms)","KPI from->to",100,30

Metric,"Pair Name",Timestamp,Value
"Delay (ms)","KPI from->to",102,30
"Delay (ms)","KPI from->to",104,2
"Delay (ms)","KPI from->to",106,2
"Delay (ms)","KPI from->to",108,2
"Delay (ms)","KPI from->to",110,2
"Delay (ms)","KPI from->to",112,2
"Delay (ms)","KPI from->to",114,2
"Delay (ms)","KPI from->to",116,2
"Delay (ms)","KPI from->to",118,2
"Delay (ms)","KPI from->to",120,2

Metric,"Pair Name",Timestamp,Value
"Jitter (ms)","KPI from->to",2,0
"Jitter (ms)","KPI from->to",4,0
"Jitter (ms)","KPI from->to",6,0
"Jitter (ms)","KPI from->to",8,0
"Jitter (ms)","KPI from->to",10,0
"Jitter (ms)","KPI from->to",12,0
"Jitter (ms)","KPI from->to",14,0
"Jitter (ms)","KPI from->to",16,0
"Jitter (ms)","KPI from->to",18,0
"Jitter (ms)","KPI from->to",20,0
"Jitter (ms)","KPI from->to",22,0
"Jitter (ms)","KPI from->to",24,0
"Jitter (ms)","KPI from->to",26,0
"Jitter (ms)","KPI from->to",28,0
"Jitter (ms)","KPI from->to",30,0
"Jitter (ms)","KPI from->to",32,18
"Jitter (ms)","KPI from->to",34,19
"Jitter (ms)","KPI from->to",36,4
"Jitter (ms)","KPI from->to",38,0
"Jitter (ms)","KPI from->to",40,0
"Jitter (ms)","KPI from->to",42,0
"Jitter (ms)","KPI from->to",44,0
"Jitter (ms)","KPI from->to",46,0
"Jitter (ms)","KPI from->to",48,0
"Jitter (ms)","KPI from->to",50,2
"Jitter (ms)","KPI from->to",52,0
"Jitter (ms)","KPI from->to",54,0
"Jitter (ms)","KPI from->to",56,0
"Jitter (ms)","KPI from->to",58,0
"Jitter (ms)","KPI from->to",60,0
"Jitter (ms)","KPI from->to",62,1
"Jitter (ms)","KPI from->to",64,0
"Jitter (ms)","KPI from->to",66,0
"Jitter (ms)","KPI from->to",68,0
"Jitter (ms)","KPI from->to",70,0
"Jitter (ms)","KPI from->to",72,0
"Jitter (ms)","KPI from->to",74,0
"Jitter (ms)","KPI from->to",76,0
"Jitter (ms)","KPI from->to",78,0
"Jitter (ms)","KPI from->to",80,0
"Jitter (ms)","KPI from->to",82,0
"Jitter (ms)","KPI from->to",84,1
"Jitter (ms)","KPI from->to",86,0
"Jitter (ms)","KPI from->to",88,0
"Jitter (ms)","KPI from->to",90,0
"Jitter (ms)","KPI from->to",92,0
"Jitter (ms)","KPI from->to",94,0
"Jitter (ms)","KPI from->to",96,1
"Jitter (ms)","KPI from->to",98,0
"Jitter (ms)","KPI from->to",100,0

Metric,"Pair Name",Timestamp,Value
"Jitter (ms)","KPI from->to",102,1
"Jitter (ms)","KPI from->to",104,0
"Jitter (ms)","KPI from->to",106,2
"Jitter (ms)","KPI from->to",108,0
"Jitter (ms)","KPI from->to",110,0
"Jitter (ms)","KPI from->to",112,0
"Jitter (ms)","KPI from->to",114,0
"Jitter (ms)","KPI from->to",116,0
"Jitter (ms)","KPI from->to",118,1
"Jitter (ms)","KPI from->to",120,0

Metric,"Pair Name",Timestamp,Value
Loss,"KPI from->to",2,0
Loss,"KPI from->to",4,0
Loss,"KPI from->to",6,0.99009900990099
Loss,"KPI from->to",8,0
Loss,"KPI from->to",10,0
Loss,"KPI from->to",12,0
Loss,"KPI from->to",14,0
Loss,"KPI from->to",16,0
Loss,"KPI from->to",18,0.99009900990099
Loss,"KPI from->to",20,0
Loss,"KPI from->to",22,0
Loss,"KPI from->to",24,0
Loss,"KPI from->to",26,0
Loss,"KPI from->to",28,0
Loss,"KPI from->to",30,0
Loss,"KPI from->to",32,0
Loss,"KPI from->to",34,0
Loss,"KPI from->to",36,0
Loss,"KPI from->to",38,0
Loss,"KPI from->to",40,0
Loss,"KPI from->to",42,0
Loss,"KPI from->to",44,0
Loss,"KPI from->to",46,0
Loss,"KPI from->to",48,0
Loss,"KPI from->to",50,0
Loss,"KPI from->to",52,0
Loss,"KPI from->to",54,0
Loss,"KPI from->to",56,0
Loss,"KPI from->to",58,0
Loss,"KPI from->to",60,0
Loss,"KPI from->to",62,0
Loss,"KPI from->to",64,0
Loss,"KPI from->to",66,0
Loss,"KPI from->to",68,0
Loss,"KPI from->to",70,0
Loss,"KPI from->to",72,0
Loss,"KPI from->to",74,0
Loss,"KPI from->to",76,0
Loss,"KPI from->to",78,0
Loss,"KPI from->to",80,0
Loss,"KPI from->to",82,0
Loss,"KPI from->to",84,0
Loss,"KPI from->to",86,0
Loss,"KPI from->to",88,0
Loss,"KPI from->to",90,0
Loss,"KPI from->to",92,0
Loss,"KPI from->to",94,0
Loss,"KPI from->to",96,0
Loss,"KPI from->to",98,0
Loss,"KPI from->to",100,0

Metric,"Pair Name",Timestamp,Value
Loss,"KPI from->to",102,0
Loss,"KPI from->to",104,0
Loss,"KPI from->to",106,1
Loss,"KPI from->to",108,0
Loss,"KPI from->to",110,0
Loss,"KPI from->to",112,0
Loss,"KPI from->to",114,0
Loss,"KPI from->to",116,0
Loss,"KPI from->to",118,0
Loss,"KPI from->to",120,0

Metric,"Pair Name",Timestamp,Value
"Max Delay Variation (ms)","KPI from->to",2,2
"Max Delay Variation (ms)","KPI from->to",4,3
"Max Delay Variation (ms)","KPI from->to",6,24
"Max Delay Variation (ms)","KPI from->to",8,2
"Max Delay Variation (ms)","KPI from->to",10,1
"Max Delay Variation (ms)","KPI from->to",12,2
"Max Delay Variation (ms)","KPI from->to",14,4
"Max Delay Variation (ms)","KPI from->to",16,3
"Max Delay Variation (ms)","KPI from->to",18,37
"Max Delay Variation (ms)","KPI from->to",20,1
"Max Delay Variation (ms)","KPI from->to",22,1
"Max Delay Variation (ms)","KPI from->to",24,14
"Max Delay Variation (ms)","KPI from->to",26,1
"Max Delay Variation (ms)","KPI from->to",28,37
"Max Delay Variation (ms)","KPI from->to",30,1
"Max Delay Variation (ms)","KPI from->to",32,132
"Max Delay Variation (ms)","KPI from->to",34,115
"Max Delay Variation (ms)","KPI from->to",36,118
"Max Delay Variation (ms)","KPI from->to",38,1
"Max Delay Variation (ms)","KPI from->to",40,43
"Max Delay Variation (ms)","KPI from->to",42,1
"Max Delay Variation (ms)","KPI from->to",44,1
"Max Delay Variation (ms)","KPI from->to",46,1
"Max Delay Variation (ms)","KPI from->to",48,1
"Max Delay Variation (ms)","KPI from->to",50,41
"Max Delay Variation (ms)","KPI from->to",52,1
"Max Delay Variation (ms)","KPI from->to",54,1
"Max Delay Variation (ms)","KPI from->to",56,1
"Max Delay Variation (ms)","KPI from->to",58,2
"Max Delay Variation (ms)","KPI from->to",60,1
"Max Delay Variation (ms)","KPI from->to",62,54
"Max Delay Variation (ms)","KPI from->to",64,6
"Max Delay Variation (ms)","KPI from->to",66,6
"Max Delay Variation (ms)","KPI from->to",68,1
"Max Delay Variation (ms)","KPI from->to",70,1
"Max Delay Variation (ms)","KPI from->to",72,1
"Max Delay Variation (ms)","KPI from->to",74,20
"Max Delay Variation (ms)","KPI from->to",76,2
"Max Delay Variation (ms)","KPI from->to",78,1
"Max Delay Variation (ms)","KPI from->to",80,2
"Max Delay Variation (ms)","KPI from->to",82,1
"Max Delay Variation (ms)","KPI from->to",84,39
"Max Delay Variation (ms)","KPI from->to",86,1
"Max Delay Variation (ms)","KPI from->to",88,2
"Max Delay Variation (ms)","KPI from->to",90,1
"Max Delay Variation (ms)","KPI from->to",92,20
"Max Delay Variation (ms)","KPI from->to",94,2
"Max Delay Variation (ms)","KPI from->to",96,53
"Max Delay Variation (ms)","KPI from->to",98,1
"Max Delay Variation (ms)","KPI from->to",100,1

Metric,"Pair Name",Timestamp,Value
"Max Delay Variation (ms)","KPI from->to",102,14
"Max Delay Variation (ms)","KPI from->to",104,2
"Max Delay Variation (ms)","KPI from->to",106,28
"Max Delay Variation (ms)","KPI from->to",108,2
"Max Delay Variation (ms)","KPI from->to",110,5
"Max Delay Variation (ms)","KPI from->to",112,1
"Max Delay Variation (ms)","KPI from->to",114,2
"Max Delay Variation (ms)","KPI from->to",116,2
"Max Delay Variation (ms)","KPI from->to",118,18
"Max Delay Variation (ms)","KPI from->to",120,4

Metric,"Pair Name",Timestamp,Value
MOS,"KPI from->to",102,4.36
MOS,"KPI from->to",104,4.37
MOS,"KPI from->to",106,3.5
MOS,"KPI from->to",108,4.37
MOS,"KPI from->to",110,4.37
MOS,"KPI from->to",112,4.37
MOS,"KPI from->to",114,4.37
MOS,"KPI from->to",116,4.37
MOS,"KPI from->to",118,4.37
MOS,"KPI from->to",120,4.37


