"Test Information",Value
"RUN ID",497
"END EXECUTION TIME","2021-05-13 15:46:12"
"SOURCE PROBE NAME",raspberrypi-AAS
"SOURCE PROBE TEST IP ADDRESS",raspberrypi-AAS
"SOURCE PROBE MANAGEMENT IP ADDRESS",raspberrypi-AAS
"SOURCE PROBE GROUP",Administrators
"DESTINATION PROBE NAME",raspberrypi-5G
"DESTINATION PROBE TEST IP ADDRESS",raspberrypi-5G
"DESTINATION PROBE MANAGEMENT IP ADDRESS",raspberrypi-5G
"DESTINATION PROBE GROUP",Administrators
"DESTINATION PROBE LOCATION",
"TEST MODULE",MESH
"TEST TYPE","Network KPI"
"TEST ADDITIONAL INFORMATION"," DSCP Setting: Best Effort"
"TEST DURATION",120
"TEST STATUS",Failed
"FAIL OR ERROR REASON"," Threshold failed on KPI from->to Jitter (ms) 
 Threshold failed on KPI from->to Jitter Max (ms) 
 Threshold failed on KPI from->to Max Delay Variation (ms) 
 Threshold failed on KPI from->to MOS 
"

Metric,"Pair Name",Value,"Threshold Type",Threshold,"Status KPI"
"Datagrams Out of Order","KPI from->to",0.0,0,>=,Passed
"Delay (ms)","KPI from->to",18.08,0,<=,Passed
"Jitter (ms)","KPI from->to",7.45,0,<=,Failed
"Jitter Max (ms)","KPI from->to",19.0,0,<=,Failed
Loss,"KPI from->to",0.0,0,<=,Passed
"Max Delay Variation (ms)","KPI from->to",154.0,0,<=,Failed
"Max loss burst","KPI from->to",0.0,0,<=,Passed
MOS,"KPI from->to",1.64,1,<=,Failed

Metric,"Pair Name",Timestamp,Value
MOS,"KPI from->to",102,1
MOS,"KPI from->to",104,2.18
MOS,"KPI from->to",106,1
MOS,"KPI from->to",108,2.18
MOS,"KPI from->to",110,2.42
MOS,"KPI from->to",112,2.17
MOS,"KPI from->to",114,1.89
MOS,"KPI from->to",116,1
MOS,"KPI from->to",118,2.18
MOS,"KPI from->to",120,1.84

Metric,"Pair Name",Timestamp,Value
"Delay (ms)","KPI from->to",102,23
"Delay (ms)","KPI from->to",104,22
"Delay (ms)","KPI from->to",106,23
"Delay (ms)","KPI from->to",108,19
"Delay (ms)","KPI from->to",110,17
"Delay (ms)","KPI from->to",112,21
"Delay (ms)","KPI from->to",114,19
"Delay (ms)","KPI from->to",116,24
"Delay (ms)","KPI from->to",118,24
"Delay (ms)","KPI from->to",120,29

Metric,"Pair Name",Timestamp,Value
"Delay (ms)","KPI from->to",2,10
"Delay (ms)","KPI from->to",4,11
"Delay (ms)","KPI from->to",6,11
"Delay (ms)","KPI from->to",8,13
"Delay (ms)","KPI from->to",10,13
"Delay (ms)","KPI from->to",12,10
"Delay (ms)","KPI from->to",14,18
"Delay (ms)","KPI from->to",16,17
"Delay (ms)","KPI from->to",18,12
"Delay (ms)","KPI from->to",20,11
"Delay (ms)","KPI from->to",22,17
"Delay (ms)","KPI from->to",24,11
"Delay (ms)","KPI from->to",26,14
"Delay (ms)","KPI from->to",28,16
"Delay (ms)","KPI from->to",30,15
"Delay (ms)","KPI from->to",32,10
"Delay (ms)","KPI from->to",34,13
"Delay (ms)","KPI from->to",36,11
"Delay (ms)","KPI from->to",38,8
"Delay (ms)","KPI from->to",40,22
"Delay (ms)","KPI from->to",42,19
"Delay (ms)","KPI from->to",44,32
"Delay (ms)","KPI from->to",46,29
"Delay (ms)","KPI from->to",48,23
"Delay (ms)","KPI from->to",50,26
"Delay (ms)","KPI from->to",52,26
"Delay (ms)","KPI from->to",54,24
"Delay (ms)","KPI from->to",56,20
"Delay (ms)","KPI from->to",58,25
"Delay (ms)","KPI from->to",60,22
"Delay (ms)","KPI from->to",62,22
"Delay (ms)","KPI from->to",64,23
"Delay (ms)","KPI from->to",66,23
"Delay (ms)","KPI from->to",68,25
"Delay (ms)","KPI from->to",70,9
"Delay (ms)","KPI from->to",72,13
"Delay (ms)","KPI from->to",74,12
"Delay (ms)","KPI from->to",76,20
"Delay (ms)","KPI from->to",78,13
"Delay (ms)","KPI from->to",80,8
"Delay (ms)","KPI from->to",82,10
"Delay (ms)","KPI from->to",84,17
"Delay (ms)","KPI from->to",86,22
"Delay (ms)","KPI from->to",88,24
"Delay (ms)","KPI from->to",90,16
"Delay (ms)","KPI from->to",92,19
"Delay (ms)","KPI from->to",94,20
"Delay (ms)","KPI from->to",96,17
"Delay (ms)","KPI from->to",98,22
"Delay (ms)","KPI from->to",100,20

Metric,"Pair Name",Timestamp,Value
"Jitter (ms)","KPI from->to",102,13
"Jitter (ms)","KPI from->to",104,2
"Jitter (ms)","KPI from->to",106,12
"Jitter (ms)","KPI from->to",108,8
"Jitter (ms)","KPI from->to",110,6
"Jitter (ms)","KPI from->to",112,11
"Jitter (ms)","KPI from->to",114,7
"Jitter (ms)","KPI from->to",116,13
"Jitter (ms)","KPI from->to",118,10
"Jitter (ms)","KPI from->to",120,13

Metric,"Pair Name",Timestamp,Value
"Max Delay Variation (ms)","KPI from->to",2,82
"Max Delay Variation (ms)","KPI from->to",4,43
"Max Delay Variation (ms)","KPI from->to",6,58
"Max Delay Variation (ms)","KPI from->to",8,90
"Max Delay Variation (ms)","KPI from->to",10,72
"Max Delay Variation (ms)","KPI from->to",12,57
"Max Delay Variation (ms)","KPI from->to",14,98
"Max Delay Variation (ms)","KPI from->to",16,117
"Max Delay Variation (ms)","KPI from->to",18,120
"Max Delay Variation (ms)","KPI from->to",20,75
"Max Delay Variation (ms)","KPI from->to",22,57
"Max Delay Variation (ms)","KPI from->to",24,64
"Max Delay Variation (ms)","KPI from->to",26,79
"Max Delay Variation (ms)","KPI from->to",28,97
"Max Delay Variation (ms)","KPI from->to",30,136
"Max Delay Variation (ms)","KPI from->to",32,65
"Max Delay Variation (ms)","KPI from->to",34,98
"Max Delay Variation (ms)","KPI from->to",36,127
"Max Delay Variation (ms)","KPI from->to",38,45
"Max Delay Variation (ms)","KPI from->to",40,96
"Max Delay Variation (ms)","KPI from->to",42,43
"Max Delay Variation (ms)","KPI from->to",44,154
"Max Delay Variation (ms)","KPI from->to",46,106
"Max Delay Variation (ms)","KPI from->to",48,57
"Max Delay Variation (ms)","KPI from->to",50,93
"Max Delay Variation (ms)","KPI from->to",52,97
"Max Delay Variation (ms)","KPI from->to",54,99
"Max Delay Variation (ms)","KPI from->to",56,44
"Max Delay Variation (ms)","KPI from->to",58,89
"Max Delay Variation (ms)","KPI from->to",60,138
"Max Delay Variation (ms)","KPI from->to",62,58
"Max Delay Variation (ms)","KPI from->to",64,97
"Max Delay Variation (ms)","KPI from->to",66,88
"Max Delay Variation (ms)","KPI from->to",68,96
"Max Delay Variation (ms)","KPI from->to",70,48
"Max Delay Variation (ms)","KPI from->to",72,137
"Max Delay Variation (ms)","KPI from->to",74,94
"Max Delay Variation (ms)","KPI from->to",76,97
"Max Delay Variation (ms)","KPI from->to",78,95
"Max Delay Variation (ms)","KPI from->to",80,42
"Max Delay Variation (ms)","KPI from->to",82,59
"Max Delay Variation (ms)","KPI from->to",84,97
"Max Delay Variation (ms)","KPI from->to",86,97
"Max Delay Variation (ms)","KPI from->to",88,115
"Max Delay Variation (ms)","KPI from->to",90,58
"Max Delay Variation (ms)","KPI from->to",92,97
"Max Delay Variation (ms)","KPI from->to",94,97
"Max Delay Variation (ms)","KPI from->to",96,55
"Max Delay Variation (ms)","KPI from->to",98,77
"Max Delay Variation (ms)","KPI from->to",100,57

Metric,"Pair Name",Timestamp,Value
"Jitter (ms)","KPI from->to",2,1
"Jitter (ms)","KPI from->to",4,6
"Jitter (ms)","KPI from->to",6,7
"Jitter (ms)","KPI from->to",8,8
"Jitter (ms)","KPI from->to",10,4
"Jitter (ms)","KPI from->to",12,6
"Jitter (ms)","KPI from->to",14,5
"Jitter (ms)","KPI from->to",16,10
"Jitter (ms)","KPI from->to",18,5
"Jitter (ms)","KPI from->to",20,6
"Jitter (ms)","KPI from->to",22,7
"Jitter (ms)","KPI from->to",24,10
"Jitter (ms)","KPI from->to",26,4
"Jitter (ms)","KPI from->to",28,9
"Jitter (ms)","KPI from->to",30,3
"Jitter (ms)","KPI from->to",32,5
"Jitter (ms)","KPI from->to",34,3
"Jitter (ms)","KPI from->to",36,1
"Jitter (ms)","KPI from->to",38,2
"Jitter (ms)","KPI from->to",40,11
"Jitter (ms)","KPI from->to",42,11
"Jitter (ms)","KPI from->to",44,4
"Jitter (ms)","KPI from->to",46,9
"Jitter (ms)","KPI from->to",48,3
"Jitter (ms)","KPI from->to",50,4
"Jitter (ms)","KPI from->to",52,5
"Jitter (ms)","KPI from->to",54,11
"Jitter (ms)","KPI from->to",56,2
"Jitter (ms)","KPI from->to",58,8
"Jitter (ms)","KPI from->to",60,5
"Jitter (ms)","KPI from->to",62,4
"Jitter (ms)","KPI from->to",64,5
"Jitter (ms)","KPI from->to",66,13
"Jitter (ms)","KPI from->to",68,7
"Jitter (ms)","KPI from->to",70,5
"Jitter (ms)","KPI from->to",72,6
"Jitter (ms)","KPI from->to",74,2
"Jitter (ms)","KPI from->to",76,18
"Jitter (ms)","KPI from->to",78,17
"Jitter (ms)","KPI from->to",80,2
"Jitter (ms)","KPI from->to",82,5
"Jitter (ms)","KPI from->to",84,19
"Jitter (ms)","KPI from->to",86,13
"Jitter (ms)","KPI from->to",88,14
"Jitter (ms)","KPI from->to",90,7
"Jitter (ms)","KPI from->to",92,9
"Jitter (ms)","KPI from->to",94,3
"Jitter (ms)","KPI from->to",96,7
"Jitter (ms)","KPI from->to",98,11
"Jitter (ms)","KPI from->to",100,10

Metric,"Pair Name",Timestamp,Value
Loss,"KPI from->to",2,0
Loss,"KPI from->to",4,0
Loss,"KPI from->to",6,0
Loss,"KPI from->to",8,0
Loss,"KPI from->to",10,0
Loss,"KPI from->to",12,0
Loss,"KPI from->to",14,0
Loss,"KPI from->to",16,0
Loss,"KPI from->to",18,0
Loss,"KPI from->to",20,0
Loss,"KPI from->to",22,0
Loss,"KPI from->to",24,0
Loss,"KPI from->to",26,0
Loss,"KPI from->to",28,0
Loss,"KPI from->to",30,0
Loss,"KPI from->to",32,0
Loss,"KPI from->to",34,0
Loss,"KPI from->to",36,0
Loss,"KPI from->to",38,0
Loss,"KPI from->to",40,0
Loss,"KPI from->to",42,0
Loss,"KPI from->to",44,0
Loss,"KPI from->to",46,0
Loss,"KPI from->to",48,0
Loss,"KPI from->to",50,0
Loss,"KPI from->to",52,0
Loss,"KPI from->to",54,0
Loss,"KPI from->to",56,0
Loss,"KPI from->to",58,0
Loss,"KPI from->to",60,0
Loss,"KPI from->to",62,0
Loss,"KPI from->to",64,0
Loss,"KPI from->to",66,0
Loss,"KPI from->to",68,0
Loss,"KPI from->to",70,0
Loss,"KPI from->to",72,0
Loss,"KPI from->to",74,0
Loss,"KPI from->to",76,0
Loss,"KPI from->to",78,0
Loss,"KPI from->to",80,0
Loss,"KPI from->to",82,0
Loss,"KPI from->to",84,0
Loss,"KPI from->to",86,0
Loss,"KPI from->to",88,0
Loss,"KPI from->to",90,0
Loss,"KPI from->to",92,0
Loss,"KPI from->to",94,0
Loss,"KPI from->to",96,0
Loss,"KPI from->to",98,0
Loss,"KPI from->to",100,0

Metric,"Pair Name",Timestamp,Value
Loss,"KPI from->to",102,0
Loss,"KPI from->to",104,0
Loss,"KPI from->to",106,0
Loss,"KPI from->to",108,0
Loss,"KPI from->to",110,0
Loss,"KPI from->to",112,0
Loss,"KPI from->to",114,0
Loss,"KPI from->to",116,0
Loss,"KPI from->to",118,0
Loss,"KPI from->to",120,0

Metric,"Pair Name",Timestamp,Value
"Max Delay Variation (ms)","KPI from->to",102,84
"Max Delay Variation (ms)","KPI from->to",104,138
"Max Delay Variation (ms)","KPI from->to",106,99
"Max Delay Variation (ms)","KPI from->to",108,62
"Max Delay Variation (ms)","KPI from->to",110,89
"Max Delay Variation (ms)","KPI from->to",112,95
"Max Delay Variation (ms)","KPI from->to",114,80
"Max Delay Variation (ms)","KPI from->to",116,65
"Max Delay Variation (ms)","KPI from->to",118,115
"Max Delay Variation (ms)","KPI from->to",120,131

Metric,"Pair Name",Timestamp,Value
MOS,"KPI from->to",2,2.43
MOS,"KPI from->to",4,1.88
MOS,"KPI from->to",6,1.9
MOS,"KPI from->to",8,1
MOS,"KPI from->to",10,1
MOS,"KPI from->to",12,1.36
MOS,"KPI from->to",14,1.42
MOS,"KPI from->to",16,1.39
MOS,"KPI from->to",18,1.36
MOS,"KPI from->to",20,1.36
MOS,"KPI from->to",22,1
MOS,"KPI from->to",24,1.86
MOS,"KPI from->to",26,1
MOS,"KPI from->to",28,1.39
MOS,"KPI from->to",30,2.19
MOS,"KPI from->to",32,2.18
MOS,"KPI from->to",34,2.18
MOS,"KPI from->to",36,2.43
MOS,"KPI from->to",38,2.81
MOS,"KPI from->to",40,1.87
MOS,"KPI from->to",42,1.35
MOS,"KPI from->to",44,1.41
MOS,"KPI from->to",46,1.31
MOS,"KPI from->to",48,1.45
MOS,"KPI from->to",50,1.84
MOS,"KPI from->to",52,1.41
MOS,"KPI from->to",54,2.18
MOS,"KPI from->to",56,2.78
MOS,"KPI from->to",58,1
MOS,"KPI from->to",60,2.8
MOS,"KPI from->to",62,2.14
MOS,"KPI from->to",64,1.9
MOS,"KPI from->to",66,1.78
MOS,"KPI from->to",68,1.03
MOS,"KPI from->to",70,2.19
MOS,"KPI from->to",72,1.86
MOS,"KPI from->to",74,2.19
MOS,"KPI from->to",76,1
MOS,"KPI from->to",78,1.04
MOS,"KPI from->to",80,1.84
MOS,"KPI from->to",82,1
MOS,"KPI from->to",84,1.25
MOS,"KPI from->to",86,1.03
MOS,"KPI from->to",88,1
MOS,"KPI from->to",90,2.18
MOS,"KPI from->to",92,1.45
MOS,"KPI from->to",94,1
MOS,"KPI from->to",96,1
MOS,"KPI from->to",98,1
MOS,"KPI from->to",100,1


