"Test Information",Value
"RUN ID",497
"END EXECUTION TIME","2021-05-13 15:44:00"
"SOURCE PROBE NAME",raspberrypi-AAS
"SOURCE PROBE TEST IP ADDRESS",raspberrypi-AAS
"SOURCE PROBE MANAGEMENT IP ADDRESS",raspberrypi-AAS
"SOURCE PROBE GROUP",Administrators
"DESTINATION PROBE NAME",raspberrypi-5G
"DESTINATION PROBE TEST IP ADDRESS",raspberrypi-5G
"DESTINATION PROBE MANAGEMENT IP ADDRESS",raspberrypi-5G
"DESTINATION PROBE GROUP",Administrators
"DESTINATION PROBE LOCATION",
"TEST MODULE",MESH
"TEST TYPE","Network KPI"
"TEST ADDITIONAL INFORMATION"," DSCP Setting: Best Effort"
"TEST DURATION",120
"TEST STATUS",Failed
"FAIL OR ERROR REASON"," Threshold failed on KPI from->to Jitter (ms) 
 Threshold failed on KPI from->to Jitter Max (ms) 
 Threshold failed on KPI from->to Max Delay Variation (ms) 
 Threshold failed on KPI from->to MOS 
"

Metric,"Pair Name",Value,"Threshold Type",Threshold,"Status KPI"
"Datagrams Out of Order","KPI from->to",0.0,0,>=,Passed
"Delay (ms)","KPI from->to",18.71,0,<=,Passed
"Jitter (ms)","KPI from->to",6.22,0,<=,Failed
"Jitter Max (ms)","KPI from->to",15.0,0,<=,Failed
Loss,"KPI from->to",0.0,0,<=,Passed
"Max Delay Variation (ms)","KPI from->to",138.0,0,<=,Failed
"Max loss burst","KPI from->to",0.0,0,<=,Passed
MOS,"KPI from->to",2.06,1,<=,Failed

Metric,"Pair Name",Timestamp,Value
"Delay (ms)","KPI from->to",2,8
"Delay (ms)","KPI from->to",4,3
"Delay (ms)","KPI from->to",6,6
"Delay (ms)","KPI from->to",8,3
"Delay (ms)","KPI from->to",10,9
"Delay (ms)","KPI from->to",12,10
"Delay (ms)","KPI from->to",14,6
"Delay (ms)","KPI from->to",16,8
"Delay (ms)","KPI from->to",18,10
"Delay (ms)","KPI from->to",20,19
"Delay (ms)","KPI from->to",22,28
"Delay (ms)","KPI from->to",24,18
"Delay (ms)","KPI from->to",26,24
"Delay (ms)","KPI from->to",28,17
"Delay (ms)","KPI from->to",30,19
"Delay (ms)","KPI from->to",32,23
"Delay (ms)","KPI from->to",34,18
"Delay (ms)","KPI from->to",36,21
"Delay (ms)","KPI from->to",38,19
"Delay (ms)","KPI from->to",40,19
"Delay (ms)","KPI from->to",42,17
"Delay (ms)","KPI from->to",44,18
"Delay (ms)","KPI from->to",46,19
"Delay (ms)","KPI from->to",48,25
"Delay (ms)","KPI from->to",50,28
"Delay (ms)","KPI from->to",52,19
"Delay (ms)","KPI from->to",54,26
"Delay (ms)","KPI from->to",56,24
"Delay (ms)","KPI from->to",58,27
"Delay (ms)","KPI from->to",60,27
"Delay (ms)","KPI from->to",62,22
"Delay (ms)","KPI from->to",64,21
"Delay (ms)","KPI from->to",66,22
"Delay (ms)","KPI from->to",68,16
"Delay (ms)","KPI from->to",70,17
"Delay (ms)","KPI from->to",72,21
"Delay (ms)","KPI from->to",74,25
"Delay (ms)","KPI from->to",76,16
"Delay (ms)","KPI from->to",78,17
"Delay (ms)","KPI from->to",80,19
"Delay (ms)","KPI from->to",82,20
"Delay (ms)","KPI from->to",84,25
"Delay (ms)","KPI from->to",86,18
"Delay (ms)","KPI from->to",88,15
"Delay (ms)","KPI from->to",90,18
"Delay (ms)","KPI from->to",92,13
"Delay (ms)","KPI from->to",94,20
"Delay (ms)","KPI from->to",96,19
"Delay (ms)","KPI from->to",98,18
"Delay (ms)","KPI from->to",100,17

Metric,"Pair Name",Timestamp,Value
MOS,"KPI from->to",2,2.2
MOS,"KPI from->to",4,2.17
MOS,"KPI from->to",6,1.46
MOS,"KPI from->to",8,2.42
MOS,"KPI from->to",10,1.46
MOS,"KPI from->to",12,1
MOS,"KPI from->to",14,1.88
MOS,"KPI from->to",16,2.19
MOS,"KPI from->to",18,1.39
MOS,"KPI from->to",20,1.87
MOS,"KPI from->to",22,1
MOS,"KPI from->to",24,1.91
MOS,"KPI from->to",26,1
MOS,"KPI from->to",28,1.85
MOS,"KPI from->to",30,2.43
MOS,"KPI from->to",32,2.79
MOS,"KPI from->to",34,1.87
MOS,"KPI from->to",36,1.87
MOS,"KPI from->to",38,2.18
MOS,"KPI from->to",40,1.39
MOS,"KPI from->to",42,1.87
MOS,"KPI from->to",44,2.79
MOS,"KPI from->to",46,1.87
MOS,"KPI from->to",48,2.41
MOS,"KPI from->to",50,1
MOS,"KPI from->to",52,2.42
MOS,"KPI from->to",54,1
MOS,"KPI from->to",56,1.9
MOS,"KPI from->to",58,1.86
MOS,"KPI from->to",60,1.38
MOS,"KPI from->to",62,2.42
MOS,"KPI from->to",64,2.79
MOS,"KPI from->to",66,1.38
MOS,"KPI from->to",68,2.75
MOS,"KPI from->to",70,2.85
MOS,"KPI from->to",72,1
MOS,"KPI from->to",74,2.16
MOS,"KPI from->to",76,2.19
MOS,"KPI from->to",78,2.42
MOS,"KPI from->to",80,2.18
MOS,"KPI from->to",82,2.77
MOS,"KPI from->to",84,1
MOS,"KPI from->to",86,2.18
MOS,"KPI from->to",88,2.42
MOS,"KPI from->to",90,2.42
MOS,"KPI from->to",92,4.37
MOS,"KPI from->to",94,2.18
MOS,"KPI from->to",96,1.87
MOS,"KPI from->to",98,2.42
MOS,"KPI from->to",100,2.79

Metric,"Pair Name",Timestamp,Value
"Max Delay Variation (ms)","KPI from->to",102,96
"Max Delay Variation (ms)","KPI from->to",104,55
"Max Delay Variation (ms)","KPI from->to",106,56
"Max Delay Variation (ms)","KPI from->to",108,124
"Max Delay Variation (ms)","KPI from->to",110,41
"Max Delay Variation (ms)","KPI from->to",112,94
"Max Delay Variation (ms)","KPI from->to",114,138
"Max Delay Variation (ms)","KPI from->to",116,99
"Max Delay Variation (ms)","KPI from->to",118,43

Metric,"Pair Name",Timestamp,Value
MOS,"KPI from->to",102,2.18
MOS,"KPI from->to",104,2.79
MOS,"KPI from->to",106,1.38
MOS,"KPI from->to",108,1.38
MOS,"KPI from->to",110,2.78
MOS,"KPI from->to",112,2.18
MOS,"KPI from->to",114,2.41
MOS,"KPI from->to",116,2.17
MOS,"KPI from->to",118,2.8

Metric,"Pair Name",Timestamp,Value
"Delay (ms)","KPI from->to",102,25
"Delay (ms)","KPI from->to",104,20
"Delay (ms)","KPI from->to",106,23
"Delay (ms)","KPI from->to",108,29
"Delay (ms)","KPI from->to",110,18
"Delay (ms)","KPI from->to",112,26
"Delay (ms)","KPI from->to",114,26
"Delay (ms)","KPI from->to",116,24
"Delay (ms)","KPI from->to",118,16

Metric,"Pair Name",Timestamp,Value
"Jitter (ms)","KPI from->to",2,7
"Jitter (ms)","KPI from->to",4,3
"Jitter (ms)","KPI from->to",6,6
"Jitter (ms)","KPI from->to",8,13
"Jitter (ms)","KPI from->to",10,4
"Jitter (ms)","KPI from->to",12,9
"Jitter (ms)","KPI from->to",14,2
"Jitter (ms)","KPI from->to",16,11
"Jitter (ms)","KPI from->to",18,6
"Jitter (ms)","KPI from->to",20,4
"Jitter (ms)","KPI from->to",22,13
"Jitter (ms)","KPI from->to",24,7
"Jitter (ms)","KPI from->to",26,15
"Jitter (ms)","KPI from->to",28,1
"Jitter (ms)","KPI from->to",30,1
"Jitter (ms)","KPI from->to",32,5
"Jitter (ms)","KPI from->to",34,2
"Jitter (ms)","KPI from->to",36,11
"Jitter (ms)","KPI from->to",38,2
"Jitter (ms)","KPI from->to",40,2
"Jitter (ms)","KPI from->to",42,5
"Jitter (ms)","KPI from->to",44,5
"Jitter (ms)","KPI from->to",46,8
"Jitter (ms)","KPI from->to",48,7
"Jitter (ms)","KPI from->to",50,7
"Jitter (ms)","KPI from->to",52,2
"Jitter (ms)","KPI from->to",54,9
"Jitter (ms)","KPI from->to",56,4
"Jitter (ms)","KPI from->to",58,3
"Jitter (ms)","KPI from->to",60,6
"Jitter (ms)","KPI from->to",62,6
"Jitter (ms)","KPI from->to",64,6
"Jitter (ms)","KPI from->to",66,7
"Jitter (ms)","KPI from->to",68,7
"Jitter (ms)","KPI from->to",70,1
"Jitter (ms)","KPI from->to",72,5
"Jitter (ms)","KPI from->to",74,9
"Jitter (ms)","KPI from->to",76,5
"Jitter (ms)","KPI from->to",78,4
"Jitter (ms)","KPI from->to",80,10
"Jitter (ms)","KPI from->to",82,9
"Jitter (ms)","KPI from->to",84,11
"Jitter (ms)","KPI from->to",86,9
"Jitter (ms)","KPI from->to",88,5
"Jitter (ms)","KPI from->to",90,9
"Jitter (ms)","KPI from->to",92,0
"Jitter (ms)","KPI from->to",94,4
"Jitter (ms)","KPI from->to",96,8
"Jitter (ms)","KPI from->to",98,2
"Jitter (ms)","KPI from->to",100,1

Metric,"Pair Name",Timestamp,Value
"Jitter (ms)","KPI from->to",102,8
"Jitter (ms)","KPI from->to",104,4
"Jitter (ms)","KPI from->to",106,7
"Jitter (ms)","KPI from->to",108,9
"Jitter (ms)","KPI from->to",110,8
"Jitter (ms)","KPI from->to",112,7
"Jitter (ms)","KPI from->to",114,8
"Jitter (ms)","KPI from->to",116,13
"Jitter (ms)","KPI from->to",118,5

Metric,"Pair Name",Timestamp,Value
Loss,"KPI from->to",2,0
Loss,"KPI from->to",4,0
Loss,"KPI from->to",6,0
Loss,"KPI from->to",8,0
Loss,"KPI from->to",10,0
Loss,"KPI from->to",12,0
Loss,"KPI from->to",14,0
Loss,"KPI from->to",16,0
Loss,"KPI from->to",18,0
Loss,"KPI from->to",20,0
Loss,"KPI from->to",22,0
Loss,"KPI from->to",24,0
Loss,"KPI from->to",26,0
Loss,"KPI from->to",28,0
Loss,"KPI from->to",30,0
Loss,"KPI from->to",32,0
Loss,"KPI from->to",34,0
Loss,"KPI from->to",36,0
Loss,"KPI from->to",38,0
Loss,"KPI from->to",40,0
Loss,"KPI from->to",42,0
Loss,"KPI from->to",44,0
Loss,"KPI from->to",46,0
Loss,"KPI from->to",48,0
Loss,"KPI from->to",50,0
Loss,"KPI from->to",52,0
Loss,"KPI from->to",54,0
Loss,"KPI from->to",56,0
Loss,"KPI from->to",58,0
Loss,"KPI from->to",60,0
Loss,"KPI from->to",62,0
Loss,"KPI from->to",64,0
Loss,"KPI from->to",66,0
Loss,"KPI from->to",68,0
Loss,"KPI from->to",70,0
Loss,"KPI from->to",72,0
Loss,"KPI from->to",74,0
Loss,"KPI from->to",76,0
Loss,"KPI from->to",78,0
Loss,"KPI from->to",80,0
Loss,"KPI from->to",82,0
Loss,"KPI from->to",84,0
Loss,"KPI from->to",86,0
Loss,"KPI from->to",88,0
Loss,"KPI from->to",90,0
Loss,"KPI from->to",92,0
Loss,"KPI from->to",94,0
Loss,"KPI from->to",96,0
Loss,"KPI from->to",98,0
Loss,"KPI from->to",100,0

Metric,"Pair Name",Timestamp,Value
Loss,"KPI from->to",102,0
Loss,"KPI from->to",104,0
Loss,"KPI from->to",106,0
Loss,"KPI from->to",108,0
Loss,"KPI from->to",110,0
Loss,"KPI from->to",112,0
Loss,"KPI from->to",114,0
Loss,"KPI from->to",116,0
Loss,"KPI from->to",118,0

Metric,"Pair Name",Timestamp,Value
"Max Delay Variation (ms)","KPI from->to",2,90
"Max Delay Variation (ms)","KPI from->to",4,44
"Max Delay Variation (ms)","KPI from->to",6,58
"Max Delay Variation (ms)","KPI from->to",8,43
"Max Delay Variation (ms)","KPI from->to",10,97
"Max Delay Variation (ms)","KPI from->to",12,98
"Max Delay Variation (ms)","KPI from->to",14,65
"Max Delay Variation (ms)","KPI from->to",16,99
"Max Delay Variation (ms)","KPI from->to",18,94
"Max Delay Variation (ms)","KPI from->to",20,99
"Max Delay Variation (ms)","KPI from->to",22,99
"Max Delay Variation (ms)","KPI from->to",24,57
"Max Delay Variation (ms)","KPI from->to",26,89
"Max Delay Variation (ms)","KPI from->to",28,45
"Max Delay Variation (ms)","KPI from->to",30,54
"Max Delay Variation (ms)","KPI from->to",32,130
"Max Delay Variation (ms)","KPI from->to",34,44
"Max Delay Variation (ms)","KPI from->to",36,42
"Max Delay Variation (ms)","KPI from->to",38,69
"Max Delay Variation (ms)","KPI from->to",40,42
"Max Delay Variation (ms)","KPI from->to",42,43
"Max Delay Variation (ms)","KPI from->to",44,43
"Max Delay Variation (ms)","KPI from->to",46,47
"Max Delay Variation (ms)","KPI from->to",48,99
"Max Delay Variation (ms)","KPI from->to",50,102
"Max Delay Variation (ms)","KPI from->to",52,42
"Max Delay Variation (ms)","KPI from->to",54,95
"Max Delay Variation (ms)","KPI from->to",56,100
"Max Delay Variation (ms)","KPI from->to",58,96
"Max Delay Variation (ms)","KPI from->to",60,130
"Max Delay Variation (ms)","KPI from->to",62,96
"Max Delay Variation (ms)","KPI from->to",64,102
"Max Delay Variation (ms)","KPI from->to",66,60
"Max Delay Variation (ms)","KPI from->to",68,48
"Max Delay Variation (ms)","KPI from->to",70,41
"Max Delay Variation (ms)","KPI from->to",72,60
"Max Delay Variation (ms)","KPI from->to",74,117
"Max Delay Variation (ms)","KPI from->to",76,42
"Max Delay Variation (ms)","KPI from->to",78,61
"Max Delay Variation (ms)","KPI from->to",80,90
"Max Delay Variation (ms)","KPI from->to",82,42
"Max Delay Variation (ms)","KPI from->to",84,57
"Max Delay Variation (ms)","KPI from->to",86,51
"Max Delay Variation (ms)","KPI from->to",88,42
"Max Delay Variation (ms)","KPI from->to",90,97
"Max Delay Variation (ms)","KPI from->to",92,36
"Max Delay Variation (ms)","KPI from->to",94,57
"Max Delay Variation (ms)","KPI from->to",96,87
"Max Delay Variation (ms)","KPI from->to",98,90
"Max Delay Variation (ms)","KPI from->to",100,99


