"Test Information",Value
"RUN ID",497
"END EXECUTION TIME","2021-05-13 15:59:28"
"SOURCE PROBE NAME",raspberrypi-AAS
"SOURCE PROBE TEST IP ADDRESS",raspberrypi-AAS
"SOURCE PROBE MANAGEMENT IP ADDRESS",raspberrypi-AAS
"SOURCE PROBE GROUP",Administrators
"DESTINATION PROBE NAME",raspberrypi-5G
"DESTINATION PROBE TEST IP ADDRESS",raspberrypi-5G
"DESTINATION PROBE MANAGEMENT IP ADDRESS",raspberrypi-5G
"DESTINATION PROBE GROUP",Administrators
"DESTINATION PROBE LOCATION",
"TEST MODULE",MESH
"TEST TYPE","Network KPI"
"TEST ADDITIONAL INFORMATION"," DSCP Setting: Best Effort"
"TEST DURATION",120
"TEST STATUS",Failed
"FAIL OR ERROR REASON"," Threshold failed on KPI from->to Jitter (ms) 
 Threshold failed on KPI from->to Jitter Max (ms) 
 Threshold failed on KPI from->to Max Delay Variation (ms) 
 Threshold failed on KPI from->to MOS 
"

Metric,"Pair Name",Value,"Threshold Type",Threshold,"Status KPI"
"Datagrams Out of Order","KPI from->to",0.0,0,>=,Passed
"Delay (ms)","KPI from->to",25.36,0,<=,Passed
"Jitter (ms)","KPI from->to",7.39,0,<=,Failed
"Jitter Max (ms)","KPI from->to",17.0,0,<=,Failed
Loss,"KPI from->to",0.0,0,<=,Passed
"Max Delay Variation (ms)","KPI from->to",168.0,0,<=,Failed
"Max loss burst","KPI from->to",0.0,0,<=,Passed
MOS,"KPI from->to",1.69,1,<=,Failed

Metric,"Pair Name",Timestamp,Value
"Jitter (ms)","KPI from->to",102,8
"Jitter (ms)","KPI from->to",104,8
"Jitter (ms)","KPI from->to",106,8
"Jitter (ms)","KPI from->to",108,10
"Jitter (ms)","KPI from->to",110,11
"Jitter (ms)","KPI from->to",112,11
"Jitter (ms)","KPI from->to",114,6
"Jitter (ms)","KPI from->to",116,7
"Jitter (ms)","KPI from->to",118,14

Metric,"Pair Name",Timestamp,Value
"Delay (ms)","KPI from->to",102,26
"Delay (ms)","KPI from->to",104,26
"Delay (ms)","KPI from->to",106,21
"Delay (ms)","KPI from->to",108,25
"Delay (ms)","KPI from->to",110,22
"Delay (ms)","KPI from->to",112,33
"Delay (ms)","KPI from->to",114,21
"Delay (ms)","KPI from->to",116,22
"Delay (ms)","KPI from->to",118,24

Metric,"Pair Name",Timestamp,Value
"Max Delay Variation (ms)","KPI from->to",2,95
"Max Delay Variation (ms)","KPI from->to",4,87
"Max Delay Variation (ms)","KPI from->to",6,98
"Max Delay Variation (ms)","KPI from->to",8,90
"Max Delay Variation (ms)","KPI from->to",10,98
"Max Delay Variation (ms)","KPI from->to",12,129
"Max Delay Variation (ms)","KPI from->to",14,60
"Max Delay Variation (ms)","KPI from->to",16,152
"Max Delay Variation (ms)","KPI from->to",18,114
"Max Delay Variation (ms)","KPI from->to",20,118
"Max Delay Variation (ms)","KPI from->to",22,86
"Max Delay Variation (ms)","KPI from->to",24,49
"Max Delay Variation (ms)","KPI from->to",26,98
"Max Delay Variation (ms)","KPI from->to",28,79
"Max Delay Variation (ms)","KPI from->to",30,103
"Max Delay Variation (ms)","KPI from->to",32,134
"Max Delay Variation (ms)","KPI from->to",34,55
"Max Delay Variation (ms)","KPI from->to",36,94
"Max Delay Variation (ms)","KPI from->to",38,43
"Max Delay Variation (ms)","KPI from->to",40,48
"Max Delay Variation (ms)","KPI from->to",42,95
"Max Delay Variation (ms)","KPI from->to",44,96
"Max Delay Variation (ms)","KPI from->to",46,129
"Max Delay Variation (ms)","KPI from->to",48,97
"Max Delay Variation (ms)","KPI from->to",50,138
"Max Delay Variation (ms)","KPI from->to",52,96
"Max Delay Variation (ms)","KPI from->to",54,43
"Max Delay Variation (ms)","KPI from->to",56,55
"Max Delay Variation (ms)","KPI from->to",58,94
"Max Delay Variation (ms)","KPI from->to",60,94
"Max Delay Variation (ms)","KPI from->to",62,66
"Max Delay Variation (ms)","KPI from->to",64,95
"Max Delay Variation (ms)","KPI from->to",66,66
"Max Delay Variation (ms)","KPI from->to",68,137
"Max Delay Variation (ms)","KPI from->to",70,41
"Max Delay Variation (ms)","KPI from->to",72,43
"Max Delay Variation (ms)","KPI from->to",74,62
"Max Delay Variation (ms)","KPI from->to",76,100
"Max Delay Variation (ms)","KPI from->to",78,62
"Max Delay Variation (ms)","KPI from->to",80,105
"Max Delay Variation (ms)","KPI from->to",82,100
"Max Delay Variation (ms)","KPI from->to",84,86
"Max Delay Variation (ms)","KPI from->to",86,49
"Max Delay Variation (ms)","KPI from->to",88,54
"Max Delay Variation (ms)","KPI from->to",90,46
"Max Delay Variation (ms)","KPI from->to",92,97
"Max Delay Variation (ms)","KPI from->to",94,60
"Max Delay Variation (ms)","KPI from->to",96,55
"Max Delay Variation (ms)","KPI from->to",98,94
"Max Delay Variation (ms)","KPI from->to",100,60

Metric,"Pair Name",Timestamp,Value
"Delay (ms)","KPI from->to",2,32
"Delay (ms)","KPI from->to",4,27
"Delay (ms)","KPI from->to",6,28
"Delay (ms)","KPI from->to",8,26
"Delay (ms)","KPI from->to",10,26
"Delay (ms)","KPI from->to",12,31
"Delay (ms)","KPI from->to",14,24
"Delay (ms)","KPI from->to",16,28
"Delay (ms)","KPI from->to",18,27
"Delay (ms)","KPI from->to",20,22
"Delay (ms)","KPI from->to",22,26
"Delay (ms)","KPI from->to",24,25
"Delay (ms)","KPI from->to",26,27
"Delay (ms)","KPI from->to",28,24
"Delay (ms)","KPI from->to",30,28
"Delay (ms)","KPI from->to",32,26
"Delay (ms)","KPI from->to",34,25
"Delay (ms)","KPI from->to",36,26
"Delay (ms)","KPI from->to",38,19
"Delay (ms)","KPI from->to",40,21
"Delay (ms)","KPI from->to",42,25
"Delay (ms)","KPI from->to",44,27
"Delay (ms)","KPI from->to",46,28
"Delay (ms)","KPI from->to",48,26
"Delay (ms)","KPI from->to",50,33
"Delay (ms)","KPI from->to",52,28
"Delay (ms)","KPI from->to",54,23
"Delay (ms)","KPI from->to",56,24
"Delay (ms)","KPI from->to",58,23
"Delay (ms)","KPI from->to",60,27
"Delay (ms)","KPI from->to",62,25
"Delay (ms)","KPI from->to",64,24
"Delay (ms)","KPI from->to",66,26
"Delay (ms)","KPI from->to",68,30
"Delay (ms)","KPI from->to",70,19
"Delay (ms)","KPI from->to",72,24
"Delay (ms)","KPI from->to",74,20
"Delay (ms)","KPI from->to",76,25
"Delay (ms)","KPI from->to",78,23
"Delay (ms)","KPI from->to",80,26
"Delay (ms)","KPI from->to",82,31
"Delay (ms)","KPI from->to",84,22
"Delay (ms)","KPI from->to",86,22
"Delay (ms)","KPI from->to",88,19
"Delay (ms)","KPI from->to",90,25
"Delay (ms)","KPI from->to",92,26
"Delay (ms)","KPI from->to",94,26
"Delay (ms)","KPI from->to",96,27
"Delay (ms)","KPI from->to",98,28
"Delay (ms)","KPI from->to",100,26

Metric,"Pair Name",Timestamp,Value
"Jitter (ms)","KPI from->to",2,17
"Jitter (ms)","KPI from->to",4,1
"Jitter (ms)","KPI from->to",6,8
"Jitter (ms)","KPI from->to",8,10
"Jitter (ms)","KPI from->to",10,10
"Jitter (ms)","KPI from->to",12,8
"Jitter (ms)","KPI from->to",14,3
"Jitter (ms)","KPI from->to",16,7
"Jitter (ms)","KPI from->to",18,6
"Jitter (ms)","KPI from->to",20,2
"Jitter (ms)","KPI from->to",22,11
"Jitter (ms)","KPI from->to",24,7
"Jitter (ms)","KPI from->to",26,9
"Jitter (ms)","KPI from->to",28,2
"Jitter (ms)","KPI from->to",30,7
"Jitter (ms)","KPI from->to",32,7
"Jitter (ms)","KPI from->to",34,7
"Jitter (ms)","KPI from->to",36,12
"Jitter (ms)","KPI from->to",38,4
"Jitter (ms)","KPI from->to",40,2
"Jitter (ms)","KPI from->to",42,6
"Jitter (ms)","KPI from->to",44,12
"Jitter (ms)","KPI from->to",46,7
"Jitter (ms)","KPI from->to",48,8
"Jitter (ms)","KPI from->to",50,8
"Jitter (ms)","KPI from->to",52,6
"Jitter (ms)","KPI from->to",54,8
"Jitter (ms)","KPI from->to",56,5
"Jitter (ms)","KPI from->to",58,3
"Jitter (ms)","KPI from->to",60,6
"Jitter (ms)","KPI from->to",62,12
"Jitter (ms)","KPI from->to",64,8
"Jitter (ms)","KPI from->to",66,7
"Jitter (ms)","KPI from->to",68,13
"Jitter (ms)","KPI from->to",70,1
"Jitter (ms)","KPI from->to",72,3
"Jitter (ms)","KPI from->to",74,4
"Jitter (ms)","KPI from->to",76,13
"Jitter (ms)","KPI from->to",78,6
"Jitter (ms)","KPI from->to",80,7
"Jitter (ms)","KPI from->to",82,10
"Jitter (ms)","KPI from->to",84,4
"Jitter (ms)","KPI from->to",86,10
"Jitter (ms)","KPI from->to",88,2
"Jitter (ms)","KPI from->to",90,6
"Jitter (ms)","KPI from->to",92,1
"Jitter (ms)","KPI from->to",94,10
"Jitter (ms)","KPI from->to",96,10
"Jitter (ms)","KPI from->to",98,10
"Jitter (ms)","KPI from->to",100,7

Metric,"Pair Name",Timestamp,Value
"Max Delay Variation (ms)","KPI from->to",102,55
"Max Delay Variation (ms)","KPI from->to",104,45
"Max Delay Variation (ms)","KPI from->to",106,56
"Max Delay Variation (ms)","KPI from->to",108,116
"Max Delay Variation (ms)","KPI from->to",110,59
"Max Delay Variation (ms)","KPI from->to",112,168
"Max Delay Variation (ms)","KPI from->to",114,55
"Max Delay Variation (ms)","KPI from->to",116,45
"Max Delay Variation (ms)","KPI from->to",118,70

Metric,"Pair Name",Timestamp,Value
Loss,"KPI from->to",2,0
Loss,"KPI from->to",4,0
Loss,"KPI from->to",6,0
Loss,"KPI from->to",8,0
Loss,"KPI from->to",10,0
Loss,"KPI from->to",12,0
Loss,"KPI from->to",14,0
Loss,"KPI from->to",16,0
Loss,"KPI from->to",18,0
Loss,"KPI from->to",20,0
Loss,"KPI from->to",22,0
Loss,"KPI from->to",24,0
Loss,"KPI from->to",26,0
Loss,"KPI from->to",28,0
Loss,"KPI from->to",30,0
Loss,"KPI from->to",32,0
Loss,"KPI from->to",34,0
Loss,"KPI from->to",36,0
Loss,"KPI from->to",38,0
Loss,"KPI from->to",40,0
Loss,"KPI from->to",42,0
Loss,"KPI from->to",44,0
Loss,"KPI from->to",46,0
Loss,"KPI from->to",48,0
Loss,"KPI from->to",50,0
Loss,"KPI from->to",52,0
Loss,"KPI from->to",54,0
Loss,"KPI from->to",56,0
Loss,"KPI from->to",58,0
Loss,"KPI from->to",60,0
Loss,"KPI from->to",62,0
Loss,"KPI from->to",64,0
Loss,"KPI from->to",66,0
Loss,"KPI from->to",68,0
Loss,"KPI from->to",70,0
Loss,"KPI from->to",72,0
Loss,"KPI from->to",74,0
Loss,"KPI from->to",76,0
Loss,"KPI from->to",78,0
Loss,"KPI from->to",80,0
Loss,"KPI from->to",82,0
Loss,"KPI from->to",84,0
Loss,"KPI from->to",86,0
Loss,"KPI from->to",88,0
Loss,"KPI from->to",90,0
Loss,"KPI from->to",92,0
Loss,"KPI from->to",94,0
Loss,"KPI from->to",96,0
Loss,"KPI from->to",98,0
Loss,"KPI from->to",100,0

Metric,"Pair Name",Timestamp,Value
Loss,"KPI from->to",102,0
Loss,"KPI from->to",104,0
Loss,"KPI from->to",106,0
Loss,"KPI from->to",108,0
Loss,"KPI from->to",110,0
Loss,"KPI from->to",112,0
Loss,"KPI from->to",114,0
Loss,"KPI from->to",116,0
Loss,"KPI from->to",118,0

Metric,"Pair Name",Timestamp,Value
MOS,"KPI from->to",2,1
MOS,"KPI from->to",4,1
MOS,"KPI from->to",6,1
MOS,"KPI from->to",8,1
MOS,"KPI from->to",10,1.88
MOS,"KPI from->to",12,1.38
MOS,"KPI from->to",14,1
MOS,"KPI from->to",16,2.17
MOS,"KPI from->to",18,1.86
MOS,"KPI from->to",20,2.14
MOS,"KPI from->to",22,1
MOS,"KPI from->to",24,1
MOS,"KPI from->to",26,1.35
MOS,"KPI from->to",28,1.89
MOS,"KPI from->to",30,1.31
MOS,"KPI from->to",32,1.88
MOS,"KPI from->to",34,1
MOS,"KPI from->to",36,1.38
MOS,"KPI from->to",38,2.42
MOS,"KPI from->to",40,2.8
MOS,"KPI from->to",42,1.85
MOS,"KPI from->to",44,1.35
MOS,"KPI from->to",46,1.44
MOS,"KPI from->to",48,1
MOS,"KPI from->to",50,1.34
MOS,"KPI from->to",52,1
MOS,"KPI from->to",54,1.32
MOS,"KPI from->to",56,1.45
MOS,"KPI from->to",58,2.17
MOS,"KPI from->to",60,1
MOS,"KPI from->to",62,1.28
MOS,"KPI from->to",64,1.87
MOS,"KPI from->to",66,1.01
MOS,"KPI from->to",68,1.31
MOS,"KPI from->to",70,2.19
MOS,"KPI from->to",72,2.42
MOS,"KPI from->to",74,1.85
MOS,"KPI from->to",76,2.18
MOS,"KPI from->to",78,1.87
MOS,"KPI from->to",80,1
MOS,"KPI from->to",82,1
MOS,"KPI from->to",84,1.91
MOS,"KPI from->to",86,2.17
MOS,"KPI from->to",88,2.42
MOS,"KPI from->to",90,2.41
MOS,"KPI from->to",92,2.4
MOS,"KPI from->to",94,1.86
MOS,"KPI from->to",96,1.88
MOS,"KPI from->to",98,2.4
MOS,"KPI from->to",100,1.41

Metric,"Pair Name",Timestamp,Value
MOS,"KPI from->to",102,1.86
MOS,"KPI from->to",104,2.17
MOS,"KPI from->to",106,2.41
MOS,"KPI from->to",108,2.18
MOS,"KPI from->to",110,2.14
MOS,"KPI from->to",112,1.91
MOS,"KPI from->to",114,1.39
MOS,"KPI from->to",116,1.35
MOS,"KPI from->to",118,2.79


