"Test Information",Value
"RUN ID",497
"END EXECUTION TIME","2021-05-13 15:50:38"
"SOURCE PROBE NAME",raspberrypi-5G
"SOURCE PROBE TEST IP ADDRESS",raspberrypi-5G
"SOURCE PROBE MANAGEMENT IP ADDRESS",raspberrypi-5G
"SOURCE PROBE GROUP",Administrators
"DESTINATION PROBE NAME",raspberrypi-AAS
"DESTINATION PROBE TEST IP ADDRESS",raspberrypi-AAS
"DESTINATION PROBE MANAGEMENT IP ADDRESS",raspberrypi-AAS
"DESTINATION PROBE GROUP",Administrators
"DESTINATION PROBE LOCATION",
"TEST MODULE",MESH
"TEST TYPE","Network KPI"
"TEST ADDITIONAL INFORMATION"," DSCP Setting: Best Effort"
"TEST DURATION",120
"TEST STATUS",Failed
"FAIL OR ERROR REASON"," Threshold failed on KPI from->to Max Delay Variation (ms) 
"

Metric,"Pair Name",Value,"Threshold Type",Threshold,"Status KPI"
"Datagrams Out of Order","KPI from->to",0.0,0,>=,Passed
"Delay (ms)","KPI from->to",27.97,0,<=,Passed
"Jitter (ms)","KPI from->to",0.48,0,<=,Passed
"Jitter Max (ms)","KPI from->to",2.0,0,<=,Passed
Loss,"KPI from->to",0.0,0,<=,Passed
"Max Delay Variation (ms)","KPI from->to",24.0,0,<=,Failed
"Max loss burst","KPI from->to",0.0,0,<=,Passed
MOS,"KPI from->to",4.36,1,<=,Passed

Metric,"Pair Name",Timestamp,Value
"Jitter (ms)","KPI from->to",2,0
"Jitter (ms)","KPI from->to",4,1
"Jitter (ms)","KPI from->to",6,1
"Jitter (ms)","KPI from->to",8,0
"Jitter (ms)","KPI from->to",10,0
"Jitter (ms)","KPI from->to",12,2
"Jitter (ms)","KPI from->to",14,0
"Jitter (ms)","KPI from->to",16,0
"Jitter (ms)","KPI from->to",18,0
"Jitter (ms)","KPI from->to",20,0
"Jitter (ms)","KPI from->to",22,0
"Jitter (ms)","KPI from->to",24,1
"Jitter (ms)","KPI from->to",26,0
"Jitter (ms)","KPI from->to",28,0
"Jitter (ms)","KPI from->to",30,1
"Jitter (ms)","KPI from->to",32,0
"Jitter (ms)","KPI from->to",34,0
"Jitter (ms)","KPI from->to",36,0
"Jitter (ms)","KPI from->to",38,0
"Jitter (ms)","KPI from->to",40,1
"Jitter (ms)","KPI from->to",42,1
"Jitter (ms)","KPI from->to",44,0
"Jitter (ms)","KPI from->to",46,0
"Jitter (ms)","KPI from->to",48,1
"Jitter (ms)","KPI from->to",50,0
"Jitter (ms)","KPI from->to",52,0
"Jitter (ms)","KPI from->to",54,1
"Jitter (ms)","KPI from->to",56,0
"Jitter (ms)","KPI from->to",58,0
"Jitter (ms)","KPI from->to",60,1
"Jitter (ms)","KPI from->to",62,0
"Jitter (ms)","KPI from->to",64,1
"Jitter (ms)","KPI from->to",66,1
"Jitter (ms)","KPI from->to",68,0
"Jitter (ms)","KPI from->to",70,0
"Jitter (ms)","KPI from->to",72,0
"Jitter (ms)","KPI from->to",74,0
"Jitter (ms)","KPI from->to",76,0
"Jitter (ms)","KPI from->to",78,0
"Jitter (ms)","KPI from->to",80,0
"Jitter (ms)","KPI from->to",82,0
"Jitter (ms)","KPI from->to",84,1
"Jitter (ms)","KPI from->to",86,1
"Jitter (ms)","KPI from->to",88,1
"Jitter (ms)","KPI from->to",90,1
"Jitter (ms)","KPI from->to",92,0
"Jitter (ms)","KPI from->to",94,2
"Jitter (ms)","KPI from->to",96,1
"Jitter (ms)","KPI from->to",98,0
"Jitter (ms)","KPI from->to",100,1

Metric,"Pair Name",Timestamp,Value
"Jitter (ms)","KPI from->to",102,1
"Jitter (ms)","KPI from->to",104,0
"Jitter (ms)","KPI from->to",106,1
"Jitter (ms)","KPI from->to",108,1
"Jitter (ms)","KPI from->to",110,1
"Jitter (ms)","KPI from->to",112,1
"Jitter (ms)","KPI from->to",114,1
"Jitter (ms)","KPI from->to",116,1
"Jitter (ms)","KPI from->to",118,0
"Jitter (ms)","KPI from->to",120,1

Metric,"Pair Name",Timestamp,Value
"Delay (ms)","KPI from->to",2,18
"Delay (ms)","KPI from->to",4,19
"Delay (ms)","KPI from->to",6,18
"Delay (ms)","KPI from->to",8,18
"Delay (ms)","KPI from->to",10,18
"Delay (ms)","KPI from->to",12,18
"Delay (ms)","KPI from->to",14,18
"Delay (ms)","KPI from->to",16,18
"Delay (ms)","KPI from->to",18,18
"Delay (ms)","KPI from->to",20,18
"Delay (ms)","KPI from->to",22,18
"Delay (ms)","KPI from->to",24,18
"Delay (ms)","KPI from->to",26,18
"Delay (ms)","KPI from->to",28,18
"Delay (ms)","KPI from->to",30,18
"Delay (ms)","KPI from->to",32,29
"Delay (ms)","KPI from->to",34,42
"Delay (ms)","KPI from->to",36,41
"Delay (ms)","KPI from->to",38,41
"Delay (ms)","KPI from->to",40,41
"Delay (ms)","KPI from->to",42,41
"Delay (ms)","KPI from->to",44,41
"Delay (ms)","KPI from->to",46,41
"Delay (ms)","KPI from->to",48,41
"Delay (ms)","KPI from->to",50,39
"Delay (ms)","KPI from->to",52,36
"Delay (ms)","KPI from->to",54,36
"Delay (ms)","KPI from->to",56,36
"Delay (ms)","KPI from->to",58,36
"Delay (ms)","KPI from->to",60,36
"Delay (ms)","KPI from->to",62,36
"Delay (ms)","KPI from->to",64,36
"Delay (ms)","KPI from->to",66,32
"Delay (ms)","KPI from->to",68,32
"Delay (ms)","KPI from->to",70,32
"Delay (ms)","KPI from->to",72,33
"Delay (ms)","KPI from->to",74,32
"Delay (ms)","KPI from->to",76,33
"Delay (ms)","KPI from->to",78,32
"Delay (ms)","KPI from->to",80,32
"Delay (ms)","KPI from->to",82,32
"Delay (ms)","KPI from->to",84,32
"Delay (ms)","KPI from->to",86,32
"Delay (ms)","KPI from->to",88,33
"Delay (ms)","KPI from->to",90,33
"Delay (ms)","KPI from->to",92,33
"Delay (ms)","KPI from->to",94,33
"Delay (ms)","KPI from->to",96,32
"Delay (ms)","KPI from->to",98,20
"Delay (ms)","KPI from->to",100,19

Metric,"Pair Name",Timestamp,Value
"Delay (ms)","KPI from->to",102,20
"Delay (ms)","KPI from->to",104,20
"Delay (ms)","KPI from->to",106,21
"Delay (ms)","KPI from->to",108,21
"Delay (ms)","KPI from->to",110,20
"Delay (ms)","KPI from->to",112,20
"Delay (ms)","KPI from->to",114,20
"Delay (ms)","KPI from->to",116,19
"Delay (ms)","KPI from->to",118,20
"Delay (ms)","KPI from->to",120,20

Metric,"Pair Name",Timestamp,Value
"Max Delay Variation (ms)","KPI from->to",2,13
"Max Delay Variation (ms)","KPI from->to",4,10
"Max Delay Variation (ms)","KPI from->to",6,5
"Max Delay Variation (ms)","KPI from->to",8,5
"Max Delay Variation (ms)","KPI from->to",10,5
"Max Delay Variation (ms)","KPI from->to",12,15
"Max Delay Variation (ms)","KPI from->to",14,12
"Max Delay Variation (ms)","KPI from->to",16,8
"Max Delay Variation (ms)","KPI from->to",18,9
"Max Delay Variation (ms)","KPI from->to",20,12
"Max Delay Variation (ms)","KPI from->to",22,6
"Max Delay Variation (ms)","KPI from->to",24,6
"Max Delay Variation (ms)","KPI from->to",26,5
"Max Delay Variation (ms)","KPI from->to",28,6
"Max Delay Variation (ms)","KPI from->to",30,5
"Max Delay Variation (ms)","KPI from->to",32,6
"Max Delay Variation (ms)","KPI from->to",34,24
"Max Delay Variation (ms)","KPI from->to",36,6
"Max Delay Variation (ms)","KPI from->to",38,6
"Max Delay Variation (ms)","KPI from->to",40,10
"Max Delay Variation (ms)","KPI from->to",42,5
"Max Delay Variation (ms)","KPI from->to",44,5
"Max Delay Variation (ms)","KPI from->to",46,5
"Max Delay Variation (ms)","KPI from->to",48,6
"Max Delay Variation (ms)","KPI from->to",50,5
"Max Delay Variation (ms)","KPI from->to",52,4
"Max Delay Variation (ms)","KPI from->to",54,6
"Max Delay Variation (ms)","KPI from->to",56,5
"Max Delay Variation (ms)","KPI from->to",58,12
"Max Delay Variation (ms)","KPI from->to",60,5
"Max Delay Variation (ms)","KPI from->to",62,6
"Max Delay Variation (ms)","KPI from->to",64,6
"Max Delay Variation (ms)","KPI from->to",66,5
"Max Delay Variation (ms)","KPI from->to",68,5
"Max Delay Variation (ms)","KPI from->to",70,5
"Max Delay Variation (ms)","KPI from->to",72,5
"Max Delay Variation (ms)","KPI from->to",74,5
"Max Delay Variation (ms)","KPI from->to",76,6
"Max Delay Variation (ms)","KPI from->to",78,4
"Max Delay Variation (ms)","KPI from->to",80,5
"Max Delay Variation (ms)","KPI from->to",82,4
"Max Delay Variation (ms)","KPI from->to",84,5
"Max Delay Variation (ms)","KPI from->to",86,6
"Max Delay Variation (ms)","KPI from->to",88,11
"Max Delay Variation (ms)","KPI from->to",90,7
"Max Delay Variation (ms)","KPI from->to",92,10
"Max Delay Variation (ms)","KPI from->to",94,11
"Max Delay Variation (ms)","KPI from->to",96,20
"Max Delay Variation (ms)","KPI from->to",98,5
"Max Delay Variation (ms)","KPI from->to",100,14

Metric,"Pair Name",Timestamp,Value
"Max Delay Variation (ms)","KPI from->to",102,6
"Max Delay Variation (ms)","KPI from->to",104,6
"Max Delay Variation (ms)","KPI from->to",106,6
"Max Delay Variation (ms)","KPI from->to",108,10
"Max Delay Variation (ms)","KPI from->to",110,4
"Max Delay Variation (ms)","KPI from->to",112,6
"Max Delay Variation (ms)","KPI from->to",114,11
"Max Delay Variation (ms)","KPI from->to",116,3
"Max Delay Variation (ms)","KPI from->to",118,5
"Max Delay Variation (ms)","KPI from->to",120,4

Metric,"Pair Name",Timestamp,Value
Loss,"KPI from->to",2,0
Loss,"KPI from->to",4,0
Loss,"KPI from->to",6,0
Loss,"KPI from->to",8,0
Loss,"KPI from->to",10,0
Loss,"KPI from->to",12,0
Loss,"KPI from->to",14,0
Loss,"KPI from->to",16,0
Loss,"KPI from->to",18,0
Loss,"KPI from->to",20,0
Loss,"KPI from->to",22,0
Loss,"KPI from->to",24,0
Loss,"KPI from->to",26,0
Loss,"KPI from->to",28,0
Loss,"KPI from->to",30,0
Loss,"KPI from->to",32,0
Loss,"KPI from->to",34,0
Loss,"KPI from->to",36,0
Loss,"KPI from->to",38,0
Loss,"KPI from->to",40,0
Loss,"KPI from->to",42,0
Loss,"KPI from->to",44,0
Loss,"KPI from->to",46,0
Loss,"KPI from->to",48,0
Loss,"KPI from->to",50,0
Loss,"KPI from->to",52,0
Loss,"KPI from->to",54,0
Loss,"KPI from->to",56,0
Loss,"KPI from->to",58,0
Loss,"KPI from->to",60,0
Loss,"KPI from->to",62,0
Loss,"KPI from->to",64,0
Loss,"KPI from->to",66,0
Loss,"KPI from->to",68,0
Loss,"KPI from->to",70,0
Loss,"KPI from->to",72,0
Loss,"KPI from->to",74,0
Loss,"KPI from->to",76,0
Loss,"KPI from->to",78,0
Loss,"KPI from->to",80,0
Loss,"KPI from->to",82,0
Loss,"KPI from->to",84,0
Loss,"KPI from->to",86,0
Loss,"KPI from->to",88,0
Loss,"KPI from->to",90,0
Loss,"KPI from->to",92,0
Loss,"KPI from->to",94,0
Loss,"KPI from->to",96,0
Loss,"KPI from->to",98,0
Loss,"KPI from->to",100,0

Metric,"Pair Name",Timestamp,Value
Loss,"KPI from->to",102,0
Loss,"KPI from->to",104,0
Loss,"KPI from->to",106,0
Loss,"KPI from->to",108,0
Loss,"KPI from->to",110,0
Loss,"KPI from->to",112,0
Loss,"KPI from->to",114,0
Loss,"KPI from->to",116,0
Loss,"KPI from->to",118,0
Loss,"KPI from->to",120,0

Metric,"Pair Name",Timestamp,Value
MOS,"KPI from->to",2,4.36
MOS,"KPI from->to",4,4.36
MOS,"KPI from->to",6,4.36
MOS,"KPI from->to",8,4.36
MOS,"KPI from->to",10,4.36
MOS,"KPI from->to",12,4.36
MOS,"KPI from->to",14,4.36
MOS,"KPI from->to",16,4.36
MOS,"KPI from->to",18,4.36
MOS,"KPI from->to",20,4.36
MOS,"KPI from->to",22,4.36
MOS,"KPI from->to",24,4.36
MOS,"KPI from->to",26,4.36
MOS,"KPI from->to",28,4.36
MOS,"KPI from->to",30,4.36
MOS,"KPI from->to",32,4.36
MOS,"KPI from->to",34,4.35
MOS,"KPI from->to",36,4.35
MOS,"KPI from->to",38,4.35
MOS,"KPI from->to",40,4.35
MOS,"KPI from->to",42,4.35
MOS,"KPI from->to",44,4.35
MOS,"KPI from->to",46,4.35
MOS,"KPI from->to",48,4.35
MOS,"KPI from->to",50,4.35
MOS,"KPI from->to",52,4.36
MOS,"KPI from->to",54,4.36
MOS,"KPI from->to",56,4.36
MOS,"KPI from->to",58,4.36
MOS,"KPI from->to",60,4.36
MOS,"KPI from->to",62,4.36
MOS,"KPI from->to",64,4.36
MOS,"KPI from->to",66,4.36
MOS,"KPI from->to",68,4.36
MOS,"KPI from->to",70,4.36
MOS,"KPI from->to",72,4.36
MOS,"KPI from->to",74,4.36
MOS,"KPI from->to",76,4.36
MOS,"KPI from->to",78,4.36
MOS,"KPI from->to",80,4.36
MOS,"KPI from->to",82,4.36
MOS,"KPI from->to",84,4.36
MOS,"KPI from->to",86,4.36
MOS,"KPI from->to",88,4.36
MOS,"KPI from->to",90,4.36
MOS,"KPI from->to",92,4.36
MOS,"KPI from->to",94,4.36
MOS,"KPI from->to",96,4.36
MOS,"KPI from->to",98,4.36
MOS,"KPI from->to",100,4.36

Metric,"Pair Name",Timestamp,Value
MOS,"KPI from->to",102,4.36
MOS,"KPI from->to",104,4.36
MOS,"KPI from->to",106,4.36
MOS,"KPI from->to",108,4.36
MOS,"KPI from->to",110,4.36
MOS,"KPI from->to",112,4.36
MOS,"KPI from->to",114,4.36
MOS,"KPI from->to",116,4.36
MOS,"KPI from->to",118,4.36
MOS,"KPI from->to",120,4.36


