"Test Information",Value
"RUN ID",497
"END EXECUTION TIME","2021-05-13 15:23:55"
"SOURCE PROBE NAME",raspberrypi-AAS
"SOURCE PROBE TEST IP ADDRESS",raspberrypi-AAS
"SOURCE PROBE MANAGEMENT IP ADDRESS",raspberrypi-AAS
"SOURCE PROBE GROUP",Administrators
"DESTINATION PROBE NAME",raspberrypi-5G
"DESTINATION PROBE TEST IP ADDRESS",raspberrypi-5G
"DESTINATION PROBE MANAGEMENT IP ADDRESS",raspberrypi-5G
"DESTINATION PROBE GROUP",Administrators
"DESTINATION PROBE LOCATION",
"TEST MODULE",MESH
"TEST TYPE","Network KPI"
"TEST ADDITIONAL INFORMATION"," DSCP Setting: Best Effort"
"TEST DURATION",120
"TEST STATUS",Failed
"FAIL OR ERROR REASON"," Threshold failed on KPI from->to Jitter (ms) 
 Threshold failed on KPI from->to Jitter Max (ms) 
 Threshold failed on KPI from->to Max Delay Variation (ms) 
 Threshold failed on KPI from->to MOS 
"

Metric,"Pair Name",Value,"Threshold Type",Threshold,"Status KPI"
"Datagrams Out of Order","KPI from->to",0.0,0,>=,Passed
"Delay (ms)","KPI from->to",25.68,0,<=,Passed
"Jitter (ms)","KPI from->to",9.98,0,<=,Failed
"Jitter Max (ms)","KPI from->to",18.0,0,<=,Failed
Loss,"KPI from->to",0.0,0,<=,Passed
"Max Delay Variation (ms)","KPI from->to",220.0,0,<=,Failed
"Max loss burst","KPI from->to",0.0,0,<=,Passed
MOS,"KPI from->to",1.61,1,<=,Failed

Metric,"Pair Name",Timestamp,Value
"Jitter (ms)","KPI from->to",102,16
"Jitter (ms)","KPI from->to",104,11
"Jitter (ms)","KPI from->to",106,14
"Jitter (ms)","KPI from->to",108,16
"Jitter (ms)","KPI from->to",110,1
"Jitter (ms)","KPI from->to",112,12
"Jitter (ms)","KPI from->to",114,10
"Jitter (ms)","KPI from->to",116,9
"Jitter (ms)","KPI from->to",118,5

Metric,"Pair Name",Timestamp,Value
"Jitter (ms)","KPI from->to",2,17
"Jitter (ms)","KPI from->to",4,8
"Jitter (ms)","KPI from->to",6,4
"Jitter (ms)","KPI from->to",8,17
"Jitter (ms)","KPI from->to",10,15
"Jitter (ms)","KPI from->to",12,16
"Jitter (ms)","KPI from->to",14,13
"Jitter (ms)","KPI from->to",16,6
"Jitter (ms)","KPI from->to",18,15
"Jitter (ms)","KPI from->to",20,15
"Jitter (ms)","KPI from->to",22,8
"Jitter (ms)","KPI from->to",24,13
"Jitter (ms)","KPI from->to",26,9
"Jitter (ms)","KPI from->to",28,4
"Jitter (ms)","KPI from->to",30,8
"Jitter (ms)","KPI from->to",32,8
"Jitter (ms)","KPI from->to",34,4
"Jitter (ms)","KPI from->to",36,1
"Jitter (ms)","KPI from->to",38,15
"Jitter (ms)","KPI from->to",40,3
"Jitter (ms)","KPI from->to",42,12
"Jitter (ms)","KPI from->to",44,15
"Jitter (ms)","KPI from->to",46,15
"Jitter (ms)","KPI from->to",48,15
"Jitter (ms)","KPI from->to",50,7
"Jitter (ms)","KPI from->to",52,6
"Jitter (ms)","KPI from->to",54,17
"Jitter (ms)","KPI from->to",56,5
"Jitter (ms)","KPI from->to",58,14
"Jitter (ms)","KPI from->to",60,14
"Jitter (ms)","KPI from->to",62,8
"Jitter (ms)","KPI from->to",64,6
"Jitter (ms)","KPI from->to",66,9
"Jitter (ms)","KPI from->to",68,8
"Jitter (ms)","KPI from->to",70,7
"Jitter (ms)","KPI from->to",72,6
"Jitter (ms)","KPI from->to",74,3
"Jitter (ms)","KPI from->to",76,11
"Jitter (ms)","KPI from->to",78,4
"Jitter (ms)","KPI from->to",80,5
"Jitter (ms)","KPI from->to",82,14
"Jitter (ms)","KPI from->to",84,7
"Jitter (ms)","KPI from->to",86,5
"Jitter (ms)","KPI from->to",88,12
"Jitter (ms)","KPI from->to",90,6
"Jitter (ms)","KPI from->to",92,10
"Jitter (ms)","KPI from->to",94,12
"Jitter (ms)","KPI from->to",96,18
"Jitter (ms)","KPI from->to",98,9
"Jitter (ms)","KPI from->to",100,16

Metric,"Pair Name",Timestamp,Value
"Delay (ms)","KPI from->to",102,33
"Delay (ms)","KPI from->to",104,17
"Delay (ms)","KPI from->to",106,33
"Delay (ms)","KPI from->to",108,25
"Delay (ms)","KPI from->to",110,22
"Delay (ms)","KPI from->to",112,21
"Delay (ms)","KPI from->to",114,21
"Delay (ms)","KPI from->to",116,25
"Delay (ms)","KPI from->to",118,30

Metric,"Pair Name",Timestamp,Value
Loss,"KPI from->to",2,0
Loss,"KPI from->to",4,0
Loss,"KPI from->to",6,0
Loss,"KPI from->to",8,0
Loss,"KPI from->to",10,0
Loss,"KPI from->to",12,0
Loss,"KPI from->to",14,0
Loss,"KPI from->to",16,0
Loss,"KPI from->to",18,0
Loss,"KPI from->to",20,0
Loss,"KPI from->to",22,0
Loss,"KPI from->to",24,0
Loss,"KPI from->to",26,0
Loss,"KPI from->to",28,0
Loss,"KPI from->to",30,0
Loss,"KPI from->to",32,0
Loss,"KPI from->to",34,0
Loss,"KPI from->to",36,0
Loss,"KPI from->to",38,0
Loss,"KPI from->to",40,0
Loss,"KPI from->to",42,0
Loss,"KPI from->to",44,0
Loss,"KPI from->to",46,0
Loss,"KPI from->to",48,0
Loss,"KPI from->to",50,0
Loss,"KPI from->to",52,0
Loss,"KPI from->to",54,0
Loss,"KPI from->to",56,0
Loss,"KPI from->to",58,0
Loss,"KPI from->to",60,0
Loss,"KPI from->to",62,0
Loss,"KPI from->to",64,0
Loss,"KPI from->to",66,0
Loss,"KPI from->to",68,0
Loss,"KPI from->to",70,0
Loss,"KPI from->to",72,0
Loss,"KPI from->to",74,0
Loss,"KPI from->to",76,0
Loss,"KPI from->to",78,0
Loss,"KPI from->to",80,0
Loss,"KPI from->to",82,0
Loss,"KPI from->to",84,0
Loss,"KPI from->to",86,0
Loss,"KPI from->to",88,0
Loss,"KPI from->to",90,0
Loss,"KPI from->to",92,0
Loss,"KPI from->to",94,0
Loss,"KPI from->to",96,0
Loss,"KPI from->to",98,0
Loss,"KPI from->to",100,0

Metric,"Pair Name",Timestamp,Value
"Delay (ms)","KPI from->to",2,53
"Delay (ms)","KPI from->to",4,11
"Delay (ms)","KPI from->to",6,8
"Delay (ms)","KPI from->to",8,12
"Delay (ms)","KPI from->to",10,11
"Delay (ms)","KPI from->to",12,15
"Delay (ms)","KPI from->to",14,13
"Delay (ms)","KPI from->to",16,12
"Delay (ms)","KPI from->to",18,17
"Delay (ms)","KPI from->to",20,20
"Delay (ms)","KPI from->to",22,28
"Delay (ms)","KPI from->to",24,29
"Delay (ms)","KPI from->to",26,23
"Delay (ms)","KPI from->to",28,26
"Delay (ms)","KPI from->to",30,31
"Delay (ms)","KPI from->to",32,21
"Delay (ms)","KPI from->to",34,24
"Delay (ms)","KPI from->to",36,21
"Delay (ms)","KPI from->to",38,27
"Delay (ms)","KPI from->to",40,25
"Delay (ms)","KPI from->to",42,27
"Delay (ms)","KPI from->to",44,30
"Delay (ms)","KPI from->to",46,30
"Delay (ms)","KPI from->to",48,29
"Delay (ms)","KPI from->to",50,34
"Delay (ms)","KPI from->to",52,30
"Delay (ms)","KPI from->to",54,31
"Delay (ms)","KPI from->to",56,22
"Delay (ms)","KPI from->to",58,34
"Delay (ms)","KPI from->to",60,28
"Delay (ms)","KPI from->to",62,24
"Delay (ms)","KPI from->to",64,31
"Delay (ms)","KPI from->to",66,30
"Delay (ms)","KPI from->to",68,42
"Delay (ms)","KPI from->to",70,24
"Delay (ms)","KPI from->to",72,25
"Delay (ms)","KPI from->to",74,23
"Delay (ms)","KPI from->to",76,18
"Delay (ms)","KPI from->to",78,28
"Delay (ms)","KPI from->to",80,23
"Delay (ms)","KPI from->to",82,29
"Delay (ms)","KPI from->to",84,27
"Delay (ms)","KPI from->to",86,22
"Delay (ms)","KPI from->to",88,31
"Delay (ms)","KPI from->to",90,22
"Delay (ms)","KPI from->to",92,32
"Delay (ms)","KPI from->to",94,27
"Delay (ms)","KPI from->to",96,36
"Delay (ms)","KPI from->to",98,41
"Delay (ms)","KPI from->to",100,31

Metric,"Pair Name",Timestamp,Value
Loss,"KPI from->to",102,0
Loss,"KPI from->to",104,0
Loss,"KPI from->to",106,0
Loss,"KPI from->to",108,0
Loss,"KPI from->to",110,0
Loss,"KPI from->to",112,0
Loss,"KPI from->to",114,0
Loss,"KPI from->to",116,0
Loss,"KPI from->to",118,0

Metric,"Pair Name",Timestamp,Value
"Max Delay Variation (ms)","KPI from->to",2,136
"Max Delay Variation (ms)","KPI from->to",4,135
"Max Delay Variation (ms)","KPI from->to",6,72
"Max Delay Variation (ms)","KPI from->to",8,117
"Max Delay Variation (ms)","KPI from->to",10,97
"Max Delay Variation (ms)","KPI from->to",12,115
"Max Delay Variation (ms)","KPI from->to",14,94
"Max Delay Variation (ms)","KPI from->to",16,107
"Max Delay Variation (ms)","KPI from->to",18,131
"Max Delay Variation (ms)","KPI from->to",20,90
"Max Delay Variation (ms)","KPI from->to",22,90
"Max Delay Variation (ms)","KPI from->to",24,130
"Max Delay Variation (ms)","KPI from->to",26,91
"Max Delay Variation (ms)","KPI from->to",28,99
"Max Delay Variation (ms)","KPI from->to",30,91
"Max Delay Variation (ms)","KPI from->to",32,90
"Max Delay Variation (ms)","KPI from->to",34,67
"Max Delay Variation (ms)","KPI from->to",36,129
"Max Delay Variation (ms)","KPI from->to",38,98
"Max Delay Variation (ms)","KPI from->to",40,43
"Max Delay Variation (ms)","KPI from->to",42,74
"Max Delay Variation (ms)","KPI from->to",44,99
"Max Delay Variation (ms)","KPI from->to",46,55
"Max Delay Variation (ms)","KPI from->to",48,83
"Max Delay Variation (ms)","KPI from->to",50,96
"Max Delay Variation (ms)","KPI from->to",52,97
"Max Delay Variation (ms)","KPI from->to",54,133
"Max Delay Variation (ms)","KPI from->to",56,57
"Max Delay Variation (ms)","KPI from->to",58,116
"Max Delay Variation (ms)","KPI from->to",60,89
"Max Delay Variation (ms)","KPI from->to",62,97
"Max Delay Variation (ms)","KPI from->to",64,96
"Max Delay Variation (ms)","KPI from->to",66,104
"Max Delay Variation (ms)","KPI from->to",68,220
"Max Delay Variation (ms)","KPI from->to",70,82
"Max Delay Variation (ms)","KPI from->to",72,57
"Max Delay Variation (ms)","KPI from->to",74,57
"Max Delay Variation (ms)","KPI from->to",76,43
"Max Delay Variation (ms)","KPI from->to",78,130
"Max Delay Variation (ms)","KPI from->to",80,101
"Max Delay Variation (ms)","KPI from->to",82,158
"Max Delay Variation (ms)","KPI from->to",84,88
"Max Delay Variation (ms)","KPI from->to",86,51
"Max Delay Variation (ms)","KPI from->to",88,87
"Max Delay Variation (ms)","KPI from->to",90,91
"Max Delay Variation (ms)","KPI from->to",92,129
"Max Delay Variation (ms)","KPI from->to",94,135
"Max Delay Variation (ms)","KPI from->to",96,133
"Max Delay Variation (ms)","KPI from->to",98,142
"Max Delay Variation (ms)","KPI from->to",100,97

Metric,"Pair Name",Timestamp,Value
"Max Delay Variation (ms)","KPI from->to",102,160
"Max Delay Variation (ms)","KPI from->to",104,97
"Max Delay Variation (ms)","KPI from->to",106,135
"Max Delay Variation (ms)","KPI from->to",108,44
"Max Delay Variation (ms)","KPI from->to",110,97
"Max Delay Variation (ms)","KPI from->to",112,55
"Max Delay Variation (ms)","KPI from->to",114,56
"Max Delay Variation (ms)","KPI from->to",116,98
"Max Delay Variation (ms)","KPI from->to",118,134

Metric,"Pair Name",Timestamp,Value
MOS,"KPI from->to",2,1.94
MOS,"KPI from->to",4,2.18
MOS,"KPI from->to",6,2.2
MOS,"KPI from->to",8,1.88
MOS,"KPI from->to",10,1.84
MOS,"KPI from->to",12,1
MOS,"KPI from->to",14,2.2
MOS,"KPI from->to",16,1.84
MOS,"KPI from->to",18,1.91
MOS,"KPI from->to",20,1
MOS,"KPI from->to",22,2.13
MOS,"KPI from->to",24,1.95
MOS,"KPI from->to",26,2.14
MOS,"KPI from->to",28,1.25
MOS,"KPI from->to",30,1
MOS,"KPI from->to",32,2.14
MOS,"KPI from->to",34,1
MOS,"KPI from->to",36,3.48
MOS,"KPI from->to",38,1.82
MOS,"KPI from->to",40,1.9
MOS,"KPI from->to",42,2.15
MOS,"KPI from->to",44,1
MOS,"KPI from->to",46,1.38
MOS,"KPI from->to",48,1
MOS,"KPI from->to",50,1
MOS,"KPI from->to",52,1
MOS,"KPI from->to",54,1.35
MOS,"KPI from->to",56,1.85
MOS,"KPI from->to",58,1.38
MOS,"KPI from->to",60,1
MOS,"KPI from->to",62,1.83
MOS,"KPI from->to",64,1
MOS,"KPI from->to",66,1
MOS,"KPI from->to",68,1
MOS,"KPI from->to",70,1.38
MOS,"KPI from->to",72,1.88
MOS,"KPI from->to",74,1.85
MOS,"KPI from->to",76,2.43
MOS,"KPI from->to",78,1.38
MOS,"KPI from->to",80,1.35
MOS,"KPI from->to",82,1.86
MOS,"KPI from->to",84,1.41
MOS,"KPI from->to",86,1.35
MOS,"KPI from->to",88,1
MOS,"KPI from->to",90,2.17
MOS,"KPI from->to",92,1
MOS,"KPI from->to",94,1.86
MOS,"KPI from->to",96,1
MOS,"KPI from->to",98,1.01
MOS,"KPI from->to",100,1

Metric,"Pair Name",Timestamp,Value
MOS,"KPI from->to",102,2.17
MOS,"KPI from->to",104,2.41
MOS,"KPI from->to",106,1
MOS,"KPI from->to",108,2.19
MOS,"KPI from->to",110,2.18
MOS,"KPI from->to",112,1.42
MOS,"KPI from->to",114,1.85
MOS,"KPI from->to",116,2.17
MOS,"KPI from->to",118,1


