"Test Information",Value
"RUN ID",497
"END EXECUTION TIME","2021-05-13 15:35:07"
"SOURCE PROBE NAME",raspberrypi-AAS
"SOURCE PROBE TEST IP ADDRESS",raspberrypi-AAS
"SOURCE PROBE MANAGEMENT IP ADDRESS",raspberrypi-AAS
"SOURCE PROBE GROUP",Administrators
"DESTINATION PROBE NAME",raspberrypi-5G
"DESTINATION PROBE TEST IP ADDRESS",raspberrypi-5G
"DESTINATION PROBE MANAGEMENT IP ADDRESS",raspberrypi-5G
"DESTINATION PROBE GROUP",Administrators
"DESTINATION PROBE LOCATION",
"TEST MODULE",MESH
"TEST TYPE","Network KPI"
"TEST ADDITIONAL INFORMATION"," DSCP Setting: Best Effort"
"TEST DURATION",120
"TEST STATUS",Failed
"FAIL OR ERROR REASON"," Threshold failed on KPI from->to Jitter (ms) 
 Threshold failed on KPI from->to Jitter Max (ms) 
 Threshold failed on KPI from->to Max Delay Variation (ms) 
 Threshold failed on KPI from->to MOS 
"

Metric,"Pair Name",Value,"Threshold Type",Threshold,"Status KPI"
"Datagrams Out of Order","KPI from->to",0.0,0,>=,Passed
"Delay (ms)","KPI from->to",20.03,0,<=,Passed
"Jitter (ms)","KPI from->to",7.6,0,<=,Failed
"Jitter Max (ms)","KPI from->to",16.0,0,<=,Failed
Loss,"KPI from->to",0.0,0,<=,Passed
"Max Delay Variation (ms)","KPI from->to",137.0,0,<=,Failed
"Max loss burst","KPI from->to",0.0,0,<=,Passed
MOS,"KPI from->to",1.85,1,<=,Failed

Metric,"Pair Name",Timestamp,Value
"Delay (ms)","KPI from->to",102,28
"Delay (ms)","KPI from->to",104,32
"Delay (ms)","KPI from->to",106,23
"Delay (ms)","KPI from->to",108,21
"Delay (ms)","KPI from->to",110,22
"Delay (ms)","KPI from->to",112,24
"Delay (ms)","KPI from->to",114,23
"Delay (ms)","KPI from->to",116,30
"Delay (ms)","KPI from->to",118,21
"Delay (ms)","KPI from->to",120,27

Metric,"Pair Name",Timestamp,Value
Loss,"KPI from->to",2,0
Loss,"KPI from->to",4,0
Loss,"KPI from->to",6,0
Loss,"KPI from->to",8,0
Loss,"KPI from->to",10,0
Loss,"KPI from->to",12,0
Loss,"KPI from->to",14,0
Loss,"KPI from->to",16,0
Loss,"KPI from->to",18,0
Loss,"KPI from->to",20,0
Loss,"KPI from->to",22,0
Loss,"KPI from->to",24,0
Loss,"KPI from->to",26,0
Loss,"KPI from->to",28,0
Loss,"KPI from->to",30,0
Loss,"KPI from->to",32,0
Loss,"KPI from->to",34,0
Loss,"KPI from->to",36,0
Loss,"KPI from->to",38,0
Loss,"KPI from->to",40,0
Loss,"KPI from->to",42,0
Loss,"KPI from->to",44,0
Loss,"KPI from->to",46,0
Loss,"KPI from->to",48,0
Loss,"KPI from->to",50,0
Loss,"KPI from->to",52,0
Loss,"KPI from->to",54,0
Loss,"KPI from->to",56,0
Loss,"KPI from->to",58,0
Loss,"KPI from->to",60,0
Loss,"KPI from->to",62,0
Loss,"KPI from->to",64,0
Loss,"KPI from->to",66,0
Loss,"KPI from->to",68,0
Loss,"KPI from->to",70,0
Loss,"KPI from->to",72,0
Loss,"KPI from->to",74,0
Loss,"KPI from->to",76,0
Loss,"KPI from->to",78,0
Loss,"KPI from->to",80,0
Loss,"KPI from->to",82,0
Loss,"KPI from->to",84,0
Loss,"KPI from->to",86,0
Loss,"KPI from->to",88,0
Loss,"KPI from->to",90,0
Loss,"KPI from->to",92,0
Loss,"KPI from->to",94,0
Loss,"KPI from->to",96,0
Loss,"KPI from->to",98,0
Loss,"KPI from->to",100,0

Metric,"Pair Name",Timestamp,Value
"Max Delay Variation (ms)","KPI from->to",2,79
"Max Delay Variation (ms)","KPI from->to",4,42
"Max Delay Variation (ms)","KPI from->to",6,56
"Max Delay Variation (ms)","KPI from->to",8,137
"Max Delay Variation (ms)","KPI from->to",10,98
"Max Delay Variation (ms)","KPI from->to",12,57
"Max Delay Variation (ms)","KPI from->to",14,91
"Max Delay Variation (ms)","KPI from->to",16,68
"Max Delay Variation (ms)","KPI from->to",18,95
"Max Delay Variation (ms)","KPI from->to",20,59
"Max Delay Variation (ms)","KPI from->to",22,44
"Max Delay Variation (ms)","KPI from->to",24,59
"Max Delay Variation (ms)","KPI from->to",26,56
"Max Delay Variation (ms)","KPI from->to",28,95
"Max Delay Variation (ms)","KPI from->to",30,44
"Max Delay Variation (ms)","KPI from->to",32,43
"Max Delay Variation (ms)","KPI from->to",34,46
"Max Delay Variation (ms)","KPI from->to",36,56
"Max Delay Variation (ms)","KPI from->to",38,98
"Max Delay Variation (ms)","KPI from->to",40,42
"Max Delay Variation (ms)","KPI from->to",42,89
"Max Delay Variation (ms)","KPI from->to",44,47
"Max Delay Variation (ms)","KPI from->to",46,97
"Max Delay Variation (ms)","KPI from->to",48,97
"Max Delay Variation (ms)","KPI from->to",50,43
"Max Delay Variation (ms)","KPI from->to",52,60
"Max Delay Variation (ms)","KPI from->to",54,55
"Max Delay Variation (ms)","KPI from->to",56,63
"Max Delay Variation (ms)","KPI from->to",58,60
"Max Delay Variation (ms)","KPI from->to",60,65
"Max Delay Variation (ms)","KPI from->to",62,97
"Max Delay Variation (ms)","KPI from->to",64,42
"Max Delay Variation (ms)","KPI from->to",66,91
"Max Delay Variation (ms)","KPI from->to",68,43
"Max Delay Variation (ms)","KPI from->to",70,85
"Max Delay Variation (ms)","KPI from->to",72,49
"Max Delay Variation (ms)","KPI from->to",74,58
"Max Delay Variation (ms)","KPI from->to",76,43
"Max Delay Variation (ms)","KPI from->to",78,66
"Max Delay Variation (ms)","KPI from->to",80,57
"Max Delay Variation (ms)","KPI from->to",82,97
"Max Delay Variation (ms)","KPI from->to",84,56
"Max Delay Variation (ms)","KPI from->to",86,51
"Max Delay Variation (ms)","KPI from->to",88,57
"Max Delay Variation (ms)","KPI from->to",90,97
"Max Delay Variation (ms)","KPI from->to",92,58
"Max Delay Variation (ms)","KPI from->to",94,97
"Max Delay Variation (ms)","KPI from->to",96,44
"Max Delay Variation (ms)","KPI from->to",98,59
"Max Delay Variation (ms)","KPI from->to",100,60

Metric,"Pair Name",Timestamp,Value
MOS,"KPI from->to",2,1.85
MOS,"KPI from->to",4,2.42
MOS,"KPI from->to",6,2.21
MOS,"KPI from->to",8,1.28
MOS,"KPI from->to",10,1.45
MOS,"KPI from->to",12,1
MOS,"KPI from->to",14,2.17
MOS,"KPI from->to",16,1
MOS,"KPI from->to",18,1.42
MOS,"KPI from->to",20,1
MOS,"KPI from->to",22,1.35
MOS,"KPI from->to",24,1
MOS,"KPI from->to",26,2.43
MOS,"KPI from->to",28,1.87
MOS,"KPI from->to",30,1.89
MOS,"KPI from->to",32,2.79
MOS,"KPI from->to",34,1.39
MOS,"KPI from->to",36,2.17
MOS,"KPI from->to",38,2.44
MOS,"KPI from->to",40,2.19
MOS,"KPI from->to",42,1.42
MOS,"KPI from->to",44,3.48
MOS,"KPI from->to",46,1.39
MOS,"KPI from->to",48,1.89
MOS,"KPI from->to",50,2.42
MOS,"KPI from->to",52,1
MOS,"KPI from->to",54,2.81
MOS,"KPI from->to",56,1
MOS,"KPI from->to",58,1
MOS,"KPI from->to",60,1
MOS,"KPI from->to",62,2.77
MOS,"KPI from->to",64,2.44
MOS,"KPI from->to",66,2.81
MOS,"KPI from->to",68,2.41
MOS,"KPI from->to",70,1.87
MOS,"KPI from->to",72,1.87
MOS,"KPI from->to",74,1.87
MOS,"KPI from->to",76,2.17
MOS,"KPI from->to",78,2.78
MOS,"KPI from->to",80,2.42
MOS,"KPI from->to",82,1
MOS,"KPI from->to",84,2.78
MOS,"KPI from->to",86,1.89
MOS,"KPI from->to",88,2.17
MOS,"KPI from->to",90,1
MOS,"KPI from->to",92,1
MOS,"KPI from->to",94,1.86
MOS,"KPI from->to",96,1.91
MOS,"KPI from->to",98,1.87
MOS,"KPI from->to",100,1.38

Metric,"Pair Name",Timestamp,Value
"Delay (ms)","KPI from->to",2,18
"Delay (ms)","KPI from->to",4,15
"Delay (ms)","KPI from->to",6,19
"Delay (ms)","KPI from->to",8,23
"Delay (ms)","KPI from->to",10,22
"Delay (ms)","KPI from->to",12,17
"Delay (ms)","KPI from->to",14,19
"Delay (ms)","KPI from->to",16,20
"Delay (ms)","KPI from->to",18,21
"Delay (ms)","KPI from->to",20,20
"Delay (ms)","KPI from->to",22,19
"Delay (ms)","KPI from->to",24,21
"Delay (ms)","KPI from->to",26,16
"Delay (ms)","KPI from->to",28,20
"Delay (ms)","KPI from->to",30,16
"Delay (ms)","KPI from->to",32,10
"Delay (ms)","KPI from->to",34,18
"Delay (ms)","KPI from->to",36,11
"Delay (ms)","KPI from->to",38,15
"Delay (ms)","KPI from->to",40,11
"Delay (ms)","KPI from->to",42,15
"Delay (ms)","KPI from->to",44,9
"Delay (ms)","KPI from->to",46,19
"Delay (ms)","KPI from->to",48,17
"Delay (ms)","KPI from->to",50,13
"Delay (ms)","KPI from->to",52,19
"Delay (ms)","KPI from->to",54,12
"Delay (ms)","KPI from->to",56,17
"Delay (ms)","KPI from->to",58,18
"Delay (ms)","KPI from->to",60,16
"Delay (ms)","KPI from->to",62,14
"Delay (ms)","KPI from->to",64,15
"Delay (ms)","KPI from->to",66,13
"Delay (ms)","KPI from->to",68,20
"Delay (ms)","KPI from->to",70,24
"Delay (ms)","KPI from->to",72,23
"Delay (ms)","KPI from->to",74,23
"Delay (ms)","KPI from->to",76,22
"Delay (ms)","KPI from->to",78,22
"Delay (ms)","KPI from->to",80,22
"Delay (ms)","KPI from->to",82,29
"Delay (ms)","KPI from->to",84,23
"Delay (ms)","KPI from->to",86,23
"Delay (ms)","KPI from->to",88,27
"Delay (ms)","KPI from->to",90,28
"Delay (ms)","KPI from->to",92,25
"Delay (ms)","KPI from->to",94,26
"Delay (ms)","KPI from->to",96,22
"Delay (ms)","KPI from->to",98,22
"Delay (ms)","KPI from->to",100,22

Metric,"Pair Name",Timestamp,Value
Loss,"KPI from->to",102,0
Loss,"KPI from->to",104,0
Loss,"KPI from->to",106,0
Loss,"KPI from->to",108,0
Loss,"KPI from->to",110,0
Loss,"KPI from->to",112,0
Loss,"KPI from->to",114,0
Loss,"KPI from->to",116,0
Loss,"KPI from->to",118,0
Loss,"KPI from->to",120,0

Metric,"Pair Name",Timestamp,Value
MOS,"KPI from->to",102,2.41
MOS,"KPI from->to",104,1
MOS,"KPI from->to",106,2.46
MOS,"KPI from->to",108,2.17
MOS,"KPI from->to",110,2.16
MOS,"KPI from->to",112,1
MOS,"KPI from->to",114,2.17
MOS,"KPI from->to",116,1.38
MOS,"KPI from->to",118,2.17
MOS,"KPI from->to",120,1.31

Metric,"Pair Name",Timestamp,Value
"Jitter (ms)","KPI from->to",2,3
"Jitter (ms)","KPI from->to",4,13
"Jitter (ms)","KPI from->to",6,10
"Jitter (ms)","KPI from->to",8,13
"Jitter (ms)","KPI from->to",10,6
"Jitter (ms)","KPI from->to",12,8
"Jitter (ms)","KPI from->to",14,9
"Jitter (ms)","KPI from->to",16,4
"Jitter (ms)","KPI from->to",18,8
"Jitter (ms)","KPI from->to",20,9
"Jitter (ms)","KPI from->to",22,12
"Jitter (ms)","KPI from->to",24,12
"Jitter (ms)","KPI from->to",26,9
"Jitter (ms)","KPI from->to",28,12
"Jitter (ms)","KPI from->to",30,8
"Jitter (ms)","KPI from->to",32,3
"Jitter (ms)","KPI from->to",34,9
"Jitter (ms)","KPI from->to",36,6
"Jitter (ms)","KPI from->to",38,6
"Jitter (ms)","KPI from->to",40,2
"Jitter (ms)","KPI from->to",42,8
"Jitter (ms)","KPI from->to",44,3
"Jitter (ms)","KPI from->to",46,13
"Jitter (ms)","KPI from->to",48,11
"Jitter (ms)","KPI from->to",50,7
"Jitter (ms)","KPI from->to",52,7
"Jitter (ms)","KPI from->to",54,5
"Jitter (ms)","KPI from->to",56,7
"Jitter (ms)","KPI from->to",58,9
"Jitter (ms)","KPI from->to",60,11
"Jitter (ms)","KPI from->to",62,2
"Jitter (ms)","KPI from->to",64,4
"Jitter (ms)","KPI from->to",66,1
"Jitter (ms)","KPI from->to",68,4
"Jitter (ms)","KPI from->to",70,7
"Jitter (ms)","KPI from->to",72,5
"Jitter (ms)","KPI from->to",74,4
"Jitter (ms)","KPI from->to",76,7
"Jitter (ms)","KPI from->to",78,4
"Jitter (ms)","KPI from->to",80,2
"Jitter (ms)","KPI from->to",82,9
"Jitter (ms)","KPI from->to",84,10
"Jitter (ms)","KPI from->to",86,1
"Jitter (ms)","KPI from->to",88,7
"Jitter (ms)","KPI from->to",90,10
"Jitter (ms)","KPI from->to",92,11
"Jitter (ms)","KPI from->to",94,7
"Jitter (ms)","KPI from->to",96,8
"Jitter (ms)","KPI from->to",98,9
"Jitter (ms)","KPI from->to",100,15

Metric,"Pair Name",Timestamp,Value
"Jitter (ms)","KPI from->to",102,9
"Jitter (ms)","KPI from->to",104,16
"Jitter (ms)","KPI from->to",106,2
"Jitter (ms)","KPI from->to",108,5
"Jitter (ms)","KPI from->to",110,8
"Jitter (ms)","KPI from->to",112,2
"Jitter (ms)","KPI from->to",114,9
"Jitter (ms)","KPI from->to",116,16
"Jitter (ms)","KPI from->to",118,4
"Jitter (ms)","KPI from->to",120,15

Metric,"Pair Name",Timestamp,Value
"Max Delay Variation (ms)","KPI from->to",102,132
"Max Delay Variation (ms)","KPI from->to",104,94
"Max Delay Variation (ms)","KPI from->to",106,55
"Max Delay Variation (ms)","KPI from->to",108,43
"Max Delay Variation (ms)","KPI from->to",110,97
"Max Delay Variation (ms)","KPI from->to",112,82
"Max Delay Variation (ms)","KPI from->to",114,44
"Max Delay Variation (ms)","KPI from->to",116,134
"Max Delay Variation (ms)","KPI from->to",118,43
"Max Delay Variation (ms)","KPI from->to",120,97


