"Test Information",Value
"RUN ID",497
"END EXECUTION TIME","2021-05-13 15:39:35"
"SOURCE PROBE NAME",raspberrypi-AAS
"SOURCE PROBE TEST IP ADDRESS",raspberrypi-AAS
"SOURCE PROBE MANAGEMENT IP ADDRESS",raspberrypi-AAS
"SOURCE PROBE GROUP",Administrators
"DESTINATION PROBE NAME",raspberrypi-5G
"DESTINATION PROBE TEST IP ADDRESS",raspberrypi-5G
"DESTINATION PROBE MANAGEMENT IP ADDRESS",raspberrypi-5G
"DESTINATION PROBE GROUP",Administrators
"DESTINATION PROBE LOCATION",
"TEST MODULE",MESH
"TEST TYPE","Network KPI"
"TEST ADDITIONAL INFORMATION"," DSCP Setting: Best Effort"
"TEST DURATION",120
"TEST STATUS",Failed
"FAIL OR ERROR REASON"," Threshold failed on KPI from->to Jitter (ms) 
 Threshold failed on KPI from->to Jitter Max (ms) 
 Threshold failed on KPI from->to Max Delay Variation (ms) 
 Threshold failed on KPI from->to MOS 
"

Metric,"Pair Name",Value,"Threshold Type",Threshold,"Status KPI"
"Datagrams Out of Order","KPI from->to",0.0,0,>=,Passed
"Delay (ms)","KPI from->to",22.08,0,<=,Passed
"Jitter (ms)","KPI from->to",7.52,0,<=,Failed
"Jitter Max (ms)","KPI from->to",20.0,0,<=,Failed
Loss,"KPI from->to",0.0,0,<=,Passed
"Max Delay Variation (ms)","KPI from->to",167.0,0,<=,Failed
"Max loss burst","KPI from->to",0.0,0,<=,Passed
MOS,"KPI from->to",1.78,1,<=,Failed

Metric,"Pair Name",Timestamp,Value
"Jitter (ms)","KPI from->to",102,6
"Jitter (ms)","KPI from->to",104,10
"Jitter (ms)","KPI from->to",106,5
"Jitter (ms)","KPI from->to",108,13
"Jitter (ms)","KPI from->to",110,15
"Jitter (ms)","KPI from->to",112,5
"Jitter (ms)","KPI from->to",114,12
"Jitter (ms)","KPI from->to",116,4
"Jitter (ms)","KPI from->to",118,6
"Jitter (ms)","KPI from->to",120,12

Metric,"Pair Name",Timestamp,Value
"Delay (ms)","KPI from->to",102,19
"Delay (ms)","KPI from->to",104,28
"Delay (ms)","KPI from->to",106,19
"Delay (ms)","KPI from->to",108,22
"Delay (ms)","KPI from->to",110,22
"Delay (ms)","KPI from->to",112,25
"Delay (ms)","KPI from->to",114,28
"Delay (ms)","KPI from->to",116,23
"Delay (ms)","KPI from->to",118,20
"Delay (ms)","KPI from->to",120,31

Metric,"Pair Name",Timestamp,Value
"Max Delay Variation (ms)","KPI from->to",2,55
"Max Delay Variation (ms)","KPI from->to",4,58
"Max Delay Variation (ms)","KPI from->to",6,95
"Max Delay Variation (ms)","KPI from->to",8,44
"Max Delay Variation (ms)","KPI from->to",10,46
"Max Delay Variation (ms)","KPI from->to",12,115
"Max Delay Variation (ms)","KPI from->to",14,43
"Max Delay Variation (ms)","KPI from->to",16,100
"Max Delay Variation (ms)","KPI from->to",18,70
"Max Delay Variation (ms)","KPI from->to",20,167
"Max Delay Variation (ms)","KPI from->to",22,62
"Max Delay Variation (ms)","KPI from->to",24,43
"Max Delay Variation (ms)","KPI from->to",26,59
"Max Delay Variation (ms)","KPI from->to",28,96
"Max Delay Variation (ms)","KPI from->to",30,118
"Max Delay Variation (ms)","KPI from->to",32,97
"Max Delay Variation (ms)","KPI from->to",34,89
"Max Delay Variation (ms)","KPI from->to",36,87
"Max Delay Variation (ms)","KPI from->to",38,94
"Max Delay Variation (ms)","KPI from->to",40,98
"Max Delay Variation (ms)","KPI from->to",42,56
"Max Delay Variation (ms)","KPI from->to",44,117
"Max Delay Variation (ms)","KPI from->to",46,135
"Max Delay Variation (ms)","KPI from->to",48,135
"Max Delay Variation (ms)","KPI from->to",50,43
"Max Delay Variation (ms)","KPI from->to",52,42
"Max Delay Variation (ms)","KPI from->to",54,131
"Max Delay Variation (ms)","KPI from->to",56,131
"Max Delay Variation (ms)","KPI from->to",58,78
"Max Delay Variation (ms)","KPI from->to",60,57
"Max Delay Variation (ms)","KPI from->to",62,69
"Max Delay Variation (ms)","KPI from->to",64,160
"Max Delay Variation (ms)","KPI from->to",66,58
"Max Delay Variation (ms)","KPI from->to",68,95
"Max Delay Variation (ms)","KPI from->to",70,144
"Max Delay Variation (ms)","KPI from->to",72,116
"Max Delay Variation (ms)","KPI from->to",74,137
"Max Delay Variation (ms)","KPI from->to",76,140
"Max Delay Variation (ms)","KPI from->to",78,47
"Max Delay Variation (ms)","KPI from->to",80,60
"Max Delay Variation (ms)","KPI from->to",82,79
"Max Delay Variation (ms)","KPI from->to",84,97
"Max Delay Variation (ms)","KPI from->to",86,86
"Max Delay Variation (ms)","KPI from->to",88,43
"Max Delay Variation (ms)","KPI from->to",90,98
"Max Delay Variation (ms)","KPI from->to",92,135
"Max Delay Variation (ms)","KPI from->to",94,145
"Max Delay Variation (ms)","KPI from->to",96,138
"Max Delay Variation (ms)","KPI from->to",98,117
"Max Delay Variation (ms)","KPI from->to",100,93

Metric,"Pair Name",Timestamp,Value
"Jitter (ms)","KPI from->to",2,4
"Jitter (ms)","KPI from->to",4,7
"Jitter (ms)","KPI from->to",6,8
"Jitter (ms)","KPI from->to",8,4
"Jitter (ms)","KPI from->to",10,2
"Jitter (ms)","KPI from->to",12,6
"Jitter (ms)","KPI from->to",14,9
"Jitter (ms)","KPI from->to",16,10
"Jitter (ms)","KPI from->to",18,10
"Jitter (ms)","KPI from->to",20,5
"Jitter (ms)","KPI from->to",22,9
"Jitter (ms)","KPI from->to",24,11
"Jitter (ms)","KPI from->to",26,2
"Jitter (ms)","KPI from->to",28,10
"Jitter (ms)","KPI from->to",30,9
"Jitter (ms)","KPI from->to",32,5
"Jitter (ms)","KPI from->to",34,4
"Jitter (ms)","KPI from->to",36,15
"Jitter (ms)","KPI from->to",38,4
"Jitter (ms)","KPI from->to",40,10
"Jitter (ms)","KPI from->to",42,9
"Jitter (ms)","KPI from->to",44,8
"Jitter (ms)","KPI from->to",46,8
"Jitter (ms)","KPI from->to",48,20
"Jitter (ms)","KPI from->to",50,2
"Jitter (ms)","KPI from->to",52,8
"Jitter (ms)","KPI from->to",54,13
"Jitter (ms)","KPI from->to",56,3
"Jitter (ms)","KPI from->to",58,5
"Jitter (ms)","KPI from->to",60,5
"Jitter (ms)","KPI from->to",62,8
"Jitter (ms)","KPI from->to",64,4
"Jitter (ms)","KPI from->to",66,9
"Jitter (ms)","KPI from->to",68,2
"Jitter (ms)","KPI from->to",70,5
"Jitter (ms)","KPI from->to",72,5
"Jitter (ms)","KPI from->to",74,15
"Jitter (ms)","KPI from->to",76,6
"Jitter (ms)","KPI from->to",78,9
"Jitter (ms)","KPI from->to",80,1
"Jitter (ms)","KPI from->to",82,6
"Jitter (ms)","KPI from->to",84,9
"Jitter (ms)","KPI from->to",86,11
"Jitter (ms)","KPI from->to",88,3
"Jitter (ms)","KPI from->to",90,12
"Jitter (ms)","KPI from->to",92,7
"Jitter (ms)","KPI from->to",94,7
"Jitter (ms)","KPI from->to",96,14
"Jitter (ms)","KPI from->to",98,1
"Jitter (ms)","KPI from->to",100,4

Metric,"Pair Name",Timestamp,Value
Loss,"KPI from->to",2,0
Loss,"KPI from->to",4,0
Loss,"KPI from->to",6,0
Loss,"KPI from->to",8,0
Loss,"KPI from->to",10,0
Loss,"KPI from->to",12,0
Loss,"KPI from->to",14,0
Loss,"KPI from->to",16,0
Loss,"KPI from->to",18,0
Loss,"KPI from->to",20,0
Loss,"KPI from->to",22,0
Loss,"KPI from->to",24,0
Loss,"KPI from->to",26,0
Loss,"KPI from->to",28,0
Loss,"KPI from->to",30,0
Loss,"KPI from->to",32,0
Loss,"KPI from->to",34,0
Loss,"KPI from->to",36,0
Loss,"KPI from->to",38,0
Loss,"KPI from->to",40,0
Loss,"KPI from->to",42,0
Loss,"KPI from->to",44,0
Loss,"KPI from->to",46,0
Loss,"KPI from->to",48,0
Loss,"KPI from->to",50,0
Loss,"KPI from->to",52,0
Loss,"KPI from->to",54,0
Loss,"KPI from->to",56,0
Loss,"KPI from->to",58,0
Loss,"KPI from->to",60,0
Loss,"KPI from->to",62,0
Loss,"KPI from->to",64,0
Loss,"KPI from->to",66,0
Loss,"KPI from->to",68,0
Loss,"KPI from->to",70,0
Loss,"KPI from->to",72,0
Loss,"KPI from->to",74,0
Loss,"KPI from->to",76,0
Loss,"KPI from->to",78,0
Loss,"KPI from->to",80,0
Loss,"KPI from->to",82,0
Loss,"KPI from->to",84,0
Loss,"KPI from->to",86,0
Loss,"KPI from->to",88,0
Loss,"KPI from->to",90,0
Loss,"KPI from->to",92,0
Loss,"KPI from->to",94,0
Loss,"KPI from->to",96,0
Loss,"KPI from->to",98,0
Loss,"KPI from->to",100,0

Metric,"Pair Name",Timestamp,Value
MOS,"KPI from->to",2,2.79
MOS,"KPI from->to",4,2.18
MOS,"KPI from->to",6,2.18
MOS,"KPI from->to",8,2.78
MOS,"KPI from->to",10,2.41
MOS,"KPI from->to",12,2.19
MOS,"KPI from->to",14,2.41
MOS,"KPI from->to",16,1.38
MOS,"KPI from->to",18,2.18
MOS,"KPI from->to",20,1.35
MOS,"KPI from->to",22,1.39
MOS,"KPI from->to",24,1.89
MOS,"KPI from->to",26,2.8
MOS,"KPI from->to",28,1
MOS,"KPI from->to",30,1
MOS,"KPI from->to",32,1.86
MOS,"KPI from->to",34,1.88
MOS,"KPI from->to",36,2.19
MOS,"KPI from->to",38,1.39
MOS,"KPI from->to",40,1
MOS,"KPI from->to",42,1
MOS,"KPI from->to",44,1.45
MOS,"KPI from->to",46,1
MOS,"KPI from->to",48,2.37
MOS,"KPI from->to",50,1.94
MOS,"KPI from->to",52,2.79
MOS,"KPI from->to",54,1.84
MOS,"KPI from->to",56,1.88
MOS,"KPI from->to",58,1.87
MOS,"KPI from->to",60,2.42
MOS,"KPI from->to",62,1.35
MOS,"KPI from->to",64,2.42
MOS,"KPI from->to",66,2.17
MOS,"KPI from->to",68,2.18
MOS,"KPI from->to",70,2.17
MOS,"KPI from->to",72,1
MOS,"KPI from->to",74,2.17
MOS,"KPI from->to",76,1.38
MOS,"KPI from->to",78,2.18
MOS,"KPI from->to",80,2.8
MOS,"KPI from->to",82,1
MOS,"KPI from->to",84,2.18
MOS,"KPI from->to",86,1
MOS,"KPI from->to",88,1.91
MOS,"KPI from->to",90,1
MOS,"KPI from->to",92,1
MOS,"KPI from->to",94,1.87
MOS,"KPI from->to",96,1
MOS,"KPI from->to",98,2.13
MOS,"KPI from->to",100,1.03

Metric,"Pair Name",Timestamp,Value
"Delay (ms)","KPI from->to",2,21
"Delay (ms)","KPI from->to",4,20
"Delay (ms)","KPI from->to",6,22
"Delay (ms)","KPI from->to",8,18
"Delay (ms)","KPI from->to",10,18
"Delay (ms)","KPI from->to",12,24
"Delay (ms)","KPI from->to",14,19
"Delay (ms)","KPI from->to",16,24
"Delay (ms)","KPI from->to",18,22
"Delay (ms)","KPI from->to",20,30
"Delay (ms)","KPI from->to",22,21
"Delay (ms)","KPI from->to",24,15
"Delay (ms)","KPI from->to",26,7
"Delay (ms)","KPI from->to",28,15
"Delay (ms)","KPI from->to",30,14
"Delay (ms)","KPI from->to",32,13
"Delay (ms)","KPI from->to",34,15
"Delay (ms)","KPI from->to",36,11
"Delay (ms)","KPI from->to",38,13
"Delay (ms)","KPI from->to",40,15
"Delay (ms)","KPI from->to",42,16
"Delay (ms)","KPI from->to",44,27
"Delay (ms)","KPI from->to",46,30
"Delay (ms)","KPI from->to",48,31
"Delay (ms)","KPI from->to",50,23
"Delay (ms)","KPI from->to",52,23
"Delay (ms)","KPI from->to",54,35
"Delay (ms)","KPI from->to",56,32
"Delay (ms)","KPI from->to",58,25
"Delay (ms)","KPI from->to",60,22
"Delay (ms)","KPI from->to",62,23
"Delay (ms)","KPI from->to",64,29
"Delay (ms)","KPI from->to",66,20
"Delay (ms)","KPI from->to",68,22
"Delay (ms)","KPI from->to",70,25
"Delay (ms)","KPI from->to",72,28
"Delay (ms)","KPI from->to",74,26
"Delay (ms)","KPI from->to",76,24
"Delay (ms)","KPI from->to",78,17
"Delay (ms)","KPI from->to",80,15
"Delay (ms)","KPI from->to",82,22
"Delay (ms)","KPI from->to",84,19
"Delay (ms)","KPI from->to",86,22
"Delay (ms)","KPI from->to",88,18
"Delay (ms)","KPI from->to",90,22
"Delay (ms)","KPI from->to",92,26
"Delay (ms)","KPI from->to",94,24
"Delay (ms)","KPI from->to",96,31
"Delay (ms)","KPI from->to",98,22
"Delay (ms)","KPI from->to",100,32

Metric,"Pair Name",Timestamp,Value
Loss,"KPI from->to",102,0
Loss,"KPI from->to",104,0
Loss,"KPI from->to",106,0
Loss,"KPI from->to",108,0
Loss,"KPI from->to",110,0
Loss,"KPI from->to",112,0
Loss,"KPI from->to",114,0
Loss,"KPI from->to",116,0
Loss,"KPI from->to",118,0
Loss,"KPI from->to",120,0

Metric,"Pair Name",Timestamp,Value
"Max Delay Variation (ms)","KPI from->to",102,97
"Max Delay Variation (ms)","KPI from->to",104,103
"Max Delay Variation (ms)","KPI from->to",106,94
"Max Delay Variation (ms)","KPI from->to",108,68
"Max Delay Variation (ms)","KPI from->to",110,57
"Max Delay Variation (ms)","KPI from->to",112,114
"Max Delay Variation (ms)","KPI from->to",114,120
"Max Delay Variation (ms)","KPI from->to",116,137
"Max Delay Variation (ms)","KPI from->to",118,50
"Max Delay Variation (ms)","KPI from->to",120,105

Metric,"Pair Name",Timestamp,Value
MOS,"KPI from->to",102,2.41
MOS,"KPI from->to",104,1.41
MOS,"KPI from->to",106,1.87
MOS,"KPI from->to",108,1
MOS,"KPI from->to",110,1.85
MOS,"KPI from->to",112,1.88
MOS,"KPI from->to",114,1.38
MOS,"KPI from->to",116,1.87
MOS,"KPI from->to",118,1.39
MOS,"KPI from->to",120,1


