"Test Information",Value
"RUN ID",497
"END EXECUTION TIME","2021-05-13 15:52:50"
"SOURCE PROBE NAME",raspberrypi-AAS
"SOURCE PROBE TEST IP ADDRESS",raspberrypi-AAS
"SOURCE PROBE MANAGEMENT IP ADDRESS",raspberrypi-AAS
"SOURCE PROBE GROUP",Administrators
"DESTINATION PROBE NAME",raspberrypi-5G
"DESTINATION PROBE TEST IP ADDRESS",raspberrypi-5G
"DESTINATION PROBE MANAGEMENT IP ADDRESS",raspberrypi-5G
"DESTINATION PROBE GROUP",Administrators
"DESTINATION PROBE LOCATION",
"TEST MODULE",MESH
"TEST TYPE","Network KPI"
"TEST ADDITIONAL INFORMATION"," DSCP Setting: Best Effort"
"TEST DURATION",120
"TEST STATUS",Failed
"FAIL OR ERROR REASON"," Threshold failed on KPI from->to Jitter (ms) 
 Threshold failed on KPI from->to Jitter Max (ms) 
 Threshold failed on KPI from->to Max Delay Variation (ms) 
 Threshold failed on KPI from->to MOS 
"

Metric,"Pair Name",Value,"Threshold Type",Threshold,"Status KPI"
"Datagrams Out of Order","KPI from->to",0.0,0,>=,Passed
"Delay (ms)","KPI from->to",22.25,0,<=,Passed
"Jitter (ms)","KPI from->to",7.25,0,<=,Failed
"Jitter Max (ms)","KPI from->to",16.0,0,<=,Failed
Loss,"KPI from->to",0.0,0,<=,Passed
"Max Delay Variation (ms)","KPI from->to",158.0,0,<=,Failed
"Max loss burst","KPI from->to",0.0,0,<=,Passed
MOS,"KPI from->to",1.91,1,<=,Failed

Metric,"Pair Name",Timestamp,Value
"Delay (ms)","KPI from->to",2,34
"Delay (ms)","KPI from->to",4,18
"Delay (ms)","KPI from->to",6,28
"Delay (ms)","KPI from->to",8,20
"Delay (ms)","KPI from->to",10,18
"Delay (ms)","KPI from->to",12,15
"Delay (ms)","KPI from->to",14,19
"Delay (ms)","KPI from->to",16,19
"Delay (ms)","KPI from->to",18,21
"Delay (ms)","KPI from->to",20,14
"Delay (ms)","KPI from->to",22,17
"Delay (ms)","KPI from->to",24,11
"Delay (ms)","KPI from->to",26,13
"Delay (ms)","KPI from->to",28,12
"Delay (ms)","KPI from->to",30,15
"Delay (ms)","KPI from->to",32,17
"Delay (ms)","KPI from->to",34,11
"Delay (ms)","KPI from->to",36,15
"Delay (ms)","KPI from->to",38,9
"Delay (ms)","KPI from->to",40,12
"Delay (ms)","KPI from->to",42,18
"Delay (ms)","KPI from->to",44,15
"Delay (ms)","KPI from->to",46,18
"Delay (ms)","KPI from->to",48,21
"Delay (ms)","KPI from->to",50,10
"Delay (ms)","KPI from->to",52,18
"Delay (ms)","KPI from->to",54,21
"Delay (ms)","KPI from->to",56,11
"Delay (ms)","KPI from->to",58,16
"Delay (ms)","KPI from->to",60,27
"Delay (ms)","KPI from->to",62,25
"Delay (ms)","KPI from->to",64,23
"Delay (ms)","KPI from->to",66,26
"Delay (ms)","KPI from->to",68,30
"Delay (ms)","KPI from->to",70,21
"Delay (ms)","KPI from->to",72,33
"Delay (ms)","KPI from->to",74,38
"Delay (ms)","KPI from->to",76,27
"Delay (ms)","KPI from->to",78,27
"Delay (ms)","KPI from->to",80,25
"Delay (ms)","KPI from->to",82,27
"Delay (ms)","KPI from->to",84,22
"Delay (ms)","KPI from->to",86,27
"Delay (ms)","KPI from->to",88,20
"Delay (ms)","KPI from->to",90,29
"Delay (ms)","KPI from->to",92,24
"Delay (ms)","KPI from->to",94,22
"Delay (ms)","KPI from->to",96,27
"Delay (ms)","KPI from->to",98,29
"Delay (ms)","KPI from->to",100,26

Metric,"Pair Name",Timestamp,Value
"Jitter (ms)","KPI from->to",2,7
"Jitter (ms)","KPI from->to",4,2
"Jitter (ms)","KPI from->to",6,4
"Jitter (ms)","KPI from->to",8,5
"Jitter (ms)","KPI from->to",10,5
"Jitter (ms)","KPI from->to",12,2
"Jitter (ms)","KPI from->to",14,5
"Jitter (ms)","KPI from->to",16,4
"Jitter (ms)","KPI from->to",18,7
"Jitter (ms)","KPI from->to",20,0
"Jitter (ms)","KPI from->to",22,2
"Jitter (ms)","KPI from->to",24,3
"Jitter (ms)","KPI from->to",26,8
"Jitter (ms)","KPI from->to",28,4
"Jitter (ms)","KPI from->to",30,9
"Jitter (ms)","KPI from->to",32,7
"Jitter (ms)","KPI from->to",34,4
"Jitter (ms)","KPI from->to",36,8
"Jitter (ms)","KPI from->to",38,7
"Jitter (ms)","KPI from->to",40,10
"Jitter (ms)","KPI from->to",42,8
"Jitter (ms)","KPI from->to",44,10
"Jitter (ms)","KPI from->to",46,13
"Jitter (ms)","KPI from->to",48,16
"Jitter (ms)","KPI from->to",50,2
"Jitter (ms)","KPI from->to",52,1
"Jitter (ms)","KPI from->to",54,14
"Jitter (ms)","KPI from->to",56,1
"Jitter (ms)","KPI from->to",58,6
"Jitter (ms)","KPI from->to",60,2
"Jitter (ms)","KPI from->to",62,9
"Jitter (ms)","KPI from->to",64,12
"Jitter (ms)","KPI from->to",66,6
"Jitter (ms)","KPI from->to",68,13
"Jitter (ms)","KPI from->to",70,0
"Jitter (ms)","KPI from->to",72,12
"Jitter (ms)","KPI from->to",74,9
"Jitter (ms)","KPI from->to",76,12
"Jitter (ms)","KPI from->to",78,11
"Jitter (ms)","KPI from->to",80,5
"Jitter (ms)","KPI from->to",82,2
"Jitter (ms)","KPI from->to",84,3
"Jitter (ms)","KPI from->to",86,3
"Jitter (ms)","KPI from->to",88,5
"Jitter (ms)","KPI from->to",90,9
"Jitter (ms)","KPI from->to",92,12
"Jitter (ms)","KPI from->to",94,13
"Jitter (ms)","KPI from->to",96,8
"Jitter (ms)","KPI from->to",98,6
"Jitter (ms)","KPI from->to",100,10

Metric,"Pair Name",Timestamp,Value
Loss,"KPI from->to",2,0
Loss,"KPI from->to",4,0
Loss,"KPI from->to",6,0
Loss,"KPI from->to",8,0
Loss,"KPI from->to",10,0
Loss,"KPI from->to",12,0
Loss,"KPI from->to",14,0
Loss,"KPI from->to",16,0
Loss,"KPI from->to",18,0
Loss,"KPI from->to",20,0
Loss,"KPI from->to",22,0
Loss,"KPI from->to",24,0
Loss,"KPI from->to",26,0
Loss,"KPI from->to",28,0
Loss,"KPI from->to",30,0
Loss,"KPI from->to",32,0
Loss,"KPI from->to",34,0
Loss,"KPI from->to",36,0
Loss,"KPI from->to",38,0
Loss,"KPI from->to",40,0
Loss,"KPI from->to",42,0
Loss,"KPI from->to",44,0
Loss,"KPI from->to",46,0
Loss,"KPI from->to",48,0
Loss,"KPI from->to",50,0
Loss,"KPI from->to",52,0
Loss,"KPI from->to",54,0
Loss,"KPI from->to",56,0
Loss,"KPI from->to",58,0
Loss,"KPI from->to",60,0
Loss,"KPI from->to",62,0
Loss,"KPI from->to",64,0
Loss,"KPI from->to",66,0
Loss,"KPI from->to",68,0
Loss,"KPI from->to",70,0
Loss,"KPI from->to",72,0
Loss,"KPI from->to",74,0
Loss,"KPI from->to",76,0
Loss,"KPI from->to",78,0
Loss,"KPI from->to",80,0
Loss,"KPI from->to",82,0
Loss,"KPI from->to",84,0
Loss,"KPI from->to",86,0
Loss,"KPI from->to",88,0
Loss,"KPI from->to",90,0
Loss,"KPI from->to",92,0
Loss,"KPI from->to",94,0
Loss,"KPI from->to",96,0
Loss,"KPI from->to",98,0
Loss,"KPI from->to",100,0

Metric,"Pair Name",Timestamp,Value
MOS,"KPI from->to",2,2.48
MOS,"KPI from->to",4,2.19
MOS,"KPI from->to",6,2.16
MOS,"KPI from->to",8,2.42
MOS,"KPI from->to",10,2.19
MOS,"KPI from->to",12,3.48
MOS,"KPI from->to",14,2.17
MOS,"KPI from->to",16,1.89
MOS,"KPI from->to",18,2.42
MOS,"KPI from->to",20,4.37
MOS,"KPI from->to",22,2.42
MOS,"KPI from->to",24,1.88
MOS,"KPI from->to",26,2.17
MOS,"KPI from->to",28,1.43
MOS,"KPI from->to",30,1.39
MOS,"KPI from->to",32,1.36
MOS,"KPI from->to",34,1.9
MOS,"KPI from->to",36,1.39
MOS,"KPI from->to",38,2.42
MOS,"KPI from->to",40,1.82
MOS,"KPI from->to",42,1.51
MOS,"KPI from->to",44,2.17
MOS,"KPI from->to",46,2.19
MOS,"KPI from->to",48,2.15
MOS,"KPI from->to",50,3.5
MOS,"KPI from->to",52,1
MOS,"KPI from->to",54,1
MOS,"KPI from->to",56,3.47
MOS,"KPI from->to",58,2.44
MOS,"KPI from->to",60,1
MOS,"KPI from->to",62,2.41
MOS,"KPI from->to",64,2.42
MOS,"KPI from->to",66,1.35
MOS,"KPI from->to",68,1.41
MOS,"KPI from->to",70,2.42
MOS,"KPI from->to",72,1
MOS,"KPI from->to",74,1.92
MOS,"KPI from->to",76,1.41
MOS,"KPI from->to",78,1.21
MOS,"KPI from->to",80,1.51
MOS,"KPI from->to",82,1.35
MOS,"KPI from->to",84,2.19
MOS,"KPI from->to",86,1.84
MOS,"KPI from->to",88,2.19
MOS,"KPI from->to",90,1
MOS,"KPI from->to",92,1.8
MOS,"KPI from->to",94,2.8
MOS,"KPI from->to",96,1.45
MOS,"KPI from->to",98,2.16
MOS,"KPI from->to",100,1.31

Metric,"Pair Name",Timestamp,Value
"Max Delay Variation (ms)","KPI from->to",102,89
"Max Delay Variation (ms)","KPI from->to",104,77
"Max Delay Variation (ms)","KPI from->to",106,107
"Max Delay Variation (ms)","KPI from->to",108,97
"Max Delay Variation (ms)","KPI from->to",110,143
"Max Delay Variation (ms)","KPI from->to",112,138
"Max Delay Variation (ms)","KPI from->to",114,137
"Max Delay Variation (ms)","KPI from->to",116,138
"Max Delay Variation (ms)","KPI from->to",118,125

Metric,"Pair Name",Timestamp,Value
MOS,"KPI from->to",102,1
MOS,"KPI from->to",104,1.35
MOS,"KPI from->to",106,1
MOS,"KPI from->to",108,2.41
MOS,"KPI from->to",110,1
MOS,"KPI from->to",112,1.88
MOS,"KPI from->to",114,1.38
MOS,"KPI from->to",116,2.13
MOS,"KPI from->to",118,1

Metric,"Pair Name",Timestamp,Value
"Delay (ms)","KPI from->to",102,29
"Delay (ms)","KPI from->to",104,28
"Delay (ms)","KPI from->to",106,34
"Delay (ms)","KPI from->to",108,25
"Delay (ms)","KPI from->to",110,37
"Delay (ms)","KPI from->to",112,29
"Delay (ms)","KPI from->to",114,28
"Delay (ms)","KPI from->to",116,30
"Delay (ms)","KPI from->to",118,32

Metric,"Pair Name",Timestamp,Value
"Jitter (ms)","KPI from->to",102,10
"Jitter (ms)","KPI from->to",104,8
"Jitter (ms)","KPI from->to",106,16
"Jitter (ms)","KPI from->to",108,6
"Jitter (ms)","KPI from->to",110,8
"Jitter (ms)","KPI from->to",112,12
"Jitter (ms)","KPI from->to",114,6
"Jitter (ms)","KPI from->to",116,11
"Jitter (ms)","KPI from->to",118,15

Metric,"Pair Name",Timestamp,Value
Loss,"KPI from->to",102,0
Loss,"KPI from->to",104,0
Loss,"KPI from->to",106,0
Loss,"KPI from->to",108,0
Loss,"KPI from->to",110,0
Loss,"KPI from->to",112,0
Loss,"KPI from->to",114,0
Loss,"KPI from->to",116,0
Loss,"KPI from->to",118,0

Metric,"Pair Name",Timestamp,Value
"Max Delay Variation (ms)","KPI from->to",2,96
"Max Delay Variation (ms)","KPI from->to",4,57
"Max Delay Variation (ms)","KPI from->to",6,131
"Max Delay Variation (ms)","KPI from->to",8,57
"Max Delay Variation (ms)","KPI from->to",10,77
"Max Delay Variation (ms)","KPI from->to",12,41
"Max Delay Variation (ms)","KPI from->to",14,60
"Max Delay Variation (ms)","KPI from->to",16,59
"Max Delay Variation (ms)","KPI from->to",18,78
"Max Delay Variation (ms)","KPI from->to",20,20
"Max Delay Variation (ms)","KPI from->to",22,44
"Max Delay Variation (ms)","KPI from->to",24,55
"Max Delay Variation (ms)","KPI from->to",26,94
"Max Delay Variation (ms)","KPI from->to",28,61
"Max Delay Variation (ms)","KPI from->to",30,97
"Max Delay Variation (ms)","KPI from->to",32,115
"Max Delay Variation (ms)","KPI from->to",34,59
"Max Delay Variation (ms)","KPI from->to",36,86
"Max Delay Variation (ms)","KPI from->to",38,48
"Max Delay Variation (ms)","KPI from->to",40,79
"Max Delay Variation (ms)","KPI from->to",42,57
"Max Delay Variation (ms)","KPI from->to",44,61
"Max Delay Variation (ms)","KPI from->to",46,55
"Max Delay Variation (ms)","KPI from->to",48,158
"Max Delay Variation (ms)","KPI from->to",50,42
"Max Delay Variation (ms)","KPI from->to",52,57
"Max Delay Variation (ms)","KPI from->to",54,117
"Max Delay Variation (ms)","KPI from->to",56,42
"Max Delay Variation (ms)","KPI from->to",58,58
"Max Delay Variation (ms)","KPI from->to",60,104
"Max Delay Variation (ms)","KPI from->to",62,63
"Max Delay Variation (ms)","KPI from->to",64,58
"Max Delay Variation (ms)","KPI from->to",66,56
"Max Delay Variation (ms)","KPI from->to",68,97
"Max Delay Variation (ms)","KPI from->to",70,59
"Max Delay Variation (ms)","KPI from->to",72,95
"Max Delay Variation (ms)","KPI from->to",74,158
"Max Delay Variation (ms)","KPI from->to",76,97
"Max Delay Variation (ms)","KPI from->to",78,97
"Max Delay Variation (ms)","KPI from->to",80,59
"Max Delay Variation (ms)","KPI from->to",82,98
"Max Delay Variation (ms)","KPI from->to",84,43
"Max Delay Variation (ms)","KPI from->to",86,139
"Max Delay Variation (ms)","KPI from->to",88,43
"Max Delay Variation (ms)","KPI from->to",90,117
"Max Delay Variation (ms)","KPI from->to",92,59
"Max Delay Variation (ms)","KPI from->to",94,41
"Max Delay Variation (ms)","KPI from->to",96,86
"Max Delay Variation (ms)","KPI from->to",98,133
"Max Delay Variation (ms)","KPI from->to",100,100


