"Test Information",Value
"RUN ID",497
"END EXECUTION TIME","2021-05-13 15:26:09"
"SOURCE PROBE NAME",raspberrypi-AAS
"SOURCE PROBE TEST IP ADDRESS",raspberrypi-AAS
"SOURCE PROBE MANAGEMENT IP ADDRESS",raspberrypi-AAS
"SOURCE PROBE GROUP",Administrators
"DESTINATION PROBE NAME",raspberrypi-5G
"DESTINATION PROBE TEST IP ADDRESS",raspberrypi-5G
"DESTINATION PROBE MANAGEMENT IP ADDRESS",raspberrypi-5G
"DESTINATION PROBE GROUP",Administrators
"DESTINATION PROBE LOCATION",
"TEST MODULE",MESH
"TEST TYPE","Network KPI"
"TEST ADDITIONAL INFORMATION"," DSCP Setting: Best Effort"
"TEST DURATION",120
"TEST STATUS",Failed
"FAIL OR ERROR REASON"," Threshold failed on KPI from->to Jitter (ms) 
 Threshold failed on KPI from->to Jitter Max (ms) 
 Threshold failed on KPI from->to Max Delay Variation (ms) 
 Threshold failed on KPI from->to MOS 
"

Metric,"Pair Name",Value,"Threshold Type",Threshold,"Status KPI"
"Datagrams Out of Order","KPI from->to",0.0,0,>=,Passed
"Delay (ms)","KPI from->to",17.87,0,<=,Passed
"Jitter (ms)","KPI from->to",7.75,0,<=,Failed
"Jitter Max (ms)","KPI from->to",19.0,0,<=,Failed
Loss,"KPI from->to",0.0,0,<=,Passed
"Max Delay Variation (ms)","KPI from->to",157.0,0,<=,Failed
"Max loss burst","KPI from->to",0.0,0,<=,Passed
MOS,"KPI from->to",1.71,1,<=,Failed

Metric,"Pair Name",Timestamp,Value
"Max Delay Variation (ms)","KPI from->to",2,83
"Max Delay Variation (ms)","KPI from->to",4,43
"Max Delay Variation (ms)","KPI from->to",6,117
"Max Delay Variation (ms)","KPI from->to",8,133
"Max Delay Variation (ms)","KPI from->to",10,50
"Max Delay Variation (ms)","KPI from->to",12,43
"Max Delay Variation (ms)","KPI from->to",14,93
"Max Delay Variation (ms)","KPI from->to",16,42
"Max Delay Variation (ms)","KPI from->to",18,98
"Max Delay Variation (ms)","KPI from->to",20,59
"Max Delay Variation (ms)","KPI from->to",22,54
"Max Delay Variation (ms)","KPI from->to",24,67
"Max Delay Variation (ms)","KPI from->to",26,100
"Max Delay Variation (ms)","KPI from->to",28,60
"Max Delay Variation (ms)","KPI from->to",30,93
"Max Delay Variation (ms)","KPI from->to",32,149
"Max Delay Variation (ms)","KPI from->to",34,83
"Max Delay Variation (ms)","KPI from->to",36,70
"Max Delay Variation (ms)","KPI from->to",38,95
"Max Delay Variation (ms)","KPI from->to",40,98
"Max Delay Variation (ms)","KPI from->to",42,96
"Max Delay Variation (ms)","KPI from->to",44,42
"Max Delay Variation (ms)","KPI from->to",46,97
"Max Delay Variation (ms)","KPI from->to",48,96
"Max Delay Variation (ms)","KPI from->to",50,94
"Max Delay Variation (ms)","KPI from->to",52,43
"Max Delay Variation (ms)","KPI from->to",54,87
"Max Delay Variation (ms)","KPI from->to",56,56
"Max Delay Variation (ms)","KPI from->to",58,100
"Max Delay Variation (ms)","KPI from->to",60,137
"Max Delay Variation (ms)","KPI from->to",62,107
"Max Delay Variation (ms)","KPI from->to",64,156
"Max Delay Variation (ms)","KPI from->to",66,78
"Max Delay Variation (ms)","KPI from->to",68,93
"Max Delay Variation (ms)","KPI from->to",70,58
"Max Delay Variation (ms)","KPI from->to",72,98
"Max Delay Variation (ms)","KPI from->to",74,153
"Max Delay Variation (ms)","KPI from->to",76,63
"Max Delay Variation (ms)","KPI from->to",78,47
"Max Delay Variation (ms)","KPI from->to",80,112
"Max Delay Variation (ms)","KPI from->to",82,88
"Max Delay Variation (ms)","KPI from->to",84,127
"Max Delay Variation (ms)","KPI from->to",86,57
"Max Delay Variation (ms)","KPI from->to",88,50
"Max Delay Variation (ms)","KPI from->to",90,94
"Max Delay Variation (ms)","KPI from->to",92,146
"Max Delay Variation (ms)","KPI from->to",94,60
"Max Delay Variation (ms)","KPI from->to",96,106
"Max Delay Variation (ms)","KPI from->to",98,112
"Max Delay Variation (ms)","KPI from->to",100,157

Metric,"Pair Name",Timestamp,Value
MOS,"KPI from->to",102,2.2
MOS,"KPI from->to",104,1
MOS,"KPI from->to",106,2.43
MOS,"KPI from->to",108,2.16
MOS,"KPI from->to",110,1
MOS,"KPI from->to",112,1.92
MOS,"KPI from->to",114,1.39
MOS,"KPI from->to",116,1.86
MOS,"KPI from->to",118,1.35
MOS,"KPI from->to",120,1.91

Metric,"Pair Name",Timestamp,Value
"Jitter (ms)","KPI from->to",102,4
"Jitter (ms)","KPI from->to",104,8
"Jitter (ms)","KPI from->to",106,10
"Jitter (ms)","KPI from->to",108,11
"Jitter (ms)","KPI from->to",110,9
"Jitter (ms)","KPI from->to",112,4
"Jitter (ms)","KPI from->to",114,10
"Jitter (ms)","KPI from->to",116,9
"Jitter (ms)","KPI from->to",118,8
"Jitter (ms)","KPI from->to",120,6

Metric,"Pair Name",Timestamp,Value
"Max Delay Variation (ms)","KPI from->to",102,100
"Max Delay Variation (ms)","KPI from->to",104,57
"Max Delay Variation (ms)","KPI from->to",106,135
"Max Delay Variation (ms)","KPI from->to",108,97
"Max Delay Variation (ms)","KPI from->to",110,58
"Max Delay Variation (ms)","KPI from->to",112,65
"Max Delay Variation (ms)","KPI from->to",114,43
"Max Delay Variation (ms)","KPI from->to",116,49
"Max Delay Variation (ms)","KPI from->to",118,55
"Max Delay Variation (ms)","KPI from->to",120,138

Metric,"Pair Name",Timestamp,Value
"Delay (ms)","KPI from->to",2,24
"Delay (ms)","KPI from->to",4,16
"Delay (ms)","KPI from->to",6,21
"Delay (ms)","KPI from->to",8,20
"Delay (ms)","KPI from->to",10,15
"Delay (ms)","KPI from->to",12,10
"Delay (ms)","KPI from->to",14,18
"Delay (ms)","KPI from->to",16,15
"Delay (ms)","KPI from->to",18,21
"Delay (ms)","KPI from->to",20,16
"Delay (ms)","KPI from->to",22,12
"Delay (ms)","KPI from->to",24,14
"Delay (ms)","KPI from->to",26,15
"Delay (ms)","KPI from->to",28,14
"Delay (ms)","KPI from->to",30,23
"Delay (ms)","KPI from->to",32,31
"Delay (ms)","KPI from->to",34,29
"Delay (ms)","KPI from->to",36,26
"Delay (ms)","KPI from->to",38,34
"Delay (ms)","KPI from->to",40,25
"Delay (ms)","KPI from->to",42,30
"Delay (ms)","KPI from->to",44,22
"Delay (ms)","KPI from->to",46,31
"Delay (ms)","KPI from->to",48,28
"Delay (ms)","KPI from->to",50,27
"Delay (ms)","KPI from->to",52,24
"Delay (ms)","KPI from->to",54,27
"Delay (ms)","KPI from->to",56,20
"Delay (ms)","KPI from->to",58,30
"Delay (ms)","KPI from->to",60,27
"Delay (ms)","KPI from->to",62,15
"Delay (ms)","KPI from->to",64,17
"Delay (ms)","KPI from->to",66,8
"Delay (ms)","KPI from->to",68,12
"Delay (ms)","KPI from->to",70,8
"Delay (ms)","KPI from->to",72,12
"Delay (ms)","KPI from->to",74,16
"Delay (ms)","KPI from->to",76,8
"Delay (ms)","KPI from->to",78,6
"Delay (ms)","KPI from->to",80,16
"Delay (ms)","KPI from->to",82,13
"Delay (ms)","KPI from->to",84,17
"Delay (ms)","KPI from->to",86,10
"Delay (ms)","KPI from->to",88,8
"Delay (ms)","KPI from->to",90,16
"Delay (ms)","KPI from->to",92,22
"Delay (ms)","KPI from->to",94,11
"Delay (ms)","KPI from->to",96,18
"Delay (ms)","KPI from->to",98,14
"Delay (ms)","KPI from->to",100,21

Metric,"Pair Name",Timestamp,Value
"Delay (ms)","KPI from->to",102,16
"Delay (ms)","KPI from->to",104,11
"Delay (ms)","KPI from->to",106,11
"Delay (ms)","KPI from->to",108,14
"Delay (ms)","KPI from->to",110,13
"Delay (ms)","KPI from->to",112,11
"Delay (ms)","KPI from->to",114,12
"Delay (ms)","KPI from->to",116,10
"Delay (ms)","KPI from->to",118,22
"Delay (ms)","KPI from->to",120,19

Metric,"Pair Name",Timestamp,Value
"Jitter (ms)","KPI from->to",2,4
"Jitter (ms)","KPI from->to",4,2
"Jitter (ms)","KPI from->to",6,7
"Jitter (ms)","KPI from->to",8,5
"Jitter (ms)","KPI from->to",10,5
"Jitter (ms)","KPI from->to",12,7
"Jitter (ms)","KPI from->to",14,11
"Jitter (ms)","KPI from->to",16,4
"Jitter (ms)","KPI from->to",18,12
"Jitter (ms)","KPI from->to",20,4
"Jitter (ms)","KPI from->to",22,3
"Jitter (ms)","KPI from->to",24,3
"Jitter (ms)","KPI from->to",26,11
"Jitter (ms)","KPI from->to",28,5
"Jitter (ms)","KPI from->to",30,11
"Jitter (ms)","KPI from->to",32,2
"Jitter (ms)","KPI from->to",34,9
"Jitter (ms)","KPI from->to",36,5
"Jitter (ms)","KPI from->to",38,16
"Jitter (ms)","KPI from->to",40,3
"Jitter (ms)","KPI from->to",42,10
"Jitter (ms)","KPI from->to",44,10
"Jitter (ms)","KPI from->to",46,17
"Jitter (ms)","KPI from->to",48,13
"Jitter (ms)","KPI from->to",50,13
"Jitter (ms)","KPI from->to",52,7
"Jitter (ms)","KPI from->to",54,7
"Jitter (ms)","KPI from->to",56,5
"Jitter (ms)","KPI from->to",58,8
"Jitter (ms)","KPI from->to",60,6
"Jitter (ms)","KPI from->to",62,1
"Jitter (ms)","KPI from->to",64,7
"Jitter (ms)","KPI from->to",66,7
"Jitter (ms)","KPI from->to",68,13
"Jitter (ms)","KPI from->to",70,3
"Jitter (ms)","KPI from->to",72,11
"Jitter (ms)","KPI from->to",74,14
"Jitter (ms)","KPI from->to",76,5
"Jitter (ms)","KPI from->to",78,8
"Jitter (ms)","KPI from->to",80,9
"Jitter (ms)","KPI from->to",82,6
"Jitter (ms)","KPI from->to",84,5
"Jitter (ms)","KPI from->to",86,9
"Jitter (ms)","KPI from->to",88,7
"Jitter (ms)","KPI from->to",90,9
"Jitter (ms)","KPI from->to",92,19
"Jitter (ms)","KPI from->to",94,12
"Jitter (ms)","KPI from->to",96,7
"Jitter (ms)","KPI from->to",98,4
"Jitter (ms)","KPI from->to",100,5

Metric,"Pair Name",Timestamp,Value
Loss,"KPI from->to",2,0
Loss,"KPI from->to",4,0
Loss,"KPI from->to",6,0
Loss,"KPI from->to",8,0
Loss,"KPI from->to",10,0
Loss,"KPI from->to",12,0
Loss,"KPI from->to",14,0
Loss,"KPI from->to",16,0
Loss,"KPI from->to",18,0
Loss,"KPI from->to",20,0
Loss,"KPI from->to",22,0
Loss,"KPI from->to",24,0
Loss,"KPI from->to",26,0
Loss,"KPI from->to",28,0
Loss,"KPI from->to",30,0
Loss,"KPI from->to",32,0
Loss,"KPI from->to",34,0
Loss,"KPI from->to",36,0
Loss,"KPI from->to",38,0
Loss,"KPI from->to",40,0
Loss,"KPI from->to",42,0
Loss,"KPI from->to",44,0
Loss,"KPI from->to",46,0
Loss,"KPI from->to",48,0
Loss,"KPI from->to",50,0
Loss,"KPI from->to",52,0
Loss,"KPI from->to",54,0
Loss,"KPI from->to",56,0
Loss,"KPI from->to",58,0
Loss,"KPI from->to",60,0
Loss,"KPI from->to",62,0
Loss,"KPI from->to",64,0
Loss,"KPI from->to",66,0
Loss,"KPI from->to",68,0
Loss,"KPI from->to",70,0
Loss,"KPI from->to",72,0
Loss,"KPI from->to",74,0
Loss,"KPI from->to",76,0
Loss,"KPI from->to",78,0
Loss,"KPI from->to",80,0
Loss,"KPI from->to",82,0
Loss,"KPI from->to",84,0
Loss,"KPI from->to",86,0
Loss,"KPI from->to",88,0
Loss,"KPI from->to",90,0
Loss,"KPI from->to",92,0
Loss,"KPI from->to",94,0
Loss,"KPI from->to",96,0
Loss,"KPI from->to",98,0
Loss,"KPI from->to",100,0

Metric,"Pair Name",Timestamp,Value
Loss,"KPI from->to",102,0
Loss,"KPI from->to",104,0
Loss,"KPI from->to",106,0
Loss,"KPI from->to",108,0
Loss,"KPI from->to",110,0
Loss,"KPI from->to",112,0
Loss,"KPI from->to",114,0
Loss,"KPI from->to",116,0
Loss,"KPI from->to",118,0
Loss,"KPI from->to",120,0

Metric,"Pair Name",Timestamp,Value
MOS,"KPI from->to",2,1.87
MOS,"KPI from->to",4,1.87
MOS,"KPI from->to",6,1.89
MOS,"KPI from->to",8,1.85
MOS,"KPI from->to",10,1.39
MOS,"KPI from->to",12,2.8
MOS,"KPI from->to",14,1
MOS,"KPI from->to",16,2.19
MOS,"KPI from->to",18,1
MOS,"KPI from->to",20,1.89
MOS,"KPI from->to",22,2.18
MOS,"KPI from->to",24,2.19
MOS,"KPI from->to",26,1.86
MOS,"KPI from->to",28,2.8
MOS,"KPI from->to",30,1.87
MOS,"KPI from->to",32,1.86
MOS,"KPI from->to",34,1
MOS,"KPI from->to",36,1
MOS,"KPI from->to",38,1.24
MOS,"KPI from->to",40,1.01
MOS,"KPI from->to",42,1
MOS,"KPI from->to",44,2.15
MOS,"KPI from->to",46,1
MOS,"KPI from->to",48,1
MOS,"KPI from->to",50,1.35
MOS,"KPI from->to",52,1.38
MOS,"KPI from->to",54,1
MOS,"KPI from->to",56,2.39
MOS,"KPI from->to",58,1
MOS,"KPI from->to",60,1.88
MOS,"KPI from->to",62,2.16
MOS,"KPI from->to",64,2.43
MOS,"KPI from->to",66,2.19
MOS,"KPI from->to",68,2.18
MOS,"KPI from->to",70,1.4
MOS,"KPI from->to",72,1.88
MOS,"KPI from->to",74,1.83
MOS,"KPI from->to",76,2.21
MOS,"KPI from->to",78,2.18
MOS,"KPI from->to",80,1.42
MOS,"KPI from->to",82,1.86
MOS,"KPI from->to",84,1.36
MOS,"KPI from->to",86,1.92
MOS,"KPI from->to",88,2.19
MOS,"KPI from->to",90,1
MOS,"KPI from->to",92,1
MOS,"KPI from->to",94,1.88
MOS,"KPI from->to",96,1.89
MOS,"KPI from->to",98,2.17
MOS,"KPI from->to",100,1.25


