"Test Information",Value
"RUN ID",497
"END EXECUTION TIME","2021-05-13 16:12:47"
"SOURCE PROBE NAME",raspberrypi-5G
"SOURCE PROBE TEST IP ADDRESS",raspberrypi-5G
"SOURCE PROBE MANAGEMENT IP ADDRESS",raspberrypi-5G
"SOURCE PROBE GROUP",Administrators
"DESTINATION PROBE NAME",raspberrypi-AAS
"DESTINATION PROBE TEST IP ADDRESS",raspberrypi-AAS
"DESTINATION PROBE MANAGEMENT IP ADDRESS",raspberrypi-AAS
"DESTINATION PROBE GROUP",Administrators
"DESTINATION PROBE LOCATION",
"TEST MODULE",MESH
"TEST TYPE","Network KPI"
"TEST ADDITIONAL INFORMATION"," DSCP Setting: Best Effort"
"TEST DURATION",120
"TEST STATUS",Failed
"FAIL OR ERROR REASON"," Threshold failed on KPI from->to Max Delay Variation (ms) 
 Threshold failed on KPI from->to Max loss burst 
"

Metric,"Pair Name",Value,"Threshold Type",Threshold,"Status KPI"
"Datagrams Out of Order","KPI from->to",0.0,0,>=,Passed
"Delay (ms)","KPI from->to",40.3,0,<=,Passed
"Jitter (ms)","KPI from->to",1.1,0,<=,Passed
"Jitter Max (ms)","KPI from->to",3.0,0,<=,Passed
Loss,"KPI from->to",0.07,0,<=,Passed
"Max Delay Variation (ms)","KPI from->to",67.0,0,<=,Failed
"Max loss burst","KPI from->to",3.0,0,<=,Failed
MOS,"KPI from->to",4.3,1,<=,Passed

Metric,"Pair Name",Timestamp,Value
Loss,"KPI from->to",102,0
Loss,"KPI from->to",104,0
Loss,"KPI from->to",106,0
Loss,"KPI from->to",108,0
Loss,"KPI from->to",110,0
Loss,"KPI from->to",112,0
Loss,"KPI from->to",114,0
Loss,"KPI from->to",116,0
Loss,"KPI from->to",118,0
Loss,"KPI from->to",120,0

Metric,"Pair Name",Timestamp,Value
"Jitter (ms)","KPI from->to",102,1
"Jitter (ms)","KPI from->to",104,2
"Jitter (ms)","KPI from->to",106,1
"Jitter (ms)","KPI from->to",108,2
"Jitter (ms)","KPI from->to",110,1
"Jitter (ms)","KPI from->to",112,1
"Jitter (ms)","KPI from->to",114,1
"Jitter (ms)","KPI from->to",116,1
"Jitter (ms)","KPI from->to",118,1
"Jitter (ms)","KPI from->to",120,1

Metric,"Pair Name",Timestamp,Value
"Max Delay Variation (ms)","KPI from->to",102,5
"Max Delay Variation (ms)","KPI from->to",104,11
"Max Delay Variation (ms)","KPI from->to",106,7
"Max Delay Variation (ms)","KPI from->to",108,9
"Max Delay Variation (ms)","KPI from->to",110,10
"Max Delay Variation (ms)","KPI from->to",112,11
"Max Delay Variation (ms)","KPI from->to",114,9
"Max Delay Variation (ms)","KPI from->to",116,8
"Max Delay Variation (ms)","KPI from->to",118,9
"Max Delay Variation (ms)","KPI from->to",120,6

Metric,"Pair Name",Timestamp,Value
"Jitter (ms)","KPI from->to",2,0
"Jitter (ms)","KPI from->to",4,1
"Jitter (ms)","KPI from->to",6,2
"Jitter (ms)","KPI from->to",8,3
"Jitter (ms)","KPI from->to",10,1
"Jitter (ms)","KPI from->to",12,2
"Jitter (ms)","KPI from->to",14,1
"Jitter (ms)","KPI from->to",16,1
"Jitter (ms)","KPI from->to",18,1
"Jitter (ms)","KPI from->to",20,1
"Jitter (ms)","KPI from->to",22,1
"Jitter (ms)","KPI from->to",24,1
"Jitter (ms)","KPI from->to",26,0
"Jitter (ms)","KPI from->to",28,0
"Jitter (ms)","KPI from->to",30,0
"Jitter (ms)","KPI from->to",32,0
"Jitter (ms)","KPI from->to",34,1
"Jitter (ms)","KPI from->to",36,1
"Jitter (ms)","KPI from->to",38,1
"Jitter (ms)","KPI from->to",40,1
"Jitter (ms)","KPI from->to",42,1
"Jitter (ms)","KPI from->to",44,1
"Jitter (ms)","KPI from->to",46,0
"Jitter (ms)","KPI from->to",48,2
"Jitter (ms)","KPI from->to",50,1
"Jitter (ms)","KPI from->to",52,0
"Jitter (ms)","KPI from->to",54,1
"Jitter (ms)","KPI from->to",56,1
"Jitter (ms)","KPI from->to",58,1
"Jitter (ms)","KPI from->to",60,2
"Jitter (ms)","KPI from->to",62,1
"Jitter (ms)","KPI from->to",64,1
"Jitter (ms)","KPI from->to",66,2
"Jitter (ms)","KPI from->to",68,1
"Jitter (ms)","KPI from->to",70,1
"Jitter (ms)","KPI from->to",72,2
"Jitter (ms)","KPI from->to",74,2
"Jitter (ms)","KPI from->to",76,2
"Jitter (ms)","KPI from->to",78,1
"Jitter (ms)","KPI from->to",80,2
"Jitter (ms)","KPI from->to",82,1
"Jitter (ms)","KPI from->to",84,2
"Jitter (ms)","KPI from->to",86,1
"Jitter (ms)","KPI from->to",88,1
"Jitter (ms)","KPI from->to",90,1
"Jitter (ms)","KPI from->to",92,0
"Jitter (ms)","KPI from->to",94,1
"Jitter (ms)","KPI from->to",96,1
"Jitter (ms)","KPI from->to",98,1
"Jitter (ms)","KPI from->to",100,1

Metric,"Pair Name",Timestamp,Value
MOS,"KPI from->to",2,4.36
MOS,"KPI from->to",4,4.36
MOS,"KPI from->to",6,4.36
MOS,"KPI from->to",8,4.36
MOS,"KPI from->to",10,4.36
MOS,"KPI from->to",12,1.42
MOS,"KPI from->to",14,4.36
MOS,"KPI from->to",16,4.36
MOS,"KPI from->to",18,4.36
MOS,"KPI from->to",20,4.36
MOS,"KPI from->to",22,4.36
MOS,"KPI from->to",24,4.36
MOS,"KPI from->to",26,4.36
MOS,"KPI from->to",28,4.36
MOS,"KPI from->to",30,4.36
MOS,"KPI from->to",32,4.36
MOS,"KPI from->to",34,4.36
MOS,"KPI from->to",36,4.35
MOS,"KPI from->to",38,4.35
MOS,"KPI from->to",40,4.35
MOS,"KPI from->to",42,4.35
MOS,"KPI from->to",44,4.35
MOS,"KPI from->to",46,4.35
MOS,"KPI from->to",48,4.35
MOS,"KPI from->to",50,4.35
MOS,"KPI from->to",52,4.35
MOS,"KPI from->to",54,4.35
MOS,"KPI from->to",56,4.35
MOS,"KPI from->to",58,4.35
MOS,"KPI from->to",60,4.35
MOS,"KPI from->to",62,4.35
MOS,"KPI from->to",64,4.35
MOS,"KPI from->to",66,4.35
MOS,"KPI from->to",68,4.35
MOS,"KPI from->to",70,4.35
MOS,"KPI from->to",72,4.35
MOS,"KPI from->to",74,4.35
MOS,"KPI from->to",76,4.35
MOS,"KPI from->to",78,4.35
MOS,"KPI from->to",80,4.35
MOS,"KPI from->to",82,4.35
MOS,"KPI from->to",84,4.35
MOS,"KPI from->to",86,4.35
MOS,"KPI from->to",88,4.35
MOS,"KPI from->to",90,4.35
MOS,"KPI from->to",92,4.35
MOS,"KPI from->to",94,4.35
MOS,"KPI from->to",96,4.35
MOS,"KPI from->to",98,4.35
MOS,"KPI from->to",100,4.35

Metric,"Pair Name",Timestamp,Value
"Delay (ms)","KPI from->to",2,25
"Delay (ms)","KPI from->to",4,24
"Delay (ms)","KPI from->to",6,25
"Delay (ms)","KPI from->to",8,25
"Delay (ms)","KPI from->to",10,24
"Delay (ms)","KPI from->to",12,22
"Delay (ms)","KPI from->to",14,18
"Delay (ms)","KPI from->to",16,18
"Delay (ms)","KPI from->to",18,18
"Delay (ms)","KPI from->to",20,18
"Delay (ms)","KPI from->to",22,18
"Delay (ms)","KPI from->to",24,18
"Delay (ms)","KPI from->to",26,18
"Delay (ms)","KPI from->to",28,18
"Delay (ms)","KPI from->to",30,18
"Delay (ms)","KPI from->to",32,18
"Delay (ms)","KPI from->to",34,18
"Delay (ms)","KPI from->to",36,42
"Delay (ms)","KPI from->to",38,43
"Delay (ms)","KPI from->to",40,44
"Delay (ms)","KPI from->to",42,43
"Delay (ms)","KPI from->to",44,44
"Delay (ms)","KPI from->to",46,43
"Delay (ms)","KPI from->to",48,43
"Delay (ms)","KPI from->to",50,43
"Delay (ms)","KPI from->to",52,43
"Delay (ms)","KPI from->to",54,43
"Delay (ms)","KPI from->to",56,44
"Delay (ms)","KPI from->to",58,47
"Delay (ms)","KPI from->to",60,51
"Delay (ms)","KPI from->to",62,51
"Delay (ms)","KPI from->to",64,51
"Delay (ms)","KPI from->to",66,52
"Delay (ms)","KPI from->to",68,51
"Delay (ms)","KPI from->to",70,51
"Delay (ms)","KPI from->to",72,52
"Delay (ms)","KPI from->to",74,53
"Delay (ms)","KPI from->to",76,53
"Delay (ms)","KPI from->to",78,53
"Delay (ms)","KPI from->to",80,53
"Delay (ms)","KPI from->to",82,52
"Delay (ms)","KPI from->to",84,53
"Delay (ms)","KPI from->to",86,53
"Delay (ms)","KPI from->to",88,51
"Delay (ms)","KPI from->to",90,49
"Delay (ms)","KPI from->to",92,49
"Delay (ms)","KPI from->to",94,49
"Delay (ms)","KPI from->to",96,50
"Delay (ms)","KPI from->to",98,49
"Delay (ms)","KPI from->to",100,49

Metric,"Pair Name",Timestamp,Value
Loss,"KPI from->to",2,0
Loss,"KPI from->to",4,0
Loss,"KPI from->to",6,0
Loss,"KPI from->to",8,0
Loss,"KPI from->to",10,0
Loss,"KPI from->to",12,3.960396039604
Loss,"KPI from->to",14,0
Loss,"KPI from->to",16,0
Loss,"KPI from->to",18,0
Loss,"KPI from->to",20,0
Loss,"KPI from->to",22,0
Loss,"KPI from->to",24,0
Loss,"KPI from->to",26,0
Loss,"KPI from->to",28,0
Loss,"KPI from->to",30,0
Loss,"KPI from->to",32,0
Loss,"KPI from->to",34,0
Loss,"KPI from->to",36,0
Loss,"KPI from->to",38,0
Loss,"KPI from->to",40,0
Loss,"KPI from->to",42,0
Loss,"KPI from->to",44,0
Loss,"KPI from->to",46,0
Loss,"KPI from->to",48,0
Loss,"KPI from->to",50,0
Loss,"KPI from->to",52,0
Loss,"KPI from->to",54,0
Loss,"KPI from->to",56,0
Loss,"KPI from->to",58,0
Loss,"KPI from->to",60,0
Loss,"KPI from->to",62,0
Loss,"KPI from->to",64,0
Loss,"KPI from->to",66,0
Loss,"KPI from->to",68,0
Loss,"KPI from->to",70,0
Loss,"KPI from->to",72,0
Loss,"KPI from->to",74,0
Loss,"KPI from->to",76,0
Loss,"KPI from->to",78,0
Loss,"KPI from->to",80,0
Loss,"KPI from->to",82,0
Loss,"KPI from->to",84,0
Loss,"KPI from->to",86,0
Loss,"KPI from->to",88,0
Loss,"KPI from->to",90,0
Loss,"KPI from->to",92,0
Loss,"KPI from->to",94,0
Loss,"KPI from->to",96,0
Loss,"KPI from->to",98,0
Loss,"KPI from->to",100,0

Metric,"Pair Name",Timestamp,Value
"Max Delay Variation (ms)","KPI from->to",2,6
"Max Delay Variation (ms)","KPI from->to",4,9
"Max Delay Variation (ms)","KPI from->to",6,9
"Max Delay Variation (ms)","KPI from->to",8,9
"Max Delay Variation (ms)","KPI from->to",10,8
"Max Delay Variation (ms)","KPI from->to",12,67
"Max Delay Variation (ms)","KPI from->to",14,6
"Max Delay Variation (ms)","KPI from->to",16,4
"Max Delay Variation (ms)","KPI from->to",18,6
"Max Delay Variation (ms)","KPI from->to",20,7
"Max Delay Variation (ms)","KPI from->to",22,6
"Max Delay Variation (ms)","KPI from->to",24,6
"Max Delay Variation (ms)","KPI from->to",26,6
"Max Delay Variation (ms)","KPI from->to",28,6
"Max Delay Variation (ms)","KPI from->to",30,6
"Max Delay Variation (ms)","KPI from->to",32,5
"Max Delay Variation (ms)","KPI from->to",34,6
"Max Delay Variation (ms)","KPI from->to",36,15
"Max Delay Variation (ms)","KPI from->to",38,14
"Max Delay Variation (ms)","KPI from->to",40,7
"Max Delay Variation (ms)","KPI from->to",42,6
"Max Delay Variation (ms)","KPI from->to",44,8
"Max Delay Variation (ms)","KPI from->to",46,6
"Max Delay Variation (ms)","KPI from->to",48,11
"Max Delay Variation (ms)","KPI from->to",50,6
"Max Delay Variation (ms)","KPI from->to",52,12
"Max Delay Variation (ms)","KPI from->to",54,7
"Max Delay Variation (ms)","KPI from->to",56,9
"Max Delay Variation (ms)","KPI from->to",58,8
"Max Delay Variation (ms)","KPI from->to",60,9
"Max Delay Variation (ms)","KPI from->to",62,12
"Max Delay Variation (ms)","KPI from->to",64,16
"Max Delay Variation (ms)","KPI from->to",66,17
"Max Delay Variation (ms)","KPI from->to",68,7
"Max Delay Variation (ms)","KPI from->to",70,11
"Max Delay Variation (ms)","KPI from->to",72,19
"Max Delay Variation (ms)","KPI from->to",74,7
"Max Delay Variation (ms)","KPI from->to",76,19
"Max Delay Variation (ms)","KPI from->to",78,6
"Max Delay Variation (ms)","KPI from->to",80,14
"Max Delay Variation (ms)","KPI from->to",82,9
"Max Delay Variation (ms)","KPI from->to",84,8
"Max Delay Variation (ms)","KPI from->to",86,13
"Max Delay Variation (ms)","KPI from->to",88,11
"Max Delay Variation (ms)","KPI from->to",90,7
"Max Delay Variation (ms)","KPI from->to",92,9
"Max Delay Variation (ms)","KPI from->to",94,16
"Max Delay Variation (ms)","KPI from->to",96,17
"Max Delay Variation (ms)","KPI from->to",98,6
"Max Delay Variation (ms)","KPI from->to",100,8

Metric,"Pair Name",Timestamp,Value
MOS,"KPI from->to",102,4.35
MOS,"KPI from->to",104,4.35
MOS,"KPI from->to",106,4.35
MOS,"KPI from->to",108,4.35
MOS,"KPI from->to",110,4.35
MOS,"KPI from->to",112,4.35
MOS,"KPI from->to",114,4.35
MOS,"KPI from->to",116,4.35
MOS,"KPI from->to",118,4.35
MOS,"KPI from->to",120,4.36

Metric,"Pair Name",Timestamp,Value
"Delay (ms)","KPI from->to",102,48
"Delay (ms)","KPI from->to",104,49
"Delay (ms)","KPI from->to",106,50
"Delay (ms)","KPI from->to",108,49
"Delay (ms)","KPI from->to",110,50
"Delay (ms)","KPI from->to",112,50
"Delay (ms)","KPI from->to",114,50
"Delay (ms)","KPI from->to",116,50
"Delay (ms)","KPI from->to",118,50
"Delay (ms)","KPI from->to",120,32


