"Test Information",Value
"RUN ID",497
"END EXECUTION TIME","2021-05-13 15:57:16"
"SOURCE PROBE NAME",raspberrypi-AAS
"SOURCE PROBE TEST IP ADDRESS",raspberrypi-AAS
"SOURCE PROBE MANAGEMENT IP ADDRESS",raspberrypi-AAS
"SOURCE PROBE GROUP",Administrators
"DESTINATION PROBE NAME",raspberrypi-5G
"DESTINATION PROBE TEST IP ADDRESS",raspberrypi-5G
"DESTINATION PROBE MANAGEMENT IP ADDRESS",raspberrypi-5G
"DESTINATION PROBE GROUP",Administrators
"DESTINATION PROBE LOCATION",
"TEST MODULE",MESH
"TEST TYPE","Network KPI"
"TEST ADDITIONAL INFORMATION"," DSCP Setting: Best Effort"
"TEST DURATION",120
"TEST STATUS",Failed
"FAIL OR ERROR REASON"," Threshold failed on KPI from->to Jitter (ms) 
 Threshold failed on KPI from->to Jitter Max (ms) 
 Threshold failed on KPI from->to Max Delay Variation (ms) 
 Threshold failed on KPI from->to MOS 
"

Metric,"Pair Name",Value,"Threshold Type",Threshold,"Status KPI"
"Datagrams Out of Order","KPI from->to",0.0,0,>=,Passed
"Delay (ms)","KPI from->to",14.88,0,<=,Passed
"Jitter (ms)","KPI from->to",7.3,0,<=,Failed
"Jitter Max (ms)","KPI from->to",19.0,0,<=,Failed
Loss,"KPI from->to",0.0,0,<=,Passed
"Max Delay Variation (ms)","KPI from->to",178.0,0,<=,Failed
"Max loss burst","KPI from->to",0.0,0,<=,Passed
MOS,"KPI from->to",1.78,1,<=,Failed

Metric,"Pair Name",Timestamp,Value
"Delay (ms)","KPI from->to",2,10
"Delay (ms)","KPI from->to",4,16
"Delay (ms)","KPI from->to",6,10
"Delay (ms)","KPI from->to",8,12
"Delay (ms)","KPI from->to",10,11
"Delay (ms)","KPI from->to",12,6
"Delay (ms)","KPI from->to",14,11
"Delay (ms)","KPI from->to",16,19
"Delay (ms)","KPI from->to",18,16
"Delay (ms)","KPI from->to",20,14
"Delay (ms)","KPI from->to",22,13
"Delay (ms)","KPI from->to",24,11
"Delay (ms)","KPI from->to",26,18
"Delay (ms)","KPI from->to",28,12
"Delay (ms)","KPI from->to",30,11
"Delay (ms)","KPI from->to",32,10
"Delay (ms)","KPI from->to",34,12
"Delay (ms)","KPI from->to",36,10
"Delay (ms)","KPI from->to",38,20
"Delay (ms)","KPI from->to",40,15
"Delay (ms)","KPI from->to",42,14
"Delay (ms)","KPI from->to",44,19
"Delay (ms)","KPI from->to",46,12
"Delay (ms)","KPI from->to",48,11
"Delay (ms)","KPI from->to",50,26
"Delay (ms)","KPI from->to",52,17
"Delay (ms)","KPI from->to",54,21
"Delay (ms)","KPI from->to",56,19
"Delay (ms)","KPI from->to",58,25
"Delay (ms)","KPI from->to",60,16
"Delay (ms)","KPI from->to",62,11
"Delay (ms)","KPI from->to",64,12
"Delay (ms)","KPI from->to",66,11
"Delay (ms)","KPI from->to",68,10
"Delay (ms)","KPI from->to",70,11
"Delay (ms)","KPI from->to",72,13
"Delay (ms)","KPI from->to",74,17
"Delay (ms)","KPI from->to",76,15
"Delay (ms)","KPI from->to",78,20
"Delay (ms)","KPI from->to",80,11
"Delay (ms)","KPI from->to",82,12
"Delay (ms)","KPI from->to",84,15
"Delay (ms)","KPI from->to",86,14
"Delay (ms)","KPI from->to",88,9
"Delay (ms)","KPI from->to",90,9
"Delay (ms)","KPI from->to",92,11
"Delay (ms)","KPI from->to",94,11
"Delay (ms)","KPI from->to",96,18
"Delay (ms)","KPI from->to",98,8
"Delay (ms)","KPI from->to",100,14

Metric,"Pair Name",Timestamp,Value
Loss,"KPI from->to",102,0
Loss,"KPI from->to",104,0
Loss,"KPI from->to",106,0
Loss,"KPI from->to",108,0
Loss,"KPI from->to",110,0
Loss,"KPI from->to",112,0
Loss,"KPI from->to",114,0
Loss,"KPI from->to",116,0
Loss,"KPI from->to",118,0
Loss,"KPI from->to",120,0

Metric,"Pair Name",Timestamp,Value
"Max Delay Variation (ms)","KPI from->to",102,56
"Max Delay Variation (ms)","KPI from->to",104,92
"Max Delay Variation (ms)","KPI from->to",106,97
"Max Delay Variation (ms)","KPI from->to",108,95
"Max Delay Variation (ms)","KPI from->to",110,97
"Max Delay Variation (ms)","KPI from->to",112,103
"Max Delay Variation (ms)","KPI from->to",114,95
"Max Delay Variation (ms)","KPI from->to",116,135
"Max Delay Variation (ms)","KPI from->to",118,133
"Max Delay Variation (ms)","KPI from->to",120,79

Metric,"Pair Name",Timestamp,Value
"Max Delay Variation (ms)","KPI from->to",2,94
"Max Delay Variation (ms)","KPI from->to",4,177
"Max Delay Variation (ms)","KPI from->to",6,55
"Max Delay Variation (ms)","KPI from->to",8,136
"Max Delay Variation (ms)","KPI from->to",10,115
"Max Delay Variation (ms)","KPI from->to",12,44
"Max Delay Variation (ms)","KPI from->to",14,95
"Max Delay Variation (ms)","KPI from->to",16,93
"Max Delay Variation (ms)","KPI from->to",18,102
"Max Delay Variation (ms)","KPI from->to",20,89
"Max Delay Variation (ms)","KPI from->to",22,46
"Max Delay Variation (ms)","KPI from->to",24,64
"Max Delay Variation (ms)","KPI from->to",26,96
"Max Delay Variation (ms)","KPI from->to",28,57
"Max Delay Variation (ms)","KPI from->to",30,60
"Max Delay Variation (ms)","KPI from->to",32,55
"Max Delay Variation (ms)","KPI from->to",34,87
"Max Delay Variation (ms)","KPI from->to",36,45
"Max Delay Variation (ms)","KPI from->to",38,132
"Max Delay Variation (ms)","KPI from->to",40,105
"Max Delay Variation (ms)","KPI from->to",42,59
"Max Delay Variation (ms)","KPI from->to",44,133
"Max Delay Variation (ms)","KPI from->to",46,56
"Max Delay Variation (ms)","KPI from->to",48,42
"Max Delay Variation (ms)","KPI from->to",50,134
"Max Delay Variation (ms)","KPI from->to",52,137
"Max Delay Variation (ms)","KPI from->to",54,142
"Max Delay Variation (ms)","KPI from->to",56,83
"Max Delay Variation (ms)","KPI from->to",58,178
"Max Delay Variation (ms)","KPI from->to",60,94
"Max Delay Variation (ms)","KPI from->to",62,44
"Max Delay Variation (ms)","KPI from->to",64,117
"Max Delay Variation (ms)","KPI from->to",66,93
"Max Delay Variation (ms)","KPI from->to",68,42
"Max Delay Variation (ms)","KPI from->to",70,65
"Max Delay Variation (ms)","KPI from->to",72,62
"Max Delay Variation (ms)","KPI from->to",74,97
"Max Delay Variation (ms)","KPI from->to",76,97
"Max Delay Variation (ms)","KPI from->to",78,100
"Max Delay Variation (ms)","KPI from->to",80,57
"Max Delay Variation (ms)","KPI from->to",82,84
"Max Delay Variation (ms)","KPI from->to",84,97
"Max Delay Variation (ms)","KPI from->to",86,57
"Max Delay Variation (ms)","KPI from->to",88,44
"Max Delay Variation (ms)","KPI from->to",90,50
"Max Delay Variation (ms)","KPI from->to",92,47
"Max Delay Variation (ms)","KPI from->to",94,97
"Max Delay Variation (ms)","KPI from->to",96,116
"Max Delay Variation (ms)","KPI from->to",98,57
"Max Delay Variation (ms)","KPI from->to",100,97

Metric,"Pair Name",Timestamp,Value
MOS,"KPI from->to",2,1.39
MOS,"KPI from->to",4,2.15
MOS,"KPI from->to",6,1.95
MOS,"KPI from->to",8,2.42
MOS,"KPI from->to",10,1.88
MOS,"KPI from->to",12,2.82
MOS,"KPI from->to",14,2.18
MOS,"KPI from->to",16,1
MOS,"KPI from->to",18,1.39
MOS,"KPI from->to",20,1.88
MOS,"KPI from->to",22,1.84
MOS,"KPI from->to",24,2.2
MOS,"KPI from->to",26,1
MOS,"KPI from->to",28,2.43
MOS,"KPI from->to",30,1.39
MOS,"KPI from->to",32,1.88
MOS,"KPI from->to",34,2.43
MOS,"KPI from->to",36,1.88
MOS,"KPI from->to",38,1
MOS,"KPI from->to",40,1.32
MOS,"KPI from->to",42,1.91
MOS,"KPI from->to",44,1.39
MOS,"KPI from->to",46,2.2
MOS,"KPI from->to",48,1.88
MOS,"KPI from->to",50,1
MOS,"KPI from->to",52,1.89
MOS,"KPI from->to",54,1.21
MOS,"KPI from->to",56,1
MOS,"KPI from->to",58,1
MOS,"KPI from->to",60,1.83
MOS,"KPI from->to",62,1
MOS,"KPI from->to",64,1.88
MOS,"KPI from->to",66,2.43
MOS,"KPI from->to",68,2.43
MOS,"KPI from->to",70,2.15
MOS,"KPI from->to",72,2.21
MOS,"KPI from->to",74,1.85
MOS,"KPI from->to",76,1
MOS,"KPI from->to",78,1.87
MOS,"KPI from->to",80,1.86
MOS,"KPI from->to",82,2.19
MOS,"KPI from->to",84,1.39
MOS,"KPI from->to",86,1
MOS,"KPI from->to",88,1.33
MOS,"KPI from->to",90,1.88
MOS,"KPI from->to",92,1.9
MOS,"KPI from->to",94,2.44
MOS,"KPI from->to",96,1
MOS,"KPI from->to",98,2.81
MOS,"KPI from->to",100,2.43

Metric,"Pair Name",Timestamp,Value
MOS,"KPI from->to",102,2.18
MOS,"KPI from->to",104,2.17
MOS,"KPI from->to",106,2.19
MOS,"KPI from->to",108,2.41
MOS,"KPI from->to",110,1.38
MOS,"KPI from->to",112,1.89
MOS,"KPI from->to",114,1
MOS,"KPI from->to",116,2.37
MOS,"KPI from->to",118,1
MOS,"KPI from->to",120,1.32

Metric,"Pair Name",Timestamp,Value
"Delay (ms)","KPI from->to",102,13
"Delay (ms)","KPI from->to",104,19
"Delay (ms)","KPI from->to",106,17
"Delay (ms)","KPI from->to",108,18
"Delay (ms)","KPI from->to",110,24
"Delay (ms)","KPI from->to",112,20
"Delay (ms)","KPI from->to",114,18
"Delay (ms)","KPI from->to",116,17
"Delay (ms)","KPI from->to",118,37
"Delay (ms)","KPI from->to",120,21

Metric,"Pair Name",Timestamp,Value
"Jitter (ms)","KPI from->to",2,9
"Jitter (ms)","KPI from->to",4,7
"Jitter (ms)","KPI from->to",6,7
"Jitter (ms)","KPI from->to",8,3
"Jitter (ms)","KPI from->to",10,9
"Jitter (ms)","KPI from->to",12,2
"Jitter (ms)","KPI from->to",14,3
"Jitter (ms)","KPI from->to",16,19
"Jitter (ms)","KPI from->to",18,10
"Jitter (ms)","KPI from->to",20,11
"Jitter (ms)","KPI from->to",22,8
"Jitter (ms)","KPI from->to",24,6
"Jitter (ms)","KPI from->to",26,7
"Jitter (ms)","KPI from->to",28,10
"Jitter (ms)","KPI from->to",30,9
"Jitter (ms)","KPI from->to",32,4
"Jitter (ms)","KPI from->to",34,14
"Jitter (ms)","KPI from->to",36,7
"Jitter (ms)","KPI from->to",38,11
"Jitter (ms)","KPI from->to",40,6
"Jitter (ms)","KPI from->to",42,4
"Jitter (ms)","KPI from->to",44,8
"Jitter (ms)","KPI from->to",46,4
"Jitter (ms)","KPI from->to",48,9
"Jitter (ms)","KPI from->to",50,17
"Jitter (ms)","KPI from->to",52,7
"Jitter (ms)","KPI from->to",54,13
"Jitter (ms)","KPI from->to",56,3
"Jitter (ms)","KPI from->to",58,8
"Jitter (ms)","KPI from->to",60,10
"Jitter (ms)","KPI from->to",62,6
"Jitter (ms)","KPI from->to",64,3
"Jitter (ms)","KPI from->to",66,8
"Jitter (ms)","KPI from->to",68,8
"Jitter (ms)","KPI from->to",70,6
"Jitter (ms)","KPI from->to",72,5
"Jitter (ms)","KPI from->to",74,10
"Jitter (ms)","KPI from->to",76,5
"Jitter (ms)","KPI from->to",78,11
"Jitter (ms)","KPI from->to",80,8
"Jitter (ms)","KPI from->to",82,4
"Jitter (ms)","KPI from->to",84,4
"Jitter (ms)","KPI from->to",86,8
"Jitter (ms)","KPI from->to",88,2
"Jitter (ms)","KPI from->to",90,4
"Jitter (ms)","KPI from->to",92,3
"Jitter (ms)","KPI from->to",94,4
"Jitter (ms)","KPI from->to",96,13
"Jitter (ms)","KPI from->to",98,5
"Jitter (ms)","KPI from->to",100,2

Metric,"Pair Name",Timestamp,Value
"Jitter (ms)","KPI from->to",102,11
"Jitter (ms)","KPI from->to",104,7
"Jitter (ms)","KPI from->to",106,7
"Jitter (ms)","KPI from->to",108,9
"Jitter (ms)","KPI from->to",110,11
"Jitter (ms)","KPI from->to",112,4
"Jitter (ms)","KPI from->to",114,5
"Jitter (ms)","KPI from->to",116,5
"Jitter (ms)","KPI from->to",118,8
"Jitter (ms)","KPI from->to",120,7

Metric,"Pair Name",Timestamp,Value
Loss,"KPI from->to",2,0
Loss,"KPI from->to",4,0
Loss,"KPI from->to",6,0
Loss,"KPI from->to",8,0
Loss,"KPI from->to",10,0
Loss,"KPI from->to",12,0
Loss,"KPI from->to",14,0
Loss,"KPI from->to",16,0
Loss,"KPI from->to",18,0
Loss,"KPI from->to",20,0
Loss,"KPI from->to",22,0
Loss,"KPI from->to",24,0
Loss,"KPI from->to",26,0
Loss,"KPI from->to",28,0
Loss,"KPI from->to",30,0
Loss,"KPI from->to",32,0
Loss,"KPI from->to",34,0
Loss,"KPI from->to",36,0
Loss,"KPI from->to",38,0
Loss,"KPI from->to",40,0
Loss,"KPI from->to",42,0
Loss,"KPI from->to",44,0
Loss,"KPI from->to",46,0
Loss,"KPI from->to",48,0
Loss,"KPI from->to",50,0
Loss,"KPI from->to",52,0
Loss,"KPI from->to",54,0
Loss,"KPI from->to",56,0
Loss,"KPI from->to",58,0
Loss,"KPI from->to",60,0
Loss,"KPI from->to",62,0
Loss,"KPI from->to",64,0
Loss,"KPI from->to",66,0
Loss,"KPI from->to",68,0
Loss,"KPI from->to",70,0
Loss,"KPI from->to",72,0
Loss,"KPI from->to",74,0
Loss,"KPI from->to",76,0
Loss,"KPI from->to",78,0
Loss,"KPI from->to",80,0
Loss,"KPI from->to",82,0
Loss,"KPI from->to",84,0
Loss,"KPI from->to",86,0
Loss,"KPI from->to",88,0
Loss,"KPI from->to",90,0
Loss,"KPI from->to",92,0
Loss,"KPI from->to",94,0
Loss,"KPI from->to",96,0
Loss,"KPI from->to",98,0
Loss,"KPI from->to",100,0


