"Test Information",Value
"RUN ID",497
"END EXECUTION TIME","2021-05-13 15:19:28"
"SOURCE PROBE NAME",raspberrypi-AAS
"SOURCE PROBE TEST IP ADDRESS",raspberrypi-AAS
"SOURCE PROBE MANAGEMENT IP ADDRESS",raspberrypi-AAS
"SOURCE PROBE GROUP",Administrators
"DESTINATION PROBE NAME",raspberrypi-5G
"DESTINATION PROBE TEST IP ADDRESS",raspberrypi-5G
"DESTINATION PROBE MANAGEMENT IP ADDRESS",raspberrypi-5G
"DESTINATION PROBE GROUP",Administrators
"DESTINATION PROBE LOCATION",
"TEST MODULE",MESH
"TEST TYPE","Network KPI"
"TEST ADDITIONAL INFORMATION"," DSCP Setting: Best Effort"
"TEST DURATION",120
"TEST STATUS",Failed
"FAIL OR ERROR REASON"," Threshold failed on KPI from->to Jitter (ms) 
 Threshold failed on KPI from->to Jitter Max (ms) 
 Threshold failed on KPI from->to Max Delay Variation (ms) 
 Threshold failed on KPI from->to MOS 
"

Metric,"Pair Name",Value,"Threshold Type",Threshold,"Status KPI"
"Datagrams Out of Order","KPI from->to",0.0,0,>=,Passed
"Delay (ms)","KPI from->to",20.0,0,<=,Passed
"Jitter (ms)","KPI from->to",6.63,0,<=,Failed
"Jitter Max (ms)","KPI from->to",15.0,0,<=,Failed
Loss,"KPI from->to",0.0,0,<=,Passed
"Max Delay Variation (ms)","KPI from->to",177.0,0,<=,Failed
"Max loss burst","KPI from->to",0.0,0,<=,Passed
MOS,"KPI from->to",1.91,1,<=,Failed

Metric,"Pair Name",Timestamp,Value
"Jitter (ms)","KPI from->to",2,3
"Jitter (ms)","KPI from->to",4,8
"Jitter (ms)","KPI from->to",6,10
"Jitter (ms)","KPI from->to",8,8
"Jitter (ms)","KPI from->to",10,6
"Jitter (ms)","KPI from->to",12,8
"Jitter (ms)","KPI from->to",14,2
"Jitter (ms)","KPI from->to",16,1
"Jitter (ms)","KPI from->to",18,9
"Jitter (ms)","KPI from->to",20,9
"Jitter (ms)","KPI from->to",22,14
"Jitter (ms)","KPI from->to",24,10
"Jitter (ms)","KPI from->to",26,7
"Jitter (ms)","KPI from->to",28,7
"Jitter (ms)","KPI from->to",30,7
"Jitter (ms)","KPI from->to",32,1
"Jitter (ms)","KPI from->to",34,13
"Jitter (ms)","KPI from->to",36,1
"Jitter (ms)","KPI from->to",38,2
"Jitter (ms)","KPI from->to",40,1
"Jitter (ms)","KPI from->to",42,8
"Jitter (ms)","KPI from->to",44,2
"Jitter (ms)","KPI from->to",46,1
"Jitter (ms)","KPI from->to",48,4
"Jitter (ms)","KPI from->to",50,3
"Jitter (ms)","KPI from->to",52,5
"Jitter (ms)","KPI from->to",54,2
"Jitter (ms)","KPI from->to",56,10
"Jitter (ms)","KPI from->to",58,1
"Jitter (ms)","KPI from->to",60,4
"Jitter (ms)","KPI from->to",62,6
"Jitter (ms)","KPI from->to",64,10
"Jitter (ms)","KPI from->to",66,7
"Jitter (ms)","KPI from->to",68,7
"Jitter (ms)","KPI from->to",70,5
"Jitter (ms)","KPI from->to",72,6
"Jitter (ms)","KPI from->to",74,7
"Jitter (ms)","KPI from->to",76,6
"Jitter (ms)","KPI from->to",78,1
"Jitter (ms)","KPI from->to",80,11
"Jitter (ms)","KPI from->to",82,1
"Jitter (ms)","KPI from->to",84,13
"Jitter (ms)","KPI from->to",86,15
"Jitter (ms)","KPI from->to",88,7
"Jitter (ms)","KPI from->to",90,9
"Jitter (ms)","KPI from->to",92,5
"Jitter (ms)","KPI from->to",94,7
"Jitter (ms)","KPI from->to",96,8
"Jitter (ms)","KPI from->to",98,5
"Jitter (ms)","KPI from->to",100,14

Metric,"Pair Name",Timestamp,Value
MOS,"KPI from->to",102,1.87
MOS,"KPI from->to",104,2.79
MOS,"KPI from->to",106,1
MOS,"KPI from->to",108,1.38
MOS,"KPI from->to",110,2.79
MOS,"KPI from->to",112,1.89
MOS,"KPI from->to",114,1
MOS,"KPI from->to",116,1.87
MOS,"KPI from->to",118,1.39
MOS,"KPI from->to",120,1

Metric,"Pair Name",Timestamp,Value
"Delay (ms)","KPI from->to",102,25
"Delay (ms)","KPI from->to",104,20
"Delay (ms)","KPI from->to",106,24
"Delay (ms)","KPI from->to",108,24
"Delay (ms)","KPI from->to",110,16
"Delay (ms)","KPI from->to",112,24
"Delay (ms)","KPI from->to",114,25
"Delay (ms)","KPI from->to",116,24
"Delay (ms)","KPI from->to",118,20
"Delay (ms)","KPI from->to",120,23

Metric,"Pair Name",Timestamp,Value
"Jitter (ms)","KPI from->to",102,9
"Jitter (ms)","KPI from->to",104,3
"Jitter (ms)","KPI from->to",106,9
"Jitter (ms)","KPI from->to",108,10
"Jitter (ms)","KPI from->to",110,1
"Jitter (ms)","KPI from->to",112,9
"Jitter (ms)","KPI from->to",114,9
"Jitter (ms)","KPI from->to",116,9
"Jitter (ms)","KPI from->to",118,14
"Jitter (ms)","KPI from->to",120,8

Metric,"Pair Name",Timestamp,Value
Loss,"KPI from->to",2,0
Loss,"KPI from->to",4,0
Loss,"KPI from->to",6,0
Loss,"KPI from->to",8,0
Loss,"KPI from->to",10,0
Loss,"KPI from->to",12,0
Loss,"KPI from->to",14,0
Loss,"KPI from->to",16,0
Loss,"KPI from->to",18,0
Loss,"KPI from->to",20,0
Loss,"KPI from->to",22,0
Loss,"KPI from->to",24,0
Loss,"KPI from->to",26,0
Loss,"KPI from->to",28,0
Loss,"KPI from->to",30,0
Loss,"KPI from->to",32,0
Loss,"KPI from->to",34,0
Loss,"KPI from->to",36,0
Loss,"KPI from->to",38,0
Loss,"KPI from->to",40,0
Loss,"KPI from->to",42,0
Loss,"KPI from->to",44,0
Loss,"KPI from->to",46,0
Loss,"KPI from->to",48,0
Loss,"KPI from->to",50,0
Loss,"KPI from->to",52,0
Loss,"KPI from->to",54,0
Loss,"KPI from->to",56,0
Loss,"KPI from->to",58,0
Loss,"KPI from->to",60,0
Loss,"KPI from->to",62,0
Loss,"KPI from->to",64,0
Loss,"KPI from->to",66,0
Loss,"KPI from->to",68,0
Loss,"KPI from->to",70,0
Loss,"KPI from->to",72,0
Loss,"KPI from->to",74,0
Loss,"KPI from->to",76,0
Loss,"KPI from->to",78,0
Loss,"KPI from->to",80,0
Loss,"KPI from->to",82,0
Loss,"KPI from->to",84,0
Loss,"KPI from->to",86,0
Loss,"KPI from->to",88,0
Loss,"KPI from->to",90,0
Loss,"KPI from->to",92,0
Loss,"KPI from->to",94,0
Loss,"KPI from->to",96,0
Loss,"KPI from->to",98,0
Loss,"KPI from->to",100,0

Metric,"Pair Name",Timestamp,Value
"Max Delay Variation (ms)","KPI from->to",2,98
"Max Delay Variation (ms)","KPI from->to",4,42
"Max Delay Variation (ms)","KPI from->to",6,130
"Max Delay Variation (ms)","KPI from->to",8,60
"Max Delay Variation (ms)","KPI from->to",10,97
"Max Delay Variation (ms)","KPI from->to",12,60
"Max Delay Variation (ms)","KPI from->to",14,43
"Max Delay Variation (ms)","KPI from->to",16,40
"Max Delay Variation (ms)","KPI from->to",18,133
"Max Delay Variation (ms)","KPI from->to",20,57
"Max Delay Variation (ms)","KPI from->to",22,101
"Max Delay Variation (ms)","KPI from->to",24,99
"Max Delay Variation (ms)","KPI from->to",26,58
"Max Delay Variation (ms)","KPI from->to",28,53
"Max Delay Variation (ms)","KPI from->to",30,60
"Max Delay Variation (ms)","KPI from->to",32,57
"Max Delay Variation (ms)","KPI from->to",34,134
"Max Delay Variation (ms)","KPI from->to",36,48
"Max Delay Variation (ms)","KPI from->to",38,100
"Max Delay Variation (ms)","KPI from->to",40,42
"Max Delay Variation (ms)","KPI from->to",42,51
"Max Delay Variation (ms)","KPI from->to",44,92
"Max Delay Variation (ms)","KPI from->to",46,46
"Max Delay Variation (ms)","KPI from->to",48,59
"Max Delay Variation (ms)","KPI from->to",50,59
"Max Delay Variation (ms)","KPI from->to",52,101
"Max Delay Variation (ms)","KPI from->to",54,56
"Max Delay Variation (ms)","KPI from->to",56,104
"Max Delay Variation (ms)","KPI from->to",58,54
"Max Delay Variation (ms)","KPI from->to",60,177
"Max Delay Variation (ms)","KPI from->to",62,61
"Max Delay Variation (ms)","KPI from->to",64,59
"Max Delay Variation (ms)","KPI from->to",66,87
"Max Delay Variation (ms)","KPI from->to",68,102
"Max Delay Variation (ms)","KPI from->to",70,94
"Max Delay Variation (ms)","KPI from->to",72,96
"Max Delay Variation (ms)","KPI from->to",74,87
"Max Delay Variation (ms)","KPI from->to",76,99
"Max Delay Variation (ms)","KPI from->to",78,46
"Max Delay Variation (ms)","KPI from->to",80,91
"Max Delay Variation (ms)","KPI from->to",82,59
"Max Delay Variation (ms)","KPI from->to",84,99
"Max Delay Variation (ms)","KPI from->to",86,118
"Max Delay Variation (ms)","KPI from->to",88,57
"Max Delay Variation (ms)","KPI from->to",90,43
"Max Delay Variation (ms)","KPI from->to",92,58
"Max Delay Variation (ms)","KPI from->to",94,50
"Max Delay Variation (ms)","KPI from->to",96,52
"Max Delay Variation (ms)","KPI from->to",98,67
"Max Delay Variation (ms)","KPI from->to",100,76

Metric,"Pair Name",Timestamp,Value
Loss,"KPI from->to",102,0
Loss,"KPI from->to",104,0
Loss,"KPI from->to",106,0
Loss,"KPI from->to",108,0
Loss,"KPI from->to",110,0
Loss,"KPI from->to",112,0
Loss,"KPI from->to",114,0
Loss,"KPI from->to",116,0
Loss,"KPI from->to",118,0
Loss,"KPI from->to",120,0

Metric,"Pair Name",Timestamp,Value
"Max Delay Variation (ms)","KPI from->to",102,136
"Max Delay Variation (ms)","KPI from->to",104,51
"Max Delay Variation (ms)","KPI from->to",106,57
"Max Delay Variation (ms)","KPI from->to",108,68
"Max Delay Variation (ms)","KPI from->to",110,43
"Max Delay Variation (ms)","KPI from->to",112,63
"Max Delay Variation (ms)","KPI from->to",114,63
"Max Delay Variation (ms)","KPI from->to",116,104
"Max Delay Variation (ms)","KPI from->to",118,60
"Max Delay Variation (ms)","KPI from->to",120,97

Metric,"Pair Name",Timestamp,Value
MOS,"KPI from->to",2,2.18
MOS,"KPI from->to",4,3.49
MOS,"KPI from->to",6,1.38
MOS,"KPI from->to",8,1.39
MOS,"KPI from->to",10,1.39
MOS,"KPI from->to",12,1.9
MOS,"KPI from->to",14,2.8
MOS,"KPI from->to",16,4.37
MOS,"KPI from->to",18,1
MOS,"KPI from->to",20,2.17
MOS,"KPI from->to",22,1
MOS,"KPI from->to",24,1
MOS,"KPI from->to",26,2.43
MOS,"KPI from->to",28,1.36
MOS,"KPI from->to",30,1
MOS,"KPI from->to",32,2.8
MOS,"KPI from->to",34,2.17
MOS,"KPI from->to",36,2.82
MOS,"KPI from->to",38,1.83
MOS,"KPI from->to",40,2.41
MOS,"KPI from->to",42,1.89
MOS,"KPI from->to",44,1.88
MOS,"KPI from->to",46,2.8
MOS,"KPI from->to",48,1.35
MOS,"KPI from->to",50,1.89
MOS,"KPI from->to",52,1
MOS,"KPI from->to",54,2.18
MOS,"KPI from->to",56,1.38
MOS,"KPI from->to",58,2.79
MOS,"KPI from->to",60,1.41
MOS,"KPI from->to",62,1.28
MOS,"KPI from->to",64,1
MOS,"KPI from->to",66,2.18
MOS,"KPI from->to",68,2.41
MOS,"KPI from->to",70,2.79
MOS,"KPI from->to",72,2.8
MOS,"KPI from->to",74,2.16
MOS,"KPI from->to",76,1
MOS,"KPI from->to",78,2.18
MOS,"KPI from->to",80,1
MOS,"KPI from->to",82,2.18
MOS,"KPI from->to",84,1
MOS,"KPI from->to",86,1.86
MOS,"KPI from->to",88,2.42
MOS,"KPI from->to",90,2.42
MOS,"KPI from->to",92,1.39
MOS,"KPI from->to",94,1.83
MOS,"KPI from->to",96,2.19
MOS,"KPI from->to",98,2.41
MOS,"KPI from->to",100,1.87

Metric,"Pair Name",Timestamp,Value
"Delay (ms)","KPI from->to",2,15
"Delay (ms)","KPI from->to",4,11
"Delay (ms)","KPI from->to",6,22
"Delay (ms)","KPI from->to",8,15
"Delay (ms)","KPI from->to",10,17
"Delay (ms)","KPI from->to",12,13
"Delay (ms)","KPI from->to",14,7
"Delay (ms)","KPI from->to",16,7
"Delay (ms)","KPI from->to",18,24
"Delay (ms)","KPI from->to",20,13
"Delay (ms)","KPI from->to",22,25
"Delay (ms)","KPI from->to",24,21
"Delay (ms)","KPI from->to",26,12
"Delay (ms)","KPI from->to",28,13
"Delay (ms)","KPI from->to",30,16
"Delay (ms)","KPI from->to",32,8
"Delay (ms)","KPI from->to",34,21
"Delay (ms)","KPI from->to",36,8
"Delay (ms)","KPI from->to",38,21
"Delay (ms)","KPI from->to",40,18
"Delay (ms)","KPI from->to",42,19
"Delay (ms)","KPI from->to",44,26
"Delay (ms)","KPI from->to",46,16
"Delay (ms)","KPI from->to",48,21
"Delay (ms)","KPI from->to",50,18
"Delay (ms)","KPI from->to",52,26
"Delay (ms)","KPI from->to",54,19
"Delay (ms)","KPI from->to",56,26
"Delay (ms)","KPI from->to",58,19
"Delay (ms)","KPI from->to",60,30
"Delay (ms)","KPI from->to",62,22
"Delay (ms)","KPI from->to",64,24
"Delay (ms)","KPI from->to",66,22
"Delay (ms)","KPI from->to",68,20
"Delay (ms)","KPI from->to",70,19
"Delay (ms)","KPI from->to",72,19
"Delay (ms)","KPI from->to",74,24
"Delay (ms)","KPI from->to",76,23
"Delay (ms)","KPI from->to",78,20
"Delay (ms)","KPI from->to",80,25
"Delay (ms)","KPI from->to",82,19
"Delay (ms)","KPI from->to",84,31
"Delay (ms)","KPI from->to",86,27
"Delay (ms)","KPI from->to",88,19
"Delay (ms)","KPI from->to",90,21
"Delay (ms)","KPI from->to",92,21
"Delay (ms)","KPI from->to",94,22
"Delay (ms)","KPI from->to",96,22
"Delay (ms)","KPI from->to",98,24
"Delay (ms)","KPI from->to",100,24


