"Test Information",Value
"RUN ID",497
"END EXECUTION TIME","2021-05-13 15:28:24"
"SOURCE PROBE NAME",raspberrypi-AAS
"SOURCE PROBE TEST IP ADDRESS",raspberrypi-AAS
"SOURCE PROBE MANAGEMENT IP ADDRESS",raspberrypi-AAS
"SOURCE PROBE GROUP",Administrators
"DESTINATION PROBE NAME",raspberrypi-5G
"DESTINATION PROBE TEST IP ADDRESS",raspberrypi-5G
"DESTINATION PROBE MANAGEMENT IP ADDRESS",raspberrypi-5G
"DESTINATION PROBE GROUP",Administrators
"DESTINATION PROBE LOCATION",
"TEST MODULE",MESH
"TEST TYPE","Network KPI"
"TEST ADDITIONAL INFORMATION"," DSCP Setting: Best Effort"
"TEST DURATION",120
"TEST STATUS",Failed
"FAIL OR ERROR REASON"," Threshold failed on KPI from->to Jitter (ms) 
 Threshold failed on KPI from->to Jitter Max (ms) 
 Threshold failed on KPI from->to Max Delay Variation (ms) 
 Threshold failed on KPI from->to MOS 
"

Metric,"Pair Name",Value,"Threshold Type",Threshold,"Status KPI"
"Datagrams Out of Order","KPI from->to",0.0,0,>=,Passed
"Delay (ms)","KPI from->to",16.88,0,<=,Passed
"Jitter (ms)","KPI from->to",8.18,0,<=,Failed
"Jitter Max (ms)","KPI from->to",20.0,0,<=,Failed
Loss,"KPI from->to",0.0,0,<=,Passed
"Max Delay Variation (ms)","KPI from->to",165.0,0,<=,Failed
"Max loss burst","KPI from->to",0.0,0,<=,Passed
MOS,"KPI from->to",1.62,1,<=,Failed

Metric,"Pair Name",Timestamp,Value
"Delay (ms)","KPI from->to",102,9
"Delay (ms)","KPI from->to",104,13
"Delay (ms)","KPI from->to",106,8
"Delay (ms)","KPI from->to",108,5
"Delay (ms)","KPI from->to",110,7
"Delay (ms)","KPI from->to",112,11
"Delay (ms)","KPI from->to",114,10
"Delay (ms)","KPI from->to",116,8
"Delay (ms)","KPI from->to",118,8
"Delay (ms)","KPI from->to",120,17

Metric,"Pair Name",Timestamp,Value
MOS,"KPI from->to",102,1.39
MOS,"KPI from->to",104,1.84
MOS,"KPI from->to",106,1.92
MOS,"KPI from->to",108,2.81
MOS,"KPI from->to",110,2.19
MOS,"KPI from->to",112,1.84
MOS,"KPI from->to",114,1.92
MOS,"KPI from->to",116,1.86
MOS,"KPI from->to",118,1.43
MOS,"KPI from->to",120,1

Metric,"Pair Name",Timestamp,Value
Loss,"KPI from->to",2,0
Loss,"KPI from->to",4,0
Loss,"KPI from->to",6,0
Loss,"KPI from->to",8,0
Loss,"KPI from->to",10,0
Loss,"KPI from->to",12,0
Loss,"KPI from->to",14,0
Loss,"KPI from->to",16,0
Loss,"KPI from->to",18,0
Loss,"KPI from->to",20,0
Loss,"KPI from->to",22,0
Loss,"KPI from->to",24,0
Loss,"KPI from->to",26,0
Loss,"KPI from->to",28,0
Loss,"KPI from->to",30,0
Loss,"KPI from->to",32,0
Loss,"KPI from->to",34,0
Loss,"KPI from->to",36,0
Loss,"KPI from->to",38,0
Loss,"KPI from->to",40,0
Loss,"KPI from->to",42,0
Loss,"KPI from->to",44,0
Loss,"KPI from->to",46,0
Loss,"KPI from->to",48,0
Loss,"KPI from->to",50,0
Loss,"KPI from->to",52,0
Loss,"KPI from->to",54,0
Loss,"KPI from->to",56,0
Loss,"KPI from->to",58,0
Loss,"KPI from->to",60,0
Loss,"KPI from->to",62,0
Loss,"KPI from->to",64,0
Loss,"KPI from->to",66,0
Loss,"KPI from->to",68,0
Loss,"KPI from->to",70,0
Loss,"KPI from->to",72,0
Loss,"KPI from->to",74,0
Loss,"KPI from->to",76,0
Loss,"KPI from->to",78,0
Loss,"KPI from->to",80,0
Loss,"KPI from->to",82,0
Loss,"KPI from->to",84,0
Loss,"KPI from->to",86,0
Loss,"KPI from->to",88,0
Loss,"KPI from->to",90,0
Loss,"KPI from->to",92,0
Loss,"KPI from->to",94,0
Loss,"KPI from->to",96,0
Loss,"KPI from->to",98,0
Loss,"KPI from->to",100,0

Metric,"Pair Name",Timestamp,Value
"Max Delay Variation (ms)","KPI from->to",2,117
"Max Delay Variation (ms)","KPI from->to",4,58
"Max Delay Variation (ms)","KPI from->to",6,117
"Max Delay Variation (ms)","KPI from->to",8,145
"Max Delay Variation (ms)","KPI from->to",10,58
"Max Delay Variation (ms)","KPI from->to",12,68
"Max Delay Variation (ms)","KPI from->to",14,52
"Max Delay Variation (ms)","KPI from->to",16,43
"Max Delay Variation (ms)","KPI from->to",18,92
"Max Delay Variation (ms)","KPI from->to",20,98
"Max Delay Variation (ms)","KPI from->to",22,46
"Max Delay Variation (ms)","KPI from->to",24,102
"Max Delay Variation (ms)","KPI from->to",26,165
"Max Delay Variation (ms)","KPI from->to",28,50
"Max Delay Variation (ms)","KPI from->to",30,95
"Max Delay Variation (ms)","KPI from->to",32,152
"Max Delay Variation (ms)","KPI from->to",34,61
"Max Delay Variation (ms)","KPI from->to",36,117
"Max Delay Variation (ms)","KPI from->to",38,86
"Max Delay Variation (ms)","KPI from->to",40,97
"Max Delay Variation (ms)","KPI from->to",42,59
"Max Delay Variation (ms)","KPI from->to",44,60
"Max Delay Variation (ms)","KPI from->to",46,50
"Max Delay Variation (ms)","KPI from->to",48,43
"Max Delay Variation (ms)","KPI from->to",50,96
"Max Delay Variation (ms)","KPI from->to",52,105
"Max Delay Variation (ms)","KPI from->to",54,97
"Max Delay Variation (ms)","KPI from->to",56,128
"Max Delay Variation (ms)","KPI from->to",58,97
"Max Delay Variation (ms)","KPI from->to",60,48
"Max Delay Variation (ms)","KPI from->to",62,92
"Max Delay Variation (ms)","KPI from->to",64,99
"Max Delay Variation (ms)","KPI from->to",66,137
"Max Delay Variation (ms)","KPI from->to",68,144
"Max Delay Variation (ms)","KPI from->to",70,48
"Max Delay Variation (ms)","KPI from->to",72,48
"Max Delay Variation (ms)","KPI from->to",74,54
"Max Delay Variation (ms)","KPI from->to",76,91
"Max Delay Variation (ms)","KPI from->to",78,95
"Max Delay Variation (ms)","KPI from->to",80,117
"Max Delay Variation (ms)","KPI from->to",82,100
"Max Delay Variation (ms)","KPI from->to",84,91
"Max Delay Variation (ms)","KPI from->to",86,97
"Max Delay Variation (ms)","KPI from->to",88,98
"Max Delay Variation (ms)","KPI from->to",90,56
"Max Delay Variation (ms)","KPI from->to",92,64
"Max Delay Variation (ms)","KPI from->to",94,96
"Max Delay Variation (ms)","KPI from->to",96,59
"Max Delay Variation (ms)","KPI from->to",98,46
"Max Delay Variation (ms)","KPI from->to",100,91

Metric,"Pair Name",Timestamp,Value
"Jitter (ms)","KPI from->to",2,11
"Jitter (ms)","KPI from->to",4,5
"Jitter (ms)","KPI from->to",6,14
"Jitter (ms)","KPI from->to",8,20
"Jitter (ms)","KPI from->to",10,5
"Jitter (ms)","KPI from->to",12,8
"Jitter (ms)","KPI from->to",14,5
"Jitter (ms)","KPI from->to",16,4
"Jitter (ms)","KPI from->to",18,15
"Jitter (ms)","KPI from->to",20,6
"Jitter (ms)","KPI from->to",22,4
"Jitter (ms)","KPI from->to",24,13
"Jitter (ms)","KPI from->to",26,9
"Jitter (ms)","KPI from->to",28,4
"Jitter (ms)","KPI from->to",30,12
"Jitter (ms)","KPI from->to",32,3
"Jitter (ms)","KPI from->to",34,12
"Jitter (ms)","KPI from->to",36,4
"Jitter (ms)","KPI from->to",38,8
"Jitter (ms)","KPI from->to",40,8
"Jitter (ms)","KPI from->to",42,3
"Jitter (ms)","KPI from->to",44,11
"Jitter (ms)","KPI from->to",46,9
"Jitter (ms)","KPI from->to",48,8
"Jitter (ms)","KPI from->to",50,7
"Jitter (ms)","KPI from->to",52,7
"Jitter (ms)","KPI from->to",54,6
"Jitter (ms)","KPI from->to",56,9
"Jitter (ms)","KPI from->to",58,11
"Jitter (ms)","KPI from->to",60,11
"Jitter (ms)","KPI from->to",62,12
"Jitter (ms)","KPI from->to",64,10
"Jitter (ms)","KPI from->to",66,10
"Jitter (ms)","KPI from->to",68,13
"Jitter (ms)","KPI from->to",70,5
"Jitter (ms)","KPI from->to",72,9
"Jitter (ms)","KPI from->to",74,8
"Jitter (ms)","KPI from->to",76,8
"Jitter (ms)","KPI from->to",78,9
"Jitter (ms)","KPI from->to",80,18
"Jitter (ms)","KPI from->to",82,3
"Jitter (ms)","KPI from->to",84,9
"Jitter (ms)","KPI from->to",86,5
"Jitter (ms)","KPI from->to",88,8
"Jitter (ms)","KPI from->to",90,10
"Jitter (ms)","KPI from->to",92,14
"Jitter (ms)","KPI from->to",94,7
"Jitter (ms)","KPI from->to",96,10
"Jitter (ms)","KPI from->to",98,6
"Jitter (ms)","KPI from->to",100,3

Metric,"Pair Name",Timestamp,Value
MOS,"KPI from->to",2,1
MOS,"KPI from->to",4,1.34
MOS,"KPI from->to",6,1
MOS,"KPI from->to",8,1.43
MOS,"KPI from->to",10,1.38
MOS,"KPI from->to",12,1
MOS,"KPI from->to",14,2.39
MOS,"KPI from->to",16,1.47
MOS,"KPI from->to",18,1
MOS,"KPI from->to",20,1.88
MOS,"KPI from->to",22,1.88
MOS,"KPI from->to",24,1
MOS,"KPI from->to",26,1.42
MOS,"KPI from->to",28,1.9
MOS,"KPI from->to",30,2.41
MOS,"KPI from->to",32,1.45
MOS,"KPI from->to",34,1
MOS,"KPI from->to",36,1.91
MOS,"KPI from->to",38,1.88
MOS,"KPI from->to",40,1.87
MOS,"KPI from->to",42,2.38
MOS,"KPI from->to",44,1.48
MOS,"KPI from->to",46,1
MOS,"KPI from->to",48,1.89
MOS,"KPI from->to",50,1.32
MOS,"KPI from->to",52,1
MOS,"KPI from->to",54,1.36
MOS,"KPI from->to",56,1.35
MOS,"KPI from->to",58,1
MOS,"KPI from->to",60,1.91
MOS,"KPI from->to",62,2.16
MOS,"KPI from->to",64,1.45
MOS,"KPI from->to",66,1.35
MOS,"KPI from->to",68,2.19
MOS,"KPI from->to",70,1.88
MOS,"KPI from->to",72,1.84
MOS,"KPI from->to",74,1.91
MOS,"KPI from->to",76,1
MOS,"KPI from->to",78,1.87
MOS,"KPI from->to",80,1.32
MOS,"KPI from->to",82,1.42
MOS,"KPI from->to",84,1
MOS,"KPI from->to",86,1
MOS,"KPI from->to",88,1
MOS,"KPI from->to",90,1.92
MOS,"KPI from->to",92,2.43
MOS,"KPI from->to",94,1.39
MOS,"KPI from->to",96,1.88
MOS,"KPI from->to",98,2.43
MOS,"KPI from->to",100,2.43

Metric,"Pair Name",Timestamp,Value
"Delay (ms)","KPI from->to",2,38
"Delay (ms)","KPI from->to",4,32
"Delay (ms)","KPI from->to",6,36
"Delay (ms)","KPI from->to",8,44
"Delay (ms)","KPI from->to",10,28
"Delay (ms)","KPI from->to",12,31
"Delay (ms)","KPI from->to",14,28
"Delay (ms)","KPI from->to",16,31
"Delay (ms)","KPI from->to",18,32
"Delay (ms)","KPI from->to",20,15
"Delay (ms)","KPI from->to",22,13
"Delay (ms)","KPI from->to",24,17
"Delay (ms)","KPI from->to",26,23
"Delay (ms)","KPI from->to",28,10
"Delay (ms)","KPI from->to",30,12
"Delay (ms)","KPI from->to",32,17
"Delay (ms)","KPI from->to",34,19
"Delay (ms)","KPI from->to",36,15
"Delay (ms)","KPI from->to",38,14
"Delay (ms)","KPI from->to",40,17
"Delay (ms)","KPI from->to",42,10
"Delay (ms)","KPI from->to",44,20
"Delay (ms)","KPI from->to",46,14
"Delay (ms)","KPI from->to",48,20
"Delay (ms)","KPI from->to",50,16
"Delay (ms)","KPI from->to",52,19
"Delay (ms)","KPI from->to",54,15
"Delay (ms)","KPI from->to",56,19
"Delay (ms)","KPI from->to",58,16
"Delay (ms)","KPI from->to",60,14
"Delay (ms)","KPI from->to",62,15
"Delay (ms)","KPI from->to",64,18
"Delay (ms)","KPI from->to",66,20
"Delay (ms)","KPI from->to",68,15
"Delay (ms)","KPI from->to",70,12
"Delay (ms)","KPI from->to",72,13
"Delay (ms)","KPI from->to",74,13
"Delay (ms)","KPI from->to",76,21
"Delay (ms)","KPI from->to",78,18
"Delay (ms)","KPI from->to",80,23
"Delay (ms)","KPI from->to",82,15
"Delay (ms)","KPI from->to",84,19
"Delay (ms)","KPI from->to",86,17
"Delay (ms)","KPI from->to",88,14
"Delay (ms)","KPI from->to",90,11
"Delay (ms)","KPI from->to",92,9
"Delay (ms)","KPI from->to",94,9
"Delay (ms)","KPI from->to",96,8
"Delay (ms)","KPI from->to",98,6
"Delay (ms)","KPI from->to",100,6

Metric,"Pair Name",Timestamp,Value
"Jitter (ms)","KPI from->to",102,5
"Jitter (ms)","KPI from->to",104,10
"Jitter (ms)","KPI from->to",106,1
"Jitter (ms)","KPI from->to",108,5
"Jitter (ms)","KPI from->to",110,10
"Jitter (ms)","KPI from->to",112,2
"Jitter (ms)","KPI from->to",114,6
"Jitter (ms)","KPI from->to",116,4
"Jitter (ms)","KPI from->to",118,4
"Jitter (ms)","KPI from->to",120,15

Metric,"Pair Name",Timestamp,Value
Loss,"KPI from->to",102,0
Loss,"KPI from->to",104,0
Loss,"KPI from->to",106,0
Loss,"KPI from->to",108,0
Loss,"KPI from->to",110,0
Loss,"KPI from->to",112,0
Loss,"KPI from->to",114,0
Loss,"KPI from->to",116,0
Loss,"KPI from->to",118,0
Loss,"KPI from->to",120,0

Metric,"Pair Name",Timestamp,Value
"Max Delay Variation (ms)","KPI from->to",102,94
"Max Delay Variation (ms)","KPI from->to",104,90
"Max Delay Variation (ms)","KPI from->to",106,60
"Max Delay Variation (ms)","KPI from->to",108,42
"Max Delay Variation (ms)","KPI from->to",110,49
"Max Delay Variation (ms)","KPI from->to",112,95
"Max Delay Variation (ms)","KPI from->to",114,87
"Max Delay Variation (ms)","KPI from->to",116,57
"Max Delay Variation (ms)","KPI from->to",118,58
"Max Delay Variation (ms)","KPI from->to",120,124


