"Test Information",Value
"RUN ID",497
"END EXECUTION TIME","2021-05-13 15:48:25"
"SOURCE PROBE NAME",raspberrypi-AAS
"SOURCE PROBE TEST IP ADDRESS",raspberrypi-AAS
"SOURCE PROBE MANAGEMENT IP ADDRESS",raspberrypi-AAS
"SOURCE PROBE GROUP",Administrators
"DESTINATION PROBE NAME",raspberrypi-5G
"DESTINATION PROBE TEST IP ADDRESS",raspberrypi-5G
"DESTINATION PROBE MANAGEMENT IP ADDRESS",raspberrypi-5G
"DESTINATION PROBE GROUP",Administrators
"DESTINATION PROBE LOCATION",
"TEST MODULE",MESH
"TEST TYPE","Network KPI"
"TEST ADDITIONAL INFORMATION"," DSCP Setting: Best Effort"
"TEST DURATION",120
"TEST STATUS",Failed
"FAIL OR ERROR REASON"," Threshold failed on KPI from->to Jitter (ms) 
 Threshold failed on KPI from->to Jitter Max (ms) 
 Threshold failed on KPI from->to Max Delay Variation (ms) 
 Threshold failed on KPI from->to MOS 
"

Metric,"Pair Name",Value,"Threshold Type",Threshold,"Status KPI"
"Datagrams Out of Order","KPI from->to",0.0,0,>=,Passed
"Delay (ms)","KPI from->to",24.58,0,<=,Passed
"Jitter (ms)","KPI from->to",7.38,0,<=,Failed
"Jitter Max (ms)","KPI from->to",17.0,0,<=,Failed
Loss,"KPI from->to",0.0,0,<=,Passed
"Max Delay Variation (ms)","KPI from->to",177.0,0,<=,Failed
"Max loss burst","KPI from->to",0.0,0,<=,Passed
MOS,"KPI from->to",1.63,1,<=,Failed

Metric,"Pair Name",Timestamp,Value
"Delay (ms)","KPI from->to",2,30
"Delay (ms)","KPI from->to",4,26
"Delay (ms)","KPI from->to",6,25
"Delay (ms)","KPI from->to",8,29
"Delay (ms)","KPI from->to",10,25
"Delay (ms)","KPI from->to",12,23
"Delay (ms)","KPI from->to",14,36
"Delay (ms)","KPI from->to",16,23
"Delay (ms)","KPI from->to",18,24
"Delay (ms)","KPI from->to",20,21
"Delay (ms)","KPI from->to",22,20
"Delay (ms)","KPI from->to",24,23
"Delay (ms)","KPI from->to",26,25
"Delay (ms)","KPI from->to",28,22
"Delay (ms)","KPI from->to",30,23
"Delay (ms)","KPI from->to",32,31
"Delay (ms)","KPI from->to",34,31
"Delay (ms)","KPI from->to",36,20
"Delay (ms)","KPI from->to",38,30
"Delay (ms)","KPI from->to",40,30
"Delay (ms)","KPI from->to",42,32
"Delay (ms)","KPI from->to",44,25
"Delay (ms)","KPI from->to",46,20
"Delay (ms)","KPI from->to",48,25
"Delay (ms)","KPI from->to",50,22
"Delay (ms)","KPI from->to",52,27
"Delay (ms)","KPI from->to",54,28
"Delay (ms)","KPI from->to",56,26
"Delay (ms)","KPI from->to",58,22
"Delay (ms)","KPI from->to",60,36
"Delay (ms)","KPI from->to",62,27
"Delay (ms)","KPI from->to",64,23
"Delay (ms)","KPI from->to",66,24
"Delay (ms)","KPI from->to",68,24
"Delay (ms)","KPI from->to",70,29
"Delay (ms)","KPI from->to",72,20
"Delay (ms)","KPI from->to",74,27
"Delay (ms)","KPI from->to",76,29
"Delay (ms)","KPI from->to",78,26
"Delay (ms)","KPI from->to",80,24
"Delay (ms)","KPI from->to",82,17
"Delay (ms)","KPI from->to",84,21
"Delay (ms)","KPI from->to",86,20
"Delay (ms)","KPI from->to",88,35
"Delay (ms)","KPI from->to",90,19
"Delay (ms)","KPI from->to",92,22
"Delay (ms)","KPI from->to",94,22
"Delay (ms)","KPI from->to",96,21
"Delay (ms)","KPI from->to",98,30
"Delay (ms)","KPI from->to",100,19

Metric,"Pair Name",Timestamp,Value
"Max Delay Variation (ms)","KPI from->to",2,130
"Max Delay Variation (ms)","KPI from->to",4,90
"Max Delay Variation (ms)","KPI from->to",6,87
"Max Delay Variation (ms)","KPI from->to",8,104
"Max Delay Variation (ms)","KPI from->to",10,77
"Max Delay Variation (ms)","KPI from->to",12,57
"Max Delay Variation (ms)","KPI from->to",14,177
"Max Delay Variation (ms)","KPI from->to",16,43
"Max Delay Variation (ms)","KPI from->to",18,50
"Max Delay Variation (ms)","KPI from->to",20,136
"Max Delay Variation (ms)","KPI from->to",22,57
"Max Delay Variation (ms)","KPI from->to",24,108
"Max Delay Variation (ms)","KPI from->to",26,93
"Max Delay Variation (ms)","KPI from->to",28,92
"Max Delay Variation (ms)","KPI from->to",30,58
"Max Delay Variation (ms)","KPI from->to",32,95
"Max Delay Variation (ms)","KPI from->to",34,138
"Max Delay Variation (ms)","KPI from->to",36,56
"Max Delay Variation (ms)","KPI from->to",38,130
"Max Delay Variation (ms)","KPI from->to",40,145
"Max Delay Variation (ms)","KPI from->to",42,102
"Max Delay Variation (ms)","KPI from->to",44,98
"Max Delay Variation (ms)","KPI from->to",46,95
"Max Delay Variation (ms)","KPI from->to",48,134
"Max Delay Variation (ms)","KPI from->to",50,59
"Max Delay Variation (ms)","KPI from->to",52,97
"Max Delay Variation (ms)","KPI from->to",54,135
"Max Delay Variation (ms)","KPI from->to",56,104
"Max Delay Variation (ms)","KPI from->to",58,95
"Max Delay Variation (ms)","KPI from->to",60,177
"Max Delay Variation (ms)","KPI from->to",62,97
"Max Delay Variation (ms)","KPI from->to",64,97
"Max Delay Variation (ms)","KPI from->to",66,97
"Max Delay Variation (ms)","KPI from->to",68,94
"Max Delay Variation (ms)","KPI from->to",70,95
"Max Delay Variation (ms)","KPI from->to",72,50
"Max Delay Variation (ms)","KPI from->to",74,125
"Max Delay Variation (ms)","KPI from->to",76,71
"Max Delay Variation (ms)","KPI from->to",78,117
"Max Delay Variation (ms)","KPI from->to",80,97
"Max Delay Variation (ms)","KPI from->to",82,52
"Max Delay Variation (ms)","KPI from->to",84,57
"Max Delay Variation (ms)","KPI from->to",86,58
"Max Delay Variation (ms)","KPI from->to",88,149
"Max Delay Variation (ms)","KPI from->to",90,48
"Max Delay Variation (ms)","KPI from->to",92,57
"Max Delay Variation (ms)","KPI from->to",94,95
"Max Delay Variation (ms)","KPI from->to",96,56
"Max Delay Variation (ms)","KPI from->to",98,96
"Max Delay Variation (ms)","KPI from->to",100,98

Metric,"Pair Name",Timestamp,Value
"Max Delay Variation (ms)","KPI from->to",102,43
"Max Delay Variation (ms)","KPI from->to",104,46
"Max Delay Variation (ms)","KPI from->to",106,49
"Max Delay Variation (ms)","KPI from->to",108,97
"Max Delay Variation (ms)","KPI from->to",110,106
"Max Delay Variation (ms)","KPI from->to",112,56
"Max Delay Variation (ms)","KPI from->to",114,105
"Max Delay Variation (ms)","KPI from->to",116,94
"Max Delay Variation (ms)","KPI from->to",118,102
"Max Delay Variation (ms)","KPI from->to",120,97

Metric,"Pair Name",Timestamp,Value
"Jitter (ms)","KPI from->to",2,5
"Jitter (ms)","KPI from->to",4,9
"Jitter (ms)","KPI from->to",6,4
"Jitter (ms)","KPI from->to",8,17
"Jitter (ms)","KPI from->to",10,9
"Jitter (ms)","KPI from->to",12,7
"Jitter (ms)","KPI from->to",14,16
"Jitter (ms)","KPI from->to",16,4
"Jitter (ms)","KPI from->to",18,6
"Jitter (ms)","KPI from->to",20,11
"Jitter (ms)","KPI from->to",22,4
"Jitter (ms)","KPI from->to",24,3
"Jitter (ms)","KPI from->to",26,12
"Jitter (ms)","KPI from->to",28,5
"Jitter (ms)","KPI from->to",30,6
"Jitter (ms)","KPI from->to",32,11
"Jitter (ms)","KPI from->to",34,8
"Jitter (ms)","KPI from->to",36,5
"Jitter (ms)","KPI from->to",38,8
"Jitter (ms)","KPI from->to",40,3
"Jitter (ms)","KPI from->to",42,11
"Jitter (ms)","KPI from->to",44,10
"Jitter (ms)","KPI from->to",46,4
"Jitter (ms)","KPI from->to",48,7
"Jitter (ms)","KPI from->to",50,7
"Jitter (ms)","KPI from->to",52,10
"Jitter (ms)","KPI from->to",54,13
"Jitter (ms)","KPI from->to",56,10
"Jitter (ms)","KPI from->to",58,3
"Jitter (ms)","KPI from->to",60,9
"Jitter (ms)","KPI from->to",62,16
"Jitter (ms)","KPI from->to",64,5
"Jitter (ms)","KPI from->to",66,7
"Jitter (ms)","KPI from->to",68,6
"Jitter (ms)","KPI from->to",70,4
"Jitter (ms)","KPI from->to",72,3
"Jitter (ms)","KPI from->to",74,10
"Jitter (ms)","KPI from->to",76,6
"Jitter (ms)","KPI from->to",78,8
"Jitter (ms)","KPI from->to",80,6
"Jitter (ms)","KPI from->to",82,2
"Jitter (ms)","KPI from->to",84,2
"Jitter (ms)","KPI from->to",86,13
"Jitter (ms)","KPI from->to",88,9
"Jitter (ms)","KPI from->to",90,6
"Jitter (ms)","KPI from->to",92,12
"Jitter (ms)","KPI from->to",94,3
"Jitter (ms)","KPI from->to",96,5
"Jitter (ms)","KPI from->to",98,12
"Jitter (ms)","KPI from->to",100,3

Metric,"Pair Name",Timestamp,Value
MOS,"KPI from->to",2,2.17
MOS,"KPI from->to",4,1.86
MOS,"KPI from->to",6,2.17
MOS,"KPI from->to",8,1
MOS,"KPI from->to",10,1
MOS,"KPI from->to",12,1.32
MOS,"KPI from->to",14,1
MOS,"KPI from->to",16,1.85
MOS,"KPI from->to",18,2.19
MOS,"KPI from->to",20,1
MOS,"KPI from->to",22,1.87
MOS,"KPI from->to",24,1
MOS,"KPI from->to",26,1
MOS,"KPI from->to",28,2.17
MOS,"KPI from->to",30,1.87
MOS,"KPI from->to",32,1
MOS,"KPI from->to",34,2.18
MOS,"KPI from->to",36,1.87
MOS,"KPI from->to",38,1
MOS,"KPI from->to",40,1.47
MOS,"KPI from->to",42,1
MOS,"KPI from->to",44,2.17
MOS,"KPI from->to",46,2.42
MOS,"KPI from->to",48,2.17
MOS,"KPI from->to",50,1.87
MOS,"KPI from->to",52,1
MOS,"KPI from->to",54,1.35
MOS,"KPI from->to",56,1
MOS,"KPI from->to",58,1.35
MOS,"KPI from->to",60,1
MOS,"KPI from->to",62,1.38
MOS,"KPI from->to",64,1.85
MOS,"KPI from->to",66,1.85
MOS,"KPI from->to",68,1.9
MOS,"KPI from->to",70,1
MOS,"KPI from->to",72,2.79
MOS,"KPI from->to",74,1.82
MOS,"KPI from->to",76,1
MOS,"KPI from->to",78,2.17
MOS,"KPI from->to",80,1.38
MOS,"KPI from->to",82,2.8
MOS,"KPI from->to",84,1.39
MOS,"KPI from->to",86,1.85
MOS,"KPI from->to",88,1.41
MOS,"KPI from->to",90,1.87
MOS,"KPI from->to",92,1.85
MOS,"KPI from->to",94,2.18
MOS,"KPI from->to",96,1.83
MOS,"KPI from->to",98,1
MOS,"KPI from->to",100,2.42

Metric,"Pair Name",Timestamp,Value
"Jitter (ms)","KPI from->to",102,6
"Jitter (ms)","KPI from->to",104,9
"Jitter (ms)","KPI from->to",106,3
"Jitter (ms)","KPI from->to",108,12
"Jitter (ms)","KPI from->to",110,7
"Jitter (ms)","KPI from->to",112,12
"Jitter (ms)","KPI from->to",114,5
"Jitter (ms)","KPI from->to",116,4
"Jitter (ms)","KPI from->to",118,6
"Jitter (ms)","KPI from->to",120,4

Metric,"Pair Name",Timestamp,Value
MOS,"KPI from->to",102,1.32
MOS,"KPI from->to",104,1
MOS,"KPI from->to",106,1
MOS,"KPI from->to",108,2.41
MOS,"KPI from->to",110,2.17
MOS,"KPI from->to",112,1.39
MOS,"KPI from->to",114,1.39
MOS,"KPI from->to",116,2.17
MOS,"KPI from->to",118,1.35
MOS,"KPI from->to",120,1.42

Metric,"Pair Name",Timestamp,Value
"Delay (ms)","KPI from->to",102,20
"Delay (ms)","KPI from->to",104,21
"Delay (ms)","KPI from->to",106,20
"Delay (ms)","KPI from->to",108,24
"Delay (ms)","KPI from->to",110,24
"Delay (ms)","KPI from->to",112,20
"Delay (ms)","KPI from->to",114,21
"Delay (ms)","KPI from->to",116,22
"Delay (ms)","KPI from->to",118,22
"Delay (ms)","KPI from->to",120,22

Metric,"Pair Name",Timestamp,Value
Loss,"KPI from->to",2,0
Loss,"KPI from->to",4,0
Loss,"KPI from->to",6,0
Loss,"KPI from->to",8,0
Loss,"KPI from->to",10,0
Loss,"KPI from->to",12,0
Loss,"KPI from->to",14,0
Loss,"KPI from->to",16,0
Loss,"KPI from->to",18,0
Loss,"KPI from->to",20,0
Loss,"KPI from->to",22,0
Loss,"KPI from->to",24,0
Loss,"KPI from->to",26,0
Loss,"KPI from->to",28,0
Loss,"KPI from->to",30,0
Loss,"KPI from->to",32,0
Loss,"KPI from->to",34,0
Loss,"KPI from->to",36,0
Loss,"KPI from->to",38,0
Loss,"KPI from->to",40,0
Loss,"KPI from->to",42,0
Loss,"KPI from->to",44,0
Loss,"KPI from->to",46,0
Loss,"KPI from->to",48,0
Loss,"KPI from->to",50,0
Loss,"KPI from->to",52,0
Loss,"KPI from->to",54,0
Loss,"KPI from->to",56,0
Loss,"KPI from->to",58,0
Loss,"KPI from->to",60,0
Loss,"KPI from->to",62,0
Loss,"KPI from->to",64,0
Loss,"KPI from->to",66,0
Loss,"KPI from->to",68,0
Loss,"KPI from->to",70,0
Loss,"KPI from->to",72,0
Loss,"KPI from->to",74,0
Loss,"KPI from->to",76,0
Loss,"KPI from->to",78,0
Loss,"KPI from->to",80,0
Loss,"KPI from->to",82,0
Loss,"KPI from->to",84,0
Loss,"KPI from->to",86,0
Loss,"KPI from->to",88,0
Loss,"KPI from->to",90,0
Loss,"KPI from->to",92,0
Loss,"KPI from->to",94,0
Loss,"KPI from->to",96,0
Loss,"KPI from->to",98,0
Loss,"KPI from->to",100,0

Metric,"Pair Name",Timestamp,Value
Loss,"KPI from->to",102,0
Loss,"KPI from->to",104,0
Loss,"KPI from->to",106,0
Loss,"KPI from->to",108,0
Loss,"KPI from->to",110,0
Loss,"KPI from->to",112,0
Loss,"KPI from->to",114,0
Loss,"KPI from->to",116,0
Loss,"KPI from->to",118,0
Loss,"KPI from->to",120,0


