"Test Information",Value
"RUN ID",497
"END EXECUTION TIME","2021-05-13 15:55:05"
"SOURCE PROBE NAME",raspberrypi-AAS
"SOURCE PROBE TEST IP ADDRESS",raspberrypi-AAS
"SOURCE PROBE MANAGEMENT IP ADDRESS",raspberrypi-AAS
"SOURCE PROBE GROUP",Administrators
"DESTINATION PROBE NAME",raspberrypi-5G
"DESTINATION PROBE TEST IP ADDRESS",raspberrypi-5G
"DESTINATION PROBE MANAGEMENT IP ADDRESS",raspberrypi-5G
"DESTINATION PROBE GROUP",Administrators
"DESTINATION PROBE LOCATION",
"TEST MODULE",MESH
"TEST TYPE","Network KPI"
"TEST ADDITIONAL INFORMATION"," DSCP Setting: Best Effort"
"TEST DURATION",120
"TEST STATUS",Failed
"FAIL OR ERROR REASON"," Threshold failed on KPI from->to Jitter (ms) 
 Threshold failed on KPI from->to Jitter Max (ms) 
 Threshold failed on KPI from->to Max Delay Variation (ms) 
 Threshold failed on KPI from->to MOS 
"

Metric,"Pair Name",Value,"Threshold Type",Threshold,"Status KPI"
"Datagrams Out of Order","KPI from->to",0.0,0,>=,Passed
"Delay (ms)","KPI from->to",11.45,0,<=,Passed
"Jitter (ms)","KPI from->to",8.97,0,<=,Failed
"Jitter Max (ms)","KPI from->to",19.0,0,<=,Failed
Loss,"KPI from->to",0.0,0,<=,Passed
"Max Delay Variation (ms)","KPI from->to",135.0,0,<=,Failed
"Max loss burst","KPI from->to",0.0,0,<=,Passed
MOS,"KPI from->to",1.83,1,<=,Failed

Metric,"Pair Name",Timestamp,Value
MOS,"KPI from->to",102,1
MOS,"KPI from->to",104,2.17
MOS,"KPI from->to",106,1.89
MOS,"KPI from->to",108,2.18
MOS,"KPI from->to",110,1
MOS,"KPI from->to",112,1.88
MOS,"KPI from->to",114,1.39
MOS,"KPI from->to",116,1.84
MOS,"KPI from->to",118,1.91
MOS,"KPI from->to",120,2.16

Metric,"Pair Name",Timestamp,Value
"Jitter (ms)","KPI from->to",2,3
"Jitter (ms)","KPI from->to",4,7
"Jitter (ms)","KPI from->to",6,10
"Jitter (ms)","KPI from->to",8,2
"Jitter (ms)","KPI from->to",10,8
"Jitter (ms)","KPI from->to",12,11
"Jitter (ms)","KPI from->to",14,12
"Jitter (ms)","KPI from->to",16,4
"Jitter (ms)","KPI from->to",18,5
"Jitter (ms)","KPI from->to",20,9
"Jitter (ms)","KPI from->to",22,11
"Jitter (ms)","KPI from->to",24,5
"Jitter (ms)","KPI from->to",26,7
"Jitter (ms)","KPI from->to",28,5
"Jitter (ms)","KPI from->to",30,9
"Jitter (ms)","KPI from->to",32,9
"Jitter (ms)","KPI from->to",34,9
"Jitter (ms)","KPI from->to",36,13
"Jitter (ms)","KPI from->to",38,11
"Jitter (ms)","KPI from->to",40,7
"Jitter (ms)","KPI from->to",42,6
"Jitter (ms)","KPI from->to",44,13
"Jitter (ms)","KPI from->to",46,15
"Jitter (ms)","KPI from->to",48,7
"Jitter (ms)","KPI from->to",50,13
"Jitter (ms)","KPI from->to",52,18
"Jitter (ms)","KPI from->to",54,17
"Jitter (ms)","KPI from->to",56,14
"Jitter (ms)","KPI from->to",58,8
"Jitter (ms)","KPI from->to",60,10
"Jitter (ms)","KPI from->to",62,5
"Jitter (ms)","KPI from->to",64,5
"Jitter (ms)","KPI from->to",66,12
"Jitter (ms)","KPI from->to",68,6
"Jitter (ms)","KPI from->to",70,10
"Jitter (ms)","KPI from->to",72,19
"Jitter (ms)","KPI from->to",74,1
"Jitter (ms)","KPI from->to",76,7
"Jitter (ms)","KPI from->to",78,2
"Jitter (ms)","KPI from->to",80,2
"Jitter (ms)","KPI from->to",82,11
"Jitter (ms)","KPI from->to",84,11
"Jitter (ms)","KPI from->to",86,6
"Jitter (ms)","KPI from->to",88,14
"Jitter (ms)","KPI from->to",90,6
"Jitter (ms)","KPI from->to",92,12
"Jitter (ms)","KPI from->to",94,10
"Jitter (ms)","KPI from->to",96,4
"Jitter (ms)","KPI from->to",98,10
"Jitter (ms)","KPI from->to",100,8

Metric,"Pair Name",Timestamp,Value
"Delay (ms)","KPI from->to",2,22
"Delay (ms)","KPI from->to",4,18
"Delay (ms)","KPI from->to",6,13
"Delay (ms)","KPI from->to",8,2
"Delay (ms)","KPI from->to",10,2
"Delay (ms)","KPI from->to",12,10
"Delay (ms)","KPI from->to",14,6
"Delay (ms)","KPI from->to",16,4
"Delay (ms)","KPI from->to",18,7
"Delay (ms)","KPI from->to",20,3
"Delay (ms)","KPI from->to",22,2
"Delay (ms)","KPI from->to",24,4
"Delay (ms)","KPI from->to",26,3
"Delay (ms)","KPI from->to",28,6
"Delay (ms)","KPI from->to",30,7
"Delay (ms)","KPI from->to",32,6
"Delay (ms)","KPI from->to",34,5
"Delay (ms)","KPI from->to",36,13
"Delay (ms)","KPI from->to",38,11
"Delay (ms)","KPI from->to",40,9
"Delay (ms)","KPI from->to",42,11
"Delay (ms)","KPI from->to",44,11
"Delay (ms)","KPI from->to",46,21
"Delay (ms)","KPI from->to",48,12
"Delay (ms)","KPI from->to",50,11
"Delay (ms)","KPI from->to",52,11
"Delay (ms)","KPI from->to",54,20
"Delay (ms)","KPI from->to",56,12
"Delay (ms)","KPI from->to",58,8
"Delay (ms)","KPI from->to",60,20
"Delay (ms)","KPI from->to",62,15
"Delay (ms)","KPI from->to",64,9
"Delay (ms)","KPI from->to",66,16
"Delay (ms)","KPI from->to",68,14
"Delay (ms)","KPI from->to",70,13
"Delay (ms)","KPI from->to",72,17
"Delay (ms)","KPI from->to",74,8
"Delay (ms)","KPI from->to",76,12
"Delay (ms)","KPI from->to",78,7
"Delay (ms)","KPI from->to",80,11
"Delay (ms)","KPI from->to",82,13
"Delay (ms)","KPI from->to",84,13
"Delay (ms)","KPI from->to",86,10
"Delay (ms)","KPI from->to",88,15
"Delay (ms)","KPI from->to",90,14
"Delay (ms)","KPI from->to",92,11
"Delay (ms)","KPI from->to",94,14
"Delay (ms)","KPI from->to",96,7
"Delay (ms)","KPI from->to",98,12
"Delay (ms)","KPI from->to",100,19

Metric,"Pair Name",Timestamp,Value
Loss,"KPI from->to",102,0
Loss,"KPI from->to",104,0
Loss,"KPI from->to",106,0
Loss,"KPI from->to",108,0
Loss,"KPI from->to",110,0
Loss,"KPI from->to",112,0
Loss,"KPI from->to",114,0
Loss,"KPI from->to",116,0
Loss,"KPI from->to",118,0
Loss,"KPI from->to",120,0

Metric,"Pair Name",Timestamp,Value
"Max Delay Variation (ms)","KPI from->to",2,112
"Max Delay Variation (ms)","KPI from->to",4,60
"Max Delay Variation (ms)","KPI from->to",6,125
"Max Delay Variation (ms)","KPI from->to",8,45
"Max Delay Variation (ms)","KPI from->to",10,42
"Max Delay Variation (ms)","KPI from->to",12,94
"Max Delay Variation (ms)","KPI from->to",14,97
"Max Delay Variation (ms)","KPI from->to",16,93
"Max Delay Variation (ms)","KPI from->to",18,117
"Max Delay Variation (ms)","KPI from->to",20,58
"Max Delay Variation (ms)","KPI from->to",22,41
"Max Delay Variation (ms)","KPI from->to",24,70
"Max Delay Variation (ms)","KPI from->to",26,52
"Max Delay Variation (ms)","KPI from->to",28,80
"Max Delay Variation (ms)","KPI from->to",30,107
"Max Delay Variation (ms)","KPI from->to",32,107
"Max Delay Variation (ms)","KPI from->to",34,97
"Max Delay Variation (ms)","KPI from->to",36,128
"Max Delay Variation (ms)","KPI from->to",38,105
"Max Delay Variation (ms)","KPI from->to",40,54
"Max Delay Variation (ms)","KPI from->to",42,92
"Max Delay Variation (ms)","KPI from->to",44,80
"Max Delay Variation (ms)","KPI from->to",46,96
"Max Delay Variation (ms)","KPI from->to",48,47
"Max Delay Variation (ms)","KPI from->to",50,56
"Max Delay Variation (ms)","KPI from->to",52,71
"Max Delay Variation (ms)","KPI from->to",54,118
"Max Delay Variation (ms)","KPI from->to",56,66
"Max Delay Variation (ms)","KPI from->to",58,43
"Max Delay Variation (ms)","KPI from->to",60,100
"Max Delay Variation (ms)","KPI from->to",62,97
"Max Delay Variation (ms)","KPI from->to",64,47
"Max Delay Variation (ms)","KPI from->to",66,89
"Max Delay Variation (ms)","KPI from->to",68,97
"Max Delay Variation (ms)","KPI from->to",70,65
"Max Delay Variation (ms)","KPI from->to",72,90
"Max Delay Variation (ms)","KPI from->to",74,42
"Max Delay Variation (ms)","KPI from->to",76,43
"Max Delay Variation (ms)","KPI from->to",78,57
"Max Delay Variation (ms)","KPI from->to",80,95
"Max Delay Variation (ms)","KPI from->to",82,97
"Max Delay Variation (ms)","KPI from->to",84,98
"Max Delay Variation (ms)","KPI from->to",86,57
"Max Delay Variation (ms)","KPI from->to",88,47
"Max Delay Variation (ms)","KPI from->to",90,99
"Max Delay Variation (ms)","KPI from->to",92,99
"Max Delay Variation (ms)","KPI from->to",94,135
"Max Delay Variation (ms)","KPI from->to",96,66
"Max Delay Variation (ms)","KPI from->to",98,96
"Max Delay Variation (ms)","KPI from->to",100,133

Metric,"Pair Name",Timestamp,Value
"Max Delay Variation (ms)","KPI from->to",102,54
"Max Delay Variation (ms)","KPI from->to",104,59
"Max Delay Variation (ms)","KPI from->to",106,123
"Max Delay Variation (ms)","KPI from->to",108,97
"Max Delay Variation (ms)","KPI from->to",110,90
"Max Delay Variation (ms)","KPI from->to",112,95
"Max Delay Variation (ms)","KPI from->to",114,95
"Max Delay Variation (ms)","KPI from->to",116,57
"Max Delay Variation (ms)","KPI from->to",118,60
"Max Delay Variation (ms)","KPI from->to",120,57

Metric,"Pair Name",Timestamp,Value
"Delay (ms)","KPI from->to",102,13
"Delay (ms)","KPI from->to",104,12
"Delay (ms)","KPI from->to",106,18
"Delay (ms)","KPI from->to",108,16
"Delay (ms)","KPI from->to",110,19
"Delay (ms)","KPI from->to",112,13
"Delay (ms)","KPI from->to",114,17
"Delay (ms)","KPI from->to",116,13
"Delay (ms)","KPI from->to",118,14
"Delay (ms)","KPI from->to",120,12

Metric,"Pair Name",Timestamp,Value
"Jitter (ms)","KPI from->to",102,13
"Jitter (ms)","KPI from->to",104,7
"Jitter (ms)","KPI from->to",106,10
"Jitter (ms)","KPI from->to",108,10
"Jitter (ms)","KPI from->to",110,6
"Jitter (ms)","KPI from->to",112,13
"Jitter (ms)","KPI from->to",114,11
"Jitter (ms)","KPI from->to",116,13
"Jitter (ms)","KPI from->to",118,7
"Jitter (ms)","KPI from->to",120,9

Metric,"Pair Name",Timestamp,Value
Loss,"KPI from->to",2,0
Loss,"KPI from->to",4,0
Loss,"KPI from->to",6,0
Loss,"KPI from->to",8,0
Loss,"KPI from->to",10,0
Loss,"KPI from->to",12,0
Loss,"KPI from->to",14,0
Loss,"KPI from->to",16,0
Loss,"KPI from->to",18,0
Loss,"KPI from->to",20,0
Loss,"KPI from->to",22,0
Loss,"KPI from->to",24,0
Loss,"KPI from->to",26,0
Loss,"KPI from->to",28,0
Loss,"KPI from->to",30,0
Loss,"KPI from->to",32,0
Loss,"KPI from->to",34,0
Loss,"KPI from->to",36,0
Loss,"KPI from->to",38,0
Loss,"KPI from->to",40,0
Loss,"KPI from->to",42,0
Loss,"KPI from->to",44,0
Loss,"KPI from->to",46,0
Loss,"KPI from->to",48,0
Loss,"KPI from->to",50,0
Loss,"KPI from->to",52,0
Loss,"KPI from->to",54,0
Loss,"KPI from->to",56,0
Loss,"KPI from->to",58,0
Loss,"KPI from->to",60,0
Loss,"KPI from->to",62,0
Loss,"KPI from->to",64,0
Loss,"KPI from->to",66,0
Loss,"KPI from->to",68,0
Loss,"KPI from->to",70,0
Loss,"KPI from->to",72,0
Loss,"KPI from->to",74,0
Loss,"KPI from->to",76,0
Loss,"KPI from->to",78,0
Loss,"KPI from->to",80,0
Loss,"KPI from->to",82,0
Loss,"KPI from->to",84,0
Loss,"KPI from->to",86,0
Loss,"KPI from->to",88,0
Loss,"KPI from->to",90,0
Loss,"KPI from->to",92,0
Loss,"KPI from->to",94,0
Loss,"KPI from->to",96,0
Loss,"KPI from->to",98,0
Loss,"KPI from->to",100,0

Metric,"Pair Name",Timestamp,Value
MOS,"KPI from->to",2,3.46
MOS,"KPI from->to",4,2.8
MOS,"KPI from->to",6,1.46
MOS,"KPI from->to",8,3.47
MOS,"KPI from->to",10,2.21
MOS,"KPI from->to",12,1
MOS,"KPI from->to",14,2.43
MOS,"KPI from->to",16,2.19
MOS,"KPI from->to",18,2.19
MOS,"KPI from->to",20,1.89
MOS,"KPI from->to",22,2.81
MOS,"KPI from->to",24,2.19
MOS,"KPI from->to",26,1.89
MOS,"KPI from->to",28,1.88
MOS,"KPI from->to",30,1
MOS,"KPI from->to",32,2.43
MOS,"KPI from->to",34,1.89
MOS,"KPI from->to",36,1
MOS,"KPI from->to",38,1
MOS,"KPI from->to",40,2.19
MOS,"KPI from->to",42,1.9
MOS,"KPI from->to",44,1.36
MOS,"KPI from->to",46,1.32
MOS,"KPI from->to",48,1
MOS,"KPI from->to",50,2.19
MOS,"KPI from->to",52,1.88
MOS,"KPI from->to",54,1
MOS,"KPI from->to",56,1
MOS,"KPI from->to",58,1.4
MOS,"KPI from->to",60,1
MOS,"KPI from->to",62,1.39
MOS,"KPI from->to",64,3.48
MOS,"KPI from->to",66,1.89
MOS,"KPI from->to",68,1.88
MOS,"KPI from->to",70,2.17
MOS,"KPI from->to",72,1.42
MOS,"KPI from->to",74,1.88
MOS,"KPI from->to",76,1.88
MOS,"KPI from->to",78,2.81
MOS,"KPI from->to",80,2.19
MOS,"KPI from->to",82,2.18
MOS,"KPI from->to",84,1.36
MOS,"KPI from->to",86,2.44
MOS,"KPI from->to",88,1
MOS,"KPI from->to",90,1
MOS,"KPI from->to",92,1.88
MOS,"KPI from->to",94,1
MOS,"KPI from->to",96,2.19
MOS,"KPI from->to",98,1.88
MOS,"KPI from->to",100,1.32


