"Test Information",Value
"RUN ID",497
"END EXECUTION TIME","2021-05-13 16:03:52"
"SOURCE PROBE NAME",raspberrypi-5G
"SOURCE PROBE TEST IP ADDRESS",raspberrypi-5G
"SOURCE PROBE MANAGEMENT IP ADDRESS",raspberrypi-5G
"SOURCE PROBE GROUP",Administrators
"DESTINATION PROBE NAME",raspberrypi-AAS
"DESTINATION PROBE TEST IP ADDRESS",raspberrypi-AAS
"DESTINATION PROBE MANAGEMENT IP ADDRESS",raspberrypi-AAS
"DESTINATION PROBE GROUP",Administrators
"DESTINATION PROBE LOCATION",
"TEST MODULE",MESH
"TEST TYPE","Network KPI"
"TEST ADDITIONAL INFORMATION"," DSCP Setting: Best Effort"
"TEST DURATION",120
"TEST STATUS",Failed
"FAIL OR ERROR REASON"," Threshold failed on KPI from->to Max Delay Variation (ms) 
"

Metric,"Pair Name",Value,"Threshold Type",Threshold,"Status KPI"
"Datagrams Out of Order","KPI from->to",0.0,0,>=,Passed
"Delay (ms)","KPI from->to",25.05,0,<=,Passed
"Jitter (ms)","KPI from->to",1.82,0,<=,Passed
"Jitter Max (ms)","KPI from->to",5.0,0,<=,Passed
Loss,"KPI from->to",0.0,0,<=,Passed
"Max Delay Variation (ms)","KPI from->to",65.0,0,<=,Failed
"Max loss burst","KPI from->to",0.0,0,<=,Passed
MOS,"KPI from->to",4.33,1,<=,Passed

Metric,"Pair Name",Timestamp,Value
Loss,"KPI from->to",2,0
Loss,"KPI from->to",4,0
Loss,"KPI from->to",6,0
Loss,"KPI from->to",8,0
Loss,"KPI from->to",10,0
Loss,"KPI from->to",12,0
Loss,"KPI from->to",14,0
Loss,"KPI from->to",16,0
Loss,"KPI from->to",18,0
Loss,"KPI from->to",20,0
Loss,"KPI from->to",22,0
Loss,"KPI from->to",24,0
Loss,"KPI from->to",26,0
Loss,"KPI from->to",28,0
Loss,"KPI from->to",30,0
Loss,"KPI from->to",32,0
Loss,"KPI from->to",34,0
Loss,"KPI from->to",36,0
Loss,"KPI from->to",38,0
Loss,"KPI from->to",40,0
Loss,"KPI from->to",42,0
Loss,"KPI from->to",44,0
Loss,"KPI from->to",46,0
Loss,"KPI from->to",48,0
Loss,"KPI from->to",50,0
Loss,"KPI from->to",52,0
Loss,"KPI from->to",54,0
Loss,"KPI from->to",56,0
Loss,"KPI from->to",58,0
Loss,"KPI from->to",60,0
Loss,"KPI from->to",62,0
Loss,"KPI from->to",64,0
Loss,"KPI from->to",66,0
Loss,"KPI from->to",68,0
Loss,"KPI from->to",70,0
Loss,"KPI from->to",72,0
Loss,"KPI from->to",74,0
Loss,"KPI from->to",76,0
Loss,"KPI from->to",78,0
Loss,"KPI from->to",80,0
Loss,"KPI from->to",82,0
Loss,"KPI from->to",84,0
Loss,"KPI from->to",86,0
Loss,"KPI from->to",88,0
Loss,"KPI from->to",90,0
Loss,"KPI from->to",92,0
Loss,"KPI from->to",94,0
Loss,"KPI from->to",96,0
Loss,"KPI from->to",98,0
Loss,"KPI from->to",100,0

Metric,"Pair Name",Timestamp,Value
"Jitter (ms)","KPI from->to",2,1
"Jitter (ms)","KPI from->to",4,1
"Jitter (ms)","KPI from->to",6,2
"Jitter (ms)","KPI from->to",8,2
"Jitter (ms)","KPI from->to",10,0
"Jitter (ms)","KPI from->to",12,1
"Jitter (ms)","KPI from->to",14,2
"Jitter (ms)","KPI from->to",16,2
"Jitter (ms)","KPI from->to",18,2
"Jitter (ms)","KPI from->to",20,2
"Jitter (ms)","KPI from->to",22,2
"Jitter (ms)","KPI from->to",24,3
"Jitter (ms)","KPI from->to",26,1
"Jitter (ms)","KPI from->to",28,3
"Jitter (ms)","KPI from->to",30,2
"Jitter (ms)","KPI from->to",32,1
"Jitter (ms)","KPI from->to",34,3
"Jitter (ms)","KPI from->to",36,4
"Jitter (ms)","KPI from->to",38,0
"Jitter (ms)","KPI from->to",40,1
"Jitter (ms)","KPI from->to",42,1
"Jitter (ms)","KPI from->to",44,0
"Jitter (ms)","KPI from->to",46,1
"Jitter (ms)","KPI from->to",48,1
"Jitter (ms)","KPI from->to",50,1
"Jitter (ms)","KPI from->to",52,1
"Jitter (ms)","KPI from->to",54,2
"Jitter (ms)","KPI from->to",56,1
"Jitter (ms)","KPI from->to",58,2
"Jitter (ms)","KPI from->to",60,4
"Jitter (ms)","KPI from->to",62,2
"Jitter (ms)","KPI from->to",64,2
"Jitter (ms)","KPI from->to",66,3
"Jitter (ms)","KPI from->to",68,2
"Jitter (ms)","KPI from->to",70,2
"Jitter (ms)","KPI from->to",72,2
"Jitter (ms)","KPI from->to",74,1
"Jitter (ms)","KPI from->to",76,1
"Jitter (ms)","KPI from->to",78,2
"Jitter (ms)","KPI from->to",80,1
"Jitter (ms)","KPI from->to",82,2
"Jitter (ms)","KPI from->to",84,2
"Jitter (ms)","KPI from->to",86,1
"Jitter (ms)","KPI from->to",88,2
"Jitter (ms)","KPI from->to",90,2
"Jitter (ms)","KPI from->to",92,3
"Jitter (ms)","KPI from->to",94,3
"Jitter (ms)","KPI from->to",96,2
"Jitter (ms)","KPI from->to",98,0
"Jitter (ms)","KPI from->to",100,3

Metric,"Pair Name",Timestamp,Value
"Jitter (ms)","KPI from->to",102,3
"Jitter (ms)","KPI from->to",104,1
"Jitter (ms)","KPI from->to",106,1
"Jitter (ms)","KPI from->to",108,3
"Jitter (ms)","KPI from->to",110,0
"Jitter (ms)","KPI from->to",112,2
"Jitter (ms)","KPI from->to",114,5
"Jitter (ms)","KPI from->to",116,2
"Jitter (ms)","KPI from->to",118,2
"Jitter (ms)","KPI from->to",120,3

Metric,"Pair Name",Timestamp,Value
Loss,"KPI from->to",102,0
Loss,"KPI from->to",104,0
Loss,"KPI from->to",106,0
Loss,"KPI from->to",108,0
Loss,"KPI from->to",110,0
Loss,"KPI from->to",112,0
Loss,"KPI from->to",114,0
Loss,"KPI from->to",116,0
Loss,"KPI from->to",118,0
Loss,"KPI from->to",120,0

Metric,"Pair Name",Timestamp,Value
"Delay (ms)","KPI from->to",102,27
"Delay (ms)","KPI from->to",104,26
"Delay (ms)","KPI from->to",106,26
"Delay (ms)","KPI from->to",108,27
"Delay (ms)","KPI from->to",110,27
"Delay (ms)","KPI from->to",112,27
"Delay (ms)","KPI from->to",114,27
"Delay (ms)","KPI from->to",116,28
"Delay (ms)","KPI from->to",118,26
"Delay (ms)","KPI from->to",120,26

Metric,"Pair Name",Timestamp,Value
"Max Delay Variation (ms)","KPI from->to",102,11
"Max Delay Variation (ms)","KPI from->to",104,11
"Max Delay Variation (ms)","KPI from->to",106,13
"Max Delay Variation (ms)","KPI from->to",108,12
"Max Delay Variation (ms)","KPI from->to",110,9
"Max Delay Variation (ms)","KPI from->to",112,9
"Max Delay Variation (ms)","KPI from->to",114,16
"Max Delay Variation (ms)","KPI from->to",116,13
"Max Delay Variation (ms)","KPI from->to",118,13
"Max Delay Variation (ms)","KPI from->to",120,9

Metric,"Pair Name",Timestamp,Value
MOS,"KPI from->to",2,3.44
MOS,"KPI from->to",4,4.36
MOS,"KPI from->to",6,4.36
MOS,"KPI from->to",8,4.36
MOS,"KPI from->to",10,4.36
MOS,"KPI from->to",12,4.36
MOS,"KPI from->to",14,4.36
MOS,"KPI from->to",16,4.36
MOS,"KPI from->to",18,4.36
MOS,"KPI from->to",20,4.36
MOS,"KPI from->to",22,4.36
MOS,"KPI from->to",24,4.36
MOS,"KPI from->to",26,4.36
MOS,"KPI from->to",28,4.36
MOS,"KPI from->to",30,4.36
MOS,"KPI from->to",32,4.36
MOS,"KPI from->to",34,4.36
MOS,"KPI from->to",36,3.47
MOS,"KPI from->to",38,4.36
MOS,"KPI from->to",40,4.36
MOS,"KPI from->to",42,4.36
MOS,"KPI from->to",44,4.36
MOS,"KPI from->to",46,4.36
MOS,"KPI from->to",48,4.36
MOS,"KPI from->to",50,4.36
MOS,"KPI from->to",52,4.36
MOS,"KPI from->to",54,4.36
MOS,"KPI from->to",56,4.36
MOS,"KPI from->to",58,4.36
MOS,"KPI from->to",60,4.36
MOS,"KPI from->to",62,4.36
MOS,"KPI from->to",64,4.36
MOS,"KPI from->to",66,4.36
MOS,"KPI from->to",68,4.36
MOS,"KPI from->to",70,4.36
MOS,"KPI from->to",72,4.36
MOS,"KPI from->to",74,4.36
MOS,"KPI from->to",76,4.36
MOS,"KPI from->to",78,4.36
MOS,"KPI from->to",80,4.36
MOS,"KPI from->to",82,4.36
MOS,"KPI from->to",84,4.36
MOS,"KPI from->to",86,4.36
MOS,"KPI from->to",88,4.36
MOS,"KPI from->to",90,4.36
MOS,"KPI from->to",92,4.36
MOS,"KPI from->to",94,4.36
MOS,"KPI from->to",96,4.36
MOS,"KPI from->to",98,4.36
MOS,"KPI from->to",100,4.36

Metric,"Pair Name",Timestamp,Value
"Delay (ms)","KPI from->to",2,26
"Delay (ms)","KPI from->to",4,25
"Delay (ms)","KPI from->to",6,25
"Delay (ms)","KPI from->to",8,25
"Delay (ms)","KPI from->to",10,24
"Delay (ms)","KPI from->to",12,24
"Delay (ms)","KPI from->to",14,24
"Delay (ms)","KPI from->to",16,23
"Delay (ms)","KPI from->to",18,23
"Delay (ms)","KPI from->to",20,24
"Delay (ms)","KPI from->to",22,23
"Delay (ms)","KPI from->to",24,24
"Delay (ms)","KPI from->to",26,23
"Delay (ms)","KPI from->to",28,24
"Delay (ms)","KPI from->to",30,24
"Delay (ms)","KPI from->to",32,23
"Delay (ms)","KPI from->to",34,24
"Delay (ms)","KPI from->to",36,25
"Delay (ms)","KPI from->to",38,24
"Delay (ms)","KPI from->to",40,24
"Delay (ms)","KPI from->to",42,24
"Delay (ms)","KPI from->to",44,23
"Delay (ms)","KPI from->to",46,24
"Delay (ms)","KPI from->to",48,23
"Delay (ms)","KPI from->to",50,24
"Delay (ms)","KPI from->to",52,23
"Delay (ms)","KPI from->to",54,24
"Delay (ms)","KPI from->to",56,24
"Delay (ms)","KPI from->to",58,25
"Delay (ms)","KPI from->to",60,26
"Delay (ms)","KPI from->to",62,24
"Delay (ms)","KPI from->to",64,24
"Delay (ms)","KPI from->to",66,24
"Delay (ms)","KPI from->to",68,24
"Delay (ms)","KPI from->to",70,24
"Delay (ms)","KPI from->to",72,25
"Delay (ms)","KPI from->to",74,27
"Delay (ms)","KPI from->to",76,26
"Delay (ms)","KPI from->to",78,27
"Delay (ms)","KPI from->to",80,27
"Delay (ms)","KPI from->to",82,26
"Delay (ms)","KPI from->to",84,27
"Delay (ms)","KPI from->to",86,27
"Delay (ms)","KPI from->to",88,27
"Delay (ms)","KPI from->to",90,26
"Delay (ms)","KPI from->to",92,25
"Delay (ms)","KPI from->to",94,26
"Delay (ms)","KPI from->to",96,26
"Delay (ms)","KPI from->to",98,26
"Delay (ms)","KPI from->to",100,27

Metric,"Pair Name",Timestamp,Value
"Max Delay Variation (ms)","KPI from->to",2,65
"Max Delay Variation (ms)","KPI from->to",4,9
"Max Delay Variation (ms)","KPI from->to",6,15
"Max Delay Variation (ms)","KPI from->to",8,9
"Max Delay Variation (ms)","KPI from->to",10,8
"Max Delay Variation (ms)","KPI from->to",12,8
"Max Delay Variation (ms)","KPI from->to",14,9
"Max Delay Variation (ms)","KPI from->to",16,16
"Max Delay Variation (ms)","KPI from->to",18,9
"Max Delay Variation (ms)","KPI from->to",20,9
"Max Delay Variation (ms)","KPI from->to",22,13
"Max Delay Variation (ms)","KPI from->to",24,10
"Max Delay Variation (ms)","KPI from->to",26,9
"Max Delay Variation (ms)","KPI from->to",28,13
"Max Delay Variation (ms)","KPI from->to",30,13
"Max Delay Variation (ms)","KPI from->to",32,9
"Max Delay Variation (ms)","KPI from->to",34,16
"Max Delay Variation (ms)","KPI from->to",36,60
"Max Delay Variation (ms)","KPI from->to",38,8
"Max Delay Variation (ms)","KPI from->to",40,13
"Max Delay Variation (ms)","KPI from->to",42,12
"Max Delay Variation (ms)","KPI from->to",44,9
"Max Delay Variation (ms)","KPI from->to",46,9
"Max Delay Variation (ms)","KPI from->to",48,9
"Max Delay Variation (ms)","KPI from->to",50,10
"Max Delay Variation (ms)","KPI from->to",52,8
"Max Delay Variation (ms)","KPI from->to",54,9
"Max Delay Variation (ms)","KPI from->to",56,9
"Max Delay Variation (ms)","KPI from->to",58,15
"Max Delay Variation (ms)","KPI from->to",60,14
"Max Delay Variation (ms)","KPI from->to",62,10
"Max Delay Variation (ms)","KPI from->to",64,13
"Max Delay Variation (ms)","KPI from->to",66,14
"Max Delay Variation (ms)","KPI from->to",68,11
"Max Delay Variation (ms)","KPI from->to",70,13
"Max Delay Variation (ms)","KPI from->to",72,9
"Max Delay Variation (ms)","KPI from->to",74,11
"Max Delay Variation (ms)","KPI from->to",76,19
"Max Delay Variation (ms)","KPI from->to",78,14
"Max Delay Variation (ms)","KPI from->to",80,8
"Max Delay Variation (ms)","KPI from->to",82,9
"Max Delay Variation (ms)","KPI from->to",84,12
"Max Delay Variation (ms)","KPI from->to",86,9
"Max Delay Variation (ms)","KPI from->to",88,12
"Max Delay Variation (ms)","KPI from->to",90,9
"Max Delay Variation (ms)","KPI from->to",92,13
"Max Delay Variation (ms)","KPI from->to",94,10
"Max Delay Variation (ms)","KPI from->to",96,9
"Max Delay Variation (ms)","KPI from->to",98,8
"Max Delay Variation (ms)","KPI from->to",100,19

Metric,"Pair Name",Timestamp,Value
MOS,"KPI from->to",102,4.36
MOS,"KPI from->to",104,4.36
MOS,"KPI from->to",106,4.36
MOS,"KPI from->to",108,4.36
MOS,"KPI from->to",110,4.36
MOS,"KPI from->to",112,4.36
MOS,"KPI from->to",114,4.36
MOS,"KPI from->to",116,4.36
MOS,"KPI from->to",118,4.36
MOS,"KPI from->to",120,4.36


