"Test Information",Value
"RUN ID",497
"END EXECUTION TIME","2021-05-13 15:41:47"
"SOURCE PROBE NAME",raspberrypi-AAS
"SOURCE PROBE TEST IP ADDRESS",raspberrypi-AAS
"SOURCE PROBE MANAGEMENT IP ADDRESS",raspberrypi-AAS
"SOURCE PROBE GROUP",Administrators
"DESTINATION PROBE NAME",raspberrypi-5G
"DESTINATION PROBE TEST IP ADDRESS",raspberrypi-5G
"DESTINATION PROBE MANAGEMENT IP ADDRESS",raspberrypi-5G
"DESTINATION PROBE GROUP",Administrators
"DESTINATION PROBE LOCATION",
"TEST MODULE",MESH
"TEST TYPE","Network KPI"
"TEST ADDITIONAL INFORMATION"," DSCP Setting: Best Effort"
"TEST DURATION",120
"TEST STATUS",Failed
"FAIL OR ERROR REASON"," Threshold failed on KPI from->to Jitter (ms) 
 Threshold failed on KPI from->to Jitter Max (ms) 
 Threshold failed on KPI from->to Max Delay Variation (ms) 
 Threshold failed on KPI from->to MOS 
"

Metric,"Pair Name",Value,"Threshold Type",Threshold,"Status KPI"
"Datagrams Out of Order","KPI from->to",0.0,0,>=,Passed
"Delay (ms)","KPI from->to",22.73,0,<=,Passed
"Jitter (ms)","KPI from->to",6.85,0,<=,Failed
"Jitter Max (ms)","KPI from->to",16.0,0,<=,Failed
Loss,"KPI from->to",0.0,0,<=,Passed
"Max Delay Variation (ms)","KPI from->to",197.0,0,<=,Failed
"Max loss burst","KPI from->to",0.0,0,<=,Passed
MOS,"KPI from->to",1.97,1,<=,Failed

Metric,"Pair Name",Timestamp,Value
"Jitter (ms)","KPI from->to",102,1
"Jitter (ms)","KPI from->to",104,6
"Jitter (ms)","KPI from->to",106,5
"Jitter (ms)","KPI from->to",108,8
"Jitter (ms)","KPI from->to",110,13
"Jitter (ms)","KPI from->to",112,4
"Jitter (ms)","KPI from->to",114,11
"Jitter (ms)","KPI from->to",116,1
"Jitter (ms)","KPI from->to",118,4
"Jitter (ms)","KPI from->to",120,16

Metric,"Pair Name",Timestamp,Value
"Max Delay Variation (ms)","KPI from->to",2,117
"Max Delay Variation (ms)","KPI from->to",4,67
"Max Delay Variation (ms)","KPI from->to",6,85
"Max Delay Variation (ms)","KPI from->to",8,62
"Max Delay Variation (ms)","KPI from->to",10,47
"Max Delay Variation (ms)","KPI from->to",12,60
"Max Delay Variation (ms)","KPI from->to",14,58
"Max Delay Variation (ms)","KPI from->to",16,77
"Max Delay Variation (ms)","KPI from->to",18,92
"Max Delay Variation (ms)","KPI from->to",20,60
"Max Delay Variation (ms)","KPI from->to",22,56
"Max Delay Variation (ms)","KPI from->to",24,90
"Max Delay Variation (ms)","KPI from->to",26,99
"Max Delay Variation (ms)","KPI from->to",28,48
"Max Delay Variation (ms)","KPI from->to",30,51
"Max Delay Variation (ms)","KPI from->to",32,132
"Max Delay Variation (ms)","KPI from->to",34,58
"Max Delay Variation (ms)","KPI from->to",36,59
"Max Delay Variation (ms)","KPI from->to",38,59
"Max Delay Variation (ms)","KPI from->to",40,98
"Max Delay Variation (ms)","KPI from->to",42,115
"Max Delay Variation (ms)","KPI from->to",44,58
"Max Delay Variation (ms)","KPI from->to",46,73
"Max Delay Variation (ms)","KPI from->to",48,110
"Max Delay Variation (ms)","KPI from->to",50,64
"Max Delay Variation (ms)","KPI from->to",52,60
"Max Delay Variation (ms)","KPI from->to",54,145
"Max Delay Variation (ms)","KPI from->to",56,92
"Max Delay Variation (ms)","KPI from->to",58,136
"Max Delay Variation (ms)","KPI from->to",60,101
"Max Delay Variation (ms)","KPI from->to",62,102
"Max Delay Variation (ms)","KPI from->to",64,58
"Max Delay Variation (ms)","KPI from->to",66,197
"Max Delay Variation (ms)","KPI from->to",68,89
"Max Delay Variation (ms)","KPI from->to",70,137
"Max Delay Variation (ms)","KPI from->to",72,97
"Max Delay Variation (ms)","KPI from->to",74,97
"Max Delay Variation (ms)","KPI from->to",76,134
"Max Delay Variation (ms)","KPI from->to",78,57
"Max Delay Variation (ms)","KPI from->to",80,57
"Max Delay Variation (ms)","KPI from->to",82,140
"Max Delay Variation (ms)","KPI from->to",84,59
"Max Delay Variation (ms)","KPI from->to",86,41
"Max Delay Variation (ms)","KPI from->to",88,42
"Max Delay Variation (ms)","KPI from->to",90,91
"Max Delay Variation (ms)","KPI from->to",92,57
"Max Delay Variation (ms)","KPI from->to",94,98
"Max Delay Variation (ms)","KPI from->to",96,49
"Max Delay Variation (ms)","KPI from->to",98,57
"Max Delay Variation (ms)","KPI from->to",100,42

Metric,"Pair Name",Timestamp,Value
"Jitter (ms)","KPI from->to",2,11
"Jitter (ms)","KPI from->to",4,3
"Jitter (ms)","KPI from->to",6,4
"Jitter (ms)","KPI from->to",8,11
"Jitter (ms)","KPI from->to",10,6
"Jitter (ms)","KPI from->to",12,3
"Jitter (ms)","KPI from->to",14,7
"Jitter (ms)","KPI from->to",16,1
"Jitter (ms)","KPI from->to",18,3
"Jitter (ms)","KPI from->to",20,14
"Jitter (ms)","KPI from->to",22,7
"Jitter (ms)","KPI from->to",24,4
"Jitter (ms)","KPI from->to",26,3
"Jitter (ms)","KPI from->to",28,4
"Jitter (ms)","KPI from->to",30,2
"Jitter (ms)","KPI from->to",32,9
"Jitter (ms)","KPI from->to",34,3
"Jitter (ms)","KPI from->to",36,6
"Jitter (ms)","KPI from->to",38,8
"Jitter (ms)","KPI from->to",40,3
"Jitter (ms)","KPI from->to",42,13
"Jitter (ms)","KPI from->to",44,4
"Jitter (ms)","KPI from->to",46,9
"Jitter (ms)","KPI from->to",48,10
"Jitter (ms)","KPI from->to",50,4
"Jitter (ms)","KPI from->to",52,3
"Jitter (ms)","KPI from->to",54,9
"Jitter (ms)","KPI from->to",56,11
"Jitter (ms)","KPI from->to",58,6
"Jitter (ms)","KPI from->to",60,7
"Jitter (ms)","KPI from->to",62,9
"Jitter (ms)","KPI from->to",64,0
"Jitter (ms)","KPI from->to",66,11
"Jitter (ms)","KPI from->to",68,15
"Jitter (ms)","KPI from->to",70,6
"Jitter (ms)","KPI from->to",72,9
"Jitter (ms)","KPI from->to",74,9
"Jitter (ms)","KPI from->to",76,8
"Jitter (ms)","KPI from->to",78,7
"Jitter (ms)","KPI from->to",80,5
"Jitter (ms)","KPI from->to",82,14
"Jitter (ms)","KPI from->to",84,1
"Jitter (ms)","KPI from->to",86,2
"Jitter (ms)","KPI from->to",88,9
"Jitter (ms)","KPI from->to",90,7
"Jitter (ms)","KPI from->to",92,12
"Jitter (ms)","KPI from->to",94,8
"Jitter (ms)","KPI from->to",96,13
"Jitter (ms)","KPI from->to",98,3
"Jitter (ms)","KPI from->to",100,6

Metric,"Pair Name",Timestamp,Value
MOS,"KPI from->to",102,2.8
MOS,"KPI from->to",104,2.77
MOS,"KPI from->to",106,2.18
MOS,"KPI from->to",108,1.89
MOS,"KPI from->to",110,2.16
MOS,"KPI from->to",112,1.35
MOS,"KPI from->to",114,1.38
MOS,"KPI from->to",116,2.43
MOS,"KPI from->to",118,2.18
MOS,"KPI from->to",120,1.31

Metric,"Pair Name",Timestamp,Value
Loss,"KPI from->to",2,0
Loss,"KPI from->to",4,0
Loss,"KPI from->to",6,0
Loss,"KPI from->to",8,0
Loss,"KPI from->to",10,0
Loss,"KPI from->to",12,0
Loss,"KPI from->to",14,0
Loss,"KPI from->to",16,0
Loss,"KPI from->to",18,0
Loss,"KPI from->to",20,0
Loss,"KPI from->to",22,0
Loss,"KPI from->to",24,0
Loss,"KPI from->to",26,0
Loss,"KPI from->to",28,0
Loss,"KPI from->to",30,0
Loss,"KPI from->to",32,0
Loss,"KPI from->to",34,0
Loss,"KPI from->to",36,0
Loss,"KPI from->to",38,0
Loss,"KPI from->to",40,0
Loss,"KPI from->to",42,0
Loss,"KPI from->to",44,0
Loss,"KPI from->to",46,0
Loss,"KPI from->to",48,0
Loss,"KPI from->to",50,0
Loss,"KPI from->to",52,0
Loss,"KPI from->to",54,0
Loss,"KPI from->to",56,0
Loss,"KPI from->to",58,0
Loss,"KPI from->to",60,0
Loss,"KPI from->to",62,0
Loss,"KPI from->to",64,0
Loss,"KPI from->to",66,0
Loss,"KPI from->to",68,0
Loss,"KPI from->to",70,0
Loss,"KPI from->to",72,0
Loss,"KPI from->to",74,0
Loss,"KPI from->to",76,0
Loss,"KPI from->to",78,0
Loss,"KPI from->to",80,0
Loss,"KPI from->to",82,0
Loss,"KPI from->to",84,0
Loss,"KPI from->to",86,0
Loss,"KPI from->to",88,0
Loss,"KPI from->to",90,0
Loss,"KPI from->to",92,0
Loss,"KPI from->to",94,0
Loss,"KPI from->to",96,0
Loss,"KPI from->to",98,0
Loss,"KPI from->to",100,0

Metric,"Pair Name",Timestamp,Value
Loss,"KPI from->to",102,0
Loss,"KPI from->to",104,0
Loss,"KPI from->to",106,0
Loss,"KPI from->to",108,0
Loss,"KPI from->to",110,0
Loss,"KPI from->to",112,0
Loss,"KPI from->to",114,0
Loss,"KPI from->to",116,0
Loss,"KPI from->to",118,0
Loss,"KPI from->to",120,0

Metric,"Pair Name",Timestamp,Value
MOS,"KPI from->to",2,1.41
MOS,"KPI from->to",4,1.89
MOS,"KPI from->to",6,1.87
MOS,"KPI from->to",8,1.83
MOS,"KPI from->to",10,2.19
MOS,"KPI from->to",12,2.42
MOS,"KPI from->to",14,1.85
MOS,"KPI from->to",16,2.81
MOS,"KPI from->to",18,2.42
MOS,"KPI from->to",20,2.17
MOS,"KPI from->to",22,1.89
MOS,"KPI from->to",24,1.87
MOS,"KPI from->to",26,2.17
MOS,"KPI from->to",28,3.48
MOS,"KPI from->to",30,1.91
MOS,"KPI from->to",32,1.83
MOS,"KPI from->to",34,1.45
MOS,"KPI from->to",36,2.8
MOS,"KPI from->to",38,2.16
MOS,"KPI from->to",40,1.42
MOS,"KPI from->to",42,1.86
MOS,"KPI from->to",44,2.17
MOS,"KPI from->to",46,2.18
MOS,"KPI from->to",48,1
MOS,"KPI from->to",50,1.42
MOS,"KPI from->to",52,2.43
MOS,"KPI from->to",54,1
MOS,"KPI from->to",56,1.42
MOS,"KPI from->to",58,2.17
MOS,"KPI from->to",60,1.86
MOS,"KPI from->to",62,1.86
MOS,"KPI from->to",64,1.87
MOS,"KPI from->to",66,1
MOS,"KPI from->to",68,2.36
MOS,"KPI from->to",70,1.5
MOS,"KPI from->to",72,1.5
MOS,"KPI from->to",74,1.85
MOS,"KPI from->to",76,1.41
MOS,"KPI from->to",78,1.87
MOS,"KPI from->to",80,2.16
MOS,"KPI from->to",82,1.44
MOS,"KPI from->to",84,2.18
MOS,"KPI from->to",86,3.47
MOS,"KPI from->to",88,2.42
MOS,"KPI from->to",90,1.42
MOS,"KPI from->to",92,1.81
MOS,"KPI from->to",94,2.2
MOS,"KPI from->to",96,1.38
MOS,"KPI from->to",98,2.16
MOS,"KPI from->to",100,2.43

Metric,"Pair Name",Timestamp,Value
"Delay (ms)","KPI from->to",2,28
"Delay (ms)","KPI from->to",4,22
"Delay (ms)","KPI from->to",6,23
"Delay (ms)","KPI from->to",8,24
"Delay (ms)","KPI from->to",10,23
"Delay (ms)","KPI from->to",12,20
"Delay (ms)","KPI from->to",14,22
"Delay (ms)","KPI from->to",16,17
"Delay (ms)","KPI from->to",18,21
"Delay (ms)","KPI from->to",20,19
"Delay (ms)","KPI from->to",22,20
"Delay (ms)","KPI from->to",24,20
"Delay (ms)","KPI from->to",26,20
"Delay (ms)","KPI from->to",28,13
"Delay (ms)","KPI from->to",30,17
"Delay (ms)","KPI from->to",32,22
"Delay (ms)","KPI from->to",34,18
"Delay (ms)","KPI from->to",36,16
"Delay (ms)","KPI from->to",38,22
"Delay (ms)","KPI from->to",40,24
"Delay (ms)","KPI from->to",42,26
"Delay (ms)","KPI from->to",44,21
"Delay (ms)","KPI from->to",46,22
"Delay (ms)","KPI from->to",48,29
"Delay (ms)","KPI from->to",50,24
"Delay (ms)","KPI from->to",52,20
"Delay (ms)","KPI from->to",54,29
"Delay (ms)","KPI from->to",56,24
"Delay (ms)","KPI from->to",58,24
"Delay (ms)","KPI from->to",60,28
"Delay (ms)","KPI from->to",62,27
"Delay (ms)","KPI from->to",64,23
"Delay (ms)","KPI from->to",66,43
"Delay (ms)","KPI from->to",68,24
"Delay (ms)","KPI from->to",70,33
"Delay (ms)","KPI from->to",72,29
"Delay (ms)","KPI from->to",74,25
"Delay (ms)","KPI from->to",76,29
"Delay (ms)","KPI from->to",78,22
"Delay (ms)","KPI from->to",80,19
"Delay (ms)","KPI from->to",82,30
"Delay (ms)","KPI from->to",84,19
"Delay (ms)","KPI from->to",86,18
"Delay (ms)","KPI from->to",88,19
"Delay (ms)","KPI from->to",90,23
"Delay (ms)","KPI from->to",92,22
"Delay (ms)","KPI from->to",94,23
"Delay (ms)","KPI from->to",96,22
"Delay (ms)","KPI from->to",98,22
"Delay (ms)","KPI from->to",100,19

Metric,"Pair Name",Timestamp,Value
"Delay (ms)","KPI from->to",102,17
"Delay (ms)","KPI from->to",104,20
"Delay (ms)","KPI from->to",106,21
"Delay (ms)","KPI from->to",108,21
"Delay (ms)","KPI from->to",110,24
"Delay (ms)","KPI from->to",112,22
"Delay (ms)","KPI from->to",114,24
"Delay (ms)","KPI from->to",116,20
"Delay (ms)","KPI from->to",118,18
"Delay (ms)","KPI from->to",120,28

Metric,"Pair Name",Timestamp,Value
"Max Delay Variation (ms)","KPI from->to",102,56
"Max Delay Variation (ms)","KPI from->to",104,43
"Max Delay Variation (ms)","KPI from->to",106,42
"Max Delay Variation (ms)","KPI from->to",108,57
"Max Delay Variation (ms)","KPI from->to",110,113
"Max Delay Variation (ms)","KPI from->to",112,97
"Max Delay Variation (ms)","KPI from->to",114,79
"Max Delay Variation (ms)","KPI from->to",116,96
"Max Delay Variation (ms)","KPI from->to",118,55
"Max Delay Variation (ms)","KPI from->to",120,134


