"Test Information",Value
"RUN ID",496
"END EXECUTION TIME","2021-05-13 13:57:26"
"SOURCE PROBE NAME",andreas
"SOURCE PROBE TEST IP ADDRESS",andreas
"SOURCE PROBE MANAGEMENT IP ADDRESS",andreas
"SOURCE PROBE GROUP",Administrators
"DESTINATION PROBE NAME",raspberrypi-AAS
"DESTINATION PROBE TEST IP ADDRESS",raspberrypi-AAS
"DESTINATION PROBE MANAGEMENT IP ADDRESS",raspberrypi-AAS
"DESTINATION PROBE GROUP",Administrators
"DESTINATION PROBE LOCATION",
"TEST MODULE",MESH
"TEST TYPE","Network KPI"
"TEST ADDITIONAL INFORMATION"," DSCP Setting: Best Effort"
"TEST DURATION",120
"TEST STATUS",Failed
"FAIL OR ERROR REASON"," Threshold failed on KPI from->to Max Delay Variation (ms) 
"

Metric,"Pair Name",Value,"Threshold Type",Threshold,"Status KPI"
"Datagrams Out of Order","KPI from->to",0.0,0,>=,Passed
"Delay (ms)","KPI from->to",1.18,0,<=,Passed
"Jitter (ms)","KPI from->to",0.18,0,<=,Passed
"Jitter Max (ms)","KPI from->to",3.0,0,<=,Passed
Loss,"KPI from->to",0.02,0,<=,Passed
"Max Delay Variation (ms)","KPI from->to",48.0,0,<=,Failed
"Max loss burst","KPI from->to",1.0,0,<=,Passed
MOS,"KPI from->to",4.3,1,<=,Passed

Metric,"Pair Name",Timestamp,Value
"Jitter (ms)","KPI from->to",2,0
"Jitter (ms)","KPI from->to",4,0
"Jitter (ms)","KPI from->to",6,0
"Jitter (ms)","KPI from->to",8,0
"Jitter (ms)","KPI from->to",10,0
"Jitter (ms)","KPI from->to",12,3
"Jitter (ms)","KPI from->to",14,0
"Jitter (ms)","KPI from->to",16,0
"Jitter (ms)","KPI from->to",18,0
"Jitter (ms)","KPI from->to",20,0
"Jitter (ms)","KPI from->to",22,0
"Jitter (ms)","KPI from->to",24,1
"Jitter (ms)","KPI from->to",26,0
"Jitter (ms)","KPI from->to",28,0
"Jitter (ms)","KPI from->to",30,0
"Jitter (ms)","KPI from->to",32,0
"Jitter (ms)","KPI from->to",34,0
"Jitter (ms)","KPI from->to",36,0
"Jitter (ms)","KPI from->to",38,0
"Jitter (ms)","KPI from->to",40,1
"Jitter (ms)","KPI from->to",42,0
"Jitter (ms)","KPI from->to",44,0
"Jitter (ms)","KPI from->to",46,3
"Jitter (ms)","KPI from->to",48,0
"Jitter (ms)","KPI from->to",50,0
"Jitter (ms)","KPI from->to",52,0
"Jitter (ms)","KPI from->to",54,0
"Jitter (ms)","KPI from->to",56,0
"Jitter (ms)","KPI from->to",58,0
"Jitter (ms)","KPI from->to",60,0
"Jitter (ms)","KPI from->to",62,0
"Jitter (ms)","KPI from->to",64,0
"Jitter (ms)","KPI from->to",66,0
"Jitter (ms)","KPI from->to",68,0
"Jitter (ms)","KPI from->to",70,0
"Jitter (ms)","KPI from->to",72,0
"Jitter (ms)","KPI from->to",74,0
"Jitter (ms)","KPI from->to",76,0
"Jitter (ms)","KPI from->to",78,0
"Jitter (ms)","KPI from->to",80,1
"Jitter (ms)","KPI from->to",82,0
"Jitter (ms)","KPI from->to",84,0
"Jitter (ms)","KPI from->to",86,0
"Jitter (ms)","KPI from->to",88,0
"Jitter (ms)","KPI from->to",90,0
"Jitter (ms)","KPI from->to",92,0
"Jitter (ms)","KPI from->to",94,0
"Jitter (ms)","KPI from->to",96,0
"Jitter (ms)","KPI from->to",98,0
"Jitter (ms)","KPI from->to",100,0

Metric,"Pair Name",Timestamp,Value
Loss,"KPI from->to",2,0
Loss,"KPI from->to",4,0
Loss,"KPI from->to",6,0
Loss,"KPI from->to",8,0
Loss,"KPI from->to",10,0
Loss,"KPI from->to",12,0.99009900990099
Loss,"KPI from->to",14,0
Loss,"KPI from->to",16,0
Loss,"KPI from->to",18,0
Loss,"KPI from->to",20,0
Loss,"KPI from->to",22,0
Loss,"KPI from->to",24,0
Loss,"KPI from->to",26,0
Loss,"KPI from->to",28,0
Loss,"KPI from->to",30,0
Loss,"KPI from->to",32,0
Loss,"KPI from->to",34,0
Loss,"KPI from->to",36,0
Loss,"KPI from->to",38,0
Loss,"KPI from->to",40,0
Loss,"KPI from->to",42,0
Loss,"KPI from->to",44,0
Loss,"KPI from->to",46,0
Loss,"KPI from->to",48,0
Loss,"KPI from->to",50,0
Loss,"KPI from->to",52,0
Loss,"KPI from->to",54,0
Loss,"KPI from->to",56,0
Loss,"KPI from->to",58,0
Loss,"KPI from->to",60,0
Loss,"KPI from->to",62,0
Loss,"KPI from->to",64,0
Loss,"KPI from->to",66,0
Loss,"KPI from->to",68,0
Loss,"KPI from->to",70,0
Loss,"KPI from->to",72,0
Loss,"KPI from->to",74,0
Loss,"KPI from->to",76,0
Loss,"KPI from->to",78,0
Loss,"KPI from->to",80,0
Loss,"KPI from->to",82,0
Loss,"KPI from->to",84,0
Loss,"KPI from->to",86,0
Loss,"KPI from->to",88,0
Loss,"KPI from->to",90,0
Loss,"KPI from->to",92,0
Loss,"KPI from->to",94,0
Loss,"KPI from->to",96,0
Loss,"KPI from->to",98,0
Loss,"KPI from->to",100,0

Metric,"Pair Name",Timestamp,Value
"Max Delay Variation (ms)","KPI from->to",2,43
"Max Delay Variation (ms)","KPI from->to",4,1
"Max Delay Variation (ms)","KPI from->to",6,2
"Max Delay Variation (ms)","KPI from->to",8,3
"Max Delay Variation (ms)","KPI from->to",10,1
"Max Delay Variation (ms)","KPI from->to",12,29
"Max Delay Variation (ms)","KPI from->to",14,17
"Max Delay Variation (ms)","KPI from->to",16,1
"Max Delay Variation (ms)","KPI from->to",18,2
"Max Delay Variation (ms)","KPI from->to",20,1
"Max Delay Variation (ms)","KPI from->to",22,1
"Max Delay Variation (ms)","KPI from->to",24,41
"Max Delay Variation (ms)","KPI from->to",26,1
"Max Delay Variation (ms)","KPI from->to",28,1
"Max Delay Variation (ms)","KPI from->to",30,1
"Max Delay Variation (ms)","KPI from->to",32,5
"Max Delay Variation (ms)","KPI from->to",34,1
"Max Delay Variation (ms)","KPI from->to",36,48
"Max Delay Variation (ms)","KPI from->to",38,1
"Max Delay Variation (ms)","KPI from->to",40,13
"Max Delay Variation (ms)","KPI from->to",42,4
"Max Delay Variation (ms)","KPI from->to",44,5
"Max Delay Variation (ms)","KPI from->to",46,29
"Max Delay Variation (ms)","KPI from->to",48,1
"Max Delay Variation (ms)","KPI from->to",50,1
"Max Delay Variation (ms)","KPI from->to",52,1
"Max Delay Variation (ms)","KPI from->to",54,1
"Max Delay Variation (ms)","KPI from->to",56,1
"Max Delay Variation (ms)","KPI from->to",58,47
"Max Delay Variation (ms)","KPI from->to",60,1
"Max Delay Variation (ms)","KPI from->to",62,1
"Max Delay Variation (ms)","KPI from->to",64,1
"Max Delay Variation (ms)","KPI from->to",66,3
"Max Delay Variation (ms)","KPI from->to",68,3
"Max Delay Variation (ms)","KPI from->to",70,38
"Max Delay Variation (ms)","KPI from->to",72,2
"Max Delay Variation (ms)","KPI from->to",74,1
"Max Delay Variation (ms)","KPI from->to",76,1
"Max Delay Variation (ms)","KPI from->to",78,1
"Max Delay Variation (ms)","KPI from->to",80,35
"Max Delay Variation (ms)","KPI from->to",82,1
"Max Delay Variation (ms)","KPI from->to",84,2
"Max Delay Variation (ms)","KPI from->to",86,5
"Max Delay Variation (ms)","KPI from->to",88,1
"Max Delay Variation (ms)","KPI from->to",90,1
"Max Delay Variation (ms)","KPI from->to",92,37
"Max Delay Variation (ms)","KPI from->to",94,2
"Max Delay Variation (ms)","KPI from->to",96,1
"Max Delay Variation (ms)","KPI from->to",98,18
"Max Delay Variation (ms)","KPI from->to",100,1

Metric,"Pair Name",Timestamp,Value
"Delay (ms)","KPI from->to",2,2
"Delay (ms)","KPI from->to",4,1
"Delay (ms)","KPI from->to",6,1
"Delay (ms)","KPI from->to",8,1
"Delay (ms)","KPI from->to",10,1
"Delay (ms)","KPI from->to",12,1
"Delay (ms)","KPI from->to",14,1
"Delay (ms)","KPI from->to",16,1
"Delay (ms)","KPI from->to",18,1
"Delay (ms)","KPI from->to",20,1
"Delay (ms)","KPI from->to",22,1
"Delay (ms)","KPI from->to",24,2
"Delay (ms)","KPI from->to",26,1
"Delay (ms)","KPI from->to",28,1
"Delay (ms)","KPI from->to",30,1
"Delay (ms)","KPI from->to",32,1
"Delay (ms)","KPI from->to",34,1
"Delay (ms)","KPI from->to",36,2
"Delay (ms)","KPI from->to",38,1
"Delay (ms)","KPI from->to",40,1
"Delay (ms)","KPI from->to",42,1
"Delay (ms)","KPI from->to",44,1
"Delay (ms)","KPI from->to",46,1
"Delay (ms)","KPI from->to",48,1
"Delay (ms)","KPI from->to",50,1
"Delay (ms)","KPI from->to",52,1
"Delay (ms)","KPI from->to",54,1
"Delay (ms)","KPI from->to",56,1
"Delay (ms)","KPI from->to",58,2
"Delay (ms)","KPI from->to",60,1
"Delay (ms)","KPI from->to",62,1
"Delay (ms)","KPI from->to",64,1
"Delay (ms)","KPI from->to",66,1
"Delay (ms)","KPI from->to",68,1
"Delay (ms)","KPI from->to",70,2
"Delay (ms)","KPI from->to",72,1
"Delay (ms)","KPI from->to",74,1
"Delay (ms)","KPI from->to",76,1
"Delay (ms)","KPI from->to",78,1
"Delay (ms)","KPI from->to",80,2
"Delay (ms)","KPI from->to",82,1
"Delay (ms)","KPI from->to",84,1
"Delay (ms)","KPI from->to",86,1
"Delay (ms)","KPI from->to",88,1
"Delay (ms)","KPI from->to",90,1
"Delay (ms)","KPI from->to",92,2
"Delay (ms)","KPI from->to",94,2
"Delay (ms)","KPI from->to",96,2
"Delay (ms)","KPI from->to",98,1
"Delay (ms)","KPI from->to",100,1

Metric,"Pair Name",Timestamp,Value
MOS,"KPI from->to",2,3.45
MOS,"KPI from->to",4,4.37
MOS,"KPI from->to",6,4.37
MOS,"KPI from->to",8,4.37
MOS,"KPI from->to",10,4.37
MOS,"KPI from->to",12,3.51
MOS,"KPI from->to",14,4.37
MOS,"KPI from->to",16,4.37
MOS,"KPI from->to",18,4.37
MOS,"KPI from->to",20,4.37
MOS,"KPI from->to",22,4.37
MOS,"KPI from->to",24,3.51
MOS,"KPI from->to",26,4.37
MOS,"KPI from->to",28,4.37
MOS,"KPI from->to",30,4.37
MOS,"KPI from->to",32,4.37
MOS,"KPI from->to",34,4.37
MOS,"KPI from->to",36,3.51
MOS,"KPI from->to",38,4.37
MOS,"KPI from->to",40,4.37
MOS,"KPI from->to",42,4.37
MOS,"KPI from->to",44,4.37
MOS,"KPI from->to",46,4.37
MOS,"KPI from->to",48,4.37
MOS,"KPI from->to",50,4.37
MOS,"KPI from->to",52,4.37
MOS,"KPI from->to",54,4.37
MOS,"KPI from->to",56,4.37
MOS,"KPI from->to",58,3.5
MOS,"KPI from->to",60,4.37
MOS,"KPI from->to",62,4.37
MOS,"KPI from->to",64,4.37
MOS,"KPI from->to",66,4.37
MOS,"KPI from->to",68,4.37
MOS,"KPI from->to",70,4.37
MOS,"KPI from->to",72,4.37
MOS,"KPI from->to",74,4.37
MOS,"KPI from->to",76,4.37
MOS,"KPI from->to",78,4.37
MOS,"KPI from->to",80,4.37
MOS,"KPI from->to",82,4.37
MOS,"KPI from->to",84,4.37
MOS,"KPI from->to",86,4.37
MOS,"KPI from->to",88,4.37
MOS,"KPI from->to",90,4.37
MOS,"KPI from->to",92,4.37
MOS,"KPI from->to",94,4.37
MOS,"KPI from->to",96,4.37
MOS,"KPI from->to",98,4.37
MOS,"KPI from->to",100,4.37

Metric,"Pair Name",Timestamp,Value
"Delay (ms)","KPI from->to",102,2
"Delay (ms)","KPI from->to",104,1
"Delay (ms)","KPI from->to",106,1
"Delay (ms)","KPI from->to",108,1
"Delay (ms)","KPI from->to",110,1
"Delay (ms)","KPI from->to",112,1
"Delay (ms)","KPI from->to",114,2
"Delay (ms)","KPI from->to",116,1
"Delay (ms)","KPI from->to",118,1
"Delay (ms)","KPI from->to",120,1

Metric,"Pair Name",Timestamp,Value
"Jitter (ms)","KPI from->to",102,1
"Jitter (ms)","KPI from->to",104,0
"Jitter (ms)","KPI from->to",106,0
"Jitter (ms)","KPI from->to",108,0
"Jitter (ms)","KPI from->to",110,1
"Jitter (ms)","KPI from->to",112,0
"Jitter (ms)","KPI from->to",114,0
"Jitter (ms)","KPI from->to",116,0
"Jitter (ms)","KPI from->to",118,0
"Jitter (ms)","KPI from->to",120,0

Metric,"Pair Name",Timestamp,Value
Loss,"KPI from->to",102,0
Loss,"KPI from->to",104,0
Loss,"KPI from->to",106,0
Loss,"KPI from->to",108,0
Loss,"KPI from->to",110,0
Loss,"KPI from->to",112,0
Loss,"KPI from->to",114,0
Loss,"KPI from->to",116,0
Loss,"KPI from->to",118,0
Loss,"KPI from->to",120,0

Metric,"Pair Name",Timestamp,Value
"Max Delay Variation (ms)","KPI from->to",102,37
"Max Delay Variation (ms)","KPI from->to",104,3
"Max Delay Variation (ms)","KPI from->to",106,7
"Max Delay Variation (ms)","KPI from->to",108,6
"Max Delay Variation (ms)","KPI from->to",110,17
"Max Delay Variation (ms)","KPI from->to",112,20
"Max Delay Variation (ms)","KPI from->to",114,40
"Max Delay Variation (ms)","KPI from->to",116,2
"Max Delay Variation (ms)","KPI from->to",118,1
"Max Delay Variation (ms)","KPI from->to",120,2

Metric,"Pair Name",Timestamp,Value
MOS,"KPI from->to",102,4.37
MOS,"KPI from->to",104,4.37
MOS,"KPI from->to",106,4.37
MOS,"KPI from->to",108,4.37
MOS,"KPI from->to",110,4.37
MOS,"KPI from->to",112,4.37
MOS,"KPI from->to",114,4.37
MOS,"KPI from->to",116,4.37
MOS,"KPI from->to",118,4.37
MOS,"KPI from->to",120,4.37


