"Test Information",Value
"RUN ID",496
"END EXECUTION TIME","2021-05-13 14:32:52"
"SOURCE PROBE NAME",raspberrypi-AAS
"SOURCE PROBE TEST IP ADDRESS",raspberrypi-AAS
"SOURCE PROBE MANAGEMENT IP ADDRESS",raspberrypi-AAS
"SOURCE PROBE GROUP",Administrators
"DESTINATION PROBE NAME",raspberrypi-5G
"DESTINATION PROBE TEST IP ADDRESS",raspberrypi-5G
"DESTINATION PROBE MANAGEMENT IP ADDRESS",raspberrypi-5G
"DESTINATION PROBE GROUP",Administrators
"DESTINATION PROBE LOCATION",
"TEST MODULE",MESH
"TEST TYPE","Network KPI"
"TEST ADDITIONAL INFORMATION"," DSCP Setting: Best Effort"
"TEST DURATION",120
"TEST STATUS",Failed
"FAIL OR ERROR REASON"," Threshold failed on KPI from->to Jitter Max (ms) 
 Threshold failed on KPI from->to Max Delay Variation (ms) 
 Threshold failed on KPI from->to MOS 
"

Metric,"Pair Name",Value,"Threshold Type",Threshold,"Status KPI"
"Datagrams Out of Order","KPI from->to",0.0,0,>=,Passed
"Delay (ms)","KPI from->to",18.51,0,<=,Passed
"Jitter (ms)","KPI from->to",4.19,0,<=,Passed
"Jitter Max (ms)","KPI from->to",13.0,0,<=,Failed
Loss,"KPI from->to",0.0,0,<=,Passed
"Max Delay Variation (ms)","KPI from->to",131.0,0,<=,Failed
"Max loss burst","KPI from->to",0.0,0,<=,Passed
MOS,"KPI from->to",2.68,1,<=,Failed

Metric,"Pair Name",Timestamp,Value
"Max Delay Variation (ms)","KPI from->to",2,70
"Max Delay Variation (ms)","KPI from->to",4,42
"Max Delay Variation (ms)","KPI from->to",6,97
"Max Delay Variation (ms)","KPI from->to",8,93
"Max Delay Variation (ms)","KPI from->to",10,46
"Max Delay Variation (ms)","KPI from->to",12,42
"Max Delay Variation (ms)","KPI from->to",14,42
"Max Delay Variation (ms)","KPI from->to",16,42
"Max Delay Variation (ms)","KPI from->to",18,42
"Max Delay Variation (ms)","KPI from->to",20,43
"Max Delay Variation (ms)","KPI from->to",22,59
"Max Delay Variation (ms)","KPI from->to",24,131
"Max Delay Variation (ms)","KPI from->to",26,65
"Max Delay Variation (ms)","KPI from->to",28,97
"Max Delay Variation (ms)","KPI from->to",30,47
"Max Delay Variation (ms)","KPI from->to",32,41
"Max Delay Variation (ms)","KPI from->to",34,57
"Max Delay Variation (ms)","KPI from->to",36,42
"Max Delay Variation (ms)","KPI from->to",38,60
"Max Delay Variation (ms)","KPI from->to",40,57
"Max Delay Variation (ms)","KPI from->to",42,42
"Max Delay Variation (ms)","KPI from->to",44,79
"Max Delay Variation (ms)","KPI from->to",46,40
"Max Delay Variation (ms)","KPI from->to",48,57
"Max Delay Variation (ms)","KPI from->to",50,60
"Max Delay Variation (ms)","KPI from->to",52,42
"Max Delay Variation (ms)","KPI from->to",54,56
"Max Delay Variation (ms)","KPI from->to",56,57
"Max Delay Variation (ms)","KPI from->to",58,54
"Max Delay Variation (ms)","KPI from->to",60,48
"Max Delay Variation (ms)","KPI from->to",62,97
"Max Delay Variation (ms)","KPI from->to",64,95
"Max Delay Variation (ms)","KPI from->to",66,99
"Max Delay Variation (ms)","KPI from->to",68,97
"Max Delay Variation (ms)","KPI from->to",70,57
"Max Delay Variation (ms)","KPI from->to",72,40
"Max Delay Variation (ms)","KPI from->to",74,42
"Max Delay Variation (ms)","KPI from->to",76,43
"Max Delay Variation (ms)","KPI from->to",78,57
"Max Delay Variation (ms)","KPI from->to",80,42
"Max Delay Variation (ms)","KPI from->to",82,53
"Max Delay Variation (ms)","KPI from->to",84,94
"Max Delay Variation (ms)","KPI from->to",86,60
"Max Delay Variation (ms)","KPI from->to",88,60
"Max Delay Variation (ms)","KPI from->to",90,60
"Max Delay Variation (ms)","KPI from->to",92,57
"Max Delay Variation (ms)","KPI from->to",94,96
"Max Delay Variation (ms)","KPI from->to",96,47
"Max Delay Variation (ms)","KPI from->to",98,86
"Max Delay Variation (ms)","KPI from->to",100,6

Metric,"Pair Name",Timestamp,Value
Loss,"KPI from->to",102,0
Loss,"KPI from->to",104,0
Loss,"KPI from->to",106,0
Loss,"KPI from->to",108,0
Loss,"KPI from->to",110,0
Loss,"KPI from->to",112,0
Loss,"KPI from->to",114,0
Loss,"KPI from->to",116,0
Loss,"KPI from->to",118,0

Metric,"Pair Name",Timestamp,Value
"Delay (ms)","KPI from->to",2,17
"Delay (ms)","KPI from->to",4,23
"Delay (ms)","KPI from->to",6,24
"Delay (ms)","KPI from->to",8,20
"Delay (ms)","KPI from->to",10,17
"Delay (ms)","KPI from->to",12,22
"Delay (ms)","KPI from->to",14,17
"Delay (ms)","KPI from->to",16,18
"Delay (ms)","KPI from->to",18,18
"Delay (ms)","KPI from->to",20,17
"Delay (ms)","KPI from->to",22,21
"Delay (ms)","KPI from->to",24,29
"Delay (ms)","KPI from->to",26,20
"Delay (ms)","KPI from->to",28,25
"Delay (ms)","KPI from->to",30,17
"Delay (ms)","KPI from->to",32,16
"Delay (ms)","KPI from->to",34,18
"Delay (ms)","KPI from->to",36,19
"Delay (ms)","KPI from->to",38,22
"Delay (ms)","KPI from->to",40,18
"Delay (ms)","KPI from->to",42,21
"Delay (ms)","KPI from->to",44,18
"Delay (ms)","KPI from->to",46,15
"Delay (ms)","KPI from->to",48,19
"Delay (ms)","KPI from->to",50,17
"Delay (ms)","KPI from->to",52,18
"Delay (ms)","KPI from->to",54,19
"Delay (ms)","KPI from->to",56,19
"Delay (ms)","KPI from->to",58,20
"Delay (ms)","KPI from->to",60,19
"Delay (ms)","KPI from->to",62,23
"Delay (ms)","KPI from->to",64,22
"Delay (ms)","KPI from->to",66,20
"Delay (ms)","KPI from->to",68,20
"Delay (ms)","KPI from->to",70,20
"Delay (ms)","KPI from->to",72,13
"Delay (ms)","KPI from->to",74,15
"Delay (ms)","KPI from->to",76,13
"Delay (ms)","KPI from->to",78,15
"Delay (ms)","KPI from->to",80,14
"Delay (ms)","KPI from->to",82,18
"Delay (ms)","KPI from->to",84,22
"Delay (ms)","KPI from->to",86,17
"Delay (ms)","KPI from->to",88,16
"Delay (ms)","KPI from->to",90,24
"Delay (ms)","KPI from->to",92,20
"Delay (ms)","KPI from->to",94,25
"Delay (ms)","KPI from->to",96,17
"Delay (ms)","KPI from->to",98,24
"Delay (ms)","KPI from->to",100,14

Metric,"Pair Name",Timestamp,Value
"Delay (ms)","KPI from->to",102,14
"Delay (ms)","KPI from->to",104,19
"Delay (ms)","KPI from->to",106,14
"Delay (ms)","KPI from->to",108,17
"Delay (ms)","KPI from->to",110,16
"Delay (ms)","KPI from->to",112,15
"Delay (ms)","KPI from->to",114,14
"Delay (ms)","KPI from->to",116,14
"Delay (ms)","KPI from->to",118,14

Metric,"Pair Name",Timestamp,Value
"Jitter (ms)","KPI from->to",2,11
"Jitter (ms)","KPI from->to",4,1
"Jitter (ms)","KPI from->to",6,4
"Jitter (ms)","KPI from->to",8,10
"Jitter (ms)","KPI from->to",10,1
"Jitter (ms)","KPI from->to",12,6
"Jitter (ms)","KPI from->to",14,7
"Jitter (ms)","KPI from->to",16,1
"Jitter (ms)","KPI from->to",18,1
"Jitter (ms)","KPI from->to",20,4
"Jitter (ms)","KPI from->to",22,3
"Jitter (ms)","KPI from->to",24,6
"Jitter (ms)","KPI from->to",26,4
"Jitter (ms)","KPI from->to",28,6
"Jitter (ms)","KPI from->to",30,1
"Jitter (ms)","KPI from->to",32,1
"Jitter (ms)","KPI from->to",34,1
"Jitter (ms)","KPI from->to",36,4
"Jitter (ms)","KPI from->to",38,7
"Jitter (ms)","KPI from->to",40,2
"Jitter (ms)","KPI from->to",42,3
"Jitter (ms)","KPI from->to",44,4
"Jitter (ms)","KPI from->to",46,5
"Jitter (ms)","KPI from->to",48,8
"Jitter (ms)","KPI from->to",50,2
"Jitter (ms)","KPI from->to",52,7
"Jitter (ms)","KPI from->to",54,4
"Jitter (ms)","KPI from->to",56,3
"Jitter (ms)","KPI from->to",58,8
"Jitter (ms)","KPI from->to",60,4
"Jitter (ms)","KPI from->to",62,13
"Jitter (ms)","KPI from->to",64,11
"Jitter (ms)","KPI from->to",66,5
"Jitter (ms)","KPI from->to",68,5
"Jitter (ms)","KPI from->to",70,3
"Jitter (ms)","KPI from->to",72,0
"Jitter (ms)","KPI from->to",74,3
"Jitter (ms)","KPI from->to",76,4
"Jitter (ms)","KPI from->to",78,5
"Jitter (ms)","KPI from->to",80,6
"Jitter (ms)","KPI from->to",82,4
"Jitter (ms)","KPI from->to",84,11
"Jitter (ms)","KPI from->to",86,10
"Jitter (ms)","KPI from->to",88,2
"Jitter (ms)","KPI from->to",90,5
"Jitter (ms)","KPI from->to",92,5
"Jitter (ms)","KPI from->to",94,4
"Jitter (ms)","KPI from->to",96,4
"Jitter (ms)","KPI from->to",98,9
"Jitter (ms)","KPI from->to",100,1

Metric,"Pair Name",Timestamp,Value
"Jitter (ms)","KPI from->to",102,0
"Jitter (ms)","KPI from->to",104,1
"Jitter (ms)","KPI from->to",106,0
"Jitter (ms)","KPI from->to",108,7
"Jitter (ms)","KPI from->to",110,0
"Jitter (ms)","KPI from->to",112,0
"Jitter (ms)","KPI from->to",114,0
"Jitter (ms)","KPI from->to",116,0
"Jitter (ms)","KPI from->to",118,0

Metric,"Pair Name",Timestamp,Value
Loss,"KPI from->to",2,0
Loss,"KPI from->to",4,0
Loss,"KPI from->to",6,0
Loss,"KPI from->to",8,0
Loss,"KPI from->to",10,0
Loss,"KPI from->to",12,0
Loss,"KPI from->to",14,0
Loss,"KPI from->to",16,0
Loss,"KPI from->to",18,0
Loss,"KPI from->to",20,0
Loss,"KPI from->to",22,0
Loss,"KPI from->to",24,0
Loss,"KPI from->to",26,0
Loss,"KPI from->to",28,0
Loss,"KPI from->to",30,0
Loss,"KPI from->to",32,0
Loss,"KPI from->to",34,0
Loss,"KPI from->to",36,0
Loss,"KPI from->to",38,0
Loss,"KPI from->to",40,0
Loss,"KPI from->to",42,0
Loss,"KPI from->to",44,0
Loss,"KPI from->to",46,0
Loss,"KPI from->to",48,0
Loss,"KPI from->to",50,0
Loss,"KPI from->to",52,0
Loss,"KPI from->to",54,0
Loss,"KPI from->to",56,0
Loss,"KPI from->to",58,0
Loss,"KPI from->to",60,0
Loss,"KPI from->to",62,0
Loss,"KPI from->to",64,0
Loss,"KPI from->to",66,0
Loss,"KPI from->to",68,0
Loss,"KPI from->to",70,0
Loss,"KPI from->to",72,0
Loss,"KPI from->to",74,0
Loss,"KPI from->to",76,0
Loss,"KPI from->to",78,0
Loss,"KPI from->to",80,0
Loss,"KPI from->to",82,0
Loss,"KPI from->to",84,0
Loss,"KPI from->to",86,0
Loss,"KPI from->to",88,0
Loss,"KPI from->to",90,0
Loss,"KPI from->to",92,0
Loss,"KPI from->to",94,0
Loss,"KPI from->to",96,0
Loss,"KPI from->to",98,0
Loss,"KPI from->to",100,0

Metric,"Pair Name",Timestamp,Value
"Max Delay Variation (ms)","KPI from->to",102,4
"Max Delay Variation (ms)","KPI from->to",104,65
"Max Delay Variation (ms)","KPI from->to",106,8
"Max Delay Variation (ms)","KPI from->to",108,75
"Max Delay Variation (ms)","KPI from->to",110,10
"Max Delay Variation (ms)","KPI from->to",112,7
"Max Delay Variation (ms)","KPI from->to",114,4
"Max Delay Variation (ms)","KPI from->to",116,6
"Max Delay Variation (ms)","KPI from->to",118,9

Metric,"Pair Name",Timestamp,Value
MOS,"KPI from->to",2,2.8
MOS,"KPI from->to",4,2.42
MOS,"KPI from->to",6,1.89
MOS,"KPI from->to",8,2.78
MOS,"KPI from->to",10,3.48
MOS,"KPI from->to",12,1.85
MOS,"KPI from->to",14,2.81
MOS,"KPI from->to",16,2.77
MOS,"KPI from->to",18,2.82
MOS,"KPI from->to",20,3.47
MOS,"KPI from->to",22,1.87
MOS,"KPI from->to",24,1.35
MOS,"KPI from->to",26,1.85
MOS,"KPI from->to",28,2.18
MOS,"KPI from->to",30,2.82
MOS,"KPI from->to",32,2.79
MOS,"KPI from->to",34,2.77
MOS,"KPI from->to",36,2.8
MOS,"KPI from->to",38,1.42
MOS,"KPI from->to",40,2.18
MOS,"KPI from->to",42,2.43
MOS,"KPI from->to",44,2.41
MOS,"KPI from->to",46,4.37
MOS,"KPI from->to",48,1.89
MOS,"KPI from->to",50,2.41
MOS,"KPI from->to",52,2.42
MOS,"KPI from->to",54,2.43
MOS,"KPI from->to",56,2.41
MOS,"KPI from->to",58,2.18
MOS,"KPI from->to",60,2.19
MOS,"KPI from->to",62,1.85
MOS,"KPI from->to",64,2.17
MOS,"KPI from->to",66,2.78
MOS,"KPI from->to",68,2.8
MOS,"KPI from->to",70,1
MOS,"KPI from->to",72,4.37
MOS,"KPI from->to",74,2.79
MOS,"KPI from->to",76,3.48
MOS,"KPI from->to",78,2.43
MOS,"KPI from->to",80,3.47
MOS,"KPI from->to",82,1.39
MOS,"KPI from->to",84,1
MOS,"KPI from->to",86,1.85
MOS,"KPI from->to",88,3.42
MOS,"KPI from->to",90,2.24
MOS,"KPI from->to",92,1.85
MOS,"KPI from->to",94,1
MOS,"KPI from->to",96,2.43
MOS,"KPI from->to",98,1.35
MOS,"KPI from->to",100,4.37

Metric,"Pair Name",Timestamp,Value
MOS,"KPI from->to",102,4.37
MOS,"KPI from->to",104,2.17
MOS,"KPI from->to",106,4.37
MOS,"KPI from->to",108,2.81
MOS,"KPI from->to",110,4.37
MOS,"KPI from->to",112,4.37
MOS,"KPI from->to",114,4.37
MOS,"KPI from->to",116,4.37
MOS,"KPI from->to",118,4.37


