"Test Information",Value
"RUN ID",496
"END EXECUTION TIME","2021-05-13 14:48:34"
"SOURCE PROBE NAME",raspberrypi-5G
"SOURCE PROBE TEST IP ADDRESS",raspberrypi-5G
"SOURCE PROBE MANAGEMENT IP ADDRESS",raspberrypi-5G
"SOURCE PROBE GROUP",Administrators
"DESTINATION PROBE NAME",raspberrypi-AAS
"DESTINATION PROBE TEST IP ADDRESS",raspberrypi-AAS
"DESTINATION PROBE MANAGEMENT IP ADDRESS",raspberrypi-AAS
"DESTINATION PROBE GROUP",Administrators
"DESTINATION PROBE LOCATION",
"TEST MODULE",MESH
"TEST TYPE","Network KPI"
"TEST ADDITIONAL INFORMATION"," DSCP Setting: Best Effort"
"TEST DURATION",120
"TEST STATUS",Failed
"FAIL OR ERROR REASON"," Threshold failed on KPI from->to Max Delay Variation (ms) 
"

Metric,"Pair Name",Value,"Threshold Type",Threshold,"Status KPI"
"Datagrams Out of Order","KPI from->to",0.0,0,>=,Passed
"Delay (ms)","KPI from->to",23.15,0,<=,Passed
"Jitter (ms)","KPI from->to",1.45,0,<=,Passed
"Jitter Max (ms)","KPI from->to",4.0,0,<=,Passed
Loss,"KPI from->to",0.0,0,<=,Passed
"Max Delay Variation (ms)","KPI from->to",26.0,0,<=,Failed
"Max loss burst","KPI from->to",0.0,0,<=,Passed
MOS,"KPI from->to",4.36,1,<=,Passed

Metric,"Pair Name",Timestamp,Value
"Jitter (ms)","KPI from->to",2,3
"Jitter (ms)","KPI from->to",4,1
"Jitter (ms)","KPI from->to",6,1
"Jitter (ms)","KPI from->to",8,1
"Jitter (ms)","KPI from->to",10,2
"Jitter (ms)","KPI from->to",12,2
"Jitter (ms)","KPI from->to",14,2
"Jitter (ms)","KPI from->to",16,2
"Jitter (ms)","KPI from->to",18,1
"Jitter (ms)","KPI from->to",20,1
"Jitter (ms)","KPI from->to",22,1
"Jitter (ms)","KPI from->to",24,1
"Jitter (ms)","KPI from->to",26,2
"Jitter (ms)","KPI from->to",28,3
"Jitter (ms)","KPI from->to",30,1
"Jitter (ms)","KPI from->to",32,2
"Jitter (ms)","KPI from->to",34,4
"Jitter (ms)","KPI from->to",36,4
"Jitter (ms)","KPI from->to",38,2
"Jitter (ms)","KPI from->to",40,2
"Jitter (ms)","KPI from->to",42,1
"Jitter (ms)","KPI from->to",44,1
"Jitter (ms)","KPI from->to",46,1
"Jitter (ms)","KPI from->to",48,3
"Jitter (ms)","KPI from->to",50,2
"Jitter (ms)","KPI from->to",52,2
"Jitter (ms)","KPI from->to",54,2
"Jitter (ms)","KPI from->to",56,2
"Jitter (ms)","KPI from->to",58,2
"Jitter (ms)","KPI from->to",60,1
"Jitter (ms)","KPI from->to",62,1
"Jitter (ms)","KPI from->to",64,2
"Jitter (ms)","KPI from->to",66,2
"Jitter (ms)","KPI from->to",68,1
"Jitter (ms)","KPI from->to",70,1
"Jitter (ms)","KPI from->to",72,1
"Jitter (ms)","KPI from->to",74,1
"Jitter (ms)","KPI from->to",76,0
"Jitter (ms)","KPI from->to",78,1
"Jitter (ms)","KPI from->to",80,1
"Jitter (ms)","KPI from->to",82,1
"Jitter (ms)","KPI from->to",84,1
"Jitter (ms)","KPI from->to",86,1
"Jitter (ms)","KPI from->to",88,1
"Jitter (ms)","KPI from->to",90,1
"Jitter (ms)","KPI from->to",92,1
"Jitter (ms)","KPI from->to",94,1
"Jitter (ms)","KPI from->to",96,1
"Jitter (ms)","KPI from->to",98,2
"Jitter (ms)","KPI from->to",100,1

Metric,"Pair Name",Timestamp,Value
Loss,"KPI from->to",2,0
Loss,"KPI from->to",4,0
Loss,"KPI from->to",6,0
Loss,"KPI from->to",8,0
Loss,"KPI from->to",10,0
Loss,"KPI from->to",12,0
Loss,"KPI from->to",14,0
Loss,"KPI from->to",16,0
Loss,"KPI from->to",18,0
Loss,"KPI from->to",20,0
Loss,"KPI from->to",22,0
Loss,"KPI from->to",24,0
Loss,"KPI from->to",26,0
Loss,"KPI from->to",28,0
Loss,"KPI from->to",30,0
Loss,"KPI from->to",32,0
Loss,"KPI from->to",34,0
Loss,"KPI from->to",36,0
Loss,"KPI from->to",38,0
Loss,"KPI from->to",40,0
Loss,"KPI from->to",42,0
Loss,"KPI from->to",44,0
Loss,"KPI from->to",46,0
Loss,"KPI from->to",48,0
Loss,"KPI from->to",50,0
Loss,"KPI from->to",52,0
Loss,"KPI from->to",54,0
Loss,"KPI from->to",56,0
Loss,"KPI from->to",58,0
Loss,"KPI from->to",60,0
Loss,"KPI from->to",62,0
Loss,"KPI from->to",64,0
Loss,"KPI from->to",66,0
Loss,"KPI from->to",68,0
Loss,"KPI from->to",70,0
Loss,"KPI from->to",72,0
Loss,"KPI from->to",74,0
Loss,"KPI from->to",76,0
Loss,"KPI from->to",78,0
Loss,"KPI from->to",80,0
Loss,"KPI from->to",82,0
Loss,"KPI from->to",84,0
Loss,"KPI from->to",86,0
Loss,"KPI from->to",88,0
Loss,"KPI from->to",90,0
Loss,"KPI from->to",92,0
Loss,"KPI from->to",94,0
Loss,"KPI from->to",96,0
Loss,"KPI from->to",98,0
Loss,"KPI from->to",100,0

Metric,"Pair Name",Timestamp,Value
"Jitter (ms)","KPI from->to",102,2
"Jitter (ms)","KPI from->to",104,0
"Jitter (ms)","KPI from->to",106,1
"Jitter (ms)","KPI from->to",108,0
"Jitter (ms)","KPI from->to",110,1
"Jitter (ms)","KPI from->to",112,1
"Jitter (ms)","KPI from->to",114,1
"Jitter (ms)","KPI from->to",116,1
"Jitter (ms)","KPI from->to",118,1
"Jitter (ms)","KPI from->to",120,2

Metric,"Pair Name",Timestamp,Value
MOS,"KPI from->to",2,4.36
MOS,"KPI from->to",4,4.36
MOS,"KPI from->to",6,4.36
MOS,"KPI from->to",8,4.36
MOS,"KPI from->to",10,4.36
MOS,"KPI from->to",12,4.36
MOS,"KPI from->to",14,4.36
MOS,"KPI from->to",16,4.36
MOS,"KPI from->to",18,4.36
MOS,"KPI from->to",20,4.36
MOS,"KPI from->to",22,4.36
MOS,"KPI from->to",24,4.36
MOS,"KPI from->to",26,4.36
MOS,"KPI from->to",28,4.36
MOS,"KPI from->to",30,4.36
MOS,"KPI from->to",32,4.36
MOS,"KPI from->to",34,4.36
MOS,"KPI from->to",36,4.36
MOS,"KPI from->to",38,4.36
MOS,"KPI from->to",40,4.36
MOS,"KPI from->to",42,4.36
MOS,"KPI from->to",44,4.36
MOS,"KPI from->to",46,4.36
MOS,"KPI from->to",48,4.36
MOS,"KPI from->to",50,4.36
MOS,"KPI from->to",52,4.36
MOS,"KPI from->to",54,4.36
MOS,"KPI from->to",56,4.36
MOS,"KPI from->to",58,4.36
MOS,"KPI from->to",60,4.36
MOS,"KPI from->to",62,4.36
MOS,"KPI from->to",64,4.36
MOS,"KPI from->to",66,4.36
MOS,"KPI from->to",68,4.36
MOS,"KPI from->to",70,4.36
MOS,"KPI from->to",72,4.36
MOS,"KPI from->to",74,4.36
MOS,"KPI from->to",76,4.36
MOS,"KPI from->to",78,4.36
MOS,"KPI from->to",80,4.36
MOS,"KPI from->to",82,4.36
MOS,"KPI from->to",84,4.36
MOS,"KPI from->to",86,4.36
MOS,"KPI from->to",88,4.36
MOS,"KPI from->to",90,4.36
MOS,"KPI from->to",92,4.36
MOS,"KPI from->to",94,4.36
MOS,"KPI from->to",96,4.36
MOS,"KPI from->to",98,4.36
MOS,"KPI from->to",100,4.36

Metric,"Pair Name",Timestamp,Value
"Delay (ms)","KPI from->to",2,23
"Delay (ms)","KPI from->to",4,23
"Delay (ms)","KPI from->to",6,24
"Delay (ms)","KPI from->to",8,23
"Delay (ms)","KPI from->to",10,24
"Delay (ms)","KPI from->to",12,24
"Delay (ms)","KPI from->to",14,25
"Delay (ms)","KPI from->to",16,25
"Delay (ms)","KPI from->to",18,22
"Delay (ms)","KPI from->to",20,24
"Delay (ms)","KPI from->to",22,24
"Delay (ms)","KPI from->to",24,24
"Delay (ms)","KPI from->to",26,25
"Delay (ms)","KPI from->to",28,24
"Delay (ms)","KPI from->to",30,23
"Delay (ms)","KPI from->to",32,23
"Delay (ms)","KPI from->to",34,25
"Delay (ms)","KPI from->to",36,25
"Delay (ms)","KPI from->to",38,24
"Delay (ms)","KPI from->to",40,24
"Delay (ms)","KPI from->to",42,23
"Delay (ms)","KPI from->to",44,23
"Delay (ms)","KPI from->to",46,24
"Delay (ms)","KPI from->to",48,24
"Delay (ms)","KPI from->to",50,25
"Delay (ms)","KPI from->to",52,25
"Delay (ms)","KPI from->to",54,24
"Delay (ms)","KPI from->to",56,23
"Delay (ms)","KPI from->to",58,24
"Delay (ms)","KPI from->to",60,23
"Delay (ms)","KPI from->to",62,23
"Delay (ms)","KPI from->to",64,24
"Delay (ms)","KPI from->to",66,23
"Delay (ms)","KPI from->to",68,24
"Delay (ms)","KPI from->to",70,24
"Delay (ms)","KPI from->to",72,24
"Delay (ms)","KPI from->to",74,24
"Delay (ms)","KPI from->to",76,24
"Delay (ms)","KPI from->to",78,24
"Delay (ms)","KPI from->to",80,24
"Delay (ms)","KPI from->to",82,23
"Delay (ms)","KPI from->to",84,22
"Delay (ms)","KPI from->to",86,23
"Delay (ms)","KPI from->to",88,24
"Delay (ms)","KPI from->to",90,23
"Delay (ms)","KPI from->to",92,24
"Delay (ms)","KPI from->to",94,23
"Delay (ms)","KPI from->to",96,21
"Delay (ms)","KPI from->to",98,22
"Delay (ms)","KPI from->to",100,21

Metric,"Pair Name",Timestamp,Value
"Delay (ms)","KPI from->to",102,21
"Delay (ms)","KPI from->to",104,20
"Delay (ms)","KPI from->to",106,21
"Delay (ms)","KPI from->to",108,21
"Delay (ms)","KPI from->to",110,21
"Delay (ms)","KPI from->to",112,21
"Delay (ms)","KPI from->to",114,21
"Delay (ms)","KPI from->to",116,21
"Delay (ms)","KPI from->to",118,21
"Delay (ms)","KPI from->to",120,21

Metric,"Pair Name",Timestamp,Value
Loss,"KPI from->to",102,0
Loss,"KPI from->to",104,0
Loss,"KPI from->to",106,0
Loss,"KPI from->to",108,0
Loss,"KPI from->to",110,0
Loss,"KPI from->to",112,0
Loss,"KPI from->to",114,0
Loss,"KPI from->to",116,0
Loss,"KPI from->to",118,0
Loss,"KPI from->to",120,0

Metric,"Pair Name",Timestamp,Value
"Max Delay Variation (ms)","KPI from->to",2,10
"Max Delay Variation (ms)","KPI from->to",4,8
"Max Delay Variation (ms)","KPI from->to",6,9
"Max Delay Variation (ms)","KPI from->to",8,8
"Max Delay Variation (ms)","KPI from->to",10,13
"Max Delay Variation (ms)","KPI from->to",12,13
"Max Delay Variation (ms)","KPI from->to",14,9
"Max Delay Variation (ms)","KPI from->to",16,11
"Max Delay Variation (ms)","KPI from->to",18,8
"Max Delay Variation (ms)","KPI from->to",20,8
"Max Delay Variation (ms)","KPI from->to",22,8
"Max Delay Variation (ms)","KPI from->to",24,15
"Max Delay Variation (ms)","KPI from->to",26,12
"Max Delay Variation (ms)","KPI from->to",28,14
"Max Delay Variation (ms)","KPI from->to",30,12
"Max Delay Variation (ms)","KPI from->to",32,10
"Max Delay Variation (ms)","KPI from->to",34,26
"Max Delay Variation (ms)","KPI from->to",36,12
"Max Delay Variation (ms)","KPI from->to",38,9
"Max Delay Variation (ms)","KPI from->to",40,12
"Max Delay Variation (ms)","KPI from->to",42,13
"Max Delay Variation (ms)","KPI from->to",44,10
"Max Delay Variation (ms)","KPI from->to",46,14
"Max Delay Variation (ms)","KPI from->to",48,15
"Max Delay Variation (ms)","KPI from->to",50,11
"Max Delay Variation (ms)","KPI from->to",52,12
"Max Delay Variation (ms)","KPI from->to",54,14
"Max Delay Variation (ms)","KPI from->to",56,7
"Max Delay Variation (ms)","KPI from->to",58,12
"Max Delay Variation (ms)","KPI from->to",60,8
"Max Delay Variation (ms)","KPI from->to",62,11
"Max Delay Variation (ms)","KPI from->to",64,13
"Max Delay Variation (ms)","KPI from->to",66,16
"Max Delay Variation (ms)","KPI from->to",68,11
"Max Delay Variation (ms)","KPI from->to",70,12
"Max Delay Variation (ms)","KPI from->to",72,12
"Max Delay Variation (ms)","KPI from->to",74,10
"Max Delay Variation (ms)","KPI from->to",76,8
"Max Delay Variation (ms)","KPI from->to",78,9
"Max Delay Variation (ms)","KPI from->to",80,8
"Max Delay Variation (ms)","KPI from->to",82,9
"Max Delay Variation (ms)","KPI from->to",84,10
"Max Delay Variation (ms)","KPI from->to",86,8
"Max Delay Variation (ms)","KPI from->to",88,21
"Max Delay Variation (ms)","KPI from->to",90,9
"Max Delay Variation (ms)","KPI from->to",92,9
"Max Delay Variation (ms)","KPI from->to",94,9
"Max Delay Variation (ms)","KPI from->to",96,8
"Max Delay Variation (ms)","KPI from->to",98,8
"Max Delay Variation (ms)","KPI from->to",100,13

Metric,"Pair Name",Timestamp,Value
"Max Delay Variation (ms)","KPI from->to",102,21
"Max Delay Variation (ms)","KPI from->to",104,6
"Max Delay Variation (ms)","KPI from->to",106,8
"Max Delay Variation (ms)","KPI from->to",108,8
"Max Delay Variation (ms)","KPI from->to",110,7
"Max Delay Variation (ms)","KPI from->to",112,6
"Max Delay Variation (ms)","KPI from->to",114,8
"Max Delay Variation (ms)","KPI from->to",116,8
"Max Delay Variation (ms)","KPI from->to",118,9
"Max Delay Variation (ms)","KPI from->to",120,9

Metric,"Pair Name",Timestamp,Value
MOS,"KPI from->to",102,4.36
MOS,"KPI from->to",104,4.36
MOS,"KPI from->to",106,4.36
MOS,"KPI from->to",108,4.36
MOS,"KPI from->to",110,4.36
MOS,"KPI from->to",112,4.36
MOS,"KPI from->to",114,4.36
MOS,"KPI from->to",116,4.36
MOS,"KPI from->to",118,4.36
MOS,"KPI from->to",120,4.36


