"Test Information",Value
"RUN ID",496
"END EXECUTION TIME","2021-05-13 14:10:44"
"SOURCE PROBE NAME",raspberrypi-5G
"SOURCE PROBE TEST IP ADDRESS",raspberrypi-5G
"SOURCE PROBE MANAGEMENT IP ADDRESS",raspberrypi-5G
"SOURCE PROBE GROUP",Administrators
"DESTINATION PROBE NAME",raspberrypi-AAS
"DESTINATION PROBE TEST IP ADDRESS",raspberrypi-AAS
"DESTINATION PROBE MANAGEMENT IP ADDRESS",raspberrypi-AAS
"DESTINATION PROBE GROUP",Administrators
"DESTINATION PROBE LOCATION",
"TEST MODULE",MESH
"TEST TYPE","Network KPI"
"TEST ADDITIONAL INFORMATION"," DSCP Setting: Best Effort"
"TEST DURATION",120
"TEST STATUS",Failed
"FAIL OR ERROR REASON"," Threshold failed on KPI from->to Jitter Max (ms) 
 Threshold failed on KPI from->to Max Delay Variation (ms) 
"

Metric,"Pair Name",Value,"Threshold Type",Threshold,"Status KPI"
"Datagrams Out of Order","KPI from->to",0.0,0,>=,Passed
"Delay (ms)","KPI from->to",21.88,0,<=,Passed
"Jitter (ms)","KPI from->to",1.68,0,<=,Passed
"Jitter Max (ms)","KPI from->to",9.0,0,<=,Failed
Loss,"KPI from->to",0.0,0,<=,Passed
"Max Delay Variation (ms)","KPI from->to",88.0,0,<=,Failed
"Max loss burst","KPI from->to",0.0,0,<=,Passed
MOS,"KPI from->to",4.27,1,<=,Passed

Metric,"Pair Name",Timestamp,Value
"Max Delay Variation (ms)","KPI from->to",102,14
"Max Delay Variation (ms)","KPI from->to",104,10
"Max Delay Variation (ms)","KPI from->to",106,5
"Max Delay Variation (ms)","KPI from->to",108,14
"Max Delay Variation (ms)","KPI from->to",110,42
"Max Delay Variation (ms)","KPI from->to",112,9
"Max Delay Variation (ms)","KPI from->to",114,7
"Max Delay Variation (ms)","KPI from->to",116,30
"Max Delay Variation (ms)","KPI from->to",118,40
"Max Delay Variation (ms)","KPI from->to",120,10

Metric,"Pair Name",Timestamp,Value
"Max Delay Variation (ms)","KPI from->to",2,11
"Max Delay Variation (ms)","KPI from->to",4,8
"Max Delay Variation (ms)","KPI from->to",6,13
"Max Delay Variation (ms)","KPI from->to",8,88
"Max Delay Variation (ms)","KPI from->to",10,18
"Max Delay Variation (ms)","KPI from->to",12,19
"Max Delay Variation (ms)","KPI from->to",14,18
"Max Delay Variation (ms)","KPI from->to",16,15
"Max Delay Variation (ms)","KPI from->to",18,8
"Max Delay Variation (ms)","KPI from->to",20,20
"Max Delay Variation (ms)","KPI from->to",22,21
"Max Delay Variation (ms)","KPI from->to",24,9
"Max Delay Variation (ms)","KPI from->to",26,17
"Max Delay Variation (ms)","KPI from->to",28,10
"Max Delay Variation (ms)","KPI from->to",30,13
"Max Delay Variation (ms)","KPI from->to",32,46
"Max Delay Variation (ms)","KPI from->to",34,49
"Max Delay Variation (ms)","KPI from->to",36,22
"Max Delay Variation (ms)","KPI from->to",38,11
"Max Delay Variation (ms)","KPI from->to",40,12
"Max Delay Variation (ms)","KPI from->to",42,12
"Max Delay Variation (ms)","KPI from->to",44,13
"Max Delay Variation (ms)","KPI from->to",46,46
"Max Delay Variation (ms)","KPI from->to",48,10
"Max Delay Variation (ms)","KPI from->to",50,12
"Max Delay Variation (ms)","KPI from->to",52,12
"Max Delay Variation (ms)","KPI from->to",54,13
"Max Delay Variation (ms)","KPI from->to",56,10
"Max Delay Variation (ms)","KPI from->to",58,14
"Max Delay Variation (ms)","KPI from->to",60,9
"Max Delay Variation (ms)","KPI from->to",62,9
"Max Delay Variation (ms)","KPI from->to",64,21
"Max Delay Variation (ms)","KPI from->to",66,75
"Max Delay Variation (ms)","KPI from->to",68,5
"Max Delay Variation (ms)","KPI from->to",70,4
"Max Delay Variation (ms)","KPI from->to",72,3
"Max Delay Variation (ms)","KPI from->to",74,7
"Max Delay Variation (ms)","KPI from->to",76,7
"Max Delay Variation (ms)","KPI from->to",78,4
"Max Delay Variation (ms)","KPI from->to",80,5
"Max Delay Variation (ms)","KPI from->to",82,7
"Max Delay Variation (ms)","KPI from->to",84,5
"Max Delay Variation (ms)","KPI from->to",86,5
"Max Delay Variation (ms)","KPI from->to",88,3
"Max Delay Variation (ms)","KPI from->to",90,10
"Max Delay Variation (ms)","KPI from->to",92,5
"Max Delay Variation (ms)","KPI from->to",94,4
"Max Delay Variation (ms)","KPI from->to",96,6
"Max Delay Variation (ms)","KPI from->to",98,6
"Max Delay Variation (ms)","KPI from->to",100,4

Metric,"Pair Name",Timestamp,Value
Loss,"KPI from->to",102,0
Loss,"KPI from->to",104,0
Loss,"KPI from->to",106,0
Loss,"KPI from->to",108,0
Loss,"KPI from->to",110,0
Loss,"KPI from->to",112,0
Loss,"KPI from->to",114,0
Loss,"KPI from->to",116,0
Loss,"KPI from->to",118,0
Loss,"KPI from->to",120,0

Metric,"Pair Name",Timestamp,Value
"Delay (ms)","KPI from->to",2,18
"Delay (ms)","KPI from->to",4,17
"Delay (ms)","KPI from->to",6,18
"Delay (ms)","KPI from->to",8,22
"Delay (ms)","KPI from->to",10,28
"Delay (ms)","KPI from->to",12,25
"Delay (ms)","KPI from->to",14,23
"Delay (ms)","KPI from->to",16,24
"Delay (ms)","KPI from->to",18,23
"Delay (ms)","KPI from->to",20,25
"Delay (ms)","KPI from->to",22,27
"Delay (ms)","KPI from->to",24,25
"Delay (ms)","KPI from->to",26,25
"Delay (ms)","KPI from->to",28,26
"Delay (ms)","KPI from->to",30,27
"Delay (ms)","KPI from->to",32,28
"Delay (ms)","KPI from->to",34,26
"Delay (ms)","KPI from->to",36,24
"Delay (ms)","KPI from->to",38,25
"Delay (ms)","KPI from->to",40,25
"Delay (ms)","KPI from->to",42,24
"Delay (ms)","KPI from->to",44,22
"Delay (ms)","KPI from->to",46,23
"Delay (ms)","KPI from->to",48,23
"Delay (ms)","KPI from->to",50,23
"Delay (ms)","KPI from->to",52,23
"Delay (ms)","KPI from->to",54,22
"Delay (ms)","KPI from->to",56,23
"Delay (ms)","KPI from->to",58,23
"Delay (ms)","KPI from->to",60,23
"Delay (ms)","KPI from->to",62,22
"Delay (ms)","KPI from->to",64,24
"Delay (ms)","KPI from->to",66,20
"Delay (ms)","KPI from->to",68,17
"Delay (ms)","KPI from->to",70,17
"Delay (ms)","KPI from->to",72,17
"Delay (ms)","KPI from->to",74,18
"Delay (ms)","KPI from->to",76,20
"Delay (ms)","KPI from->to",78,20
"Delay (ms)","KPI from->to",80,20
"Delay (ms)","KPI from->to",82,20
"Delay (ms)","KPI from->to",84,20
"Delay (ms)","KPI from->to",86,20
"Delay (ms)","KPI from->to",88,20
"Delay (ms)","KPI from->to",90,20
"Delay (ms)","KPI from->to",92,20
"Delay (ms)","KPI from->to",94,20
"Delay (ms)","KPI from->to",96,20
"Delay (ms)","KPI from->to",98,20
"Delay (ms)","KPI from->to",100,20

Metric,"Pair Name",Timestamp,Value
"Jitter (ms)","KPI from->to",2,1
"Jitter (ms)","KPI from->to",4,0
"Jitter (ms)","KPI from->to",6,2
"Jitter (ms)","KPI from->to",8,9
"Jitter (ms)","KPI from->to",10,7
"Jitter (ms)","KPI from->to",12,3
"Jitter (ms)","KPI from->to",14,2
"Jitter (ms)","KPI from->to",16,3
"Jitter (ms)","KPI from->to",18,2
"Jitter (ms)","KPI from->to",20,2
"Jitter (ms)","KPI from->to",22,3
"Jitter (ms)","KPI from->to",24,2
"Jitter (ms)","KPI from->to",26,4
"Jitter (ms)","KPI from->to",28,4
"Jitter (ms)","KPI from->to",30,4
"Jitter (ms)","KPI from->to",32,5
"Jitter (ms)","KPI from->to",34,2
"Jitter (ms)","KPI from->to",36,2
"Jitter (ms)","KPI from->to",38,2
"Jitter (ms)","KPI from->to",40,2
"Jitter (ms)","KPI from->to",42,2
"Jitter (ms)","KPI from->to",44,1
"Jitter (ms)","KPI from->to",46,1
"Jitter (ms)","KPI from->to",48,1
"Jitter (ms)","KPI from->to",50,1
"Jitter (ms)","KPI from->to",52,3
"Jitter (ms)","KPI from->to",54,1
"Jitter (ms)","KPI from->to",56,2
"Jitter (ms)","KPI from->to",58,3
"Jitter (ms)","KPI from->to",60,1
"Jitter (ms)","KPI from->to",62,1
"Jitter (ms)","KPI from->to",64,1
"Jitter (ms)","KPI from->to",66,1
"Jitter (ms)","KPI from->to",68,0
"Jitter (ms)","KPI from->to",70,1
"Jitter (ms)","KPI from->to",72,0
"Jitter (ms)","KPI from->to",74,0
"Jitter (ms)","KPI from->to",76,1
"Jitter (ms)","KPI from->to",78,1
"Jitter (ms)","KPI from->to",80,0
"Jitter (ms)","KPI from->to",82,0
"Jitter (ms)","KPI from->to",84,1
"Jitter (ms)","KPI from->to",86,0
"Jitter (ms)","KPI from->to",88,0
"Jitter (ms)","KPI from->to",90,1
"Jitter (ms)","KPI from->to",92,1
"Jitter (ms)","KPI from->to",94,0
"Jitter (ms)","KPI from->to",96,1
"Jitter (ms)","KPI from->to",98,0
"Jitter (ms)","KPI from->to",100,0

Metric,"Pair Name",Timestamp,Value
Loss,"KPI from->to",2,0
Loss,"KPI from->to",4,0
Loss,"KPI from->to",6,0
Loss,"KPI from->to",8,0
Loss,"KPI from->to",10,0
Loss,"KPI from->to",12,0
Loss,"KPI from->to",14,0
Loss,"KPI from->to",16,0
Loss,"KPI from->to",18,0
Loss,"KPI from->to",20,0
Loss,"KPI from->to",22,0
Loss,"KPI from->to",24,0
Loss,"KPI from->to",26,0
Loss,"KPI from->to",28,0
Loss,"KPI from->to",30,0
Loss,"KPI from->to",32,0
Loss,"KPI from->to",34,0
Loss,"KPI from->to",36,0
Loss,"KPI from->to",38,0
Loss,"KPI from->to",40,0
Loss,"KPI from->to",42,0
Loss,"KPI from->to",44,0
Loss,"KPI from->to",46,0
Loss,"KPI from->to",48,0
Loss,"KPI from->to",50,0
Loss,"KPI from->to",52,0
Loss,"KPI from->to",54,0
Loss,"KPI from->to",56,0
Loss,"KPI from->to",58,0
Loss,"KPI from->to",60,0
Loss,"KPI from->to",62,0
Loss,"KPI from->to",64,0
Loss,"KPI from->to",66,0
Loss,"KPI from->to",68,0
Loss,"KPI from->to",70,0
Loss,"KPI from->to",72,0
Loss,"KPI from->to",74,0
Loss,"KPI from->to",76,0
Loss,"KPI from->to",78,0
Loss,"KPI from->to",80,0
Loss,"KPI from->to",82,0
Loss,"KPI from->to",84,0
Loss,"KPI from->to",86,0
Loss,"KPI from->to",88,0
Loss,"KPI from->to",90,0
Loss,"KPI from->to",92,0
Loss,"KPI from->to",94,0
Loss,"KPI from->to",96,0
Loss,"KPI from->to",98,0
Loss,"KPI from->to",100,0

Metric,"Pair Name",Timestamp,Value
"Delay (ms)","KPI from->to",102,20
"Delay (ms)","KPI from->to",104,21
"Delay (ms)","KPI from->to",106,20
"Delay (ms)","KPI from->to",108,20
"Delay (ms)","KPI from->to",110,22
"Delay (ms)","KPI from->to",112,20
"Delay (ms)","KPI from->to",114,21
"Delay (ms)","KPI from->to",116,21
"Delay (ms)","KPI from->to",118,23
"Delay (ms)","KPI from->to",120,20

Metric,"Pair Name",Timestamp,Value
"Jitter (ms)","KPI from->to",102,2
"Jitter (ms)","KPI from->to",104,1
"Jitter (ms)","KPI from->to",106,0
"Jitter (ms)","KPI from->to",108,2
"Jitter (ms)","KPI from->to",110,1
"Jitter (ms)","KPI from->to",112,1
"Jitter (ms)","KPI from->to",114,1
"Jitter (ms)","KPI from->to",116,2
"Jitter (ms)","KPI from->to",118,3
"Jitter (ms)","KPI from->to",120,1

Metric,"Pair Name",Timestamp,Value
MOS,"KPI from->to",2,4.36
MOS,"KPI from->to",4,4.37
MOS,"KPI from->to",6,4.36
MOS,"KPI from->to",8,3.47
MOS,"KPI from->to",10,4.36
MOS,"KPI from->to",12,4.36
MOS,"KPI from->to",14,4.36
MOS,"KPI from->to",16,4.36
MOS,"KPI from->to",18,4.36
MOS,"KPI from->to",20,4.36
MOS,"KPI from->to",22,4.36
MOS,"KPI from->to",24,4.36
MOS,"KPI from->to",26,4.36
MOS,"KPI from->to",28,4.36
MOS,"KPI from->to",30,4.36
MOS,"KPI from->to",32,3.46
MOS,"KPI from->to",34,3.48
MOS,"KPI from->to",36,4.36
MOS,"KPI from->to",38,4.36
MOS,"KPI from->to",40,4.36
MOS,"KPI from->to",42,4.36
MOS,"KPI from->to",44,4.36
MOS,"KPI from->to",46,3.47
MOS,"KPI from->to",48,4.36
MOS,"KPI from->to",50,4.36
MOS,"KPI from->to",52,4.36
MOS,"KPI from->to",54,4.36
MOS,"KPI from->to",56,4.36
MOS,"KPI from->to",58,4.36
MOS,"KPI from->to",60,4.36
MOS,"KPI from->to",62,4.36
MOS,"KPI from->to",64,4.36
MOS,"KPI from->to",66,3.49
MOS,"KPI from->to",68,4.37
MOS,"KPI from->to",70,4.37
MOS,"KPI from->to",72,4.37
MOS,"KPI from->to",74,4.36
MOS,"KPI from->to",76,4.36
MOS,"KPI from->to",78,4.36
MOS,"KPI from->to",80,4.36
MOS,"KPI from->to",82,4.36
MOS,"KPI from->to",84,4.36
MOS,"KPI from->to",86,4.36
MOS,"KPI from->to",88,4.36
MOS,"KPI from->to",90,4.36
MOS,"KPI from->to",92,4.36
MOS,"KPI from->to",94,4.36
MOS,"KPI from->to",96,4.36
MOS,"KPI from->to",98,4.36
MOS,"KPI from->to",100,4.36

Metric,"Pair Name",Timestamp,Value
MOS,"KPI from->to",102,4.36
MOS,"KPI from->to",104,4.36
MOS,"KPI from->to",106,4.36
MOS,"KPI from->to",108,4.36
MOS,"KPI from->to",110,3.47
MOS,"KPI from->to",112,4.36
MOS,"KPI from->to",114,4.36
MOS,"KPI from->to",116,4.36
MOS,"KPI from->to",118,4.36
MOS,"KPI from->to",120,4.36


