"Test Information",Value
"RUN ID",496
"END EXECUTION TIME","2021-05-13 13:57:24"
"SOURCE PROBE NAME",raspberrypi-AAS
"SOURCE PROBE TEST IP ADDRESS",raspberrypi-AAS
"SOURCE PROBE MANAGEMENT IP ADDRESS",raspberrypi-AAS
"SOURCE PROBE GROUP",Administrators
"DESTINATION PROBE NAME",raspberrypi-5G
"DESTINATION PROBE TEST IP ADDRESS",raspberrypi-5G
"DESTINATION PROBE MANAGEMENT IP ADDRESS",raspberrypi-5G
"DESTINATION PROBE GROUP",Administrators
"DESTINATION PROBE LOCATION",
"TEST MODULE",MESH
"TEST TYPE","Network KPI"
"TEST ADDITIONAL INFORMATION"," DSCP Setting: Best Effort"
"TEST DURATION",120
"TEST STATUS",Failed
"FAIL OR ERROR REASON"," Threshold failed on KPI from->to Max Delay Variation (ms) 
"

Metric,"Pair Name",Value,"Threshold Type",Threshold,"Status KPI"
"Datagrams Out of Order","KPI from->to",0.0,0,>=,Passed
"Delay (ms)","KPI from->to",18.98,0,<=,Passed
"Jitter (ms)","KPI from->to",1.03,0,<=,Passed
"Jitter Max (ms)","KPI from->to",4.0,0,<=,Passed
Loss,"KPI from->to",0.0,0,<=,Passed
"Max Delay Variation (ms)","KPI from->to",30.0,0,<=,Failed
"Max loss burst","KPI from->to",0.0,0,<=,Passed
MOS,"KPI from->to",4.36,1,<=,Passed

Metric,"Pair Name",Timestamp,Value
"Max Delay Variation (ms)","KPI from->to",2,8
"Max Delay Variation (ms)","KPI from->to",4,3
"Max Delay Variation (ms)","KPI from->to",6,8
"Max Delay Variation (ms)","KPI from->to",8,5
"Max Delay Variation (ms)","KPI from->to",10,8
"Max Delay Variation (ms)","KPI from->to",12,4
"Max Delay Variation (ms)","KPI from->to",14,10
"Max Delay Variation (ms)","KPI from->to",16,9
"Max Delay Variation (ms)","KPI from->to",18,10
"Max Delay Variation (ms)","KPI from->to",20,9
"Max Delay Variation (ms)","KPI from->to",22,8
"Max Delay Variation (ms)","KPI from->to",24,9
"Max Delay Variation (ms)","KPI from->to",26,10
"Max Delay Variation (ms)","KPI from->to",28,9
"Max Delay Variation (ms)","KPI from->to",30,9
"Max Delay Variation (ms)","KPI from->to",32,9
"Max Delay Variation (ms)","KPI from->to",34,7
"Max Delay Variation (ms)","KPI from->to",36,8
"Max Delay Variation (ms)","KPI from->to",38,5
"Max Delay Variation (ms)","KPI from->to",40,9
"Max Delay Variation (ms)","KPI from->to",42,10
"Max Delay Variation (ms)","KPI from->to",44,9
"Max Delay Variation (ms)","KPI from->to",46,10
"Max Delay Variation (ms)","KPI from->to",48,9
"Max Delay Variation (ms)","KPI from->to",50,8
"Max Delay Variation (ms)","KPI from->to",52,9
"Max Delay Variation (ms)","KPI from->to",54,12
"Max Delay Variation (ms)","KPI from->to",56,8
"Max Delay Variation (ms)","KPI from->to",58,8
"Max Delay Variation (ms)","KPI from->to",60,23
"Max Delay Variation (ms)","KPI from->to",62,10
"Max Delay Variation (ms)","KPI from->to",64,8
"Max Delay Variation (ms)","KPI from->to",66,24
"Max Delay Variation (ms)","KPI from->to",68,9
"Max Delay Variation (ms)","KPI from->to",70,9
"Max Delay Variation (ms)","KPI from->to",72,9
"Max Delay Variation (ms)","KPI from->to",74,9
"Max Delay Variation (ms)","KPI from->to",76,10
"Max Delay Variation (ms)","KPI from->to",78,9
"Max Delay Variation (ms)","KPI from->to",80,30
"Max Delay Variation (ms)","KPI from->to",82,9
"Max Delay Variation (ms)","KPI from->to",84,8
"Max Delay Variation (ms)","KPI from->to",86,6
"Max Delay Variation (ms)","KPI from->to",88,9
"Max Delay Variation (ms)","KPI from->to",90,9
"Max Delay Variation (ms)","KPI from->to",92,15
"Max Delay Variation (ms)","KPI from->to",94,9
"Max Delay Variation (ms)","KPI from->to",96,9
"Max Delay Variation (ms)","KPI from->to",98,10
"Max Delay Variation (ms)","KPI from->to",100,12

Metric,"Pair Name",Timestamp,Value
MOS,"KPI from->to",102,4.36
MOS,"KPI from->to",104,4.37
MOS,"KPI from->to",106,4.37
MOS,"KPI from->to",108,4.37
MOS,"KPI from->to",110,4.37
MOS,"KPI from->to",112,4.37
MOS,"KPI from->to",114,4.37
MOS,"KPI from->to",116,4.37
MOS,"KPI from->to",118,4.37
MOS,"KPI from->to",120,4.37

Metric,"Pair Name",Timestamp,Value
"Delay (ms)","KPI from->to",2,21
"Delay (ms)","KPI from->to",4,20
"Delay (ms)","KPI from->to",6,17
"Delay (ms)","KPI from->to",8,17
"Delay (ms)","KPI from->to",10,18
"Delay (ms)","KPI from->to",12,18
"Delay (ms)","KPI from->to",14,19
"Delay (ms)","KPI from->to",16,17
"Delay (ms)","KPI from->to",18,17
"Delay (ms)","KPI from->to",20,18
"Delay (ms)","KPI from->to",22,19
"Delay (ms)","KPI from->to",24,19
"Delay (ms)","KPI from->to",26,21
"Delay (ms)","KPI from->to",28,21
"Delay (ms)","KPI from->to",30,20
"Delay (ms)","KPI from->to",32,19
"Delay (ms)","KPI from->to",34,18
"Delay (ms)","KPI from->to",36,20
"Delay (ms)","KPI from->to",38,19
"Delay (ms)","KPI from->to",40,21
"Delay (ms)","KPI from->to",42,23
"Delay (ms)","KPI from->to",44,19
"Delay (ms)","KPI from->to",46,20
"Delay (ms)","KPI from->to",48,19
"Delay (ms)","KPI from->to",50,18
"Delay (ms)","KPI from->to",52,20
"Delay (ms)","KPI from->to",54,19
"Delay (ms)","KPI from->to",56,18
"Delay (ms)","KPI from->to",58,22
"Delay (ms)","KPI from->to",60,19
"Delay (ms)","KPI from->to",62,17
"Delay (ms)","KPI from->to",64,17
"Delay (ms)","KPI from->to",66,17
"Delay (ms)","KPI from->to",68,17
"Delay (ms)","KPI from->to",70,21
"Delay (ms)","KPI from->to",72,22
"Delay (ms)","KPI from->to",74,22
"Delay (ms)","KPI from->to",76,22
"Delay (ms)","KPI from->to",78,22
"Delay (ms)","KPI from->to",80,20
"Delay (ms)","KPI from->to",82,19
"Delay (ms)","KPI from->to",84,18
"Delay (ms)","KPI from->to",86,17
"Delay (ms)","KPI from->to",88,17
"Delay (ms)","KPI from->to",90,18
"Delay (ms)","KPI from->to",92,23
"Delay (ms)","KPI from->to",94,22
"Delay (ms)","KPI from->to",96,21
"Delay (ms)","KPI from->to",98,21
"Delay (ms)","KPI from->to",100,21

Metric,"Pair Name",Timestamp,Value
"Max Delay Variation (ms)","KPI from->to",102,9
"Max Delay Variation (ms)","KPI from->to",104,9
"Max Delay Variation (ms)","KPI from->to",106,9
"Max Delay Variation (ms)","KPI from->to",108,17
"Max Delay Variation (ms)","KPI from->to",110,9
"Max Delay Variation (ms)","KPI from->to",112,10
"Max Delay Variation (ms)","KPI from->to",114,8
"Max Delay Variation (ms)","KPI from->to",116,10
"Max Delay Variation (ms)","KPI from->to",118,10
"Max Delay Variation (ms)","KPI from->to",120,10

Metric,"Pair Name",Timestamp,Value
"Jitter (ms)","KPI from->to",2,0
"Jitter (ms)","KPI from->to",4,0
"Jitter (ms)","KPI from->to",6,0
"Jitter (ms)","KPI from->to",8,0
"Jitter (ms)","KPI from->to",10,0
"Jitter (ms)","KPI from->to",12,0
"Jitter (ms)","KPI from->to",14,2
"Jitter (ms)","KPI from->to",16,0
"Jitter (ms)","KPI from->to",18,0
"Jitter (ms)","KPI from->to",20,1
"Jitter (ms)","KPI from->to",22,1
"Jitter (ms)","KPI from->to",24,1
"Jitter (ms)","KPI from->to",26,2
"Jitter (ms)","KPI from->to",28,2
"Jitter (ms)","KPI from->to",30,2
"Jitter (ms)","KPI from->to",32,0
"Jitter (ms)","KPI from->to",34,0
"Jitter (ms)","KPI from->to",36,0
"Jitter (ms)","KPI from->to",38,0
"Jitter (ms)","KPI from->to",40,2
"Jitter (ms)","KPI from->to",42,0
"Jitter (ms)","KPI from->to",44,1
"Jitter (ms)","KPI from->to",46,1
"Jitter (ms)","KPI from->to",48,0
"Jitter (ms)","KPI from->to",50,0
"Jitter (ms)","KPI from->to",52,2
"Jitter (ms)","KPI from->to",54,1
"Jitter (ms)","KPI from->to",56,0
"Jitter (ms)","KPI from->to",58,1
"Jitter (ms)","KPI from->to",60,0
"Jitter (ms)","KPI from->to",62,2
"Jitter (ms)","KPI from->to",64,1
"Jitter (ms)","KPI from->to",66,2
"Jitter (ms)","KPI from->to",68,1
"Jitter (ms)","KPI from->to",70,2
"Jitter (ms)","KPI from->to",72,3
"Jitter (ms)","KPI from->to",74,0
"Jitter (ms)","KPI from->to",76,1
"Jitter (ms)","KPI from->to",78,1
"Jitter (ms)","KPI from->to",80,1
"Jitter (ms)","KPI from->to",82,2
"Jitter (ms)","KPI from->to",84,1
"Jitter (ms)","KPI from->to",86,0
"Jitter (ms)","KPI from->to",88,2
"Jitter (ms)","KPI from->to",90,4
"Jitter (ms)","KPI from->to",92,1
"Jitter (ms)","KPI from->to",94,1
"Jitter (ms)","KPI from->to",96,2
"Jitter (ms)","KPI from->to",98,1
"Jitter (ms)","KPI from->to",100,1

Metric,"Pair Name",Timestamp,Value
"Jitter (ms)","KPI from->to",102,0
"Jitter (ms)","KPI from->to",104,1
"Jitter (ms)","KPI from->to",106,3
"Jitter (ms)","KPI from->to",108,1
"Jitter (ms)","KPI from->to",110,2
"Jitter (ms)","KPI from->to",112,2
"Jitter (ms)","KPI from->to",114,0
"Jitter (ms)","KPI from->to",116,2
"Jitter (ms)","KPI from->to",118,2
"Jitter (ms)","KPI from->to",120,1

Metric,"Pair Name",Timestamp,Value
Loss,"KPI from->to",2,0
Loss,"KPI from->to",4,0
Loss,"KPI from->to",6,0
Loss,"KPI from->to",8,0
Loss,"KPI from->to",10,0
Loss,"KPI from->to",12,0
Loss,"KPI from->to",14,0
Loss,"KPI from->to",16,0
Loss,"KPI from->to",18,0
Loss,"KPI from->to",20,0
Loss,"KPI from->to",22,0
Loss,"KPI from->to",24,0
Loss,"KPI from->to",26,0
Loss,"KPI from->to",28,0
Loss,"KPI from->to",30,0
Loss,"KPI from->to",32,0
Loss,"KPI from->to",34,0
Loss,"KPI from->to",36,0
Loss,"KPI from->to",38,0
Loss,"KPI from->to",40,0
Loss,"KPI from->to",42,0
Loss,"KPI from->to",44,0
Loss,"KPI from->to",46,0
Loss,"KPI from->to",48,0
Loss,"KPI from->to",50,0
Loss,"KPI from->to",52,0
Loss,"KPI from->to",54,0
Loss,"KPI from->to",56,0
Loss,"KPI from->to",58,0
Loss,"KPI from->to",60,0
Loss,"KPI from->to",62,0
Loss,"KPI from->to",64,0
Loss,"KPI from->to",66,0
Loss,"KPI from->to",68,0
Loss,"KPI from->to",70,0
Loss,"KPI from->to",72,0
Loss,"KPI from->to",74,0
Loss,"KPI from->to",76,0
Loss,"KPI from->to",78,0
Loss,"KPI from->to",80,0
Loss,"KPI from->to",82,0
Loss,"KPI from->to",84,0
Loss,"KPI from->to",86,0
Loss,"KPI from->to",88,0
Loss,"KPI from->to",90,0
Loss,"KPI from->to",92,0
Loss,"KPI from->to",94,0
Loss,"KPI from->to",96,0
Loss,"KPI from->to",98,0
Loss,"KPI from->to",100,0

Metric,"Pair Name",Timestamp,Value
"Delay (ms)","KPI from->to",102,18
"Delay (ms)","KPI from->to",104,17
"Delay (ms)","KPI from->to",106,17
"Delay (ms)","KPI from->to",108,17
"Delay (ms)","KPI from->to",110,17
"Delay (ms)","KPI from->to",112,17
"Delay (ms)","KPI from->to",114,16
"Delay (ms)","KPI from->to",116,17
"Delay (ms)","KPI from->to",118,17
"Delay (ms)","KPI from->to",120,16

Metric,"Pair Name",Timestamp,Value
Loss,"KPI from->to",102,0
Loss,"KPI from->to",104,0
Loss,"KPI from->to",106,0
Loss,"KPI from->to",108,0
Loss,"KPI from->to",110,0
Loss,"KPI from->to",112,0
Loss,"KPI from->to",114,0
Loss,"KPI from->to",116,0
Loss,"KPI from->to",118,0
Loss,"KPI from->to",120,0

Metric,"Pair Name",Timestamp,Value
MOS,"KPI from->to",2,4.36
MOS,"KPI from->to",4,4.36
MOS,"KPI from->to",6,4.37
MOS,"KPI from->to",8,4.37
MOS,"KPI from->to",10,4.36
MOS,"KPI from->to",12,4.36
MOS,"KPI from->to",14,4.36
MOS,"KPI from->to",16,4.37
MOS,"KPI from->to",18,4.37
MOS,"KPI from->to",20,4.36
MOS,"KPI from->to",22,4.36
MOS,"KPI from->to",24,4.36
MOS,"KPI from->to",26,4.36
MOS,"KPI from->to",28,4.36
MOS,"KPI from->to",30,4.36
MOS,"KPI from->to",32,4.36
MOS,"KPI from->to",34,4.36
MOS,"KPI from->to",36,4.36
MOS,"KPI from->to",38,4.36
MOS,"KPI from->to",40,4.36
MOS,"KPI from->to",42,4.36
MOS,"KPI from->to",44,4.36
MOS,"KPI from->to",46,4.36
MOS,"KPI from->to",48,4.36
MOS,"KPI from->to",50,4.36
MOS,"KPI from->to",52,4.36
MOS,"KPI from->to",54,4.36
MOS,"KPI from->to",56,4.36
MOS,"KPI from->to",58,4.36
MOS,"KPI from->to",60,4.36
MOS,"KPI from->to",62,4.37
MOS,"KPI from->to",64,4.37
MOS,"KPI from->to",66,4.37
MOS,"KPI from->to",68,4.37
MOS,"KPI from->to",70,4.36
MOS,"KPI from->to",72,4.36
MOS,"KPI from->to",74,4.36
MOS,"KPI from->to",76,4.36
MOS,"KPI from->to",78,4.36
MOS,"KPI from->to",80,4.36
MOS,"KPI from->to",82,4.36
MOS,"KPI from->to",84,4.36
MOS,"KPI from->to",86,4.37
MOS,"KPI from->to",88,4.37
MOS,"KPI from->to",90,4.36
MOS,"KPI from->to",92,4.36
MOS,"KPI from->to",94,4.36
MOS,"KPI from->to",96,4.36
MOS,"KPI from->to",98,4.36
MOS,"KPI from->to",100,4.36


