"Test Information",Value
"RUN ID",496
"END EXECUTION TIME","2021-05-13 14:55:19"
"SOURCE PROBE NAME",raspberrypi-AAS
"SOURCE PROBE TEST IP ADDRESS",raspberrypi-AAS
"SOURCE PROBE MANAGEMENT IP ADDRESS",raspberrypi-AAS
"SOURCE PROBE GROUP",Administrators
"DESTINATION PROBE NAME",raspberrypi-5G
"DESTINATION PROBE TEST IP ADDRESS",raspberrypi-5G
"DESTINATION PROBE MANAGEMENT IP ADDRESS",raspberrypi-5G
"DESTINATION PROBE GROUP",Administrators
"DESTINATION PROBE LOCATION",
"TEST MODULE",MESH
"TEST TYPE","Network KPI"
"TEST ADDITIONAL INFORMATION"," DSCP Setting: Best Effort"
"TEST DURATION",120
"TEST STATUS",Failed
"FAIL OR ERROR REASON"," Threshold failed on KPI from->to Jitter (ms) 
 Threshold failed on KPI from->to Jitter Max (ms) 
 Threshold failed on KPI from->to Max Delay Variation (ms) 
 Threshold failed on KPI from->to MOS 
"

Metric,"Pair Name",Value,"Threshold Type",Threshold,"Status KPI"
"Datagrams Out of Order","KPI from->to",0.0,0,>=,Passed
"Delay (ms)","KPI from->to",22.09,0,<=,Passed
"Jitter (ms)","KPI from->to",7.36,0,<=,Failed
"Jitter Max (ms)","KPI from->to",17.0,0,<=,Failed
Loss,"KPI from->to",0.0,0,<=,Passed
"Max Delay Variation (ms)","KPI from->to",196.0,0,<=,Failed
"Max loss burst","KPI from->to",0.0,0,<=,Passed
MOS,"KPI from->to",1.84,1,<=,Failed

Metric,"Pair Name",Timestamp,Value
MOS,"KPI from->to",2,3.49
MOS,"KPI from->to",4,1.88
MOS,"KPI from->to",6,2.77
MOS,"KPI from->to",8,2.19
MOS,"KPI from->to",10,2.16
MOS,"KPI from->to",12,1
MOS,"KPI from->to",14,1
MOS,"KPI from->to",16,2.17
MOS,"KPI from->to",18,1.9
MOS,"KPI from->to",20,1.35
MOS,"KPI from->to",22,2.19
MOS,"KPI from->to",24,1
MOS,"KPI from->to",26,2.8
MOS,"KPI from->to",28,3.51
MOS,"KPI from->to",30,3.48
MOS,"KPI from->to",32,2.18
MOS,"KPI from->to",34,1.87
MOS,"KPI from->to",36,1
MOS,"KPI from->to",38,2.17
MOS,"KPI from->to",40,1
MOS,"KPI from->to",42,2.4
MOS,"KPI from->to",44,1.45
MOS,"KPI from->to",46,1.87
MOS,"KPI from->to",48,1.38
MOS,"KPI from->to",50,1.76
MOS,"KPI from->to",52,1
MOS,"KPI from->to",54,1
MOS,"KPI from->to",56,1.45
MOS,"KPI from->to",58,1.87
MOS,"KPI from->to",60,1.87
MOS,"KPI from->to",62,1.87
MOS,"KPI from->to",64,1
MOS,"KPI from->to",66,1
MOS,"KPI from->to",68,1.84
MOS,"KPI from->to",70,1
MOS,"KPI from->to",72,2.79
MOS,"KPI from->to",74,1.84
MOS,"KPI from->to",76,1
MOS,"KPI from->to",78,1.38
MOS,"KPI from->to",80,2.42
MOS,"KPI from->to",82,1.87
MOS,"KPI from->to",84,2.8
MOS,"KPI from->to",86,2.17
MOS,"KPI from->to",88,1.87
MOS,"KPI from->to",90,1.89
MOS,"KPI from->to",92,2.4
MOS,"KPI from->to",94,2.81
MOS,"KPI from->to",96,1.79
MOS,"KPI from->to",98,1.44
MOS,"KPI from->to",100,1

Metric,"Pair Name",Timestamp,Value
MOS,"KPI from->to",102,1.83
MOS,"KPI from->to",104,1
MOS,"KPI from->to",106,1.42
MOS,"KPI from->to",108,2.17
MOS,"KPI from->to",110,1.83
MOS,"KPI from->to",112,1.9
MOS,"KPI from->to",114,1.38
MOS,"KPI from->to",116,1
MOS,"KPI from->to",118,2.43

Metric,"Pair Name",Timestamp,Value
"Jitter (ms)","KPI from->to",102,2
"Jitter (ms)","KPI from->to",104,3
"Jitter (ms)","KPI from->to",106,3
"Jitter (ms)","KPI from->to",108,8
"Jitter (ms)","KPI from->to",110,5
"Jitter (ms)","KPI from->to",112,4
"Jitter (ms)","KPI from->to",114,6
"Jitter (ms)","KPI from->to",116,11
"Jitter (ms)","KPI from->to",118,5

Metric,"Pair Name",Timestamp,Value
"Delay (ms)","KPI from->to",2,19
"Delay (ms)","KPI from->to",4,25
"Delay (ms)","KPI from->to",6,19
"Delay (ms)","KPI from->to",8,25
"Delay (ms)","KPI from->to",10,25
"Delay (ms)","KPI from->to",12,40
"Delay (ms)","KPI from->to",14,26
"Delay (ms)","KPI from->to",16,21
"Delay (ms)","KPI from->to",18,13
"Delay (ms)","KPI from->to",20,25
"Delay (ms)","KPI from->to",22,19
"Delay (ms)","KPI from->to",24,19
"Delay (ms)","KPI from->to",26,10
"Delay (ms)","KPI from->to",28,7
"Delay (ms)","KPI from->to",30,7
"Delay (ms)","KPI from->to",32,18
"Delay (ms)","KPI from->to",34,18
"Delay (ms)","KPI from->to",36,23
"Delay (ms)","KPI from->to",38,17
"Delay (ms)","KPI from->to",40,17
"Delay (ms)","KPI from->to",42,18
"Delay (ms)","KPI from->to",44,19
"Delay (ms)","KPI from->to",46,23
"Delay (ms)","KPI from->to",48,23
"Delay (ms)","KPI from->to",50,25
"Delay (ms)","KPI from->to",52,25
"Delay (ms)","KPI from->to",54,27
"Delay (ms)","KPI from->to",56,22
"Delay (ms)","KPI from->to",58,25
"Delay (ms)","KPI from->to",60,19
"Delay (ms)","KPI from->to",62,24
"Delay (ms)","KPI from->to",64,30
"Delay (ms)","KPI from->to",66,32
"Delay (ms)","KPI from->to",68,26
"Delay (ms)","KPI from->to",70,33
"Delay (ms)","KPI from->to",72,21
"Delay (ms)","KPI from->to",74,27
"Delay (ms)","KPI from->to",76,21
"Delay (ms)","KPI from->to",78,23
"Delay (ms)","KPI from->to",80,18
"Delay (ms)","KPI from->to",82,24
"Delay (ms)","KPI from->to",84,17
"Delay (ms)","KPI from->to",86,21
"Delay (ms)","KPI from->to",88,21
"Delay (ms)","KPI from->to",90,15
"Delay (ms)","KPI from->to",92,21
"Delay (ms)","KPI from->to",94,19
"Delay (ms)","KPI from->to",96,20
"Delay (ms)","KPI from->to",98,36
"Delay (ms)","KPI from->to",100,34

Metric,"Pair Name",Timestamp,Value
"Jitter (ms)","KPI from->to",2,3
"Jitter (ms)","KPI from->to",4,9
"Jitter (ms)","KPI from->to",6,11
"Jitter (ms)","KPI from->to",8,2
"Jitter (ms)","KPI from->to",10,3
"Jitter (ms)","KPI from->to",12,17
"Jitter (ms)","KPI from->to",14,14
"Jitter (ms)","KPI from->to",16,6
"Jitter (ms)","KPI from->to",18,8
"Jitter (ms)","KPI from->to",20,9
"Jitter (ms)","KPI from->to",22,5
"Jitter (ms)","KPI from->to",24,12
"Jitter (ms)","KPI from->to",26,1
"Jitter (ms)","KPI from->to",28,1
"Jitter (ms)","KPI from->to",30,8
"Jitter (ms)","KPI from->to",32,4
"Jitter (ms)","KPI from->to",34,8
"Jitter (ms)","KPI from->to",36,8
"Jitter (ms)","KPI from->to",38,8
"Jitter (ms)","KPI from->to",40,5
"Jitter (ms)","KPI from->to",42,3
"Jitter (ms)","KPI from->to",44,8
"Jitter (ms)","KPI from->to",46,10
"Jitter (ms)","KPI from->to",48,10
"Jitter (ms)","KPI from->to",50,13
"Jitter (ms)","KPI from->to",52,9
"Jitter (ms)","KPI from->to",54,11
"Jitter (ms)","KPI from->to",56,10
"Jitter (ms)","KPI from->to",58,8
"Jitter (ms)","KPI from->to",60,10
"Jitter (ms)","KPI from->to",62,2
"Jitter (ms)","KPI from->to",64,4
"Jitter (ms)","KPI from->to",66,16
"Jitter (ms)","KPI from->to",68,16
"Jitter (ms)","KPI from->to",70,4
"Jitter (ms)","KPI from->to",72,10
"Jitter (ms)","KPI from->to",74,9
"Jitter (ms)","KPI from->to",76,3
"Jitter (ms)","KPI from->to",78,4
"Jitter (ms)","KPI from->to",80,2
"Jitter (ms)","KPI from->to",82,15
"Jitter (ms)","KPI from->to",84,7
"Jitter (ms)","KPI from->to",86,12
"Jitter (ms)","KPI from->to",88,2
"Jitter (ms)","KPI from->to",90,2
"Jitter (ms)","KPI from->to",92,11
"Jitter (ms)","KPI from->to",94,2
"Jitter (ms)","KPI from->to",96,12
"Jitter (ms)","KPI from->to",98,3
"Jitter (ms)","KPI from->to",100,17

Metric,"Pair Name",Timestamp,Value
"Max Delay Variation (ms)","KPI from->to",2,42
"Max Delay Variation (ms)","KPI from->to",4,97
"Max Delay Variation (ms)","KPI from->to",6,100
"Max Delay Variation (ms)","KPI from->to",8,97
"Max Delay Variation (ms)","KPI from->to",10,108
"Max Delay Variation (ms)","KPI from->to",12,164
"Max Delay Variation (ms)","KPI from->to",14,98
"Max Delay Variation (ms)","KPI from->to",16,58
"Max Delay Variation (ms)","KPI from->to",18,43
"Max Delay Variation (ms)","KPI from->to",20,196
"Max Delay Variation (ms)","KPI from->to",22,134
"Max Delay Variation (ms)","KPI from->to",24,90
"Max Delay Variation (ms)","KPI from->to",26,97
"Max Delay Variation (ms)","KPI from->to",28,50
"Max Delay Variation (ms)","KPI from->to",30,41
"Max Delay Variation (ms)","KPI from->to",32,145
"Max Delay Variation (ms)","KPI from->to",34,55
"Max Delay Variation (ms)","KPI from->to",36,99
"Max Delay Variation (ms)","KPI from->to",38,88
"Max Delay Variation (ms)","KPI from->to",40,58
"Max Delay Variation (ms)","KPI from->to",42,100
"Max Delay Variation (ms)","KPI from->to",44,57
"Max Delay Variation (ms)","KPI from->to",46,104
"Max Delay Variation (ms)","KPI from->to",48,140
"Max Delay Variation (ms)","KPI from->to",50,138
"Max Delay Variation (ms)","KPI from->to",52,98
"Max Delay Variation (ms)","KPI from->to",54,98
"Max Delay Variation (ms)","KPI from->to",56,49
"Max Delay Variation (ms)","KPI from->to",58,97
"Max Delay Variation (ms)","KPI from->to",60,59
"Max Delay Variation (ms)","KPI from->to",62,98
"Max Delay Variation (ms)","KPI from->to",64,108
"Max Delay Variation (ms)","KPI from->to",66,130
"Max Delay Variation (ms)","KPI from->to",68,97
"Max Delay Variation (ms)","KPI from->to",70,177
"Max Delay Variation (ms)","KPI from->to",72,62
"Max Delay Variation (ms)","KPI from->to",74,106
"Max Delay Variation (ms)","KPI from->to",76,65
"Max Delay Variation (ms)","KPI from->to",78,85
"Max Delay Variation (ms)","KPI from->to",80,61
"Max Delay Variation (ms)","KPI from->to",82,97
"Max Delay Variation (ms)","KPI from->to",84,54
"Max Delay Variation (ms)","KPI from->to",86,90
"Max Delay Variation (ms)","KPI from->to",88,54
"Max Delay Variation (ms)","KPI from->to",90,80
"Max Delay Variation (ms)","KPI from->to",92,87
"Max Delay Variation (ms)","KPI from->to",94,42
"Max Delay Variation (ms)","KPI from->to",96,55
"Max Delay Variation (ms)","KPI from->to",98,137
"Max Delay Variation (ms)","KPI from->to",100,125

Metric,"Pair Name",Timestamp,Value
"Delay (ms)","KPI from->to",102,20
"Delay (ms)","KPI from->to",104,29
"Delay (ms)","KPI from->to",106,23
"Delay (ms)","KPI from->to",108,22
"Delay (ms)","KPI from->to",110,20
"Delay (ms)","KPI from->to",112,24
"Delay (ms)","KPI from->to",114,25
"Delay (ms)","KPI from->to",116,22
"Delay (ms)","KPI from->to",118,16

Metric,"Pair Name",Timestamp,Value
Loss,"KPI from->to",2,0
Loss,"KPI from->to",4,0
Loss,"KPI from->to",6,0
Loss,"KPI from->to",8,0
Loss,"KPI from->to",10,0
Loss,"KPI from->to",12,0
Loss,"KPI from->to",14,0
Loss,"KPI from->to",16,0
Loss,"KPI from->to",18,0
Loss,"KPI from->to",20,0
Loss,"KPI from->to",22,0
Loss,"KPI from->to",24,0
Loss,"KPI from->to",26,0
Loss,"KPI from->to",28,0
Loss,"KPI from->to",30,0
Loss,"KPI from->to",32,0
Loss,"KPI from->to",34,0
Loss,"KPI from->to",36,0
Loss,"KPI from->to",38,0
Loss,"KPI from->to",40,0
Loss,"KPI from->to",42,0
Loss,"KPI from->to",44,0
Loss,"KPI from->to",46,0
Loss,"KPI from->to",48,0
Loss,"KPI from->to",50,0
Loss,"KPI from->to",52,0
Loss,"KPI from->to",54,0
Loss,"KPI from->to",56,0
Loss,"KPI from->to",58,0
Loss,"KPI from->to",60,0
Loss,"KPI from->to",62,0
Loss,"KPI from->to",64,0
Loss,"KPI from->to",66,0
Loss,"KPI from->to",68,0
Loss,"KPI from->to",70,0
Loss,"KPI from->to",72,0
Loss,"KPI from->to",74,0
Loss,"KPI from->to",76,0
Loss,"KPI from->to",78,0
Loss,"KPI from->to",80,0
Loss,"KPI from->to",82,0
Loss,"KPI from->to",84,0
Loss,"KPI from->to",86,0
Loss,"KPI from->to",88,0
Loss,"KPI from->to",90,0
Loss,"KPI from->to",92,0
Loss,"KPI from->to",94,0
Loss,"KPI from->to",96,0
Loss,"KPI from->to",98,0
Loss,"KPI from->to",100,0

Metric,"Pair Name",Timestamp,Value
Loss,"KPI from->to",102,0
Loss,"KPI from->to",104,0
Loss,"KPI from->to",106,0
Loss,"KPI from->to",108,0
Loss,"KPI from->to",110,0
Loss,"KPI from->to",112,0
Loss,"KPI from->to",114,0
Loss,"KPI from->to",116,0
Loss,"KPI from->to",118,0

Metric,"Pair Name",Timestamp,Value
"Max Delay Variation (ms)","KPI from->to",102,54
"Max Delay Variation (ms)","KPI from->to",104,129
"Max Delay Variation (ms)","KPI from->to",106,90
"Max Delay Variation (ms)","KPI from->to",108,114
"Max Delay Variation (ms)","KPI from->to",110,80
"Max Delay Variation (ms)","KPI from->to",112,90
"Max Delay Variation (ms)","KPI from->to",114,117
"Max Delay Variation (ms)","KPI from->to",116,59
"Max Delay Variation (ms)","KPI from->to",118,57


