"Test Information",Value
"RUN ID",496
"END EXECUTION TIME","2021-05-13 14:32:52"
"SOURCE PROBE NAME",raspberrypi-5G
"SOURCE PROBE TEST IP ADDRESS",raspberrypi-5G
"SOURCE PROBE MANAGEMENT IP ADDRESS",raspberrypi-5G
"SOURCE PROBE GROUP",Administrators
"DESTINATION PROBE NAME",raspberrypi-AAS
"DESTINATION PROBE TEST IP ADDRESS",raspberrypi-AAS
"DESTINATION PROBE MANAGEMENT IP ADDRESS",raspberrypi-AAS
"DESTINATION PROBE GROUP",Administrators
"DESTINATION PROBE LOCATION",
"TEST MODULE",MESH
"TEST TYPE","Network KPI"
"TEST ADDITIONAL INFORMATION"," DSCP Setting: Best Effort"
"TEST DURATION",120
"TEST STATUS",Failed
"FAIL OR ERROR REASON"," Threshold failed on KPI from->to Jitter Max (ms) 
 Threshold failed on KPI from->to Max Delay Variation (ms) 
"

Metric,"Pair Name",Value,"Threshold Type",Threshold,"Status KPI"
"Datagrams Out of Order","KPI from->to",0.0,0,>=,Passed
"Delay (ms)","KPI from->to",20.72,0,<=,Passed
"Jitter (ms)","KPI from->to",1.58,0,<=,Passed
"Jitter Max (ms)","KPI from->to",8.0,0,<=,Failed
Loss,"KPI from->to",0.0,0,<=,Passed
"Max Delay Variation (ms)","KPI from->to",88.0,0,<=,Failed
"Max loss burst","KPI from->to",0.0,0,<=,Passed
MOS,"KPI from->to",4.35,1,<=,Passed

Metric,"Pair Name",Timestamp,Value
"Max Delay Variation (ms)","KPI from->to",2,13
"Max Delay Variation (ms)","KPI from->to",4,11
"Max Delay Variation (ms)","KPI from->to",6,38
"Max Delay Variation (ms)","KPI from->to",8,13
"Max Delay Variation (ms)","KPI from->to",10,13
"Max Delay Variation (ms)","KPI from->to",12,3
"Max Delay Variation (ms)","KPI from->to",14,11
"Max Delay Variation (ms)","KPI from->to",16,5
"Max Delay Variation (ms)","KPI from->to",18,5
"Max Delay Variation (ms)","KPI from->to",20,5
"Max Delay Variation (ms)","KPI from->to",22,17
"Max Delay Variation (ms)","KPI from->to",24,15
"Max Delay Variation (ms)","KPI from->to",26,10
"Max Delay Variation (ms)","KPI from->to",28,6
"Max Delay Variation (ms)","KPI from->to",30,5
"Max Delay Variation (ms)","KPI from->to",32,6
"Max Delay Variation (ms)","KPI from->to",34,7
"Max Delay Variation (ms)","KPI from->to",36,6
"Max Delay Variation (ms)","KPI from->to",38,13
"Max Delay Variation (ms)","KPI from->to",40,8
"Max Delay Variation (ms)","KPI from->to",42,7
"Max Delay Variation (ms)","KPI from->to",44,8
"Max Delay Variation (ms)","KPI from->to",46,20
"Max Delay Variation (ms)","KPI from->to",48,11
"Max Delay Variation (ms)","KPI from->to",50,8
"Max Delay Variation (ms)","KPI from->to",52,8
"Max Delay Variation (ms)","KPI from->to",54,15
"Max Delay Variation (ms)","KPI from->to",56,6
"Max Delay Variation (ms)","KPI from->to",58,11
"Max Delay Variation (ms)","KPI from->to",60,12
"Max Delay Variation (ms)","KPI from->to",62,5
"Max Delay Variation (ms)","KPI from->to",64,13
"Max Delay Variation (ms)","KPI from->to",66,15
"Max Delay Variation (ms)","KPI from->to",68,21
"Max Delay Variation (ms)","KPI from->to",70,27
"Max Delay Variation (ms)","KPI from->to",72,24
"Max Delay Variation (ms)","KPI from->to",74,25
"Max Delay Variation (ms)","KPI from->to",76,13
"Max Delay Variation (ms)","KPI from->to",78,19
"Max Delay Variation (ms)","KPI from->to",80,15
"Max Delay Variation (ms)","KPI from->to",82,19
"Max Delay Variation (ms)","KPI from->to",84,11
"Max Delay Variation (ms)","KPI from->to",86,20
"Max Delay Variation (ms)","KPI from->to",88,16
"Max Delay Variation (ms)","KPI from->to",90,12
"Max Delay Variation (ms)","KPI from->to",92,38
"Max Delay Variation (ms)","KPI from->to",94,15
"Max Delay Variation (ms)","KPI from->to",96,27
"Max Delay Variation (ms)","KPI from->to",98,33
"Max Delay Variation (ms)","KPI from->to",100,12

Metric,"Pair Name",Timestamp,Value
"Delay (ms)","KPI from->to",2,21
"Delay (ms)","KPI from->to",4,21
"Delay (ms)","KPI from->to",6,22
"Delay (ms)","KPI from->to",8,21
"Delay (ms)","KPI from->to",10,21
"Delay (ms)","KPI from->to",12,21
"Delay (ms)","KPI from->to",14,21
"Delay (ms)","KPI from->to",16,21
"Delay (ms)","KPI from->to",18,21
"Delay (ms)","KPI from->to",20,21
"Delay (ms)","KPI from->to",22,33
"Delay (ms)","KPI from->to",24,20
"Delay (ms)","KPI from->to",26,20
"Delay (ms)","KPI from->to",28,20
"Delay (ms)","KPI from->to",30,19
"Delay (ms)","KPI from->to",32,19
"Delay (ms)","KPI from->to",34,20
"Delay (ms)","KPI from->to",36,21
"Delay (ms)","KPI from->to",38,21
"Delay (ms)","KPI from->to",40,22
"Delay (ms)","KPI from->to",42,22
"Delay (ms)","KPI from->to",44,21
"Delay (ms)","KPI from->to",46,22
"Delay (ms)","KPI from->to",48,22
"Delay (ms)","KPI from->to",50,21
"Delay (ms)","KPI from->to",52,21
"Delay (ms)","KPI from->to",54,22
"Delay (ms)","KPI from->to",56,21
"Delay (ms)","KPI from->to",58,22
"Delay (ms)","KPI from->to",60,22
"Delay (ms)","KPI from->to",62,22
"Delay (ms)","KPI from->to",64,23
"Delay (ms)","KPI from->to",66,19
"Delay (ms)","KPI from->to",68,20
"Delay (ms)","KPI from->to",70,20
"Delay (ms)","KPI from->to",72,19
"Delay (ms)","KPI from->to",74,19
"Delay (ms)","KPI from->to",76,18
"Delay (ms)","KPI from->to",78,19
"Delay (ms)","KPI from->to",80,18
"Delay (ms)","KPI from->to",82,21
"Delay (ms)","KPI from->to",84,20
"Delay (ms)","KPI from->to",86,20
"Delay (ms)","KPI from->to",88,20
"Delay (ms)","KPI from->to",90,19
"Delay (ms)","KPI from->to",92,20
"Delay (ms)","KPI from->to",94,19
"Delay (ms)","KPI from->to",96,18
"Delay (ms)","KPI from->to",98,18
"Delay (ms)","KPI from->to",100,16

Metric,"Pair Name",Timestamp,Value
"Delay (ms)","KPI from->to",102,16
"Delay (ms)","KPI from->to",104,18
"Delay (ms)","KPI from->to",106,16
"Delay (ms)","KPI from->to",108,19
"Delay (ms)","KPI from->to",110,25
"Delay (ms)","KPI from->to",112,24
"Delay (ms)","KPI from->to",114,23
"Delay (ms)","KPI from->to",116,24
"Delay (ms)","KPI from->to",118,24
"Delay (ms)","KPI from->to",120,24

Metric,"Pair Name",Timestamp,Value
"Jitter (ms)","KPI from->to",2,2
"Jitter (ms)","KPI from->to",4,1
"Jitter (ms)","KPI from->to",6,1
"Jitter (ms)","KPI from->to",8,2
"Jitter (ms)","KPI from->to",10,1
"Jitter (ms)","KPI from->to",12,0
"Jitter (ms)","KPI from->to",14,0
"Jitter (ms)","KPI from->to",16,0
"Jitter (ms)","KPI from->to",18,1
"Jitter (ms)","KPI from->to",20,0
"Jitter (ms)","KPI from->to",22,1
"Jitter (ms)","KPI from->to",24,1
"Jitter (ms)","KPI from->to",26,1
"Jitter (ms)","KPI from->to",28,1
"Jitter (ms)","KPI from->to",30,1
"Jitter (ms)","KPI from->to",32,1
"Jitter (ms)","KPI from->to",34,1
"Jitter (ms)","KPI from->to",36,1
"Jitter (ms)","KPI from->to",38,1
"Jitter (ms)","KPI from->to",40,1
"Jitter (ms)","KPI from->to",42,2
"Jitter (ms)","KPI from->to",44,2
"Jitter (ms)","KPI from->to",46,1
"Jitter (ms)","KPI from->to",48,1
"Jitter (ms)","KPI from->to",50,1
"Jitter (ms)","KPI from->to",52,1
"Jitter (ms)","KPI from->to",54,1
"Jitter (ms)","KPI from->to",56,1
"Jitter (ms)","KPI from->to",58,1
"Jitter (ms)","KPI from->to",60,1
"Jitter (ms)","KPI from->to",62,1
"Jitter (ms)","KPI from->to",64,1
"Jitter (ms)","KPI from->to",66,2
"Jitter (ms)","KPI from->to",68,3
"Jitter (ms)","KPI from->to",70,2
"Jitter (ms)","KPI from->to",72,5
"Jitter (ms)","KPI from->to",74,2
"Jitter (ms)","KPI from->to",76,2
"Jitter (ms)","KPI from->to",78,1
"Jitter (ms)","KPI from->to",80,2
"Jitter (ms)","KPI from->to",82,3
"Jitter (ms)","KPI from->to",84,3
"Jitter (ms)","KPI from->to",86,2
"Jitter (ms)","KPI from->to",88,2
"Jitter (ms)","KPI from->to",90,2
"Jitter (ms)","KPI from->to",92,3
"Jitter (ms)","KPI from->to",94,3
"Jitter (ms)","KPI from->to",96,1
"Jitter (ms)","KPI from->to",98,4
"Jitter (ms)","KPI from->to",100,1

Metric,"Pair Name",Timestamp,Value
MOS,"KPI from->to",2,4.36
MOS,"KPI from->to",4,4.36
MOS,"KPI from->to",6,4.36
MOS,"KPI from->to",8,4.36
MOS,"KPI from->to",10,4.36
MOS,"KPI from->to",12,4.36
MOS,"KPI from->to",14,4.36
MOS,"KPI from->to",16,4.36
MOS,"KPI from->to",18,4.36
MOS,"KPI from->to",20,4.36
MOS,"KPI from->to",22,4.36
MOS,"KPI from->to",24,4.36
MOS,"KPI from->to",26,4.36
MOS,"KPI from->to",28,4.36
MOS,"KPI from->to",30,4.36
MOS,"KPI from->to",32,4.36
MOS,"KPI from->to",34,4.36
MOS,"KPI from->to",36,4.36
MOS,"KPI from->to",38,4.36
MOS,"KPI from->to",40,4.36
MOS,"KPI from->to",42,4.36
MOS,"KPI from->to",44,4.36
MOS,"KPI from->to",46,4.36
MOS,"KPI from->to",48,4.36
MOS,"KPI from->to",50,4.36
MOS,"KPI from->to",52,4.36
MOS,"KPI from->to",54,4.36
MOS,"KPI from->to",56,4.36
MOS,"KPI from->to",58,4.36
MOS,"KPI from->to",60,4.36
MOS,"KPI from->to",62,4.36
MOS,"KPI from->to",64,4.36
MOS,"KPI from->to",66,4.36
MOS,"KPI from->to",68,4.36
MOS,"KPI from->to",70,4.36
MOS,"KPI from->to",72,4.36
MOS,"KPI from->to",74,4.36
MOS,"KPI from->to",76,4.36
MOS,"KPI from->to",78,4.36
MOS,"KPI from->to",80,4.36
MOS,"KPI from->to",82,4.36
MOS,"KPI from->to",84,4.36
MOS,"KPI from->to",86,4.36
MOS,"KPI from->to",88,4.36
MOS,"KPI from->to",90,4.36
MOS,"KPI from->to",92,4.36
MOS,"KPI from->to",94,4.36
MOS,"KPI from->to",96,4.36
MOS,"KPI from->to",98,4.36
MOS,"KPI from->to",100,4.37

Metric,"Pair Name",Timestamp,Value
MOS,"KPI from->to",102,4.37
MOS,"KPI from->to",104,4.36
MOS,"KPI from->to",106,4.37
MOS,"KPI from->to",108,3.48
MOS,"KPI from->to",110,4.36
MOS,"KPI from->to",112,4.36
MOS,"KPI from->to",114,4.36
MOS,"KPI from->to",116,4.36
MOS,"KPI from->to",118,4.36
MOS,"KPI from->to",120,4.36

Metric,"Pair Name",Timestamp,Value
"Jitter (ms)","KPI from->to",102,1
"Jitter (ms)","KPI from->to",104,4
"Jitter (ms)","KPI from->to",106,1
"Jitter (ms)","KPI from->to",108,8
"Jitter (ms)","KPI from->to",110,2
"Jitter (ms)","KPI from->to",112,1
"Jitter (ms)","KPI from->to",114,1
"Jitter (ms)","KPI from->to",116,1
"Jitter (ms)","KPI from->to",118,0
"Jitter (ms)","KPI from->to",120,1

Metric,"Pair Name",Timestamp,Value
Loss,"KPI from->to",2,0
Loss,"KPI from->to",4,0
Loss,"KPI from->to",6,0
Loss,"KPI from->to",8,0
Loss,"KPI from->to",10,0
Loss,"KPI from->to",12,0
Loss,"KPI from->to",14,0
Loss,"KPI from->to",16,0
Loss,"KPI from->to",18,0
Loss,"KPI from->to",20,0
Loss,"KPI from->to",22,0
Loss,"KPI from->to",24,0
Loss,"KPI from->to",26,0
Loss,"KPI from->to",28,0
Loss,"KPI from->to",30,0
Loss,"KPI from->to",32,0
Loss,"KPI from->to",34,0
Loss,"KPI from->to",36,0
Loss,"KPI from->to",38,0
Loss,"KPI from->to",40,0
Loss,"KPI from->to",42,0
Loss,"KPI from->to",44,0
Loss,"KPI from->to",46,0
Loss,"KPI from->to",48,0
Loss,"KPI from->to",50,0
Loss,"KPI from->to",52,0
Loss,"KPI from->to",54,0
Loss,"KPI from->to",56,0
Loss,"KPI from->to",58,0
Loss,"KPI from->to",60,0
Loss,"KPI from->to",62,0
Loss,"KPI from->to",64,0
Loss,"KPI from->to",66,0
Loss,"KPI from->to",68,0
Loss,"KPI from->to",70,0
Loss,"KPI from->to",72,0
Loss,"KPI from->to",74,0
Loss,"KPI from->to",76,0
Loss,"KPI from->to",78,0
Loss,"KPI from->to",80,0
Loss,"KPI from->to",82,0
Loss,"KPI from->to",84,0
Loss,"KPI from->to",86,0
Loss,"KPI from->to",88,0
Loss,"KPI from->to",90,0
Loss,"KPI from->to",92,0
Loss,"KPI from->to",94,0
Loss,"KPI from->to",96,0
Loss,"KPI from->to",98,0
Loss,"KPI from->to",100,0

Metric,"Pair Name",Timestamp,Value
Loss,"KPI from->to",102,0
Loss,"KPI from->to",104,0
Loss,"KPI from->to",106,0
Loss,"KPI from->to",108,0
Loss,"KPI from->to",110,0
Loss,"KPI from->to",112,0
Loss,"KPI from->to",114,0
Loss,"KPI from->to",116,0
Loss,"KPI from->to",118,0
Loss,"KPI from->to",120,0

Metric,"Pair Name",Timestamp,Value
"Max Delay Variation (ms)","KPI from->to",102,6
"Max Delay Variation (ms)","KPI from->to",104,20
"Max Delay Variation (ms)","KPI from->to",106,11
"Max Delay Variation (ms)","KPI from->to",108,88
"Max Delay Variation (ms)","KPI from->to",110,24
"Max Delay Variation (ms)","KPI from->to",112,20
"Max Delay Variation (ms)","KPI from->to",114,11
"Max Delay Variation (ms)","KPI from->to",116,9
"Max Delay Variation (ms)","KPI from->to",118,10
"Max Delay Variation (ms)","KPI from->to",120,10


