"Test Information",Value
"RUN ID",496
"END EXECUTION TIME","2021-05-13 14:15:10"
"SOURCE PROBE NAME",raspberrypi-5G
"SOURCE PROBE TEST IP ADDRESS",raspberrypi-5G
"SOURCE PROBE MANAGEMENT IP ADDRESS",raspberrypi-5G
"SOURCE PROBE GROUP",Administrators
"DESTINATION PROBE NAME",raspberrypi-AAS
"DESTINATION PROBE TEST IP ADDRESS",raspberrypi-AAS
"DESTINATION PROBE MANAGEMENT IP ADDRESS",raspberrypi-AAS
"DESTINATION PROBE GROUP",Administrators
"DESTINATION PROBE LOCATION",
"TEST MODULE",MESH
"TEST TYPE","Network KPI"
"TEST ADDITIONAL INFORMATION"," DSCP Setting: Best Effort"
"TEST DURATION",120
"TEST STATUS",Failed
"FAIL OR ERROR REASON"," Threshold failed on KPI from->to Max Delay Variation (ms) 
"

Metric,"Pair Name",Value,"Threshold Type",Threshold,"Status KPI"
"Datagrams Out of Order","KPI from->to",0.0,0,>=,Passed
"Delay (ms)","KPI from->to",18.48,0,<=,Passed
"Jitter (ms)","KPI from->to",0.87,0,<=,Passed
"Jitter Max (ms)","KPI from->to",4.0,0,<=,Passed
Loss,"KPI from->to",0.0,0,<=,Passed
"Max Delay Variation (ms)","KPI from->to",22.0,0,<=,Failed
"Max loss burst","KPI from->to",0.0,0,<=,Passed
MOS,"KPI from->to",4.36,1,<=,Passed

Metric,"Pair Name",Timestamp,Value
MOS,"KPI from->to",102,4.36
MOS,"KPI from->to",104,4.36
MOS,"KPI from->to",106,4.36
MOS,"KPI from->to",108,4.36
MOS,"KPI from->to",110,4.36
MOS,"KPI from->to",112,4.36
MOS,"KPI from->to",114,4.36
MOS,"KPI from->to",116,4.36
MOS,"KPI from->to",118,4.36
MOS,"KPI from->to",120,4.36

Metric,"Pair Name",Timestamp,Value
"Jitter (ms)","KPI from->to",2,0
"Jitter (ms)","KPI from->to",4,0
"Jitter (ms)","KPI from->to",6,1
"Jitter (ms)","KPI from->to",8,0
"Jitter (ms)","KPI from->to",10,0
"Jitter (ms)","KPI from->to",12,1
"Jitter (ms)","KPI from->to",14,0
"Jitter (ms)","KPI from->to",16,0
"Jitter (ms)","KPI from->to",18,1
"Jitter (ms)","KPI from->to",20,0
"Jitter (ms)","KPI from->to",22,0
"Jitter (ms)","KPI from->to",24,2
"Jitter (ms)","KPI from->to",26,0
"Jitter (ms)","KPI from->to",28,1
"Jitter (ms)","KPI from->to",30,1
"Jitter (ms)","KPI from->to",32,0
"Jitter (ms)","KPI from->to",34,1
"Jitter (ms)","KPI from->to",36,1
"Jitter (ms)","KPI from->to",38,1
"Jitter (ms)","KPI from->to",40,1
"Jitter (ms)","KPI from->to",42,1
"Jitter (ms)","KPI from->to",44,1
"Jitter (ms)","KPI from->to",46,3
"Jitter (ms)","KPI from->to",48,2
"Jitter (ms)","KPI from->to",50,1
"Jitter (ms)","KPI from->to",52,4
"Jitter (ms)","KPI from->to",54,2
"Jitter (ms)","KPI from->to",56,2
"Jitter (ms)","KPI from->to",58,2
"Jitter (ms)","KPI from->to",60,2
"Jitter (ms)","KPI from->to",62,1
"Jitter (ms)","KPI from->to",64,2
"Jitter (ms)","KPI from->to",66,1
"Jitter (ms)","KPI from->to",68,1
"Jitter (ms)","KPI from->to",70,2
"Jitter (ms)","KPI from->to",72,1
"Jitter (ms)","KPI from->to",74,0
"Jitter (ms)","KPI from->to",76,1
"Jitter (ms)","KPI from->to",78,1
"Jitter (ms)","KPI from->to",80,1
"Jitter (ms)","KPI from->to",82,1
"Jitter (ms)","KPI from->to",84,0
"Jitter (ms)","KPI from->to",86,0
"Jitter (ms)","KPI from->to",88,0
"Jitter (ms)","KPI from->to",90,0
"Jitter (ms)","KPI from->to",92,0
"Jitter (ms)","KPI from->to",94,0
"Jitter (ms)","KPI from->to",96,0
"Jitter (ms)","KPI from->to",98,1
"Jitter (ms)","KPI from->to",100,0

Metric,"Pair Name",Timestamp,Value
"Max Delay Variation (ms)","KPI from->to",102,5
"Max Delay Variation (ms)","KPI from->to",104,8
"Max Delay Variation (ms)","KPI from->to",106,6
"Max Delay Variation (ms)","KPI from->to",108,12
"Max Delay Variation (ms)","KPI from->to",110,5
"Max Delay Variation (ms)","KPI from->to",112,6
"Max Delay Variation (ms)","KPI from->to",114,13
"Max Delay Variation (ms)","KPI from->to",116,5
"Max Delay Variation (ms)","KPI from->to",118,5
"Max Delay Variation (ms)","KPI from->to",120,5

Metric,"Pair Name",Timestamp,Value
"Delay (ms)","KPI from->to",102,19
"Delay (ms)","KPI from->to",104,19
"Delay (ms)","KPI from->to",106,19
"Delay (ms)","KPI from->to",108,19
"Delay (ms)","KPI from->to",110,19
"Delay (ms)","KPI from->to",112,18
"Delay (ms)","KPI from->to",114,18
"Delay (ms)","KPI from->to",116,18
"Delay (ms)","KPI from->to",118,18
"Delay (ms)","KPI from->to",120,18

Metric,"Pair Name",Timestamp,Value
Loss,"KPI from->to",102,0
Loss,"KPI from->to",104,0
Loss,"KPI from->to",106,0
Loss,"KPI from->to",108,0
Loss,"KPI from->to",110,0
Loss,"KPI from->to",112,0
Loss,"KPI from->to",114,0
Loss,"KPI from->to",116,0
Loss,"KPI from->to",118,0
Loss,"KPI from->to",120,0

Metric,"Pair Name",Timestamp,Value
"Jitter (ms)","KPI from->to",102,1
"Jitter (ms)","KPI from->to",104,0
"Jitter (ms)","KPI from->to",106,0
"Jitter (ms)","KPI from->to",108,2
"Jitter (ms)","KPI from->to",110,1
"Jitter (ms)","KPI from->to",112,0
"Jitter (ms)","KPI from->to",114,3
"Jitter (ms)","KPI from->to",116,0
"Jitter (ms)","KPI from->to",118,1
"Jitter (ms)","KPI from->to",120,0

Metric,"Pair Name",Timestamp,Value
Loss,"KPI from->to",2,0
Loss,"KPI from->to",4,0
Loss,"KPI from->to",6,0
Loss,"KPI from->to",8,0
Loss,"KPI from->to",10,0
Loss,"KPI from->to",12,0
Loss,"KPI from->to",14,0
Loss,"KPI from->to",16,0
Loss,"KPI from->to",18,0
Loss,"KPI from->to",20,0
Loss,"KPI from->to",22,0
Loss,"KPI from->to",24,0
Loss,"KPI from->to",26,0
Loss,"KPI from->to",28,0
Loss,"KPI from->to",30,0
Loss,"KPI from->to",32,0
Loss,"KPI from->to",34,0
Loss,"KPI from->to",36,0
Loss,"KPI from->to",38,0
Loss,"KPI from->to",40,0
Loss,"KPI from->to",42,0
Loss,"KPI from->to",44,0
Loss,"KPI from->to",46,0
Loss,"KPI from->to",48,0
Loss,"KPI from->to",50,0
Loss,"KPI from->to",52,0
Loss,"KPI from->to",54,0
Loss,"KPI from->to",56,0
Loss,"KPI from->to",58,0
Loss,"KPI from->to",60,0
Loss,"KPI from->to",62,0
Loss,"KPI from->to",64,0
Loss,"KPI from->to",66,0
Loss,"KPI from->to",68,0
Loss,"KPI from->to",70,0
Loss,"KPI from->to",72,0
Loss,"KPI from->to",74,0
Loss,"KPI from->to",76,0
Loss,"KPI from->to",78,0
Loss,"KPI from->to",80,0
Loss,"KPI from->to",82,0
Loss,"KPI from->to",84,0
Loss,"KPI from->to",86,0
Loss,"KPI from->to",88,0
Loss,"KPI from->to",90,0
Loss,"KPI from->to",92,0
Loss,"KPI from->to",94,0
Loss,"KPI from->to",96,0
Loss,"KPI from->to",98,0
Loss,"KPI from->to",100,0

Metric,"Pair Name",Timestamp,Value
"Delay (ms)","KPI from->to",2,22
"Delay (ms)","KPI from->to",4,21
"Delay (ms)","KPI from->to",6,22
"Delay (ms)","KPI from->to",8,21
"Delay (ms)","KPI from->to",10,22
"Delay (ms)","KPI from->to",12,22
"Delay (ms)","KPI from->to",14,22
"Delay (ms)","KPI from->to",16,20
"Delay (ms)","KPI from->to",18,17
"Delay (ms)","KPI from->to",20,17
"Delay (ms)","KPI from->to",22,17
"Delay (ms)","KPI from->to",24,18
"Delay (ms)","KPI from->to",26,17
"Delay (ms)","KPI from->to",28,17
"Delay (ms)","KPI from->to",30,17
"Delay (ms)","KPI from->to",32,17
"Delay (ms)","KPI from->to",34,18
"Delay (ms)","KPI from->to",36,18
"Delay (ms)","KPI from->to",38,18
"Delay (ms)","KPI from->to",40,18
"Delay (ms)","KPI from->to",42,18
"Delay (ms)","KPI from->to",44,18
"Delay (ms)","KPI from->to",46,19
"Delay (ms)","KPI from->to",48,17
"Delay (ms)","KPI from->to",50,17
"Delay (ms)","KPI from->to",52,20
"Delay (ms)","KPI from->to",54,18
"Delay (ms)","KPI from->to",56,17
"Delay (ms)","KPI from->to",58,17
"Delay (ms)","KPI from->to",60,18
"Delay (ms)","KPI from->to",62,18
"Delay (ms)","KPI from->to",64,19
"Delay (ms)","KPI from->to",66,18
"Delay (ms)","KPI from->to",68,18
"Delay (ms)","KPI from->to",70,18
"Delay (ms)","KPI from->to",72,18
"Delay (ms)","KPI from->to",74,18
"Delay (ms)","KPI from->to",76,18
"Delay (ms)","KPI from->to",78,18
"Delay (ms)","KPI from->to",80,19
"Delay (ms)","KPI from->to",82,18
"Delay (ms)","KPI from->to",84,18
"Delay (ms)","KPI from->to",86,18
"Delay (ms)","KPI from->to",88,18
"Delay (ms)","KPI from->to",90,18
"Delay (ms)","KPI from->to",92,18
"Delay (ms)","KPI from->to",94,18
"Delay (ms)","KPI from->to",96,18
"Delay (ms)","KPI from->to",98,19
"Delay (ms)","KPI from->to",100,19

Metric,"Pair Name",Timestamp,Value
"Max Delay Variation (ms)","KPI from->to",2,5
"Max Delay Variation (ms)","KPI from->to",4,3
"Max Delay Variation (ms)","KPI from->to",6,7
"Max Delay Variation (ms)","KPI from->to",8,5
"Max Delay Variation (ms)","KPI from->to",10,5
"Max Delay Variation (ms)","KPI from->to",12,6
"Max Delay Variation (ms)","KPI from->to",14,5
"Max Delay Variation (ms)","KPI from->to",16,4
"Max Delay Variation (ms)","KPI from->to",18,5
"Max Delay Variation (ms)","KPI from->to",20,4
"Max Delay Variation (ms)","KPI from->to",22,8
"Max Delay Variation (ms)","KPI from->to",24,20
"Max Delay Variation (ms)","KPI from->to",26,4
"Max Delay Variation (ms)","KPI from->to",28,7
"Max Delay Variation (ms)","KPI from->to",30,6
"Max Delay Variation (ms)","KPI from->to",32,3
"Max Delay Variation (ms)","KPI from->to",34,7
"Max Delay Variation (ms)","KPI from->to",36,22
"Max Delay Variation (ms)","KPI from->to",38,13
"Max Delay Variation (ms)","KPI from->to",40,11
"Max Delay Variation (ms)","KPI from->to",42,17
"Max Delay Variation (ms)","KPI from->to",44,11
"Max Delay Variation (ms)","KPI from->to",46,21
"Max Delay Variation (ms)","KPI from->to",48,10
"Max Delay Variation (ms)","KPI from->to",50,6
"Max Delay Variation (ms)","KPI from->to",52,21
"Max Delay Variation (ms)","KPI from->to",54,8
"Max Delay Variation (ms)","KPI from->to",56,9
"Max Delay Variation (ms)","KPI from->to",58,15
"Max Delay Variation (ms)","KPI from->to",60,12
"Max Delay Variation (ms)","KPI from->to",62,13
"Max Delay Variation (ms)","KPI from->to",64,20
"Max Delay Variation (ms)","KPI from->to",66,13
"Max Delay Variation (ms)","KPI from->to",68,20
"Max Delay Variation (ms)","KPI from->to",70,15
"Max Delay Variation (ms)","KPI from->to",72,8
"Max Delay Variation (ms)","KPI from->to",74,5
"Max Delay Variation (ms)","KPI from->to",76,6
"Max Delay Variation (ms)","KPI from->to",78,5
"Max Delay Variation (ms)","KPI from->to",80,10
"Max Delay Variation (ms)","KPI from->to",82,5
"Max Delay Variation (ms)","KPI from->to",84,8
"Max Delay Variation (ms)","KPI from->to",86,3
"Max Delay Variation (ms)","KPI from->to",88,3
"Max Delay Variation (ms)","KPI from->to",90,3
"Max Delay Variation (ms)","KPI from->to",92,3
"Max Delay Variation (ms)","KPI from->to",94,3
"Max Delay Variation (ms)","KPI from->to",96,5
"Max Delay Variation (ms)","KPI from->to",98,6
"Max Delay Variation (ms)","KPI from->to",100,5

Metric,"Pair Name",Timestamp,Value
MOS,"KPI from->to",2,4.36
MOS,"KPI from->to",4,4.36
MOS,"KPI from->to",6,4.36
MOS,"KPI from->to",8,4.36
MOS,"KPI from->to",10,4.36
MOS,"KPI from->to",12,4.36
MOS,"KPI from->to",14,4.36
MOS,"KPI from->to",16,4.36
MOS,"KPI from->to",18,4.37
MOS,"KPI from->to",20,4.37
MOS,"KPI from->to",22,4.37
MOS,"KPI from->to",24,4.36
MOS,"KPI from->to",26,4.37
MOS,"KPI from->to",28,4.37
MOS,"KPI from->to",30,4.37
MOS,"KPI from->to",32,4.37
MOS,"KPI from->to",34,4.36
MOS,"KPI from->to",36,4.36
MOS,"KPI from->to",38,4.36
MOS,"KPI from->to",40,4.36
MOS,"KPI from->to",42,4.36
MOS,"KPI from->to",44,4.36
MOS,"KPI from->to",46,4.36
MOS,"KPI from->to",48,4.37
MOS,"KPI from->to",50,4.37
MOS,"KPI from->to",52,4.36
MOS,"KPI from->to",54,4.36
MOS,"KPI from->to",56,4.37
MOS,"KPI from->to",58,4.37
MOS,"KPI from->to",60,4.36
MOS,"KPI from->to",62,4.36
MOS,"KPI from->to",64,4.36
MOS,"KPI from->to",66,4.36
MOS,"KPI from->to",68,4.36
MOS,"KPI from->to",70,4.36
MOS,"KPI from->to",72,4.36
MOS,"KPI from->to",74,4.36
MOS,"KPI from->to",76,4.36
MOS,"KPI from->to",78,4.36
MOS,"KPI from->to",80,4.36
MOS,"KPI from->to",82,4.36
MOS,"KPI from->to",84,4.36
MOS,"KPI from->to",86,4.36
MOS,"KPI from->to",88,4.36
MOS,"KPI from->to",90,4.36
MOS,"KPI from->to",92,4.36
MOS,"KPI from->to",94,4.36
MOS,"KPI from->to",96,4.36
MOS,"KPI from->to",98,4.36
MOS,"KPI from->to",100,4.36


