"Test Information",Value
"RUN ID",496
"END EXECUTION TIME","2021-05-13 14:35:05"
"SOURCE PROBE NAME",raspberrypi-5G
"SOURCE PROBE TEST IP ADDRESS",raspberrypi-5G
"SOURCE PROBE MANAGEMENT IP ADDRESS",raspberrypi-5G
"SOURCE PROBE GROUP",Administrators
"DESTINATION PROBE NAME",raspberrypi-AAS
"DESTINATION PROBE TEST IP ADDRESS",raspberrypi-AAS
"DESTINATION PROBE MANAGEMENT IP ADDRESS",raspberrypi-AAS
"DESTINATION PROBE GROUP",Administrators
"DESTINATION PROBE LOCATION",
"TEST MODULE",MESH
"TEST TYPE","Network KPI"
"TEST ADDITIONAL INFORMATION"," DSCP Setting: Best Effort"
"TEST DURATION",120
"TEST STATUS",Failed
"FAIL OR ERROR REASON"," Threshold failed on KPI from->to Max Delay Variation (ms) 
"

Metric,"Pair Name",Value,"Threshold Type",Threshold,"Status KPI"
"Datagrams Out of Order","KPI from->to",0.0,0,>=,Passed
"Delay (ms)","KPI from->to",21.05,0,<=,Passed
"Jitter (ms)","KPI from->to",2.03,0,<=,Passed
"Jitter Max (ms)","KPI from->to",5.0,0,<=,Passed
Loss,"KPI from->to",0.0,0,<=,Passed
"Max Delay Variation (ms)","KPI from->to",24.0,0,<=,Failed
"Max loss burst","KPI from->to",0.0,0,<=,Passed
MOS,"KPI from->to",4.36,1,<=,Passed

Metric,"Pair Name",Timestamp,Value
MOS,"KPI from->to",102,4.36
MOS,"KPI from->to",104,4.36
MOS,"KPI from->to",106,4.36
MOS,"KPI from->to",108,4.36
MOS,"KPI from->to",110,4.36
MOS,"KPI from->to",112,4.36
MOS,"KPI from->to",114,4.36
MOS,"KPI from->to",116,4.36
MOS,"KPI from->to",118,4.36
MOS,"KPI from->to",120,4.36

Metric,"Pair Name",Timestamp,Value
"Jitter (ms)","KPI from->to",2,1
"Jitter (ms)","KPI from->to",4,1
"Jitter (ms)","KPI from->to",6,2
"Jitter (ms)","KPI from->to",8,1
"Jitter (ms)","KPI from->to",10,3
"Jitter (ms)","KPI from->to",12,1
"Jitter (ms)","KPI from->to",14,2
"Jitter (ms)","KPI from->to",16,2
"Jitter (ms)","KPI from->to",18,2
"Jitter (ms)","KPI from->to",20,2
"Jitter (ms)","KPI from->to",22,1
"Jitter (ms)","KPI from->to",24,1
"Jitter (ms)","KPI from->to",26,1
"Jitter (ms)","KPI from->to",28,2
"Jitter (ms)","KPI from->to",30,2
"Jitter (ms)","KPI from->to",32,4
"Jitter (ms)","KPI from->to",34,5
"Jitter (ms)","KPI from->to",36,3
"Jitter (ms)","KPI from->to",38,1
"Jitter (ms)","KPI from->to",40,1
"Jitter (ms)","KPI from->to",42,2
"Jitter (ms)","KPI from->to",44,2
"Jitter (ms)","KPI from->to",46,2
"Jitter (ms)","KPI from->to",48,2
"Jitter (ms)","KPI from->to",50,2
"Jitter (ms)","KPI from->to",52,3
"Jitter (ms)","KPI from->to",54,4
"Jitter (ms)","KPI from->to",56,4
"Jitter (ms)","KPI from->to",58,3
"Jitter (ms)","KPI from->to",60,3
"Jitter (ms)","KPI from->to",62,4
"Jitter (ms)","KPI from->to",64,3
"Jitter (ms)","KPI from->to",66,2
"Jitter (ms)","KPI from->to",68,2
"Jitter (ms)","KPI from->to",70,3
"Jitter (ms)","KPI from->to",72,3
"Jitter (ms)","KPI from->to",74,3
"Jitter (ms)","KPI from->to",76,2
"Jitter (ms)","KPI from->to",78,1
"Jitter (ms)","KPI from->to",80,0
"Jitter (ms)","KPI from->to",82,2
"Jitter (ms)","KPI from->to",84,1
"Jitter (ms)","KPI from->to",86,1
"Jitter (ms)","KPI from->to",88,1
"Jitter (ms)","KPI from->to",90,2
"Jitter (ms)","KPI from->to",92,2
"Jitter (ms)","KPI from->to",94,1
"Jitter (ms)","KPI from->to",96,2
"Jitter (ms)","KPI from->to",98,1
"Jitter (ms)","KPI from->to",100,1

Metric,"Pair Name",Timestamp,Value
Loss,"KPI from->to",2,0
Loss,"KPI from->to",4,0
Loss,"KPI from->to",6,0
Loss,"KPI from->to",8,0
Loss,"KPI from->to",10,0
Loss,"KPI from->to",12,0
Loss,"KPI from->to",14,0
Loss,"KPI from->to",16,0
Loss,"KPI from->to",18,0
Loss,"KPI from->to",20,0
Loss,"KPI from->to",22,0
Loss,"KPI from->to",24,0
Loss,"KPI from->to",26,0
Loss,"KPI from->to",28,0
Loss,"KPI from->to",30,0
Loss,"KPI from->to",32,0
Loss,"KPI from->to",34,0
Loss,"KPI from->to",36,0
Loss,"KPI from->to",38,0
Loss,"KPI from->to",40,0
Loss,"KPI from->to",42,0
Loss,"KPI from->to",44,0
Loss,"KPI from->to",46,0
Loss,"KPI from->to",48,0
Loss,"KPI from->to",50,0
Loss,"KPI from->to",52,0
Loss,"KPI from->to",54,0
Loss,"KPI from->to",56,0
Loss,"KPI from->to",58,0
Loss,"KPI from->to",60,0
Loss,"KPI from->to",62,0
Loss,"KPI from->to",64,0
Loss,"KPI from->to",66,0
Loss,"KPI from->to",68,0
Loss,"KPI from->to",70,0
Loss,"KPI from->to",72,0
Loss,"KPI from->to",74,0
Loss,"KPI from->to",76,0
Loss,"KPI from->to",78,0
Loss,"KPI from->to",80,0
Loss,"KPI from->to",82,0
Loss,"KPI from->to",84,0
Loss,"KPI from->to",86,0
Loss,"KPI from->to",88,0
Loss,"KPI from->to",90,0
Loss,"KPI from->to",92,0
Loss,"KPI from->to",94,0
Loss,"KPI from->to",96,0
Loss,"KPI from->to",98,0
Loss,"KPI from->to",100,0

Metric,"Pair Name",Timestamp,Value
Loss,"KPI from->to",102,0
Loss,"KPI from->to",104,0
Loss,"KPI from->to",106,0
Loss,"KPI from->to",108,0
Loss,"KPI from->to",110,0
Loss,"KPI from->to",112,0
Loss,"KPI from->to",114,0
Loss,"KPI from->to",116,0
Loss,"KPI from->to",118,0
Loss,"KPI from->to",120,0

Metric,"Pair Name",Timestamp,Value
"Max Delay Variation (ms)","KPI from->to",2,8
"Max Delay Variation (ms)","KPI from->to",4,13
"Max Delay Variation (ms)","KPI from->to",6,13
"Max Delay Variation (ms)","KPI from->to",8,9
"Max Delay Variation (ms)","KPI from->to",10,18
"Max Delay Variation (ms)","KPI from->to",12,13
"Max Delay Variation (ms)","KPI from->to",14,14
"Max Delay Variation (ms)","KPI from->to",16,9
"Max Delay Variation (ms)","KPI from->to",18,9
"Max Delay Variation (ms)","KPI from->to",20,13
"Max Delay Variation (ms)","KPI from->to",22,9
"Max Delay Variation (ms)","KPI from->to",24,8
"Max Delay Variation (ms)","KPI from->to",26,11
"Max Delay Variation (ms)","KPI from->to",28,12
"Max Delay Variation (ms)","KPI from->to",30,13
"Max Delay Variation (ms)","KPI from->to",32,12
"Max Delay Variation (ms)","KPI from->to",34,14
"Max Delay Variation (ms)","KPI from->to",36,14
"Max Delay Variation (ms)","KPI from->to",38,15
"Max Delay Variation (ms)","KPI from->to",40,13
"Max Delay Variation (ms)","KPI from->to",42,14
"Max Delay Variation (ms)","KPI from->to",44,8
"Max Delay Variation (ms)","KPI from->to",46,15
"Max Delay Variation (ms)","KPI from->to",48,9
"Max Delay Variation (ms)","KPI from->to",50,14
"Max Delay Variation (ms)","KPI from->to",52,9
"Max Delay Variation (ms)","KPI from->to",54,14
"Max Delay Variation (ms)","KPI from->to",56,19
"Max Delay Variation (ms)","KPI from->to",58,17
"Max Delay Variation (ms)","KPI from->to",60,12
"Max Delay Variation (ms)","KPI from->to",62,12
"Max Delay Variation (ms)","KPI from->to",64,15
"Max Delay Variation (ms)","KPI from->to",66,13
"Max Delay Variation (ms)","KPI from->to",68,14
"Max Delay Variation (ms)","KPI from->to",70,15
"Max Delay Variation (ms)","KPI from->to",72,16
"Max Delay Variation (ms)","KPI from->to",74,13
"Max Delay Variation (ms)","KPI from->to",76,14
"Max Delay Variation (ms)","KPI from->to",78,10
"Max Delay Variation (ms)","KPI from->to",80,12
"Max Delay Variation (ms)","KPI from->to",82,13
"Max Delay Variation (ms)","KPI from->to",84,10
"Max Delay Variation (ms)","KPI from->to",86,11
"Max Delay Variation (ms)","KPI from->to",88,14
"Max Delay Variation (ms)","KPI from->to",90,9
"Max Delay Variation (ms)","KPI from->to",92,13
"Max Delay Variation (ms)","KPI from->to",94,8
"Max Delay Variation (ms)","KPI from->to",96,13
"Max Delay Variation (ms)","KPI from->to",98,10
"Max Delay Variation (ms)","KPI from->to",100,9

Metric,"Pair Name",Timestamp,Value
"Max Delay Variation (ms)","KPI from->to",102,24
"Max Delay Variation (ms)","KPI from->to",104,10
"Max Delay Variation (ms)","KPI from->to",106,12
"Max Delay Variation (ms)","KPI from->to",108,9
"Max Delay Variation (ms)","KPI from->to",110,10
"Max Delay Variation (ms)","KPI from->to",112,9
"Max Delay Variation (ms)","KPI from->to",114,13
"Max Delay Variation (ms)","KPI from->to",116,11
"Max Delay Variation (ms)","KPI from->to",118,13
"Max Delay Variation (ms)","KPI from->to",120,14

Metric,"Pair Name",Timestamp,Value
MOS,"KPI from->to",2,4.36
MOS,"KPI from->to",4,4.36
MOS,"KPI from->to",6,4.36
MOS,"KPI from->to",8,4.36
MOS,"KPI from->to",10,4.36
MOS,"KPI from->to",12,4.36
MOS,"KPI from->to",14,4.36
MOS,"KPI from->to",16,4.36
MOS,"KPI from->to",18,4.36
MOS,"KPI from->to",20,4.36
MOS,"KPI from->to",22,4.36
MOS,"KPI from->to",24,4.36
MOS,"KPI from->to",26,4.36
MOS,"KPI from->to",28,4.36
MOS,"KPI from->to",30,4.36
MOS,"KPI from->to",32,4.36
MOS,"KPI from->to",34,4.36
MOS,"KPI from->to",36,4.36
MOS,"KPI from->to",38,4.36
MOS,"KPI from->to",40,4.36
MOS,"KPI from->to",42,4.36
MOS,"KPI from->to",44,4.36
MOS,"KPI from->to",46,4.37
MOS,"KPI from->to",48,4.36
MOS,"KPI from->to",50,4.36
MOS,"KPI from->to",52,4.36
MOS,"KPI from->to",54,4.36
MOS,"KPI from->to",56,4.36
MOS,"KPI from->to",58,4.36
MOS,"KPI from->to",60,4.36
MOS,"KPI from->to",62,4.36
MOS,"KPI from->to",64,4.36
MOS,"KPI from->to",66,4.36
MOS,"KPI from->to",68,4.36
MOS,"KPI from->to",70,4.36
MOS,"KPI from->to",72,4.36
MOS,"KPI from->to",74,4.36
MOS,"KPI from->to",76,4.36
MOS,"KPI from->to",78,4.36
MOS,"KPI from->to",80,4.36
MOS,"KPI from->to",82,4.36
MOS,"KPI from->to",84,4.36
MOS,"KPI from->to",86,4.36
MOS,"KPI from->to",88,4.36
MOS,"KPI from->to",90,4.36
MOS,"KPI from->to",92,4.36
MOS,"KPI from->to",94,4.36
MOS,"KPI from->to",96,4.36
MOS,"KPI from->to",98,4.36
MOS,"KPI from->to",100,4.36

Metric,"Pair Name",Timestamp,Value
"Delay (ms)","KPI from->to",2,22
"Delay (ms)","KPI from->to",4,23
"Delay (ms)","KPI from->to",6,24
"Delay (ms)","KPI from->to",8,23
"Delay (ms)","KPI from->to",10,24
"Delay (ms)","KPI from->to",12,22
"Delay (ms)","KPI from->to",14,22
"Delay (ms)","KPI from->to",16,23
"Delay (ms)","KPI from->to",18,24
"Delay (ms)","KPI from->to",20,24
"Delay (ms)","KPI from->to",22,23
"Delay (ms)","KPI from->to",24,23
"Delay (ms)","KPI from->to",26,22
"Delay (ms)","KPI from->to",28,24
"Delay (ms)","KPI from->to",30,24
"Delay (ms)","KPI from->to",32,21
"Delay (ms)","KPI from->to",34,19
"Delay (ms)","KPI from->to",36,20
"Delay (ms)","KPI from->to",38,19
"Delay (ms)","KPI from->to",40,18
"Delay (ms)","KPI from->to",42,18
"Delay (ms)","KPI from->to",44,18
"Delay (ms)","KPI from->to",46,17
"Delay (ms)","KPI from->to",48,19
"Delay (ms)","KPI from->to",50,19
"Delay (ms)","KPI from->to",52,19
"Delay (ms)","KPI from->to",54,20
"Delay (ms)","KPI from->to",56,20
"Delay (ms)","KPI from->to",58,19
"Delay (ms)","KPI from->to",60,20
"Delay (ms)","KPI from->to",62,20
"Delay (ms)","KPI from->to",64,20
"Delay (ms)","KPI from->to",66,20
"Delay (ms)","KPI from->to",68,19
"Delay (ms)","KPI from->to",70,19
"Delay (ms)","KPI from->to",72,20
"Delay (ms)","KPI from->to",74,21
"Delay (ms)","KPI from->to",76,19
"Delay (ms)","KPI from->to",78,19
"Delay (ms)","KPI from->to",80,19
"Delay (ms)","KPI from->to",82,19
"Delay (ms)","KPI from->to",84,19
"Delay (ms)","KPI from->to",86,19
"Delay (ms)","KPI from->to",88,19
"Delay (ms)","KPI from->to",90,18
"Delay (ms)","KPI from->to",92,19
"Delay (ms)","KPI from->to",94,20
"Delay (ms)","KPI from->to",96,21
"Delay (ms)","KPI from->to",98,22
"Delay (ms)","KPI from->to",100,22

Metric,"Pair Name",Timestamp,Value
"Delay (ms)","KPI from->to",102,24
"Delay (ms)","KPI from->to",104,23
"Delay (ms)","KPI from->to",106,23
"Delay (ms)","KPI from->to",108,23
"Delay (ms)","KPI from->to",110,24
"Delay (ms)","KPI from->to",112,23
"Delay (ms)","KPI from->to",114,24
"Delay (ms)","KPI from->to",116,23
"Delay (ms)","KPI from->to",118,24
"Delay (ms)","KPI from->to",120,25

Metric,"Pair Name",Timestamp,Value
"Jitter (ms)","KPI from->to",102,2
"Jitter (ms)","KPI from->to",104,1
"Jitter (ms)","KPI from->to",106,3
"Jitter (ms)","KPI from->to",108,2
"Jitter (ms)","KPI from->to",110,2
"Jitter (ms)","KPI from->to",112,1
"Jitter (ms)","KPI from->to",114,2
"Jitter (ms)","KPI from->to",116,1
"Jitter (ms)","KPI from->to",118,2
"Jitter (ms)","KPI from->to",120,4


