"Test Information",Value
"RUN ID",496
"END EXECUTION TIME","2021-05-13 14:21:49"
"SOURCE PROBE NAME",raspberrypi-5G
"SOURCE PROBE TEST IP ADDRESS",raspberrypi-5G
"SOURCE PROBE MANAGEMENT IP ADDRESS",raspberrypi-5G
"SOURCE PROBE GROUP",Administrators
"DESTINATION PROBE NAME",raspberrypi-AAS
"DESTINATION PROBE TEST IP ADDRESS",raspberrypi-AAS
"DESTINATION PROBE MANAGEMENT IP ADDRESS",raspberrypi-AAS
"DESTINATION PROBE GROUP",Administrators
"DESTINATION PROBE LOCATION",
"TEST MODULE",MESH
"TEST TYPE","Network KPI"
"TEST ADDITIONAL INFORMATION"," DSCP Setting: Best Effort"
"TEST DURATION",120
"TEST STATUS",Failed
"FAIL OR ERROR REASON"," Threshold failed on KPI from->to Jitter Max (ms) 
 Threshold failed on KPI from->to Max Delay Variation (ms) 
"

Metric,"Pair Name",Value,"Threshold Type",Threshold,"Status KPI"
"Datagrams Out of Order","KPI from->to",0.0,0,>=,Passed
"Delay (ms)","KPI from->to",20.03,0,<=,Passed
"Jitter (ms)","KPI from->to",0.97,0,<=,Passed
"Jitter Max (ms)","KPI from->to",8.0,0,<=,Failed
Loss,"KPI from->to",0.0,0,<=,Passed
"Max Delay Variation (ms)","KPI from->to",49.0,0,<=,Failed
"Max loss burst","KPI from->to",0.0,0,<=,Passed
MOS,"KPI from->to",4.33,1,<=,Passed

Metric,"Pair Name",Timestamp,Value
Loss,"KPI from->to",102,0
Loss,"KPI from->to",104,0
Loss,"KPI from->to",106,0
Loss,"KPI from->to",108,0
Loss,"KPI from->to",110,0
Loss,"KPI from->to",112,0
Loss,"KPI from->to",114,0
Loss,"KPI from->to",116,0
Loss,"KPI from->to",118,0
Loss,"KPI from->to",120,0

Metric,"Pair Name",Timestamp,Value
"Delay (ms)","KPI from->to",102,22
"Delay (ms)","KPI from->to",104,22
"Delay (ms)","KPI from->to",106,22
"Delay (ms)","KPI from->to",108,23
"Delay (ms)","KPI from->to",110,22
"Delay (ms)","KPI from->to",112,23
"Delay (ms)","KPI from->to",114,23
"Delay (ms)","KPI from->to",116,23
"Delay (ms)","KPI from->to",118,22
"Delay (ms)","KPI from->to",120,22

Metric,"Pair Name",Timestamp,Value
"Jitter (ms)","KPI from->to",2,0
"Jitter (ms)","KPI from->to",4,0
"Jitter (ms)","KPI from->to",6,2
"Jitter (ms)","KPI from->to",8,0
"Jitter (ms)","KPI from->to",10,0
"Jitter (ms)","KPI from->to",12,0
"Jitter (ms)","KPI from->to",14,0
"Jitter (ms)","KPI from->to",16,0
"Jitter (ms)","KPI from->to",18,0
"Jitter (ms)","KPI from->to",20,0
"Jitter (ms)","KPI from->to",22,2
"Jitter (ms)","KPI from->to",24,1
"Jitter (ms)","KPI from->to",26,2
"Jitter (ms)","KPI from->to",28,2
"Jitter (ms)","KPI from->to",30,8
"Jitter (ms)","KPI from->to",32,2
"Jitter (ms)","KPI from->to",34,3
"Jitter (ms)","KPI from->to",36,1
"Jitter (ms)","KPI from->to",38,1
"Jitter (ms)","KPI from->to",40,0
"Jitter (ms)","KPI from->to",42,1
"Jitter (ms)","KPI from->to",44,0
"Jitter (ms)","KPI from->to",46,1
"Jitter (ms)","KPI from->to",48,0
"Jitter (ms)","KPI from->to",50,1
"Jitter (ms)","KPI from->to",52,1
"Jitter (ms)","KPI from->to",54,1
"Jitter (ms)","KPI from->to",56,1
"Jitter (ms)","KPI from->to",58,1
"Jitter (ms)","KPI from->to",60,1
"Jitter (ms)","KPI from->to",62,0
"Jitter (ms)","KPI from->to",64,0
"Jitter (ms)","KPI from->to",66,1
"Jitter (ms)","KPI from->to",68,1
"Jitter (ms)","KPI from->to",70,2
"Jitter (ms)","KPI from->to",72,0
"Jitter (ms)","KPI from->to",74,0
"Jitter (ms)","KPI from->to",76,0
"Jitter (ms)","KPI from->to",78,0
"Jitter (ms)","KPI from->to",80,0
"Jitter (ms)","KPI from->to",82,0
"Jitter (ms)","KPI from->to",84,1
"Jitter (ms)","KPI from->to",86,0
"Jitter (ms)","KPI from->to",88,0
"Jitter (ms)","KPI from->to",90,3
"Jitter (ms)","KPI from->to",92,0
"Jitter (ms)","KPI from->to",94,4
"Jitter (ms)","KPI from->to",96,1
"Jitter (ms)","KPI from->to",98,1
"Jitter (ms)","KPI from->to",100,1

Metric,"Pair Name",Timestamp,Value
MOS,"KPI from->to",102,4.36
MOS,"KPI from->to",104,4.36
MOS,"KPI from->to",106,4.36
MOS,"KPI from->to",108,4.36
MOS,"KPI from->to",110,4.36
MOS,"KPI from->to",112,4.36
MOS,"KPI from->to",114,4.36
MOS,"KPI from->to",116,4.36
MOS,"KPI from->to",118,4.36
MOS,"KPI from->to",120,4.36

Metric,"Pair Name",Timestamp,Value
"Max Delay Variation (ms)","KPI from->to",2,2
"Max Delay Variation (ms)","KPI from->to",4,3
"Max Delay Variation (ms)","KPI from->to",6,12
"Max Delay Variation (ms)","KPI from->to",8,3
"Max Delay Variation (ms)","KPI from->to",10,6
"Max Delay Variation (ms)","KPI from->to",12,3
"Max Delay Variation (ms)","KPI from->to",14,4
"Max Delay Variation (ms)","KPI from->to",16,3
"Max Delay Variation (ms)","KPI from->to",18,3
"Max Delay Variation (ms)","KPI from->to",20,3
"Max Delay Variation (ms)","KPI from->to",22,10
"Max Delay Variation (ms)","KPI from->to",24,8
"Max Delay Variation (ms)","KPI from->to",26,21
"Max Delay Variation (ms)","KPI from->to",28,49
"Max Delay Variation (ms)","KPI from->to",30,41
"Max Delay Variation (ms)","KPI from->to",32,20
"Max Delay Variation (ms)","KPI from->to",34,30
"Max Delay Variation (ms)","KPI from->to",36,5
"Max Delay Variation (ms)","KPI from->to",38,5
"Max Delay Variation (ms)","KPI from->to",40,6
"Max Delay Variation (ms)","KPI from->to",42,8
"Max Delay Variation (ms)","KPI from->to",44,8
"Max Delay Variation (ms)","KPI from->to",46,6
"Max Delay Variation (ms)","KPI from->to",48,4
"Max Delay Variation (ms)","KPI from->to",50,13
"Max Delay Variation (ms)","KPI from->to",52,10
"Max Delay Variation (ms)","KPI from->to",54,5
"Max Delay Variation (ms)","KPI from->to",56,8
"Max Delay Variation (ms)","KPI from->to",58,9
"Max Delay Variation (ms)","KPI from->to",60,9
"Max Delay Variation (ms)","KPI from->to",62,3
"Max Delay Variation (ms)","KPI from->to",64,6
"Max Delay Variation (ms)","KPI from->to",66,10
"Max Delay Variation (ms)","KPI from->to",68,8
"Max Delay Variation (ms)","KPI from->to",70,11
"Max Delay Variation (ms)","KPI from->to",72,3
"Max Delay Variation (ms)","KPI from->to",74,3
"Max Delay Variation (ms)","KPI from->to",76,3
"Max Delay Variation (ms)","KPI from->to",78,2
"Max Delay Variation (ms)","KPI from->to",80,3
"Max Delay Variation (ms)","KPI from->to",82,4
"Max Delay Variation (ms)","KPI from->to",84,16
"Max Delay Variation (ms)","KPI from->to",86,8
"Max Delay Variation (ms)","KPI from->to",88,3
"Max Delay Variation (ms)","KPI from->to",90,11
"Max Delay Variation (ms)","KPI from->to",92,4
"Max Delay Variation (ms)","KPI from->to",94,27
"Max Delay Variation (ms)","KPI from->to",96,6
"Max Delay Variation (ms)","KPI from->to",98,7
"Max Delay Variation (ms)","KPI from->to",100,8

Metric,"Pair Name",Timestamp,Value
MOS,"KPI from->to",2,4.37
MOS,"KPI from->to",4,4.37
MOS,"KPI from->to",6,4.36
MOS,"KPI from->to",8,4.36
MOS,"KPI from->to",10,4.36
MOS,"KPI from->to",12,4.36
MOS,"KPI from->to",14,4.36
MOS,"KPI from->to",16,4.36
MOS,"KPI from->to",18,4.36
MOS,"KPI from->to",20,4.36
MOS,"KPI from->to",22,4.36
MOS,"KPI from->to",24,4.36
MOS,"KPI from->to",26,4.36
MOS,"KPI from->to",28,3.48
MOS,"KPI from->to",30,3.48
MOS,"KPI from->to",32,4.36
MOS,"KPI from->to",34,4.36
MOS,"KPI from->to",36,4.36
MOS,"KPI from->to",38,4.36
MOS,"KPI from->to",40,4.36
MOS,"KPI from->to",42,4.36
MOS,"KPI from->to",44,4.36
MOS,"KPI from->to",46,4.36
MOS,"KPI from->to",48,4.36
MOS,"KPI from->to",50,4.36
MOS,"KPI from->to",52,4.36
MOS,"KPI from->to",54,4.36
MOS,"KPI from->to",56,4.36
MOS,"KPI from->to",58,4.36
MOS,"KPI from->to",60,4.36
MOS,"KPI from->to",62,4.36
MOS,"KPI from->to",64,4.36
MOS,"KPI from->to",66,4.36
MOS,"KPI from->to",68,4.36
MOS,"KPI from->to",70,4.36
MOS,"KPI from->to",72,4.36
MOS,"KPI from->to",74,4.36
MOS,"KPI from->to",76,4.36
MOS,"KPI from->to",78,4.36
MOS,"KPI from->to",80,4.36
MOS,"KPI from->to",82,4.36
MOS,"KPI from->to",84,4.36
MOS,"KPI from->to",86,4.36
MOS,"KPI from->to",88,4.36
MOS,"KPI from->to",90,4.36
MOS,"KPI from->to",92,4.36
MOS,"KPI from->to",94,4.36
MOS,"KPI from->to",96,4.36
MOS,"KPI from->to",98,4.36
MOS,"KPI from->to",100,4.36

Metric,"Pair Name",Timestamp,Value
"Delay (ms)","KPI from->to",2,17
"Delay (ms)","KPI from->to",4,17
"Delay (ms)","KPI from->to",6,18
"Delay (ms)","KPI from->to",8,18
"Delay (ms)","KPI from->to",10,18
"Delay (ms)","KPI from->to",12,18
"Delay (ms)","KPI from->to",14,18
"Delay (ms)","KPI from->to",16,18
"Delay (ms)","KPI from->to",18,18
"Delay (ms)","KPI from->to",20,18
"Delay (ms)","KPI from->to",22,21
"Delay (ms)","KPI from->to",24,21
"Delay (ms)","KPI from->to",26,22
"Delay (ms)","KPI from->to",28,22
"Delay (ms)","KPI from->to",30,23
"Delay (ms)","KPI from->to",32,22
"Delay (ms)","KPI from->to",34,22
"Delay (ms)","KPI from->to",36,20
"Delay (ms)","KPI from->to",38,20
"Delay (ms)","KPI from->to",40,21
"Delay (ms)","KPI from->to",42,21
"Delay (ms)","KPI from->to",44,20
"Delay (ms)","KPI from->to",46,21
"Delay (ms)","KPI from->to",48,20
"Delay (ms)","KPI from->to",50,21
"Delay (ms)","KPI from->to",52,20
"Delay (ms)","KPI from->to",54,18
"Delay (ms)","KPI from->to",56,18
"Delay (ms)","KPI from->to",58,18
"Delay (ms)","KPI from->to",60,18
"Delay (ms)","KPI from->to",62,18
"Delay (ms)","KPI from->to",64,18
"Delay (ms)","KPI from->to",66,18
"Delay (ms)","KPI from->to",68,18
"Delay (ms)","KPI from->to",70,19
"Delay (ms)","KPI from->to",72,18
"Delay (ms)","KPI from->to",74,18
"Delay (ms)","KPI from->to",76,18
"Delay (ms)","KPI from->to",78,18
"Delay (ms)","KPI from->to",80,19
"Delay (ms)","KPI from->to",82,19
"Delay (ms)","KPI from->to",84,19
"Delay (ms)","KPI from->to",86,21
"Delay (ms)","KPI from->to",88,20
"Delay (ms)","KPI from->to",90,21
"Delay (ms)","KPI from->to",92,21
"Delay (ms)","KPI from->to",94,22
"Delay (ms)","KPI from->to",96,22
"Delay (ms)","KPI from->to",98,22
"Delay (ms)","KPI from->to",100,22

Metric,"Pair Name",Timestamp,Value
"Jitter (ms)","KPI from->to",102,1
"Jitter (ms)","KPI from->to",104,1
"Jitter (ms)","KPI from->to",106,1
"Jitter (ms)","KPI from->to",108,2
"Jitter (ms)","KPI from->to",110,0
"Jitter (ms)","KPI from->to",112,1
"Jitter (ms)","KPI from->to",114,1
"Jitter (ms)","KPI from->to",116,1
"Jitter (ms)","KPI from->to",118,1
"Jitter (ms)","KPI from->to",120,2

Metric,"Pair Name",Timestamp,Value
Loss,"KPI from->to",2,0
Loss,"KPI from->to",4,0
Loss,"KPI from->to",6,0
Loss,"KPI from->to",8,0
Loss,"KPI from->to",10,0
Loss,"KPI from->to",12,0
Loss,"KPI from->to",14,0
Loss,"KPI from->to",16,0
Loss,"KPI from->to",18,0
Loss,"KPI from->to",20,0
Loss,"KPI from->to",22,0
Loss,"KPI from->to",24,0
Loss,"KPI from->to",26,0
Loss,"KPI from->to",28,0
Loss,"KPI from->to",30,0
Loss,"KPI from->to",32,0
Loss,"KPI from->to",34,0
Loss,"KPI from->to",36,0
Loss,"KPI from->to",38,0
Loss,"KPI from->to",40,0
Loss,"KPI from->to",42,0
Loss,"KPI from->to",44,0
Loss,"KPI from->to",46,0
Loss,"KPI from->to",48,0
Loss,"KPI from->to",50,0
Loss,"KPI from->to",52,0
Loss,"KPI from->to",54,0
Loss,"KPI from->to",56,0
Loss,"KPI from->to",58,0
Loss,"KPI from->to",60,0
Loss,"KPI from->to",62,0
Loss,"KPI from->to",64,0
Loss,"KPI from->to",66,0
Loss,"KPI from->to",68,0
Loss,"KPI from->to",70,0
Loss,"KPI from->to",72,0
Loss,"KPI from->to",74,0
Loss,"KPI from->to",76,0
Loss,"KPI from->to",78,0
Loss,"KPI from->to",80,0
Loss,"KPI from->to",82,0
Loss,"KPI from->to",84,0
Loss,"KPI from->to",86,0
Loss,"KPI from->to",88,0
Loss,"KPI from->to",90,0
Loss,"KPI from->to",92,0
Loss,"KPI from->to",94,0
Loss,"KPI from->to",96,0
Loss,"KPI from->to",98,0
Loss,"KPI from->to",100,0

Metric,"Pair Name",Timestamp,Value
"Max Delay Variation (ms)","KPI from->to",102,8
"Max Delay Variation (ms)","KPI from->to",104,9
"Max Delay Variation (ms)","KPI from->to",106,6
"Max Delay Variation (ms)","KPI from->to",108,20
"Max Delay Variation (ms)","KPI from->to",110,5
"Max Delay Variation (ms)","KPI from->to",112,13
"Max Delay Variation (ms)","KPI from->to",114,11
"Max Delay Variation (ms)","KPI from->to",116,12
"Max Delay Variation (ms)","KPI from->to",118,8
"Max Delay Variation (ms)","KPI from->to",120,11


