"Test Information",Value
"RUN ID",496
"END EXECUTION TIME","2021-05-13 14:21:49"
"SOURCE PROBE NAME",raspberrypi-AAS
"SOURCE PROBE TEST IP ADDRESS",raspberrypi-AAS
"SOURCE PROBE MANAGEMENT IP ADDRESS",raspberrypi-AAS
"SOURCE PROBE GROUP",Administrators
"DESTINATION PROBE NAME",raspberrypi-5G
"DESTINATION PROBE TEST IP ADDRESS",raspberrypi-5G
"DESTINATION PROBE MANAGEMENT IP ADDRESS",raspberrypi-5G
"DESTINATION PROBE GROUP",Administrators
"DESTINATION PROBE LOCATION",
"TEST MODULE",MESH
"TEST TYPE","Network KPI"
"TEST ADDITIONAL INFORMATION"," DSCP Setting: Best Effort"
"TEST DURATION",120
"TEST STATUS",Failed
"FAIL OR ERROR REASON"," Threshold failed on KPI from->to Jitter Max (ms) 
 Threshold failed on KPI from->to Max Delay Variation (ms) 
 Threshold failed on KPI from->to MOS 
"

Metric,"Pair Name",Value,"Threshold Type",Threshold,"Status KPI"
"Datagrams Out of Order","KPI from->to",0.0,0,>=,Passed
"Delay (ms)","KPI from->to",18.09,0,<=,Passed
"Jitter (ms)","KPI from->to",2.85,0,<=,Passed
"Jitter Max (ms)","KPI from->to",14.0,0,<=,Failed
Loss,"KPI from->to",0.0,0,<=,Passed
"Max Delay Variation (ms)","KPI from->to",177.0,0,<=,Failed
"Max loss burst","KPI from->to",0.0,0,<=,Passed
MOS,"KPI from->to",3.56,1,<=,Failed

Metric,"Pair Name",Timestamp,Value
Loss,"KPI from->to",102,0
Loss,"KPI from->to",104,0
Loss,"KPI from->to",106,0
Loss,"KPI from->to",108,0
Loss,"KPI from->to",110,0
Loss,"KPI from->to",112,0
Loss,"KPI from->to",114,0
Loss,"KPI from->to",116,0
Loss,"KPI from->to",118,0

Metric,"Pair Name",Timestamp,Value
"Delay (ms)","KPI from->to",102,20
"Delay (ms)","KPI from->to",104,19
"Delay (ms)","KPI from->to",106,22
"Delay (ms)","KPI from->to",108,24
"Delay (ms)","KPI from->to",110,17
"Delay (ms)","KPI from->to",112,20
"Delay (ms)","KPI from->to",114,20
"Delay (ms)","KPI from->to",116,21
"Delay (ms)","KPI from->to",118,25

Metric,"Pair Name",Timestamp,Value
Loss,"KPI from->to",2,0
Loss,"KPI from->to",4,0
Loss,"KPI from->to",6,0
Loss,"KPI from->to",8,0
Loss,"KPI from->to",10,0
Loss,"KPI from->to",12,0
Loss,"KPI from->to",14,0
Loss,"KPI from->to",16,0
Loss,"KPI from->to",18,0
Loss,"KPI from->to",20,0
Loss,"KPI from->to",22,0
Loss,"KPI from->to",24,0
Loss,"KPI from->to",26,0
Loss,"KPI from->to",28,0
Loss,"KPI from->to",30,0
Loss,"KPI from->to",32,0
Loss,"KPI from->to",34,0
Loss,"KPI from->to",36,0
Loss,"KPI from->to",38,0
Loss,"KPI from->to",40,0
Loss,"KPI from->to",42,0
Loss,"KPI from->to",44,0
Loss,"KPI from->to",46,0
Loss,"KPI from->to",48,0
Loss,"KPI from->to",50,0
Loss,"KPI from->to",52,0
Loss,"KPI from->to",54,0
Loss,"KPI from->to",56,0
Loss,"KPI from->to",58,0
Loss,"KPI from->to",60,0
Loss,"KPI from->to",62,0
Loss,"KPI from->to",64,0
Loss,"KPI from->to",66,0
Loss,"KPI from->to",68,0
Loss,"KPI from->to",70,0
Loss,"KPI from->to",72,0
Loss,"KPI from->to",74,0
Loss,"KPI from->to",76,0
Loss,"KPI from->to",78,0
Loss,"KPI from->to",80,0
Loss,"KPI from->to",82,0
Loss,"KPI from->to",84,0
Loss,"KPI from->to",86,0
Loss,"KPI from->to",88,0
Loss,"KPI from->to",90,0
Loss,"KPI from->to",92,0
Loss,"KPI from->to",94,0
Loss,"KPI from->to",96,0
Loss,"KPI from->to",98,0
Loss,"KPI from->to",100,0

Metric,"Pair Name",Timestamp,Value
"Max Delay Variation (ms)","KPI from->to",102,10
"Max Delay Variation (ms)","KPI from->to",104,6
"Max Delay Variation (ms)","KPI from->to",106,57
"Max Delay Variation (ms)","KPI from->to",108,64
"Max Delay Variation (ms)","KPI from->to",110,42
"Max Delay Variation (ms)","KPI from->to",112,71
"Max Delay Variation (ms)","KPI from->to",114,55
"Max Delay Variation (ms)","KPI from->to",116,58
"Max Delay Variation (ms)","KPI from->to",118,101

Metric,"Pair Name",Timestamp,Value
"Jitter (ms)","KPI from->to",102,1
"Jitter (ms)","KPI from->to",104,0
"Jitter (ms)","KPI from->to",106,8
"Jitter (ms)","KPI from->to",108,2
"Jitter (ms)","KPI from->to",110,2
"Jitter (ms)","KPI from->to",112,6
"Jitter (ms)","KPI from->to",114,6
"Jitter (ms)","KPI from->to",116,3
"Jitter (ms)","KPI from->to",118,13

Metric,"Pair Name",Timestamp,Value
"Max Delay Variation (ms)","KPI from->to",2,21
"Max Delay Variation (ms)","KPI from->to",4,8
"Max Delay Variation (ms)","KPI from->to",6,40
"Max Delay Variation (ms)","KPI from->to",8,7
"Max Delay Variation (ms)","KPI from->to",10,92
"Max Delay Variation (ms)","KPI from->to",12,5
"Max Delay Variation (ms)","KPI from->to",14,37
"Max Delay Variation (ms)","KPI from->to",16,7
"Max Delay Variation (ms)","KPI from->to",18,77
"Max Delay Variation (ms)","KPI from->to",20,41
"Max Delay Variation (ms)","KPI from->to",22,66
"Max Delay Variation (ms)","KPI from->to",24,43
"Max Delay Variation (ms)","KPI from->to",26,39
"Max Delay Variation (ms)","KPI from->to",28,75
"Max Delay Variation (ms)","KPI from->to",30,56
"Max Delay Variation (ms)","KPI from->to",32,77
"Max Delay Variation (ms)","KPI from->to",34,57
"Max Delay Variation (ms)","KPI from->to",36,57
"Max Delay Variation (ms)","KPI from->to",38,57
"Max Delay Variation (ms)","KPI from->to",40,8
"Max Delay Variation (ms)","KPI from->to",42,58
"Max Delay Variation (ms)","KPI from->to",44,8
"Max Delay Variation (ms)","KPI from->to",46,57
"Max Delay Variation (ms)","KPI from->to",48,7
"Max Delay Variation (ms)","KPI from->to",50,50
"Max Delay Variation (ms)","KPI from->to",52,94
"Max Delay Variation (ms)","KPI from->to",54,57
"Max Delay Variation (ms)","KPI from->to",56,8
"Max Delay Variation (ms)","KPI from->to",58,54
"Max Delay Variation (ms)","KPI from->to",60,54
"Max Delay Variation (ms)","KPI from->to",62,6
"Max Delay Variation (ms)","KPI from->to",64,55
"Max Delay Variation (ms)","KPI from->to",66,9
"Max Delay Variation (ms)","KPI from->to",68,7
"Max Delay Variation (ms)","KPI from->to",70,40
"Max Delay Variation (ms)","KPI from->to",72,7
"Max Delay Variation (ms)","KPI from->to",74,10
"Max Delay Variation (ms)","KPI from->to",76,6
"Max Delay Variation (ms)","KPI from->to",78,8
"Max Delay Variation (ms)","KPI from->to",80,7
"Max Delay Variation (ms)","KPI from->to",82,5
"Max Delay Variation (ms)","KPI from->to",84,6
"Max Delay Variation (ms)","KPI from->to",86,92
"Max Delay Variation (ms)","KPI from->to",88,6
"Max Delay Variation (ms)","KPI from->to",90,91
"Max Delay Variation (ms)","KPI from->to",92,15
"Max Delay Variation (ms)","KPI from->to",94,177
"Max Delay Variation (ms)","KPI from->to",96,99
"Max Delay Variation (ms)","KPI from->to",98,53
"Max Delay Variation (ms)","KPI from->to",100,43

Metric,"Pair Name",Timestamp,Value
MOS,"KPI from->to",102,4.36
MOS,"KPI from->to",104,4.36
MOS,"KPI from->to",106,2.77
MOS,"KPI from->to",108,2.2
MOS,"KPI from->to",110,2.77
MOS,"KPI from->to",112,2.44
MOS,"KPI from->to",114,2.18
MOS,"KPI from->to",116,1.87
MOS,"KPI from->to",118,1

Metric,"Pair Name",Timestamp,Value
"Delay (ms)","KPI from->to",2,14
"Delay (ms)","KPI from->to",4,12
"Delay (ms)","KPI from->to",6,15
"Delay (ms)","KPI from->to",8,13
"Delay (ms)","KPI from->to",10,18
"Delay (ms)","KPI from->to",12,12
"Delay (ms)","KPI from->to",14,13
"Delay (ms)","KPI from->to",16,12
"Delay (ms)","KPI from->to",18,16
"Delay (ms)","KPI from->to",20,17
"Delay (ms)","KPI from->to",22,21
"Delay (ms)","KPI from->to",24,21
"Delay (ms)","KPI from->to",26,20
"Delay (ms)","KPI from->to",28,24
"Delay (ms)","KPI from->to",30,21
"Delay (ms)","KPI from->to",32,22
"Delay (ms)","KPI from->to",34,21
"Delay (ms)","KPI from->to",36,17
"Delay (ms)","KPI from->to",38,18
"Delay (ms)","KPI from->to",40,16
"Delay (ms)","KPI from->to",42,17
"Delay (ms)","KPI from->to",44,16
"Delay (ms)","KPI from->to",46,17
"Delay (ms)","KPI from->to",48,16
"Delay (ms)","KPI from->to",50,17
"Delay (ms)","KPI from->to",52,18
"Delay (ms)","KPI from->to",54,17
"Delay (ms)","KPI from->to",56,16
"Delay (ms)","KPI from->to",58,17
"Delay (ms)","KPI from->to",60,17
"Delay (ms)","KPI from->to",62,16
"Delay (ms)","KPI from->to",64,17
"Delay (ms)","KPI from->to",66,16
"Delay (ms)","KPI from->to",68,16
"Delay (ms)","KPI from->to",70,16
"Delay (ms)","KPI from->to",72,15
"Delay (ms)","KPI from->to",74,16
"Delay (ms)","KPI from->to",76,16
"Delay (ms)","KPI from->to",78,16
"Delay (ms)","KPI from->to",80,16
"Delay (ms)","KPI from->to",82,16
"Delay (ms)","KPI from->to",84,16
"Delay (ms)","KPI from->to",86,19
"Delay (ms)","KPI from->to",88,15
"Delay (ms)","KPI from->to",90,21
"Delay (ms)","KPI from->to",92,21
"Delay (ms)","KPI from->to",94,30
"Delay (ms)","KPI from->to",96,27
"Delay (ms)","KPI from->to",98,22
"Delay (ms)","KPI from->to",100,21

Metric,"Pair Name",Timestamp,Value
"Jitter (ms)","KPI from->to",2,1
"Jitter (ms)","KPI from->to",4,1
"Jitter (ms)","KPI from->to",6,5
"Jitter (ms)","KPI from->to",8,2
"Jitter (ms)","KPI from->to",10,2
"Jitter (ms)","KPI from->to",12,0
"Jitter (ms)","KPI from->to",14,1
"Jitter (ms)","KPI from->to",16,1
"Jitter (ms)","KPI from->to",18,7
"Jitter (ms)","KPI from->to",20,1
"Jitter (ms)","KPI from->to",22,6
"Jitter (ms)","KPI from->to",24,3
"Jitter (ms)","KPI from->to",26,2
"Jitter (ms)","KPI from->to",28,10
"Jitter (ms)","KPI from->to",30,4
"Jitter (ms)","KPI from->to",32,2
"Jitter (ms)","KPI from->to",34,3
"Jitter (ms)","KPI from->to",36,1
"Jitter (ms)","KPI from->to",38,2
"Jitter (ms)","KPI from->to",40,1
"Jitter (ms)","KPI from->to",42,1
"Jitter (ms)","KPI from->to",44,1
"Jitter (ms)","KPI from->to",46,5
"Jitter (ms)","KPI from->to",48,0
"Jitter (ms)","KPI from->to",50,3
"Jitter (ms)","KPI from->to",52,1
"Jitter (ms)","KPI from->to",54,2
"Jitter (ms)","KPI from->to",56,1
"Jitter (ms)","KPI from->to",58,1
"Jitter (ms)","KPI from->to",60,3
"Jitter (ms)","KPI from->to",62,1
"Jitter (ms)","KPI from->to",64,2
"Jitter (ms)","KPI from->to",66,2
"Jitter (ms)","KPI from->to",68,0
"Jitter (ms)","KPI from->to",70,3
"Jitter (ms)","KPI from->to",72,1
"Jitter (ms)","KPI from->to",74,1
"Jitter (ms)","KPI from->to",76,1
"Jitter (ms)","KPI from->to",78,0
"Jitter (ms)","KPI from->to",80,0
"Jitter (ms)","KPI from->to",82,0
"Jitter (ms)","KPI from->to",84,1
"Jitter (ms)","KPI from->to",86,1
"Jitter (ms)","KPI from->to",88,0
"Jitter (ms)","KPI from->to",90,11
"Jitter (ms)","KPI from->to",92,0
"Jitter (ms)","KPI from->to",94,6
"Jitter (ms)","KPI from->to",96,14
"Jitter (ms)","KPI from->to",98,7
"Jitter (ms)","KPI from->to",100,3

Metric,"Pair Name",Timestamp,Value
MOS,"KPI from->to",2,4.37
MOS,"KPI from->to",4,4.37
MOS,"KPI from->to",6,4.37
MOS,"KPI from->to",8,4.37
MOS,"KPI from->to",10,2.8
MOS,"KPI from->to",12,4.37
MOS,"KPI from->to",14,4.37
MOS,"KPI from->to",16,4.37
MOS,"KPI from->to",18,3.48
MOS,"KPI from->to",20,3.47
MOS,"KPI from->to",22,3.48
MOS,"KPI from->to",24,3.48
MOS,"KPI from->to",26,3.46
MOS,"KPI from->to",28,2.18
MOS,"KPI from->to",30,2.41
MOS,"KPI from->to",32,2.42
MOS,"KPI from->to",34,2.18
MOS,"KPI from->to",36,3.48
MOS,"KPI from->to",38,3.48
MOS,"KPI from->to",40,4.37
MOS,"KPI from->to",42,3.48
MOS,"KPI from->to",44,4.37
MOS,"KPI from->to",46,3.49
MOS,"KPI from->to",48,4.37
MOS,"KPI from->to",50,3.48
MOS,"KPI from->to",52,3.48
MOS,"KPI from->to",54,3.48
MOS,"KPI from->to",56,4.37
MOS,"KPI from->to",58,3.49
MOS,"KPI from->to",60,3.48
MOS,"KPI from->to",62,4.37
MOS,"KPI from->to",64,3.48
MOS,"KPI from->to",66,4.37
MOS,"KPI from->to",68,4.37
MOS,"KPI from->to",70,4.37
MOS,"KPI from->to",72,4.37
MOS,"KPI from->to",74,4.37
MOS,"KPI from->to",76,4.37
MOS,"KPI from->to",78,4.37
MOS,"KPI from->to",80,4.37
MOS,"KPI from->to",82,4.37
MOS,"KPI from->to",84,4.37
MOS,"KPI from->to",86,3.47
MOS,"KPI from->to",88,4.37
MOS,"KPI from->to",90,3.48
MOS,"KPI from->to",92,3.47
MOS,"KPI from->to",94,2.79
MOS,"KPI from->to",96,2.78
MOS,"KPI from->to",98,2.42
MOS,"KPI from->to",100,2.79


