"Test Information",Value
"RUN ID",496
"END EXECUTION TIME","2021-05-13 14:55:20"
"SOURCE PROBE NAME",raspberrypi-5G
"SOURCE PROBE TEST IP ADDRESS",raspberrypi-5G
"SOURCE PROBE MANAGEMENT IP ADDRESS",raspberrypi-5G
"SOURCE PROBE GROUP",Administrators
"DESTINATION PROBE NAME",raspberrypi-AAS
"DESTINATION PROBE TEST IP ADDRESS",raspberrypi-AAS
"DESTINATION PROBE MANAGEMENT IP ADDRESS",raspberrypi-AAS
"DESTINATION PROBE GROUP",Administrators
"DESTINATION PROBE LOCATION",
"TEST MODULE",MESH
"TEST TYPE","Network KPI"
"TEST ADDITIONAL INFORMATION"," DSCP Setting: Best Effort"
"TEST DURATION",120
"TEST STATUS",Failed
"FAIL OR ERROR REASON"," Threshold failed on KPI from->to Max Delay Variation (ms) 
"

Metric,"Pair Name",Value,"Threshold Type",Threshold,"Status KPI"
"Datagrams Out of Order","KPI from->to",0.0,0,>=,Passed
"Delay (ms)","KPI from->to",26.87,0,<=,Passed
"Jitter (ms)","KPI from->to",0.8,0,<=,Passed
"Jitter Max (ms)","KPI from->to",2.0,0,<=,Passed
Loss,"KPI from->to",0.0,0,<=,Passed
"Max Delay Variation (ms)","KPI from->to",29.0,0,<=,Failed
"Max loss burst","KPI from->to",0.0,0,<=,Passed
MOS,"KPI from->to",4.36,1,<=,Passed

Metric,"Pair Name",Timestamp,Value
MOS,"KPI from->to",102,4.36
MOS,"KPI from->to",104,4.36
MOS,"KPI from->to",106,4.36
MOS,"KPI from->to",108,4.36
MOS,"KPI from->to",110,4.36
MOS,"KPI from->to",112,4.36
MOS,"KPI from->to",114,4.36
MOS,"KPI from->to",116,4.36
MOS,"KPI from->to",118,4.36
MOS,"KPI from->to",120,4.36

Metric,"Pair Name",Timestamp,Value
Loss,"KPI from->to",102,0
Loss,"KPI from->to",104,0
Loss,"KPI from->to",106,0
Loss,"KPI from->to",108,0
Loss,"KPI from->to",110,0
Loss,"KPI from->to",112,0
Loss,"KPI from->to",114,0
Loss,"KPI from->to",116,0
Loss,"KPI from->to",118,0
Loss,"KPI from->to",120,0

Metric,"Pair Name",Timestamp,Value
MOS,"KPI from->to",2,4.36
MOS,"KPI from->to",4,4.36
MOS,"KPI from->to",6,4.36
MOS,"KPI from->to",8,4.36
MOS,"KPI from->to",10,4.36
MOS,"KPI from->to",12,4.36
MOS,"KPI from->to",14,4.36
MOS,"KPI from->to",16,4.36
MOS,"KPI from->to",18,4.36
MOS,"KPI from->to",20,4.36
MOS,"KPI from->to",22,4.36
MOS,"KPI from->to",24,4.36
MOS,"KPI from->to",26,4.36
MOS,"KPI from->to",28,4.36
MOS,"KPI from->to",30,4.36
MOS,"KPI from->to",32,4.36
MOS,"KPI from->to",34,4.36
MOS,"KPI from->to",36,4.36
MOS,"KPI from->to",38,4.36
MOS,"KPI from->to",40,4.36
MOS,"KPI from->to",42,4.36
MOS,"KPI from->to",44,4.36
MOS,"KPI from->to",46,4.36
MOS,"KPI from->to",48,4.36
MOS,"KPI from->to",50,4.36
MOS,"KPI from->to",52,4.36
MOS,"KPI from->to",54,4.36
MOS,"KPI from->to",56,4.36
MOS,"KPI from->to",58,4.36
MOS,"KPI from->to",60,4.36
MOS,"KPI from->to",62,4.36
MOS,"KPI from->to",64,4.36
MOS,"KPI from->to",66,4.36
MOS,"KPI from->to",68,4.36
MOS,"KPI from->to",70,4.36
MOS,"KPI from->to",72,4.36
MOS,"KPI from->to",74,4.36
MOS,"KPI from->to",76,4.36
MOS,"KPI from->to",78,4.36
MOS,"KPI from->to",80,4.36
MOS,"KPI from->to",82,4.36
MOS,"KPI from->to",84,4.36
MOS,"KPI from->to",86,4.36
MOS,"KPI from->to",88,4.36
MOS,"KPI from->to",90,4.36
MOS,"KPI from->to",92,4.36
MOS,"KPI from->to",94,4.36
MOS,"KPI from->to",96,4.36
MOS,"KPI from->to",98,4.36
MOS,"KPI from->to",100,4.36

Metric,"Pair Name",Timestamp,Value
"Max Delay Variation (ms)","KPI from->to",2,5
"Max Delay Variation (ms)","KPI from->to",4,10
"Max Delay Variation (ms)","KPI from->to",6,6
"Max Delay Variation (ms)","KPI from->to",8,8
"Max Delay Variation (ms)","KPI from->to",10,4
"Max Delay Variation (ms)","KPI from->to",12,4
"Max Delay Variation (ms)","KPI from->to",14,6
"Max Delay Variation (ms)","KPI from->to",16,13
"Max Delay Variation (ms)","KPI from->to",18,12
"Max Delay Variation (ms)","KPI from->to",20,10
"Max Delay Variation (ms)","KPI from->to",22,29
"Max Delay Variation (ms)","KPI from->to",24,10
"Max Delay Variation (ms)","KPI from->to",26,9
"Max Delay Variation (ms)","KPI from->to",28,10
"Max Delay Variation (ms)","KPI from->to",30,4
"Max Delay Variation (ms)","KPI from->to",32,10
"Max Delay Variation (ms)","KPI from->to",34,18
"Max Delay Variation (ms)","KPI from->to",36,10
"Max Delay Variation (ms)","KPI from->to",38,13
"Max Delay Variation (ms)","KPI from->to",40,8
"Max Delay Variation (ms)","KPI from->to",42,10
"Max Delay Variation (ms)","KPI from->to",44,13
"Max Delay Variation (ms)","KPI from->to",46,18
"Max Delay Variation (ms)","KPI from->to",48,11
"Max Delay Variation (ms)","KPI from->to",50,5
"Max Delay Variation (ms)","KPI from->to",52,18
"Max Delay Variation (ms)","KPI from->to",54,16
"Max Delay Variation (ms)","KPI from->to",56,13
"Max Delay Variation (ms)","KPI from->to",58,11
"Max Delay Variation (ms)","KPI from->to",60,5
"Max Delay Variation (ms)","KPI from->to",62,15
"Max Delay Variation (ms)","KPI from->to",64,12
"Max Delay Variation (ms)","KPI from->to",66,6
"Max Delay Variation (ms)","KPI from->to",68,5
"Max Delay Variation (ms)","KPI from->to",70,13
"Max Delay Variation (ms)","KPI from->to",72,5
"Max Delay Variation (ms)","KPI from->to",74,5
"Max Delay Variation (ms)","KPI from->to",76,11
"Max Delay Variation (ms)","KPI from->to",78,6
"Max Delay Variation (ms)","KPI from->to",80,5
"Max Delay Variation (ms)","KPI from->to",82,5
"Max Delay Variation (ms)","KPI from->to",84,3
"Max Delay Variation (ms)","KPI from->to",86,3
"Max Delay Variation (ms)","KPI from->to",88,4
"Max Delay Variation (ms)","KPI from->to",90,5
"Max Delay Variation (ms)","KPI from->to",92,4
"Max Delay Variation (ms)","KPI from->to",94,3
"Max Delay Variation (ms)","KPI from->to",96,6
"Max Delay Variation (ms)","KPI from->to",98,5
"Max Delay Variation (ms)","KPI from->to",100,6

Metric,"Pair Name",Timestamp,Value
"Max Delay Variation (ms)","KPI from->to",102,6
"Max Delay Variation (ms)","KPI from->to",104,5
"Max Delay Variation (ms)","KPI from->to",106,8
"Max Delay Variation (ms)","KPI from->to",108,5
"Max Delay Variation (ms)","KPI from->to",110,5
"Max Delay Variation (ms)","KPI from->to",112,5
"Max Delay Variation (ms)","KPI from->to",114,12
"Max Delay Variation (ms)","KPI from->to",116,8
"Max Delay Variation (ms)","KPI from->to",118,5
"Max Delay Variation (ms)","KPI from->to",120,6

Metric,"Pair Name",Timestamp,Value
"Delay (ms)","KPI from->to",2,33
"Delay (ms)","KPI from->to",4,33
"Delay (ms)","KPI from->to",6,33
"Delay (ms)","KPI from->to",8,33
"Delay (ms)","KPI from->to",10,33
"Delay (ms)","KPI from->to",12,35
"Delay (ms)","KPI from->to",14,35
"Delay (ms)","KPI from->to",16,34
"Delay (ms)","KPI from->to",18,35
"Delay (ms)","KPI from->to",20,33
"Delay (ms)","KPI from->to",22,33
"Delay (ms)","KPI from->to",24,34
"Delay (ms)","KPI from->to",26,33
"Delay (ms)","KPI from->to",28,32
"Delay (ms)","KPI from->to",30,32
"Delay (ms)","KPI from->to",32,33
"Delay (ms)","KPI from->to",34,33
"Delay (ms)","KPI from->to",36,33
"Delay (ms)","KPI from->to",38,34
"Delay (ms)","KPI from->to",40,33
"Delay (ms)","KPI from->to",42,33
"Delay (ms)","KPI from->to",44,33
"Delay (ms)","KPI from->to",46,33
"Delay (ms)","KPI from->to",48,33
"Delay (ms)","KPI from->to",50,33
"Delay (ms)","KPI from->to",52,26
"Delay (ms)","KPI from->to",54,26
"Delay (ms)","KPI from->to",56,26
"Delay (ms)","KPI from->to",58,26
"Delay (ms)","KPI from->to",60,25
"Delay (ms)","KPI from->to",62,26
"Delay (ms)","KPI from->to",64,27
"Delay (ms)","KPI from->to",66,26
"Delay (ms)","KPI from->to",68,26
"Delay (ms)","KPI from->to",70,27
"Delay (ms)","KPI from->to",72,26
"Delay (ms)","KPI from->to",74,26
"Delay (ms)","KPI from->to",76,26
"Delay (ms)","KPI from->to",78,26
"Delay (ms)","KPI from->to",80,26
"Delay (ms)","KPI from->to",82,25
"Delay (ms)","KPI from->to",84,18
"Delay (ms)","KPI from->to",86,18
"Delay (ms)","KPI from->to",88,18
"Delay (ms)","KPI from->to",90,19
"Delay (ms)","KPI from->to",92,18
"Delay (ms)","KPI from->to",94,19
"Delay (ms)","KPI from->to",96,19
"Delay (ms)","KPI from->to",98,19
"Delay (ms)","KPI from->to",100,19

Metric,"Pair Name",Timestamp,Value
"Delay (ms)","KPI from->to",102,19
"Delay (ms)","KPI from->to",104,19
"Delay (ms)","KPI from->to",106,19
"Delay (ms)","KPI from->to",108,19
"Delay (ms)","KPI from->to",110,20
"Delay (ms)","KPI from->to",112,20
"Delay (ms)","KPI from->to",114,20
"Delay (ms)","KPI from->to",116,21
"Delay (ms)","KPI from->to",118,20
"Delay (ms)","KPI from->to",120,20

Metric,"Pair Name",Timestamp,Value
"Jitter (ms)","KPI from->to",2,1
"Jitter (ms)","KPI from->to",4,1
"Jitter (ms)","KPI from->to",6,1
"Jitter (ms)","KPI from->to",8,1
"Jitter (ms)","KPI from->to",10,1
"Jitter (ms)","KPI from->to",12,0
"Jitter (ms)","KPI from->to",14,1
"Jitter (ms)","KPI from->to",16,2
"Jitter (ms)","KPI from->to",18,2
"Jitter (ms)","KPI from->to",20,1
"Jitter (ms)","KPI from->to",22,0
"Jitter (ms)","KPI from->to",24,1
"Jitter (ms)","KPI from->to",26,1
"Jitter (ms)","KPI from->to",28,1
"Jitter (ms)","KPI from->to",30,1
"Jitter (ms)","KPI from->to",32,1
"Jitter (ms)","KPI from->to",34,2
"Jitter (ms)","KPI from->to",36,1
"Jitter (ms)","KPI from->to",38,1
"Jitter (ms)","KPI from->to",40,1
"Jitter (ms)","KPI from->to",42,2
"Jitter (ms)","KPI from->to",44,1
"Jitter (ms)","KPI from->to",46,1
"Jitter (ms)","KPI from->to",48,2
"Jitter (ms)","KPI from->to",50,0
"Jitter (ms)","KPI from->to",52,1
"Jitter (ms)","KPI from->to",54,1
"Jitter (ms)","KPI from->to",56,1
"Jitter (ms)","KPI from->to",58,1
"Jitter (ms)","KPI from->to",60,1
"Jitter (ms)","KPI from->to",62,0
"Jitter (ms)","KPI from->to",64,1
"Jitter (ms)","KPI from->to",66,1
"Jitter (ms)","KPI from->to",68,0
"Jitter (ms)","KPI from->to",70,0
"Jitter (ms)","KPI from->to",72,1
"Jitter (ms)","KPI from->to",74,1
"Jitter (ms)","KPI from->to",76,1
"Jitter (ms)","KPI from->to",78,1
"Jitter (ms)","KPI from->to",80,0
"Jitter (ms)","KPI from->to",82,0
"Jitter (ms)","KPI from->to",84,0
"Jitter (ms)","KPI from->to",86,0
"Jitter (ms)","KPI from->to",88,1
"Jitter (ms)","KPI from->to",90,1
"Jitter (ms)","KPI from->to",92,0
"Jitter (ms)","KPI from->to",94,1
"Jitter (ms)","KPI from->to",96,0
"Jitter (ms)","KPI from->to",98,0
"Jitter (ms)","KPI from->to",100,0

Metric,"Pair Name",Timestamp,Value
"Jitter (ms)","KPI from->to",102,1
"Jitter (ms)","KPI from->to",104,0
"Jitter (ms)","KPI from->to",106,0
"Jitter (ms)","KPI from->to",108,1
"Jitter (ms)","KPI from->to",110,1
"Jitter (ms)","KPI from->to",112,0
"Jitter (ms)","KPI from->to",114,1
"Jitter (ms)","KPI from->to",116,1
"Jitter (ms)","KPI from->to",118,1
"Jitter (ms)","KPI from->to",120,1

Metric,"Pair Name",Timestamp,Value
Loss,"KPI from->to",2,0
Loss,"KPI from->to",4,0
Loss,"KPI from->to",6,0
Loss,"KPI from->to",8,0
Loss,"KPI from->to",10,0
Loss,"KPI from->to",12,0
Loss,"KPI from->to",14,0
Loss,"KPI from->to",16,0
Loss,"KPI from->to",18,0
Loss,"KPI from->to",20,0
Loss,"KPI from->to",22,0
Loss,"KPI from->to",24,0
Loss,"KPI from->to",26,0
Loss,"KPI from->to",28,0
Loss,"KPI from->to",30,0
Loss,"KPI from->to",32,0
Loss,"KPI from->to",34,0
Loss,"KPI from->to",36,0
Loss,"KPI from->to",38,0
Loss,"KPI from->to",40,0
Loss,"KPI from->to",42,0
Loss,"KPI from->to",44,0
Loss,"KPI from->to",46,0
Loss,"KPI from->to",48,0
Loss,"KPI from->to",50,0
Loss,"KPI from->to",52,0
Loss,"KPI from->to",54,0
Loss,"KPI from->to",56,0
Loss,"KPI from->to",58,0
Loss,"KPI from->to",60,0
Loss,"KPI from->to",62,0
Loss,"KPI from->to",64,0
Loss,"KPI from->to",66,0
Loss,"KPI from->to",68,0
Loss,"KPI from->to",70,0
Loss,"KPI from->to",72,0
Loss,"KPI from->to",74,0
Loss,"KPI from->to",76,0
Loss,"KPI from->to",78,0
Loss,"KPI from->to",80,0
Loss,"KPI from->to",82,0
Loss,"KPI from->to",84,0
Loss,"KPI from->to",86,0
Loss,"KPI from->to",88,0
Loss,"KPI from->to",90,0
Loss,"KPI from->to",92,0
Loss,"KPI from->to",94,0
Loss,"KPI from->to",96,0
Loss,"KPI from->to",98,0
Loss,"KPI from->to",100,0


