"Test Information",Value
"RUN ID",496
"END EXECUTION TIME","2021-05-13 14:44:02"
"SOURCE PROBE NAME",raspberrypi-5G
"SOURCE PROBE TEST IP ADDRESS",raspberrypi-5G
"SOURCE PROBE MANAGEMENT IP ADDRESS",raspberrypi-5G
"SOURCE PROBE GROUP",Administrators
"DESTINATION PROBE NAME",raspberrypi-AAS
"DESTINATION PROBE TEST IP ADDRESS",raspberrypi-AAS
"DESTINATION PROBE MANAGEMENT IP ADDRESS",raspberrypi-AAS
"DESTINATION PROBE GROUP",Administrators
"DESTINATION PROBE LOCATION",
"TEST MODULE",MESH
"TEST TYPE","Network KPI"
"TEST ADDITIONAL INFORMATION"," DSCP Setting: Best Effort"
"TEST DURATION",120
"TEST STATUS",Failed
"FAIL OR ERROR REASON"," Threshold failed on KPI from->to Max Delay Variation (ms) 
"

Metric,"Pair Name",Value,"Threshold Type",Threshold,"Status KPI"
"Datagrams Out of Order","KPI from->to",0.0,0,>=,Passed
"Delay (ms)","KPI from->to",24.63,0,<=,Passed
"Jitter (ms)","KPI from->to",2.13,0,<=,Passed
"Jitter Max (ms)","KPI from->to",5.0,0,<=,Passed
Loss,"KPI from->to",0.0,0,<=,Passed
"Max Delay Variation (ms)","KPI from->to",59.0,0,<=,Failed
"Max loss burst","KPI from->to",0.0,0,<=,Passed
MOS,"KPI from->to",4.33,1,<=,Passed

Metric,"Pair Name",Timestamp,Value
"Delay (ms)","KPI from->to",2,22
"Delay (ms)","KPI from->to",4,20
"Delay (ms)","KPI from->to",6,22
"Delay (ms)","KPI from->to",8,23
"Delay (ms)","KPI from->to",10,24
"Delay (ms)","KPI from->to",12,24
"Delay (ms)","KPI from->to",14,23
"Delay (ms)","KPI from->to",16,24
"Delay (ms)","KPI from->to",18,24
"Delay (ms)","KPI from->to",20,24
"Delay (ms)","KPI from->to",22,25
"Delay (ms)","KPI from->to",24,25
"Delay (ms)","KPI from->to",26,25
"Delay (ms)","KPI from->to",28,25
"Delay (ms)","KPI from->to",30,24
"Delay (ms)","KPI from->to",32,24
"Delay (ms)","KPI from->to",34,25
"Delay (ms)","KPI from->to",36,25
"Delay (ms)","KPI from->to",38,25
"Delay (ms)","KPI from->to",40,26
"Delay (ms)","KPI from->to",42,27
"Delay (ms)","KPI from->to",44,24
"Delay (ms)","KPI from->to",46,26
"Delay (ms)","KPI from->to",48,26
"Delay (ms)","KPI from->to",50,27
"Delay (ms)","KPI from->to",52,27
"Delay (ms)","KPI from->to",54,27
"Delay (ms)","KPI from->to",56,27
"Delay (ms)","KPI from->to",58,27
"Delay (ms)","KPI from->to",60,27
"Delay (ms)","KPI from->to",62,27
"Delay (ms)","KPI from->to",64,27
"Delay (ms)","KPI from->to",66,27
"Delay (ms)","KPI from->to",68,28
"Delay (ms)","KPI from->to",70,25
"Delay (ms)","KPI from->to",72,24
"Delay (ms)","KPI from->to",74,26
"Delay (ms)","KPI from->to",76,25
"Delay (ms)","KPI from->to",78,24
"Delay (ms)","KPI from->to",80,25
"Delay (ms)","KPI from->to",82,24
"Delay (ms)","KPI from->to",84,24
"Delay (ms)","KPI from->to",86,24
"Delay (ms)","KPI from->to",88,25
"Delay (ms)","KPI from->to",90,24
"Delay (ms)","KPI from->to",92,24
"Delay (ms)","KPI from->to",94,24
"Delay (ms)","KPI from->to",96,27
"Delay (ms)","KPI from->to",98,25
"Delay (ms)","KPI from->to",100,25

Metric,"Pair Name",Timestamp,Value
"Jitter (ms)","KPI from->to",2,1
"Jitter (ms)","KPI from->to",4,1
"Jitter (ms)","KPI from->to",6,3
"Jitter (ms)","KPI from->to",8,3
"Jitter (ms)","KPI from->to",10,3
"Jitter (ms)","KPI from->to",12,3
"Jitter (ms)","KPI from->to",14,1
"Jitter (ms)","KPI from->to",16,1
"Jitter (ms)","KPI from->to",18,3
"Jitter (ms)","KPI from->to",20,2
"Jitter (ms)","KPI from->to",22,2
"Jitter (ms)","KPI from->to",24,3
"Jitter (ms)","KPI from->to",26,1
"Jitter (ms)","KPI from->to",28,3
"Jitter (ms)","KPI from->to",30,2
"Jitter (ms)","KPI from->to",32,2
"Jitter (ms)","KPI from->to",34,1
"Jitter (ms)","KPI from->to",36,2
"Jitter (ms)","KPI from->to",38,1
"Jitter (ms)","KPI from->to",40,3
"Jitter (ms)","KPI from->to",42,2
"Jitter (ms)","KPI from->to",44,2
"Jitter (ms)","KPI from->to",46,1
"Jitter (ms)","KPI from->to",48,2
"Jitter (ms)","KPI from->to",50,1
"Jitter (ms)","KPI from->to",52,3
"Jitter (ms)","KPI from->to",54,2
"Jitter (ms)","KPI from->to",56,2
"Jitter (ms)","KPI from->to",58,1
"Jitter (ms)","KPI from->to",60,1
"Jitter (ms)","KPI from->to",62,1
"Jitter (ms)","KPI from->to",64,2
"Jitter (ms)","KPI from->to",66,3
"Jitter (ms)","KPI from->to",68,2
"Jitter (ms)","KPI from->to",70,2
"Jitter (ms)","KPI from->to",72,5
"Jitter (ms)","KPI from->to",74,3
"Jitter (ms)","KPI from->to",76,2
"Jitter (ms)","KPI from->to",78,3
"Jitter (ms)","KPI from->to",80,1
"Jitter (ms)","KPI from->to",82,0
"Jitter (ms)","KPI from->to",84,2
"Jitter (ms)","KPI from->to",86,2
"Jitter (ms)","KPI from->to",88,2
"Jitter (ms)","KPI from->to",90,5
"Jitter (ms)","KPI from->to",92,2
"Jitter (ms)","KPI from->to",94,3
"Jitter (ms)","KPI from->to",96,5
"Jitter (ms)","KPI from->to",98,0
"Jitter (ms)","KPI from->to",100,2

Metric,"Pair Name",Timestamp,Value
Loss,"KPI from->to",2,0
Loss,"KPI from->to",4,0
Loss,"KPI from->to",6,0
Loss,"KPI from->to",8,0
Loss,"KPI from->to",10,0
Loss,"KPI from->to",12,0
Loss,"KPI from->to",14,0
Loss,"KPI from->to",16,0
Loss,"KPI from->to",18,0
Loss,"KPI from->to",20,0
Loss,"KPI from->to",22,0
Loss,"KPI from->to",24,0
Loss,"KPI from->to",26,0
Loss,"KPI from->to",28,0
Loss,"KPI from->to",30,0
Loss,"KPI from->to",32,0
Loss,"KPI from->to",34,0
Loss,"KPI from->to",36,0
Loss,"KPI from->to",38,0
Loss,"KPI from->to",40,0
Loss,"KPI from->to",42,0
Loss,"KPI from->to",44,0
Loss,"KPI from->to",46,0
Loss,"KPI from->to",48,0
Loss,"KPI from->to",50,0
Loss,"KPI from->to",52,0
Loss,"KPI from->to",54,0
Loss,"KPI from->to",56,0
Loss,"KPI from->to",58,0
Loss,"KPI from->to",60,0
Loss,"KPI from->to",62,0
Loss,"KPI from->to",64,0
Loss,"KPI from->to",66,0
Loss,"KPI from->to",68,0
Loss,"KPI from->to",70,0
Loss,"KPI from->to",72,0
Loss,"KPI from->to",74,0
Loss,"KPI from->to",76,0
Loss,"KPI from->to",78,0
Loss,"KPI from->to",80,0
Loss,"KPI from->to",82,0
Loss,"KPI from->to",84,0
Loss,"KPI from->to",86,0
Loss,"KPI from->to",88,0
Loss,"KPI from->to",90,0
Loss,"KPI from->to",92,0
Loss,"KPI from->to",94,0
Loss,"KPI from->to",96,0
Loss,"KPI from->to",98,0
Loss,"KPI from->to",100,0

Metric,"Pair Name",Timestamp,Value
"Delay (ms)","KPI from->to",102,24
"Delay (ms)","KPI from->to",104,22
"Delay (ms)","KPI from->to",106,23
"Delay (ms)","KPI from->to",108,24
"Delay (ms)","KPI from->to",110,23
"Delay (ms)","KPI from->to",112,23
"Delay (ms)","KPI from->to",114,23
"Delay (ms)","KPI from->to",116,23
"Delay (ms)","KPI from->to",118,22
"Delay (ms)","KPI from->to",120,23

Metric,"Pair Name",Timestamp,Value
"Max Delay Variation (ms)","KPI from->to",102,9
"Max Delay Variation (ms)","KPI from->to",104,14
"Max Delay Variation (ms)","KPI from->to",106,13
"Max Delay Variation (ms)","KPI from->to",108,14
"Max Delay Variation (ms)","KPI from->to",110,9
"Max Delay Variation (ms)","KPI from->to",112,13
"Max Delay Variation (ms)","KPI from->to",114,9
"Max Delay Variation (ms)","KPI from->to",116,13
"Max Delay Variation (ms)","KPI from->to",118,10
"Max Delay Variation (ms)","KPI from->to",120,12

Metric,"Pair Name",Timestamp,Value
"Jitter (ms)","KPI from->to",102,2
"Jitter (ms)","KPI from->to",104,5
"Jitter (ms)","KPI from->to",106,3
"Jitter (ms)","KPI from->to",108,3
"Jitter (ms)","KPI from->to",110,1
"Jitter (ms)","KPI from->to",112,2
"Jitter (ms)","KPI from->to",114,2
"Jitter (ms)","KPI from->to",116,1
"Jitter (ms)","KPI from->to",118,1
"Jitter (ms)","KPI from->to",120,3

Metric,"Pair Name",Timestamp,Value
MOS,"KPI from->to",2,4.36
MOS,"KPI from->to",4,4.36
MOS,"KPI from->to",6,4.36
MOS,"KPI from->to",8,4.36
MOS,"KPI from->to",10,4.36
MOS,"KPI from->to",12,4.36
MOS,"KPI from->to",14,4.36
MOS,"KPI from->to",16,4.36
MOS,"KPI from->to",18,4.36
MOS,"KPI from->to",20,4.36
MOS,"KPI from->to",22,4.36
MOS,"KPI from->to",24,4.36
MOS,"KPI from->to",26,4.36
MOS,"KPI from->to",28,4.36
MOS,"KPI from->to",30,4.36
MOS,"KPI from->to",32,4.36
MOS,"KPI from->to",34,4.36
MOS,"KPI from->to",36,4.36
MOS,"KPI from->to",38,4.36
MOS,"KPI from->to",40,4.36
MOS,"KPI from->to",42,4.36
MOS,"KPI from->to",44,4.36
MOS,"KPI from->to",46,4.36
MOS,"KPI from->to",48,4.36
MOS,"KPI from->to",50,4.36
MOS,"KPI from->to",52,4.36
MOS,"KPI from->to",54,4.36
MOS,"KPI from->to",56,4.36
MOS,"KPI from->to",58,4.36
MOS,"KPI from->to",60,4.36
MOS,"KPI from->to",62,4.36
MOS,"KPI from->to",64,4.36
MOS,"KPI from->to",66,4.36
MOS,"KPI from->to",68,4.36
MOS,"KPI from->to",70,4.36
MOS,"KPI from->to",72,4.36
MOS,"KPI from->to",74,4.36
MOS,"KPI from->to",76,4.36
MOS,"KPI from->to",78,4.36
MOS,"KPI from->to",80,3.47
MOS,"KPI from->to",82,4.36
MOS,"KPI from->to",84,4.36
MOS,"KPI from->to",86,4.36
MOS,"KPI from->to",88,4.36
MOS,"KPI from->to",90,4.36
MOS,"KPI from->to",92,4.36
MOS,"KPI from->to",94,4.36
MOS,"KPI from->to",96,3.47
MOS,"KPI from->to",98,4.36
MOS,"KPI from->to",100,4.36

Metric,"Pair Name",Timestamp,Value
Loss,"KPI from->to",102,0
Loss,"KPI from->to",104,0
Loss,"KPI from->to",106,0
Loss,"KPI from->to",108,0
Loss,"KPI from->to",110,0
Loss,"KPI from->to",112,0
Loss,"KPI from->to",114,0
Loss,"KPI from->to",116,0
Loss,"KPI from->to",118,0
Loss,"KPI from->to",120,0

Metric,"Pair Name",Timestamp,Value
"Max Delay Variation (ms)","KPI from->to",2,12
"Max Delay Variation (ms)","KPI from->to",4,17
"Max Delay Variation (ms)","KPI from->to",6,12
"Max Delay Variation (ms)","KPI from->to",8,13
"Max Delay Variation (ms)","KPI from->to",10,15
"Max Delay Variation (ms)","KPI from->to",12,10
"Max Delay Variation (ms)","KPI from->to",14,13
"Max Delay Variation (ms)","KPI from->to",16,13
"Max Delay Variation (ms)","KPI from->to",18,15
"Max Delay Variation (ms)","KPI from->to",20,8
"Max Delay Variation (ms)","KPI from->to",22,12
"Max Delay Variation (ms)","KPI from->to",24,13
"Max Delay Variation (ms)","KPI from->to",26,9
"Max Delay Variation (ms)","KPI from->to",28,15
"Max Delay Variation (ms)","KPI from->to",30,14
"Max Delay Variation (ms)","KPI from->to",32,9
"Max Delay Variation (ms)","KPI from->to",34,12
"Max Delay Variation (ms)","KPI from->to",36,13
"Max Delay Variation (ms)","KPI from->to",38,9
"Max Delay Variation (ms)","KPI from->to",40,13
"Max Delay Variation (ms)","KPI from->to",42,13
"Max Delay Variation (ms)","KPI from->to",44,13
"Max Delay Variation (ms)","KPI from->to",46,12
"Max Delay Variation (ms)","KPI from->to",48,17
"Max Delay Variation (ms)","KPI from->to",50,18
"Max Delay Variation (ms)","KPI from->to",52,13
"Max Delay Variation (ms)","KPI from->to",54,10
"Max Delay Variation (ms)","KPI from->to",56,8
"Max Delay Variation (ms)","KPI from->to",58,12
"Max Delay Variation (ms)","KPI from->to",60,14
"Max Delay Variation (ms)","KPI from->to",62,11
"Max Delay Variation (ms)","KPI from->to",64,12
"Max Delay Variation (ms)","KPI from->to",66,12
"Max Delay Variation (ms)","KPI from->to",68,9
"Max Delay Variation (ms)","KPI from->to",70,14
"Max Delay Variation (ms)","KPI from->to",72,19
"Max Delay Variation (ms)","KPI from->to",74,16
"Max Delay Variation (ms)","KPI from->to",76,9
"Max Delay Variation (ms)","KPI from->to",78,11
"Max Delay Variation (ms)","KPI from->to",80,59
"Max Delay Variation (ms)","KPI from->to",82,8
"Max Delay Variation (ms)","KPI from->to",84,10
"Max Delay Variation (ms)","KPI from->to",86,10
"Max Delay Variation (ms)","KPI from->to",88,12
"Max Delay Variation (ms)","KPI from->to",90,15
"Max Delay Variation (ms)","KPI from->to",92,13
"Max Delay Variation (ms)","KPI from->to",94,12
"Max Delay Variation (ms)","KPI from->to",96,59
"Max Delay Variation (ms)","KPI from->to",98,10
"Max Delay Variation (ms)","KPI from->to",100,10

Metric,"Pair Name",Timestamp,Value
MOS,"KPI from->to",102,4.36
MOS,"KPI from->to",104,4.36
MOS,"KPI from->to",106,4.36
MOS,"KPI from->to",108,4.36
MOS,"KPI from->to",110,4.36
MOS,"KPI from->to",112,4.36
MOS,"KPI from->to",114,4.36
MOS,"KPI from->to",116,4.36
MOS,"KPI from->to",118,4.36
MOS,"KPI from->to",120,4.36


