"Test Information",Value
"RUN ID",496
"END EXECUTION TIME","2021-05-13 14:01:49"
"SOURCE PROBE NAME",raspberrypi-5G
"SOURCE PROBE TEST IP ADDRESS",raspberrypi-5G
"SOURCE PROBE MANAGEMENT IP ADDRESS",raspberrypi-5G
"SOURCE PROBE GROUP",Administrators
"DESTINATION PROBE NAME",raspberrypi-AAS
"DESTINATION PROBE TEST IP ADDRESS",raspberrypi-AAS
"DESTINATION PROBE MANAGEMENT IP ADDRESS",raspberrypi-AAS
"DESTINATION PROBE GROUP",Administrators
"DESTINATION PROBE LOCATION",
"TEST MODULE",MESH
"TEST TYPE","Network KPI"
"TEST ADDITIONAL INFORMATION"," DSCP Setting: Best Effort"
"TEST DURATION",120
"TEST STATUS",Failed
"FAIL OR ERROR REASON"," Threshold failed on KPI from->to Jitter Max (ms) 
 Threshold failed on KPI from->to Max Delay Variation (ms) 
"

Metric,"Pair Name",Value,"Threshold Type",Threshold,"Status KPI"
"Datagrams Out of Order","KPI from->to",0.0,0,>=,Passed
"Delay (ms)","KPI from->to",23.7,0,<=,Passed
"Jitter (ms)","KPI from->to",2.32,0,<=,Passed
"Jitter Max (ms)","KPI from->to",6.0,0,<=,Failed
Loss,"KPI from->to",0.0,0,<=,Passed
"Max Delay Variation (ms)","KPI from->to",23.0,0,<=,Failed
"Max loss burst","KPI from->to",0.0,0,<=,Passed
MOS,"KPI from->to",4.36,1,<=,Passed

Metric,"Pair Name",Timestamp,Value
MOS,"KPI from->to",2,4.36
MOS,"KPI from->to",4,4.36
MOS,"KPI from->to",6,4.36
MOS,"KPI from->to",8,4.36
MOS,"KPI from->to",10,4.36
MOS,"KPI from->to",12,4.36
MOS,"KPI from->to",14,4.36
MOS,"KPI from->to",16,4.36
MOS,"KPI from->to",18,4.36
MOS,"KPI from->to",20,4.36
MOS,"KPI from->to",22,4.36
MOS,"KPI from->to",24,4.36
MOS,"KPI from->to",26,4.36
MOS,"KPI from->to",28,4.36
MOS,"KPI from->to",30,4.36
MOS,"KPI from->to",32,4.36
MOS,"KPI from->to",34,4.36
MOS,"KPI from->to",36,4.36
MOS,"KPI from->to",38,4.36
MOS,"KPI from->to",40,4.36
MOS,"KPI from->to",42,4.36
MOS,"KPI from->to",44,4.36
MOS,"KPI from->to",46,4.36
MOS,"KPI from->to",48,4.36
MOS,"KPI from->to",50,4.36
MOS,"KPI from->to",52,4.36
MOS,"KPI from->to",54,4.36
MOS,"KPI from->to",56,4.36
MOS,"KPI from->to",58,4.36
MOS,"KPI from->to",60,4.36
MOS,"KPI from->to",62,4.36
MOS,"KPI from->to",64,4.36
MOS,"KPI from->to",66,4.36
MOS,"KPI from->to",68,4.36
MOS,"KPI from->to",70,4.36
MOS,"KPI from->to",72,4.36
MOS,"KPI from->to",74,4.36
MOS,"KPI from->to",76,4.36
MOS,"KPI from->to",78,4.36
MOS,"KPI from->to",80,4.36
MOS,"KPI from->to",82,4.36
MOS,"KPI from->to",84,4.36
MOS,"KPI from->to",86,4.36
MOS,"KPI from->to",88,4.36
MOS,"KPI from->to",90,4.36
MOS,"KPI from->to",92,4.36
MOS,"KPI from->to",94,4.36
MOS,"KPI from->to",96,4.36
MOS,"KPI from->to",98,4.36
MOS,"KPI from->to",100,4.36

Metric,"Pair Name",Timestamp,Value
"Delay (ms)","KPI from->to",2,24
"Delay (ms)","KPI from->to",4,23
"Delay (ms)","KPI from->to",6,23
"Delay (ms)","KPI from->to",8,23
"Delay (ms)","KPI from->to",10,22
"Delay (ms)","KPI from->to",12,22
"Delay (ms)","KPI from->to",14,22
"Delay (ms)","KPI from->to",16,21
"Delay (ms)","KPI from->to",18,23
"Delay (ms)","KPI from->to",20,23
"Delay (ms)","KPI from->to",22,21
"Delay (ms)","KPI from->to",24,23
"Delay (ms)","KPI from->to",26,24
"Delay (ms)","KPI from->to",28,22
"Delay (ms)","KPI from->to",30,22
"Delay (ms)","KPI from->to",32,24
"Delay (ms)","KPI from->to",34,23
"Delay (ms)","KPI from->to",36,23
"Delay (ms)","KPI from->to",38,24
"Delay (ms)","KPI from->to",40,24
"Delay (ms)","KPI from->to",42,24
"Delay (ms)","KPI from->to",44,23
"Delay (ms)","KPI from->to",46,23
"Delay (ms)","KPI from->to",48,23
"Delay (ms)","KPI from->to",50,24
"Delay (ms)","KPI from->to",52,23
"Delay (ms)","KPI from->to",54,24
"Delay (ms)","KPI from->to",56,24
"Delay (ms)","KPI from->to",58,24
"Delay (ms)","KPI from->to",60,26
"Delay (ms)","KPI from->to",62,26
"Delay (ms)","KPI from->to",64,26
"Delay (ms)","KPI from->to",66,26
"Delay (ms)","KPI from->to",68,26
"Delay (ms)","KPI from->to",70,26
"Delay (ms)","KPI from->to",72,25
"Delay (ms)","KPI from->to",74,26
"Delay (ms)","KPI from->to",76,25
"Delay (ms)","KPI from->to",78,26
"Delay (ms)","KPI from->to",80,26
"Delay (ms)","KPI from->to",82,26
"Delay (ms)","KPI from->to",84,25
"Delay (ms)","KPI from->to",86,26
"Delay (ms)","KPI from->to",88,24
"Delay (ms)","KPI from->to",90,24
"Delay (ms)","KPI from->to",92,24
"Delay (ms)","KPI from->to",94,25
"Delay (ms)","KPI from->to",96,25
"Delay (ms)","KPI from->to",98,25
"Delay (ms)","KPI from->to",100,24

Metric,"Pair Name",Timestamp,Value
"Jitter (ms)","KPI from->to",2,2
"Jitter (ms)","KPI from->to",4,4
"Jitter (ms)","KPI from->to",6,3
"Jitter (ms)","KPI from->to",8,1
"Jitter (ms)","KPI from->to",10,1
"Jitter (ms)","KPI from->to",12,3
"Jitter (ms)","KPI from->to",14,1
"Jitter (ms)","KPI from->to",16,1
"Jitter (ms)","KPI from->to",18,1
"Jitter (ms)","KPI from->to",20,2
"Jitter (ms)","KPI from->to",22,3
"Jitter (ms)","KPI from->to",24,6
"Jitter (ms)","KPI from->to",26,4
"Jitter (ms)","KPI from->to",28,2
"Jitter (ms)","KPI from->to",30,3
"Jitter (ms)","KPI from->to",32,2
"Jitter (ms)","KPI from->to",34,2
"Jitter (ms)","KPI from->to",36,2
"Jitter (ms)","KPI from->to",38,4
"Jitter (ms)","KPI from->to",40,3
"Jitter (ms)","KPI from->to",42,4
"Jitter (ms)","KPI from->to",44,1
"Jitter (ms)","KPI from->to",46,3
"Jitter (ms)","KPI from->to",48,4
"Jitter (ms)","KPI from->to",50,1
"Jitter (ms)","KPI from->to",52,2
"Jitter (ms)","KPI from->to",54,5
"Jitter (ms)","KPI from->to",56,4
"Jitter (ms)","KPI from->to",58,3
"Jitter (ms)","KPI from->to",60,2
"Jitter (ms)","KPI from->to",62,2
"Jitter (ms)","KPI from->to",64,4
"Jitter (ms)","KPI from->to",66,3
"Jitter (ms)","KPI from->to",68,2
"Jitter (ms)","KPI from->to",70,3
"Jitter (ms)","KPI from->to",72,2
"Jitter (ms)","KPI from->to",74,1
"Jitter (ms)","KPI from->to",76,2
"Jitter (ms)","KPI from->to",78,2
"Jitter (ms)","KPI from->to",80,2
"Jitter (ms)","KPI from->to",82,2
"Jitter (ms)","KPI from->to",84,1
"Jitter (ms)","KPI from->to",86,1
"Jitter (ms)","KPI from->to",88,1
"Jitter (ms)","KPI from->to",90,1
"Jitter (ms)","KPI from->to",92,1
"Jitter (ms)","KPI from->to",94,2
"Jitter (ms)","KPI from->to",96,3
"Jitter (ms)","KPI from->to",98,1
"Jitter (ms)","KPI from->to",100,2

Metric,"Pair Name",Timestamp,Value
"Jitter (ms)","KPI from->to",102,2
"Jitter (ms)","KPI from->to",104,1
"Jitter (ms)","KPI from->to",106,2
"Jitter (ms)","KPI from->to",108,2
"Jitter (ms)","KPI from->to",110,1
"Jitter (ms)","KPI from->to",112,1
"Jitter (ms)","KPI from->to",114,4
"Jitter (ms)","KPI from->to",116,2
"Jitter (ms)","KPI from->to",118,3
"Jitter (ms)","KPI from->to",120,4

Metric,"Pair Name",Timestamp,Value
Loss,"KPI from->to",2,0
Loss,"KPI from->to",4,0
Loss,"KPI from->to",6,0
Loss,"KPI from->to",8,0
Loss,"KPI from->to",10,0
Loss,"KPI from->to",12,0
Loss,"KPI from->to",14,0
Loss,"KPI from->to",16,0
Loss,"KPI from->to",18,0
Loss,"KPI from->to",20,0
Loss,"KPI from->to",22,0
Loss,"KPI from->to",24,0
Loss,"KPI from->to",26,0
Loss,"KPI from->to",28,0
Loss,"KPI from->to",30,0
Loss,"KPI from->to",32,0
Loss,"KPI from->to",34,0
Loss,"KPI from->to",36,0
Loss,"KPI from->to",38,0
Loss,"KPI from->to",40,0
Loss,"KPI from->to",42,0
Loss,"KPI from->to",44,0
Loss,"KPI from->to",46,0
Loss,"KPI from->to",48,0
Loss,"KPI from->to",50,0
Loss,"KPI from->to",52,0
Loss,"KPI from->to",54,0
Loss,"KPI from->to",56,0
Loss,"KPI from->to",58,0
Loss,"KPI from->to",60,0
Loss,"KPI from->to",62,0
Loss,"KPI from->to",64,0
Loss,"KPI from->to",66,0
Loss,"KPI from->to",68,0
Loss,"KPI from->to",70,0
Loss,"KPI from->to",72,0
Loss,"KPI from->to",74,0
Loss,"KPI from->to",76,0
Loss,"KPI from->to",78,0
Loss,"KPI from->to",80,0
Loss,"KPI from->to",82,0
Loss,"KPI from->to",84,0
Loss,"KPI from->to",86,0
Loss,"KPI from->to",88,0
Loss,"KPI from->to",90,0
Loss,"KPI from->to",92,0
Loss,"KPI from->to",94,0
Loss,"KPI from->to",96,0
Loss,"KPI from->to",98,0
Loss,"KPI from->to",100,0

Metric,"Pair Name",Timestamp,Value
"Max Delay Variation (ms)","KPI from->to",2,12
"Max Delay Variation (ms)","KPI from->to",4,14
"Max Delay Variation (ms)","KPI from->to",6,13
"Max Delay Variation (ms)","KPI from->to",8,8
"Max Delay Variation (ms)","KPI from->to",10,16
"Max Delay Variation (ms)","KPI from->to",12,12
"Max Delay Variation (ms)","KPI from->to",14,9
"Max Delay Variation (ms)","KPI from->to",16,10
"Max Delay Variation (ms)","KPI from->to",18,13
"Max Delay Variation (ms)","KPI from->to",20,12
"Max Delay Variation (ms)","KPI from->to",22,9
"Max Delay Variation (ms)","KPI from->to",24,23
"Max Delay Variation (ms)","KPI from->to",26,14
"Max Delay Variation (ms)","KPI from->to",28,15
"Max Delay Variation (ms)","KPI from->to",30,14
"Max Delay Variation (ms)","KPI from->to",32,15
"Max Delay Variation (ms)","KPI from->to",34,12
"Max Delay Variation (ms)","KPI from->to",36,12
"Max Delay Variation (ms)","KPI from->to",38,12
"Max Delay Variation (ms)","KPI from->to",40,14
"Max Delay Variation (ms)","KPI from->to",42,23
"Max Delay Variation (ms)","KPI from->to",44,15
"Max Delay Variation (ms)","KPI from->to",46,13
"Max Delay Variation (ms)","KPI from->to",48,17
"Max Delay Variation (ms)","KPI from->to",50,10
"Max Delay Variation (ms)","KPI from->to",52,21
"Max Delay Variation (ms)","KPI from->to",54,14
"Max Delay Variation (ms)","KPI from->to",56,19
"Max Delay Variation (ms)","KPI from->to",58,14
"Max Delay Variation (ms)","KPI from->to",60,12
"Max Delay Variation (ms)","KPI from->to",62,17
"Max Delay Variation (ms)","KPI from->to",64,14
"Max Delay Variation (ms)","KPI from->to",66,17
"Max Delay Variation (ms)","KPI from->to",68,16
"Max Delay Variation (ms)","KPI from->to",70,20
"Max Delay Variation (ms)","KPI from->to",72,11
"Max Delay Variation (ms)","KPI from->to",74,10
"Max Delay Variation (ms)","KPI from->to",76,10
"Max Delay Variation (ms)","KPI from->to",78,14
"Max Delay Variation (ms)","KPI from->to",80,9
"Max Delay Variation (ms)","KPI from->to",82,10
"Max Delay Variation (ms)","KPI from->to",84,9
"Max Delay Variation (ms)","KPI from->to",86,13
"Max Delay Variation (ms)","KPI from->to",88,9
"Max Delay Variation (ms)","KPI from->to",90,9
"Max Delay Variation (ms)","KPI from->to",92,7
"Max Delay Variation (ms)","KPI from->to",94,12
"Max Delay Variation (ms)","KPI from->to",96,16
"Max Delay Variation (ms)","KPI from->to",98,9
"Max Delay Variation (ms)","KPI from->to",100,14

Metric,"Pair Name",Timestamp,Value
"Delay (ms)","KPI from->to",102,24
"Delay (ms)","KPI from->to",104,24
"Delay (ms)","KPI from->to",106,23
"Delay (ms)","KPI from->to",108,22
"Delay (ms)","KPI from->to",110,23
"Delay (ms)","KPI from->to",112,23
"Delay (ms)","KPI from->to",114,21
"Delay (ms)","KPI from->to",116,21
"Delay (ms)","KPI from->to",118,20
"Delay (ms)","KPI from->to",120,21

Metric,"Pair Name",Timestamp,Value
Loss,"KPI from->to",102,0
Loss,"KPI from->to",104,0
Loss,"KPI from->to",106,0
Loss,"KPI from->to",108,0
Loss,"KPI from->to",110,0
Loss,"KPI from->to",112,0
Loss,"KPI from->to",114,0
Loss,"KPI from->to",116,0
Loss,"KPI from->to",118,0
Loss,"KPI from->to",120,0

Metric,"Pair Name",Timestamp,Value
"Max Delay Variation (ms)","KPI from->to",102,11
"Max Delay Variation (ms)","KPI from->to",104,14
"Max Delay Variation (ms)","KPI from->to",106,15
"Max Delay Variation (ms)","KPI from->to",108,12
"Max Delay Variation (ms)","KPI from->to",110,8
"Max Delay Variation (ms)","KPI from->to",112,13
"Max Delay Variation (ms)","KPI from->to",114,13
"Max Delay Variation (ms)","KPI from->to",116,10
"Max Delay Variation (ms)","KPI from->to",118,12
"Max Delay Variation (ms)","KPI from->to",120,15

Metric,"Pair Name",Timestamp,Value
MOS,"KPI from->to",102,4.36
MOS,"KPI from->to",104,4.36
MOS,"KPI from->to",106,4.36
MOS,"KPI from->to",108,4.36
MOS,"KPI from->to",110,4.36
MOS,"KPI from->to",112,4.36
MOS,"KPI from->to",114,4.36
MOS,"KPI from->to",116,4.36
MOS,"KPI from->to",118,4.36
MOS,"KPI from->to",120,4.36


