"Test Information",Value
"RUN ID",496
"END EXECUTION TIME","2021-05-13 14:24:02"
"SOURCE PROBE NAME",raspberrypi-5G
"SOURCE PROBE TEST IP ADDRESS",raspberrypi-5G
"SOURCE PROBE MANAGEMENT IP ADDRESS",raspberrypi-5G
"SOURCE PROBE GROUP",Administrators
"DESTINATION PROBE NAME",raspberrypi-AAS
"DESTINATION PROBE TEST IP ADDRESS",raspberrypi-AAS
"DESTINATION PROBE MANAGEMENT IP ADDRESS",raspberrypi-AAS
"DESTINATION PROBE GROUP",Administrators
"DESTINATION PROBE LOCATION",
"TEST MODULE",MESH
"TEST TYPE","Network KPI"
"TEST ADDITIONAL INFORMATION"," DSCP Setting: Best Effort"
"TEST DURATION",120
"TEST STATUS",Failed
"FAIL OR ERROR REASON"," Threshold failed on KPI from->to Max Delay Variation (ms) 
"

Metric,"Pair Name",Value,"Threshold Type",Threshold,"Status KPI"
"Datagrams Out of Order","KPI from->to",0.0,0,>=,Passed
"Delay (ms)","KPI from->to",20.2,0,<=,Passed
"Jitter (ms)","KPI from->to",1.38,0,<=,Passed
"Jitter Max (ms)","KPI from->to",5.0,0,<=,Passed
Loss,"KPI from->to",0.0,0,<=,Passed
"Max Delay Variation (ms)","KPI from->to",40.0,0,<=,Failed
"Max loss burst","KPI from->to",0.0,0,<=,Passed
MOS,"KPI from->to",4.36,1,<=,Passed

Metric,"Pair Name",Timestamp,Value
"Jitter (ms)","KPI from->to",2,4
"Jitter (ms)","KPI from->to",4,2
"Jitter (ms)","KPI from->to",6,2
"Jitter (ms)","KPI from->to",8,2
"Jitter (ms)","KPI from->to",10,1
"Jitter (ms)","KPI from->to",12,2
"Jitter (ms)","KPI from->to",14,2
"Jitter (ms)","KPI from->to",16,2
"Jitter (ms)","KPI from->to",18,1
"Jitter (ms)","KPI from->to",20,3
"Jitter (ms)","KPI from->to",22,4
"Jitter (ms)","KPI from->to",24,1
"Jitter (ms)","KPI from->to",26,2
"Jitter (ms)","KPI from->to",28,3
"Jitter (ms)","KPI from->to",30,2
"Jitter (ms)","KPI from->to",32,5
"Jitter (ms)","KPI from->to",34,3
"Jitter (ms)","KPI from->to",36,3
"Jitter (ms)","KPI from->to",38,2
"Jitter (ms)","KPI from->to",40,1
"Jitter (ms)","KPI from->to",42,2
"Jitter (ms)","KPI from->to",44,1
"Jitter (ms)","KPI from->to",46,2
"Jitter (ms)","KPI from->to",48,1
"Jitter (ms)","KPI from->to",50,2
"Jitter (ms)","KPI from->to",52,1
"Jitter (ms)","KPI from->to",54,1
"Jitter (ms)","KPI from->to",56,2
"Jitter (ms)","KPI from->to",58,1
"Jitter (ms)","KPI from->to",60,2
"Jitter (ms)","KPI from->to",62,1
"Jitter (ms)","KPI from->to",64,1
"Jitter (ms)","KPI from->to",66,1
"Jitter (ms)","KPI from->to",68,1
"Jitter (ms)","KPI from->to",70,1
"Jitter (ms)","KPI from->to",72,2
"Jitter (ms)","KPI from->to",74,0
"Jitter (ms)","KPI from->to",76,0
"Jitter (ms)","KPI from->to",78,1
"Jitter (ms)","KPI from->to",80,1
"Jitter (ms)","KPI from->to",82,0
"Jitter (ms)","KPI from->to",84,0
"Jitter (ms)","KPI from->to",86,0
"Jitter (ms)","KPI from->to",88,0
"Jitter (ms)","KPI from->to",90,0
"Jitter (ms)","KPI from->to",92,2
"Jitter (ms)","KPI from->to",94,0
"Jitter (ms)","KPI from->to",96,1
"Jitter (ms)","KPI from->to",98,1
"Jitter (ms)","KPI from->to",100,1

Metric,"Pair Name",Timestamp,Value
MOS,"KPI from->to",2,4.36
MOS,"KPI from->to",4,4.36
MOS,"KPI from->to",6,4.36
MOS,"KPI from->to",8,4.36
MOS,"KPI from->to",10,4.36
MOS,"KPI from->to",12,4.36
MOS,"KPI from->to",14,4.36
MOS,"KPI from->to",16,4.36
MOS,"KPI from->to",18,4.36
MOS,"KPI from->to",20,4.36
MOS,"KPI from->to",22,4.36
MOS,"KPI from->to",24,4.36
MOS,"KPI from->to",26,4.36
MOS,"KPI from->to",28,4.36
MOS,"KPI from->to",30,4.36
MOS,"KPI from->to",32,4.36
MOS,"KPI from->to",34,4.36
MOS,"KPI from->to",36,4.36
MOS,"KPI from->to",38,4.36
MOS,"KPI from->to",40,4.36
MOS,"KPI from->to",42,4.36
MOS,"KPI from->to",44,4.36
MOS,"KPI from->to",46,4.36
MOS,"KPI from->to",48,4.36
MOS,"KPI from->to",50,4.36
MOS,"KPI from->to",52,4.36
MOS,"KPI from->to",54,4.36
MOS,"KPI from->to",56,4.36
MOS,"KPI from->to",58,4.36
MOS,"KPI from->to",60,4.36
MOS,"KPI from->to",62,4.36
MOS,"KPI from->to",64,4.36
MOS,"KPI from->to",66,4.36
MOS,"KPI from->to",68,4.36
MOS,"KPI from->to",70,4.36
MOS,"KPI from->to",72,4.36
MOS,"KPI from->to",74,4.36
MOS,"KPI from->to",76,4.36
MOS,"KPI from->to",78,4.37
MOS,"KPI from->to",80,4.37
MOS,"KPI from->to",82,4.37
MOS,"KPI from->to",84,4.37
MOS,"KPI from->to",86,4.37
MOS,"KPI from->to",88,4.37
MOS,"KPI from->to",90,4.37
MOS,"KPI from->to",92,4.37
MOS,"KPI from->to",94,4.37
MOS,"KPI from->to",96,4.37
MOS,"KPI from->to",98,4.37
MOS,"KPI from->to",100,4.37

Metric,"Pair Name",Timestamp,Value
"Jitter (ms)","KPI from->to",102,1
"Jitter (ms)","KPI from->to",104,1
"Jitter (ms)","KPI from->to",106,0
"Jitter (ms)","KPI from->to",108,1
"Jitter (ms)","KPI from->to",110,1
"Jitter (ms)","KPI from->to",112,0
"Jitter (ms)","KPI from->to",114,1
"Jitter (ms)","KPI from->to",116,0
"Jitter (ms)","KPI from->to",118,0
"Jitter (ms)","KPI from->to",120,2

Metric,"Pair Name",Timestamp,Value
MOS,"KPI from->to",102,4.37
MOS,"KPI from->to",104,4.37
MOS,"KPI from->to",106,4.37
MOS,"KPI from->to",108,4.37
MOS,"KPI from->to",110,4.36
MOS,"KPI from->to",112,4.36
MOS,"KPI from->to",114,4.36
MOS,"KPI from->to",116,4.36
MOS,"KPI from->to",118,4.36
MOS,"KPI from->to",120,4.36

Metric,"Pair Name",Timestamp,Value
"Delay (ms)","KPI from->to",2,22
"Delay (ms)","KPI from->to",4,22
"Delay (ms)","KPI from->to",6,24
"Delay (ms)","KPI from->to",8,23
"Delay (ms)","KPI from->to",10,21
"Delay (ms)","KPI from->to",12,23
"Delay (ms)","KPI from->to",14,24
"Delay (ms)","KPI from->to",16,26
"Delay (ms)","KPI from->to",18,25
"Delay (ms)","KPI from->to",20,27
"Delay (ms)","KPI from->to",22,25
"Delay (ms)","KPI from->to",24,26
"Delay (ms)","KPI from->to",26,26
"Delay (ms)","KPI from->to",28,27
"Delay (ms)","KPI from->to",30,26
"Delay (ms)","KPI from->to",32,29
"Delay (ms)","KPI from->to",34,27
"Delay (ms)","KPI from->to",36,28
"Delay (ms)","KPI from->to",38,27
"Delay (ms)","KPI from->to",40,26
"Delay (ms)","KPI from->to",42,26
"Delay (ms)","KPI from->to",44,25
"Delay (ms)","KPI from->to",46,23
"Delay (ms)","KPI from->to",48,19
"Delay (ms)","KPI from->to",50,19
"Delay (ms)","KPI from->to",52,19
"Delay (ms)","KPI from->to",54,18
"Delay (ms)","KPI from->to",56,19
"Delay (ms)","KPI from->to",58,20
"Delay (ms)","KPI from->to",60,19
"Delay (ms)","KPI from->to",62,19
"Delay (ms)","KPI from->to",64,18
"Delay (ms)","KPI from->to",66,19
"Delay (ms)","KPI from->to",68,20
"Delay (ms)","KPI from->to",70,19
"Delay (ms)","KPI from->to",72,18
"Delay (ms)","KPI from->to",74,18
"Delay (ms)","KPI from->to",76,18
"Delay (ms)","KPI from->to",78,15
"Delay (ms)","KPI from->to",80,15
"Delay (ms)","KPI from->to",82,15
"Delay (ms)","KPI from->to",84,15
"Delay (ms)","KPI from->to",86,15
"Delay (ms)","KPI from->to",88,15
"Delay (ms)","KPI from->to",90,15
"Delay (ms)","KPI from->to",92,15
"Delay (ms)","KPI from->to",94,15
"Delay (ms)","KPI from->to",96,15
"Delay (ms)","KPI from->to",98,15
"Delay (ms)","KPI from->to",100,15

Metric,"Pair Name",Timestamp,Value
Loss,"KPI from->to",2,0
Loss,"KPI from->to",4,0
Loss,"KPI from->to",6,0
Loss,"KPI from->to",8,0
Loss,"KPI from->to",10,0
Loss,"KPI from->to",12,0
Loss,"KPI from->to",14,0
Loss,"KPI from->to",16,0
Loss,"KPI from->to",18,0
Loss,"KPI from->to",20,0
Loss,"KPI from->to",22,0
Loss,"KPI from->to",24,0
Loss,"KPI from->to",26,0
Loss,"KPI from->to",28,0
Loss,"KPI from->to",30,0
Loss,"KPI from->to",32,0
Loss,"KPI from->to",34,0
Loss,"KPI from->to",36,0
Loss,"KPI from->to",38,0
Loss,"KPI from->to",40,0
Loss,"KPI from->to",42,0
Loss,"KPI from->to",44,0
Loss,"KPI from->to",46,0
Loss,"KPI from->to",48,0
Loss,"KPI from->to",50,0
Loss,"KPI from->to",52,0
Loss,"KPI from->to",54,0
Loss,"KPI from->to",56,0
Loss,"KPI from->to",58,0
Loss,"KPI from->to",60,0
Loss,"KPI from->to",62,0
Loss,"KPI from->to",64,0
Loss,"KPI from->to",66,0
Loss,"KPI from->to",68,0
Loss,"KPI from->to",70,0
Loss,"KPI from->to",72,0
Loss,"KPI from->to",74,0
Loss,"KPI from->to",76,0
Loss,"KPI from->to",78,0
Loss,"KPI from->to",80,0
Loss,"KPI from->to",82,0
Loss,"KPI from->to",84,0
Loss,"KPI from->to",86,0
Loss,"KPI from->to",88,0
Loss,"KPI from->to",90,0
Loss,"KPI from->to",92,0
Loss,"KPI from->to",94,0
Loss,"KPI from->to",96,0
Loss,"KPI from->to",98,0
Loss,"KPI from->to",100,0

Metric,"Pair Name",Timestamp,Value
"Max Delay Variation (ms)","KPI from->to",2,25
"Max Delay Variation (ms)","KPI from->to",4,18
"Max Delay Variation (ms)","KPI from->to",6,36
"Max Delay Variation (ms)","KPI from->to",8,31
"Max Delay Variation (ms)","KPI from->to",10,11
"Max Delay Variation (ms)","KPI from->to",12,13
"Max Delay Variation (ms)","KPI from->to",14,26
"Max Delay Variation (ms)","KPI from->to",16,6
"Max Delay Variation (ms)","KPI from->to",18,8
"Max Delay Variation (ms)","KPI from->to",20,33
"Max Delay Variation (ms)","KPI from->to",22,23
"Max Delay Variation (ms)","KPI from->to",24,21
"Max Delay Variation (ms)","KPI from->to",26,15
"Max Delay Variation (ms)","KPI from->to",28,33
"Max Delay Variation (ms)","KPI from->to",30,21
"Max Delay Variation (ms)","KPI from->to",32,40
"Max Delay Variation (ms)","KPI from->to",34,12
"Max Delay Variation (ms)","KPI from->to",36,33
"Max Delay Variation (ms)","KPI from->to",38,21
"Max Delay Variation (ms)","KPI from->to",40,20
"Max Delay Variation (ms)","KPI from->to",42,8
"Max Delay Variation (ms)","KPI from->to",44,6
"Max Delay Variation (ms)","KPI from->to",46,18
"Max Delay Variation (ms)","KPI from->to",48,15
"Max Delay Variation (ms)","KPI from->to",50,7
"Max Delay Variation (ms)","KPI from->to",52,10
"Max Delay Variation (ms)","KPI from->to",54,5
"Max Delay Variation (ms)","KPI from->to",56,6
"Max Delay Variation (ms)","KPI from->to",58,14
"Max Delay Variation (ms)","KPI from->to",60,9
"Max Delay Variation (ms)","KPI from->to",62,9
"Max Delay Variation (ms)","KPI from->to",64,6
"Max Delay Variation (ms)","KPI from->to",66,10
"Max Delay Variation (ms)","KPI from->to",68,8
"Max Delay Variation (ms)","KPI from->to",70,6
"Max Delay Variation (ms)","KPI from->to",72,7
"Max Delay Variation (ms)","KPI from->to",74,4
"Max Delay Variation (ms)","KPI from->to",76,3
"Max Delay Variation (ms)","KPI from->to",78,4
"Max Delay Variation (ms)","KPI from->to",80,8
"Max Delay Variation (ms)","KPI from->to",82,3
"Max Delay Variation (ms)","KPI from->to",84,3
"Max Delay Variation (ms)","KPI from->to",86,3
"Max Delay Variation (ms)","KPI from->to",88,3
"Max Delay Variation (ms)","KPI from->to",90,3
"Max Delay Variation (ms)","KPI from->to",92,8
"Max Delay Variation (ms)","KPI from->to",94,5
"Max Delay Variation (ms)","KPI from->to",96,11
"Max Delay Variation (ms)","KPI from->to",98,6
"Max Delay Variation (ms)","KPI from->to",100,7

Metric,"Pair Name",Timestamp,Value
"Delay (ms)","KPI from->to",102,15
"Delay (ms)","KPI from->to",104,16
"Delay (ms)","KPI from->to",106,15
"Delay (ms)","KPI from->to",108,16
"Delay (ms)","KPI from->to",110,18
"Delay (ms)","KPI from->to",112,18
"Delay (ms)","KPI from->to",114,18
"Delay (ms)","KPI from->to",116,18
"Delay (ms)","KPI from->to",118,19
"Delay (ms)","KPI from->to",120,19

Metric,"Pair Name",Timestamp,Value
Loss,"KPI from->to",102,0
Loss,"KPI from->to",104,0
Loss,"KPI from->to",106,0
Loss,"KPI from->to",108,0
Loss,"KPI from->to",110,0
Loss,"KPI from->to",112,0
Loss,"KPI from->to",114,0
Loss,"KPI from->to",116,0
Loss,"KPI from->to",118,0
Loss,"KPI from->to",120,0

Metric,"Pair Name",Timestamp,Value
"Max Delay Variation (ms)","KPI from->to",102,9
"Max Delay Variation (ms)","KPI from->to",104,13
"Max Delay Variation (ms)","KPI from->to",106,4
"Max Delay Variation (ms)","KPI from->to",108,6
"Max Delay Variation (ms)","KPI from->to",110,5
"Max Delay Variation (ms)","KPI from->to",112,3
"Max Delay Variation (ms)","KPI from->to",114,4
"Max Delay Variation (ms)","KPI from->to",116,5
"Max Delay Variation (ms)","KPI from->to",118,5
"Max Delay Variation (ms)","KPI from->to",120,24


