"Test Information",Value
"RUN ID",496
"END EXECUTION TIME","2021-05-13 14:50:48"
"SOURCE PROBE NAME",raspberrypi-AAS
"SOURCE PROBE TEST IP ADDRESS",raspberrypi-AAS
"SOURCE PROBE MANAGEMENT IP ADDRESS",raspberrypi-AAS
"SOURCE PROBE GROUP",Administrators
"DESTINATION PROBE NAME",raspberrypi-5G
"DESTINATION PROBE TEST IP ADDRESS",raspberrypi-5G
"DESTINATION PROBE MANAGEMENT IP ADDRESS",raspberrypi-5G
"DESTINATION PROBE GROUP",Administrators
"DESTINATION PROBE LOCATION",
"TEST MODULE",MESH
"TEST TYPE","Network KPI"
"TEST ADDITIONAL INFORMATION"," DSCP Setting: Best Effort"
"TEST DURATION",120
"TEST STATUS",Failed
"FAIL OR ERROR REASON"," Threshold failed on KPI from->to Jitter (ms) 
 Threshold failed on KPI from->to Jitter Max (ms) 
 Threshold failed on KPI from->to Max Delay Variation (ms) 
 Threshold failed on KPI from->to MOS 
"

Metric,"Pair Name",Value,"Threshold Type",Threshold,"Status KPI"
"Datagrams Out of Order","KPI from->to",0.0,0,>=,Passed
"Delay (ms)","KPI from->to",17.88,0,<=,Passed
"Jitter (ms)","KPI from->to",6.9,0,<=,Failed
"Jitter Max (ms)","KPI from->to",19.0,0,<=,Failed
Loss,"KPI from->to",0.0,0,<=,Passed
"Max Delay Variation (ms)","KPI from->to",184.0,0,<=,Failed
"Max loss burst","KPI from->to",0.0,0,<=,Passed
MOS,"KPI from->to",2.0,1,<=,Failed

Metric,"Pair Name",Timestamp,Value
"Max Delay Variation (ms)","KPI from->to",2,79
"Max Delay Variation (ms)","KPI from->to",4,40
"Max Delay Variation (ms)","KPI from->to",6,110
"Max Delay Variation (ms)","KPI from->to",8,89
"Max Delay Variation (ms)","KPI from->to",10,102
"Max Delay Variation (ms)","KPI from->to",12,98
"Max Delay Variation (ms)","KPI from->to",14,58
"Max Delay Variation (ms)","KPI from->to",16,54
"Max Delay Variation (ms)","KPI from->to",18,75
"Max Delay Variation (ms)","KPI from->to",20,67
"Max Delay Variation (ms)","KPI from->to",22,42
"Max Delay Variation (ms)","KPI from->to",24,57
"Max Delay Variation (ms)","KPI from->to",26,184
"Max Delay Variation (ms)","KPI from->to",28,65
"Max Delay Variation (ms)","KPI from->to",30,95
"Max Delay Variation (ms)","KPI from->to",32,46
"Max Delay Variation (ms)","KPI from->to",34,103
"Max Delay Variation (ms)","KPI from->to",36,47
"Max Delay Variation (ms)","KPI from->to",38,62
"Max Delay Variation (ms)","KPI from->to",40,53
"Max Delay Variation (ms)","KPI from->to",42,42
"Max Delay Variation (ms)","KPI from->to",44,54
"Max Delay Variation (ms)","KPI from->to",46,60
"Max Delay Variation (ms)","KPI from->to",48,43
"Max Delay Variation (ms)","KPI from->to",50,98
"Max Delay Variation (ms)","KPI from->to",52,70
"Max Delay Variation (ms)","KPI from->to",54,43
"Max Delay Variation (ms)","KPI from->to",56,45
"Max Delay Variation (ms)","KPI from->to",58,51
"Max Delay Variation (ms)","KPI from->to",60,67
"Max Delay Variation (ms)","KPI from->to",62,72
"Max Delay Variation (ms)","KPI from->to",64,144
"Max Delay Variation (ms)","KPI from->to",66,95
"Max Delay Variation (ms)","KPI from->to",68,91
"Max Delay Variation (ms)","KPI from->to",70,43
"Max Delay Variation (ms)","KPI from->to",72,69
"Max Delay Variation (ms)","KPI from->to",74,56
"Max Delay Variation (ms)","KPI from->to",76,72
"Max Delay Variation (ms)","KPI from->to",78,129
"Max Delay Variation (ms)","KPI from->to",80,56
"Max Delay Variation (ms)","KPI from->to",82,59
"Max Delay Variation (ms)","KPI from->to",84,58
"Max Delay Variation (ms)","KPI from->to",86,113
"Max Delay Variation (ms)","KPI from->to",88,51
"Max Delay Variation (ms)","KPI from->to",90,68
"Max Delay Variation (ms)","KPI from->to",92,98
"Max Delay Variation (ms)","KPI from->to",94,44
"Max Delay Variation (ms)","KPI from->to",96,43
"Max Delay Variation (ms)","KPI from->to",98,58
"Max Delay Variation (ms)","KPI from->to",100,146

Metric,"Pair Name",Timestamp,Value
"Delay (ms)","KPI from->to",2,23
"Delay (ms)","KPI from->to",4,22
"Delay (ms)","KPI from->to",6,27
"Delay (ms)","KPI from->to",8,23
"Delay (ms)","KPI from->to",10,24
"Delay (ms)","KPI from->to",12,25
"Delay (ms)","KPI from->to",14,23
"Delay (ms)","KPI from->to",16,24
"Delay (ms)","KPI from->to",18,21
"Delay (ms)","KPI from->to",20,3
"Delay (ms)","KPI from->to",22,3
"Delay (ms)","KPI from->to",24,2
"Delay (ms)","KPI from->to",26,10
"Delay (ms)","KPI from->to",28,2
"Delay (ms)","KPI from->to",30,5
"Delay (ms)","KPI from->to",32,2
"Delay (ms)","KPI from->to",34,6
"Delay (ms)","KPI from->to",36,3
"Delay (ms)","KPI from->to",38,2
"Delay (ms)","KPI from->to",40,2
"Delay (ms)","KPI from->to",42,4
"Delay (ms)","KPI from->to",44,2
"Delay (ms)","KPI from->to",46,3
"Delay (ms)","KPI from->to",48,2
"Delay (ms)","KPI from->to",50,5
"Delay (ms)","KPI from->to",52,5
"Delay (ms)","KPI from->to",54,18
"Delay (ms)","KPI from->to",56,21
"Delay (ms)","KPI from->to",58,19
"Delay (ms)","KPI from->to",60,21
"Delay (ms)","KPI from->to",62,23
"Delay (ms)","KPI from->to",64,33
"Delay (ms)","KPI from->to",66,26
"Delay (ms)","KPI from->to",68,25
"Delay (ms)","KPI from->to",70,20
"Delay (ms)","KPI from->to",72,28
"Delay (ms)","KPI from->to",74,25
"Delay (ms)","KPI from->to",76,24
"Delay (ms)","KPI from->to",78,29
"Delay (ms)","KPI from->to",80,20
"Delay (ms)","KPI from->to",82,24
"Delay (ms)","KPI from->to",84,23
"Delay (ms)","KPI from->to",86,30
"Delay (ms)","KPI from->to",88,18
"Delay (ms)","KPI from->to",90,21
"Delay (ms)","KPI from->to",92,23
"Delay (ms)","KPI from->to",94,18
"Delay (ms)","KPI from->to",96,18
"Delay (ms)","KPI from->to",98,21
"Delay (ms)","KPI from->to",100,31

Metric,"Pair Name",Timestamp,Value
"Jitter (ms)","KPI from->to",102,7
"Jitter (ms)","KPI from->to",104,19
"Jitter (ms)","KPI from->to",106,11
"Jitter (ms)","KPI from->to",108,6
"Jitter (ms)","KPI from->to",110,4
"Jitter (ms)","KPI from->to",112,5
"Jitter (ms)","KPI from->to",114,5
"Jitter (ms)","KPI from->to",116,1
"Jitter (ms)","KPI from->to",118,16
"Jitter (ms)","KPI from->to",120,2

Metric,"Pair Name",Timestamp,Value
Loss,"KPI from->to",2,0
Loss,"KPI from->to",4,0
Loss,"KPI from->to",6,0
Loss,"KPI from->to",8,0
Loss,"KPI from->to",10,0
Loss,"KPI from->to",12,0
Loss,"KPI from->to",14,0
Loss,"KPI from->to",16,0
Loss,"KPI from->to",18,0
Loss,"KPI from->to",20,0
Loss,"KPI from->to",22,0
Loss,"KPI from->to",24,0
Loss,"KPI from->to",26,0
Loss,"KPI from->to",28,0
Loss,"KPI from->to",30,0
Loss,"KPI from->to",32,0
Loss,"KPI from->to",34,0
Loss,"KPI from->to",36,0
Loss,"KPI from->to",38,0
Loss,"KPI from->to",40,0
Loss,"KPI from->to",42,0
Loss,"KPI from->to",44,0
Loss,"KPI from->to",46,0
Loss,"KPI from->to",48,0
Loss,"KPI from->to",50,0
Loss,"KPI from->to",52,0
Loss,"KPI from->to",54,0
Loss,"KPI from->to",56,0
Loss,"KPI from->to",58,0
Loss,"KPI from->to",60,0
Loss,"KPI from->to",62,0
Loss,"KPI from->to",64,0
Loss,"KPI from->to",66,0
Loss,"KPI from->to",68,0
Loss,"KPI from->to",70,0
Loss,"KPI from->to",72,0
Loss,"KPI from->to",74,0
Loss,"KPI from->to",76,0
Loss,"KPI from->to",78,0
Loss,"KPI from->to",80,0
Loss,"KPI from->to",82,0
Loss,"KPI from->to",84,0
Loss,"KPI from->to",86,0
Loss,"KPI from->to",88,0
Loss,"KPI from->to",90,0
Loss,"KPI from->to",92,0
Loss,"KPI from->to",94,0
Loss,"KPI from->to",96,0
Loss,"KPI from->to",98,0
Loss,"KPI from->to",100,0

Metric,"Pair Name",Timestamp,Value
MOS,"KPI from->to",2,2.17
MOS,"KPI from->to",4,4.36
MOS,"KPI from->to",6,1.41
MOS,"KPI from->to",8,2.41
MOS,"KPI from->to",10,2.41
MOS,"KPI from->to",12,2.18
MOS,"KPI from->to",14,2.15
MOS,"KPI from->to",16,1.42
MOS,"KPI from->to",18,1
MOS,"KPI from->to",20,2.8
MOS,"KPI from->to",22,2.19
MOS,"KPI from->to",24,2.21
MOS,"KPI from->to",26,2.42
MOS,"KPI from->to",28,2.2
MOS,"KPI from->to",30,1
MOS,"KPI from->to",32,2.8
MOS,"KPI from->to",34,1.36
MOS,"KPI from->to",36,2.45
MOS,"KPI from->to",38,2.43
MOS,"KPI from->to",40,2.4
MOS,"KPI from->to",42,2.24
MOS,"KPI from->to",44,2.2
MOS,"KPI from->to",46,1.89
MOS,"KPI from->to",48,2.45
MOS,"KPI from->to",50,1.36
MOS,"KPI from->to",52,2.44
MOS,"KPI from->to",54,3.49
MOS,"KPI from->to",56,2.41
MOS,"KPI from->to",58,2.42
MOS,"KPI from->to",60,1.89
MOS,"KPI from->to",62,2.16
MOS,"KPI from->to",64,1
MOS,"KPI from->to",66,1.48
MOS,"KPI from->to",68,1.87
MOS,"KPI from->to",70,2.42
MOS,"KPI from->to",72,1.38
MOS,"KPI from->to",74,1.38
MOS,"KPI from->to",76,1.87
MOS,"KPI from->to",78,2.17
MOS,"KPI from->to",80,2.18
MOS,"KPI from->to",82,1
MOS,"KPI from->to",84,1.87
MOS,"KPI from->to",86,1
MOS,"KPI from->to",88,2.43
MOS,"KPI from->to",90,1.39
MOS,"KPI from->to",92,1.87
MOS,"KPI from->to",94,2.42
MOS,"KPI from->to",96,2.42
MOS,"KPI from->to",98,1.87
MOS,"KPI from->to",100,1

Metric,"Pair Name",Timestamp,Value
MOS,"KPI from->to",102,2.17
MOS,"KPI from->to",104,1
MOS,"KPI from->to",106,1.28
MOS,"KPI from->to",108,2.19
MOS,"KPI from->to",110,1.42
MOS,"KPI from->to",112,1.38
MOS,"KPI from->to",114,1.87
MOS,"KPI from->to",116,1.87
MOS,"KPI from->to",118,2.41
MOS,"KPI from->to",120,2.79

Metric,"Pair Name",Timestamp,Value
"Delay (ms)","KPI from->to",102,24
"Delay (ms)","KPI from->to",104,29
"Delay (ms)","KPI from->to",106,21
"Delay (ms)","KPI from->to",108,23
"Delay (ms)","KPI from->to",110,25
"Delay (ms)","KPI from->to",112,24
"Delay (ms)","KPI from->to",114,23
"Delay (ms)","KPI from->to",116,24
"Delay (ms)","KPI from->to",118,28
"Delay (ms)","KPI from->to",120,20

Metric,"Pair Name",Timestamp,Value
"Jitter (ms)","KPI from->to",2,2
"Jitter (ms)","KPI from->to",4,3
"Jitter (ms)","KPI from->to",6,8
"Jitter (ms)","KPI from->to",8,5
"Jitter (ms)","KPI from->to",10,5
"Jitter (ms)","KPI from->to",12,11
"Jitter (ms)","KPI from->to",14,8
"Jitter (ms)","KPI from->to",16,6
"Jitter (ms)","KPI from->to",18,11
"Jitter (ms)","KPI from->to",20,3
"Jitter (ms)","KPI from->to",22,10
"Jitter (ms)","KPI from->to",24,5
"Jitter (ms)","KPI from->to",26,1
"Jitter (ms)","KPI from->to",28,5
"Jitter (ms)","KPI from->to",30,9
"Jitter (ms)","KPI from->to",32,2
"Jitter (ms)","KPI from->to",34,15
"Jitter (ms)","KPI from->to",36,7
"Jitter (ms)","KPI from->to",38,3
"Jitter (ms)","KPI from->to",40,3
"Jitter (ms)","KPI from->to",42,3
"Jitter (ms)","KPI from->to",44,9
"Jitter (ms)","KPI from->to",46,3
"Jitter (ms)","KPI from->to",48,7
"Jitter (ms)","KPI from->to",50,9
"Jitter (ms)","KPI from->to",52,7
"Jitter (ms)","KPI from->to",54,7
"Jitter (ms)","KPI from->to",56,7
"Jitter (ms)","KPI from->to",58,8
"Jitter (ms)","KPI from->to",60,8
"Jitter (ms)","KPI from->to",62,11
"Jitter (ms)","KPI from->to",64,12
"Jitter (ms)","KPI from->to",66,12
"Jitter (ms)","KPI from->to",68,3
"Jitter (ms)","KPI from->to",70,7
"Jitter (ms)","KPI from->to",72,7
"Jitter (ms)","KPI from->to",74,7
"Jitter (ms)","KPI from->to",76,5
"Jitter (ms)","KPI from->to",78,7
"Jitter (ms)","KPI from->to",80,3
"Jitter (ms)","KPI from->to",82,9
"Jitter (ms)","KPI from->to",84,8
"Jitter (ms)","KPI from->to",86,8
"Jitter (ms)","KPI from->to",88,8
"Jitter (ms)","KPI from->to",90,8
"Jitter (ms)","KPI from->to",92,9
"Jitter (ms)","KPI from->to",94,8
"Jitter (ms)","KPI from->to",96,4
"Jitter (ms)","KPI from->to",98,6
"Jitter (ms)","KPI from->to",100,6

Metric,"Pair Name",Timestamp,Value
Loss,"KPI from->to",102,0
Loss,"KPI from->to",104,0
Loss,"KPI from->to",106,0
Loss,"KPI from->to",108,0
Loss,"KPI from->to",110,0
Loss,"KPI from->to",112,0
Loss,"KPI from->to",114,0
Loss,"KPI from->to",116,0
Loss,"KPI from->to",118,0
Loss,"KPI from->to",120,0

Metric,"Pair Name",Timestamp,Value
"Max Delay Variation (ms)","KPI from->to",102,96
"Max Delay Variation (ms)","KPI from->to",104,99
"Max Delay Variation (ms)","KPI from->to",106,47
"Max Delay Variation (ms)","KPI from->to",108,87
"Max Delay Variation (ms)","KPI from->to",110,96
"Max Delay Variation (ms)","KPI from->to",112,106
"Max Delay Variation (ms)","KPI from->to",114,76
"Max Delay Variation (ms)","KPI from->to",116,91
"Max Delay Variation (ms)","KPI from->to",118,91
"Max Delay Variation (ms)","KPI from->to",120,42


