"Test Information",Value
"RUN ID",496
"END EXECUTION TIME","2021-05-13 14:06:14"
"SOURCE PROBE NAME",raspberrypi-AAS
"SOURCE PROBE TEST IP ADDRESS",raspberrypi-AAS
"SOURCE PROBE MANAGEMENT IP ADDRESS",raspberrypi-AAS
"SOURCE PROBE GROUP",Administrators
"DESTINATION PROBE NAME",raspberrypi-5G
"DESTINATION PROBE TEST IP ADDRESS",raspberrypi-5G
"DESTINATION PROBE MANAGEMENT IP ADDRESS",raspberrypi-5G
"DESTINATION PROBE GROUP",Administrators
"DESTINATION PROBE LOCATION",
"TEST MODULE",MESH
"TEST TYPE","Network KPI"
"TEST ADDITIONAL INFORMATION"," DSCP Setting: Best Effort"
"TEST DURATION",120
"TEST STATUS",Failed
"FAIL OR ERROR REASON"," Threshold failed on KPI from->to Jitter Max (ms) 
 Threshold failed on KPI from->to Max Delay Variation (ms) 
 Threshold failed on KPI from->to MOS 
"

Metric,"Pair Name",Value,"Threshold Type",Threshold,"Status KPI"
"Datagrams Out of Order","KPI from->to",0.0,0,>=,Passed
"Delay (ms)","KPI from->to",21.63,0,<=,Passed
"Jitter (ms)","KPI from->to",3.07,0,<=,Passed
"Jitter Max (ms)","KPI from->to",17.0,0,<=,Failed
Loss,"KPI from->to",0.0,0,<=,Passed
"Max Delay Variation (ms)","KPI from->to",192.0,0,<=,Failed
"Max loss burst","KPI from->to",0.0,0,<=,Passed
MOS,"KPI from->to",3.26,1,<=,Failed

Metric,"Pair Name",Timestamp,Value
Loss,"KPI from->to",102,0
Loss,"KPI from->to",104,0
Loss,"KPI from->to",106,0
Loss,"KPI from->to",108,0
Loss,"KPI from->to",110,0
Loss,"KPI from->to",112,0
Loss,"KPI from->to",114,0
Loss,"KPI from->to",116,0
Loss,"KPI from->to",118,0
Loss,"KPI from->to",120,0

Metric,"Pair Name",Timestamp,Value
"Delay (ms)","KPI from->to",2,19
"Delay (ms)","KPI from->to",4,20
"Delay (ms)","KPI from->to",6,19
"Delay (ms)","KPI from->to",8,19
"Delay (ms)","KPI from->to",10,19
"Delay (ms)","KPI from->to",12,19
"Delay (ms)","KPI from->to",14,19
"Delay (ms)","KPI from->to",16,19
"Delay (ms)","KPI from->to",18,19
"Delay (ms)","KPI from->to",20,16
"Delay (ms)","KPI from->to",22,16
"Delay (ms)","KPI from->to",24,16
"Delay (ms)","KPI from->to",26,18
"Delay (ms)","KPI from->to",28,16
"Delay (ms)","KPI from->to",30,16
"Delay (ms)","KPI from->to",32,16
"Delay (ms)","KPI from->to",34,16
"Delay (ms)","KPI from->to",36,16
"Delay (ms)","KPI from->to",38,16
"Delay (ms)","KPI from->to",40,16
"Delay (ms)","KPI from->to",42,16
"Delay (ms)","KPI from->to",44,16
"Delay (ms)","KPI from->to",46,16
"Delay (ms)","KPI from->to",48,17
"Delay (ms)","KPI from->to",50,16
"Delay (ms)","KPI from->to",52,17
"Delay (ms)","KPI from->to",54,22
"Delay (ms)","KPI from->to",56,21
"Delay (ms)","KPI from->to",58,21
"Delay (ms)","KPI from->to",60,27
"Delay (ms)","KPI from->to",62,27
"Delay (ms)","KPI from->to",64,29
"Delay (ms)","KPI from->to",66,32
"Delay (ms)","KPI from->to",68,32
"Delay (ms)","KPI from->to",70,32
"Delay (ms)","KPI from->to",72,26
"Delay (ms)","KPI from->to",74,23
"Delay (ms)","KPI from->to",76,30
"Delay (ms)","KPI from->to",78,30
"Delay (ms)","KPI from->to",80,27
"Delay (ms)","KPI from->to",82,33
"Delay (ms)","KPI from->to",84,24
"Delay (ms)","KPI from->to",86,19
"Delay (ms)","KPI from->to",88,27
"Delay (ms)","KPI from->to",90,24
"Delay (ms)","KPI from->to",92,22
"Delay (ms)","KPI from->to",94,24
"Delay (ms)","KPI from->to",96,27
"Delay (ms)","KPI from->to",98,23
"Delay (ms)","KPI from->to",100,22

Metric,"Pair Name",Timestamp,Value
"Jitter (ms)","KPI from->to",2,0
"Jitter (ms)","KPI from->to",4,0
"Jitter (ms)","KPI from->to",6,1
"Jitter (ms)","KPI from->to",8,0
"Jitter (ms)","KPI from->to",10,1
"Jitter (ms)","KPI from->to",12,0
"Jitter (ms)","KPI from->to",14,1
"Jitter (ms)","KPI from->to",16,0
"Jitter (ms)","KPI from->to",18,0
"Jitter (ms)","KPI from->to",20,0
"Jitter (ms)","KPI from->to",22,0
"Jitter (ms)","KPI from->to",24,0
"Jitter (ms)","KPI from->to",26,3
"Jitter (ms)","KPI from->to",28,0
"Jitter (ms)","KPI from->to",30,0
"Jitter (ms)","KPI from->to",32,0
"Jitter (ms)","KPI from->to",34,0
"Jitter (ms)","KPI from->to",36,0
"Jitter (ms)","KPI from->to",38,0
"Jitter (ms)","KPI from->to",40,0
"Jitter (ms)","KPI from->to",42,0
"Jitter (ms)","KPI from->to",44,0
"Jitter (ms)","KPI from->to",46,0
"Jitter (ms)","KPI from->to",48,0
"Jitter (ms)","KPI from->to",50,0
"Jitter (ms)","KPI from->to",52,0
"Jitter (ms)","KPI from->to",54,0
"Jitter (ms)","KPI from->to",56,0
"Jitter (ms)","KPI from->to",58,0
"Jitter (ms)","KPI from->to",60,5
"Jitter (ms)","KPI from->to",62,7
"Jitter (ms)","KPI from->to",64,6
"Jitter (ms)","KPI from->to",66,5
"Jitter (ms)","KPI from->to",68,3
"Jitter (ms)","KPI from->to",70,3
"Jitter (ms)","KPI from->to",72,2
"Jitter (ms)","KPI from->to",74,9
"Jitter (ms)","KPI from->to",76,9
"Jitter (ms)","KPI from->to",78,9
"Jitter (ms)","KPI from->to",80,14
"Jitter (ms)","KPI from->to",82,17
"Jitter (ms)","KPI from->to",84,6
"Jitter (ms)","KPI from->to",86,3
"Jitter (ms)","KPI from->to",88,7
"Jitter (ms)","KPI from->to",90,8
"Jitter (ms)","KPI from->to",92,1
"Jitter (ms)","KPI from->to",94,5
"Jitter (ms)","KPI from->to",96,6
"Jitter (ms)","KPI from->to",98,7
"Jitter (ms)","KPI from->to",100,4

Metric,"Pair Name",Timestamp,Value
"Max Delay Variation (ms)","KPI from->to",2,7
"Max Delay Variation (ms)","KPI from->to",4,8
"Max Delay Variation (ms)","KPI from->to",6,6
"Max Delay Variation (ms)","KPI from->to",8,5
"Max Delay Variation (ms)","KPI from->to",10,6
"Max Delay Variation (ms)","KPI from->to",12,4
"Max Delay Variation (ms)","KPI from->to",14,6
"Max Delay Variation (ms)","KPI from->to",16,5
"Max Delay Variation (ms)","KPI from->to",18,5
"Max Delay Variation (ms)","KPI from->to",20,6
"Max Delay Variation (ms)","KPI from->to",22,4
"Max Delay Variation (ms)","KPI from->to",24,3
"Max Delay Variation (ms)","KPI from->to",26,58
"Max Delay Variation (ms)","KPI from->to",28,2
"Max Delay Variation (ms)","KPI from->to",30,3
"Max Delay Variation (ms)","KPI from->to",32,5
"Max Delay Variation (ms)","KPI from->to",34,5
"Max Delay Variation (ms)","KPI from->to",36,6
"Max Delay Variation (ms)","KPI from->to",38,2
"Max Delay Variation (ms)","KPI from->to",40,6
"Max Delay Variation (ms)","KPI from->to",42,5
"Max Delay Variation (ms)","KPI from->to",44,5
"Max Delay Variation (ms)","KPI from->to",46,2
"Max Delay Variation (ms)","KPI from->to",48,4
"Max Delay Variation (ms)","KPI from->to",50,3
"Max Delay Variation (ms)","KPI from->to",52,8
"Max Delay Variation (ms)","KPI from->to",54,3
"Max Delay Variation (ms)","KPI from->to",56,3
"Max Delay Variation (ms)","KPI from->to",58,2
"Max Delay Variation (ms)","KPI from->to",60,74
"Max Delay Variation (ms)","KPI from->to",62,90
"Max Delay Variation (ms)","KPI from->to",64,98
"Max Delay Variation (ms)","KPI from->to",66,139
"Max Delay Variation (ms)","KPI from->to",68,95
"Max Delay Variation (ms)","KPI from->to",70,99
"Max Delay Variation (ms)","KPI from->to",72,126
"Max Delay Variation (ms)","KPI from->to",74,57
"Max Delay Variation (ms)","KPI from->to",76,144
"Max Delay Variation (ms)","KPI from->to",78,103
"Max Delay Variation (ms)","KPI from->to",80,99
"Max Delay Variation (ms)","KPI from->to",82,144
"Max Delay Variation (ms)","KPI from->to",84,61
"Max Delay Variation (ms)","KPI from->to",86,58
"Max Delay Variation (ms)","KPI from->to",88,93
"Max Delay Variation (ms)","KPI from->to",90,103
"Max Delay Variation (ms)","KPI from->to",92,87
"Max Delay Variation (ms)","KPI from->to",94,55
"Max Delay Variation (ms)","KPI from->to",96,92
"Max Delay Variation (ms)","KPI from->to",98,56
"Max Delay Variation (ms)","KPI from->to",100,97

Metric,"Pair Name",Timestamp,Value
"Delay (ms)","KPI from->to",102,20
"Delay (ms)","KPI from->to",104,22
"Delay (ms)","KPI from->to",106,16
"Delay (ms)","KPI from->to",108,15
"Delay (ms)","KPI from->to",110,19
"Delay (ms)","KPI from->to",112,17
"Delay (ms)","KPI from->to",114,26
"Delay (ms)","KPI from->to",116,22
"Delay (ms)","KPI from->to",118,43
"Delay (ms)","KPI from->to",120,26

Metric,"Pair Name",Timestamp,Value
"Max Delay Variation (ms)","KPI from->to",102,67
"Max Delay Variation (ms)","KPI from->to",104,59
"Max Delay Variation (ms)","KPI from->to",106,7
"Max Delay Variation (ms)","KPI from->to",108,7
"Max Delay Variation (ms)","KPI from->to",110,60
"Max Delay Variation (ms)","KPI from->to",112,50
"Max Delay Variation (ms)","KPI from->to",114,138
"Max Delay Variation (ms)","KPI from->to",116,76
"Max Delay Variation (ms)","KPI from->to",118,192
"Max Delay Variation (ms)","KPI from->to",120,173

Metric,"Pair Name",Timestamp,Value
MOS,"KPI from->to",102,2.79
MOS,"KPI from->to",104,1.87
MOS,"KPI from->to",106,4.37
MOS,"KPI from->to",108,4.37
MOS,"KPI from->to",110,2.79
MOS,"KPI from->to",112,3.48
MOS,"KPI from->to",114,2.17
MOS,"KPI from->to",116,2.76
MOS,"KPI from->to",118,1.46
MOS,"KPI from->to",120,2.79

Metric,"Pair Name",Timestamp,Value
"Jitter (ms)","KPI from->to",102,2
"Jitter (ms)","KPI from->to",104,6
"Jitter (ms)","KPI from->to",106,1
"Jitter (ms)","KPI from->to",108,0
"Jitter (ms)","KPI from->to",110,9
"Jitter (ms)","KPI from->to",112,1
"Jitter (ms)","KPI from->to",114,3
"Jitter (ms)","KPI from->to",116,14
"Jitter (ms)","KPI from->to",118,5
"Jitter (ms)","KPI from->to",120,1

Metric,"Pair Name",Timestamp,Value
Loss,"KPI from->to",2,0
Loss,"KPI from->to",4,0
Loss,"KPI from->to",6,0
Loss,"KPI from->to",8,0
Loss,"KPI from->to",10,0
Loss,"KPI from->to",12,0
Loss,"KPI from->to",14,0
Loss,"KPI from->to",16,0
Loss,"KPI from->to",18,0
Loss,"KPI from->to",20,0
Loss,"KPI from->to",22,0
Loss,"KPI from->to",24,0
Loss,"KPI from->to",26,0
Loss,"KPI from->to",28,0
Loss,"KPI from->to",30,0
Loss,"KPI from->to",32,0
Loss,"KPI from->to",34,0
Loss,"KPI from->to",36,0
Loss,"KPI from->to",38,0
Loss,"KPI from->to",40,0
Loss,"KPI from->to",42,0
Loss,"KPI from->to",44,0
Loss,"KPI from->to",46,0
Loss,"KPI from->to",48,0
Loss,"KPI from->to",50,0
Loss,"KPI from->to",52,0
Loss,"KPI from->to",54,0
Loss,"KPI from->to",56,0
Loss,"KPI from->to",58,0
Loss,"KPI from->to",60,0
Loss,"KPI from->to",62,0
Loss,"KPI from->to",64,0
Loss,"KPI from->to",66,0
Loss,"KPI from->to",68,0
Loss,"KPI from->to",70,0
Loss,"KPI from->to",72,0
Loss,"KPI from->to",74,0
Loss,"KPI from->to",76,0
Loss,"KPI from->to",78,0
Loss,"KPI from->to",80,0
Loss,"KPI from->to",82,0
Loss,"KPI from->to",84,0
Loss,"KPI from->to",86,0
Loss,"KPI from->to",88,0
Loss,"KPI from->to",90,0
Loss,"KPI from->to",92,0
Loss,"KPI from->to",94,0
Loss,"KPI from->to",96,0
Loss,"KPI from->to",98,0
Loss,"KPI from->to",100,0

Metric,"Pair Name",Timestamp,Value
MOS,"KPI from->to",2,4.36
MOS,"KPI from->to",4,4.36
MOS,"KPI from->to",6,4.36
MOS,"KPI from->to",8,4.36
MOS,"KPI from->to",10,4.36
MOS,"KPI from->to",12,4.36
MOS,"KPI from->to",14,4.36
MOS,"KPI from->to",16,4.36
MOS,"KPI from->to",18,4.36
MOS,"KPI from->to",20,4.37
MOS,"KPI from->to",22,4.37
MOS,"KPI from->to",24,4.37
MOS,"KPI from->to",26,3.48
MOS,"KPI from->to",28,4.37
MOS,"KPI from->to",30,4.37
MOS,"KPI from->to",32,4.37
MOS,"KPI from->to",34,4.37
MOS,"KPI from->to",36,4.37
MOS,"KPI from->to",38,4.37
MOS,"KPI from->to",40,4.37
MOS,"KPI from->to",42,4.37
MOS,"KPI from->to",44,4.37
MOS,"KPI from->to",46,4.37
MOS,"KPI from->to",48,4.37
MOS,"KPI from->to",50,4.37
MOS,"KPI from->to",52,4.37
MOS,"KPI from->to",54,4.36
MOS,"KPI from->to",56,4.36
MOS,"KPI from->to",58,4.36
MOS,"KPI from->to",60,3.47
MOS,"KPI from->to",62,2.78
MOS,"KPI from->to",64,2.4
MOS,"KPI from->to",66,2.39
MOS,"KPI from->to",68,1.24
MOS,"KPI from->to",70,1.59
MOS,"KPI from->to",72,1.38
MOS,"KPI from->to",74,1.38
MOS,"KPI from->to",76,1.86
MOS,"KPI from->to",78,1
MOS,"KPI from->to",80,1
MOS,"KPI from->to",82,1
MOS,"KPI from->to",84,2.17
MOS,"KPI from->to",86,3.48
MOS,"KPI from->to",88,1.86
MOS,"KPI from->to",90,2.17
MOS,"KPI from->to",92,2.42
MOS,"KPI from->to",94,2.17
MOS,"KPI from->to",96,1.28
MOS,"KPI from->to",98,1.48
MOS,"KPI from->to",100,2.42


