"Test Information",Value
"RUN ID",496
"END EXECUTION TIME","2021-05-13 14:53:03"
"SOURCE PROBE NAME",andreas
"SOURCE PROBE TEST IP ADDRESS",andreas
"SOURCE PROBE MANAGEMENT IP ADDRESS",andreas
"SOURCE PROBE GROUP",Administrators
"DESTINATION PROBE NAME",raspberrypi-AAS
"DESTINATION PROBE TEST IP ADDRESS",raspberrypi-AAS
"DESTINATION PROBE MANAGEMENT IP ADDRESS",raspberrypi-AAS
"DESTINATION PROBE GROUP",Administrators
"DESTINATION PROBE LOCATION",
"TEST MODULE",MESH
"TEST TYPE","Network KPI"
"TEST ADDITIONAL INFORMATION"," DSCP Setting: Best Effort"
"TEST DURATION",120
"TEST STATUS",Failed
"FAIL OR ERROR REASON"," Threshold failed on KPI from->to Jitter Max (ms) 
 Threshold failed on KPI from->to Max Delay Variation (ms) 
"

Metric,"Pair Name",Value,"Threshold Type",Threshold,"Status KPI"
"Datagrams Out of Order","KPI from->to",0.0,0,>=,Passed
"Delay (ms)","KPI from->to",2.82,0,<=,Passed
"Jitter (ms)","KPI from->to",1.15,0,<=,Passed
"Jitter Max (ms)","KPI from->to",20.0,0,<=,Failed
Loss,"KPI from->to",0.0,0,<=,Passed
"Max Delay Variation (ms)","KPI from->to",118.0,0,<=,Failed
"Max loss burst","KPI from->to",0.0,0,<=,Passed
MOS,"KPI from->to",4.24,1,<=,Passed

Metric,"Pair Name",Timestamp,Value
"Delay (ms)","KPI from->to",2,37
"Delay (ms)","KPI from->to",4,10
"Delay (ms)","KPI from->to",6,2
"Delay (ms)","KPI from->to",8,2
"Delay (ms)","KPI from->to",10,2
"Delay (ms)","KPI from->to",12,2
"Delay (ms)","KPI from->to",14,3
"Delay (ms)","KPI from->to",16,2
"Delay (ms)","KPI from->to",18,3
"Delay (ms)","KPI from->to",20,2
"Delay (ms)","KPI from->to",22,2
"Delay (ms)","KPI from->to",24,6
"Delay (ms)","KPI from->to",26,4
"Delay (ms)","KPI from->to",28,2
"Delay (ms)","KPI from->to",30,2
"Delay (ms)","KPI from->to",32,2
"Delay (ms)","KPI from->to",34,2
"Delay (ms)","KPI from->to",36,2
"Delay (ms)","KPI from->to",38,2
"Delay (ms)","KPI from->to",40,3
"Delay (ms)","KPI from->to",42,5
"Delay (ms)","KPI from->to",44,4
"Delay (ms)","KPI from->to",46,4
"Delay (ms)","KPI from->to",48,2
"Delay (ms)","KPI from->to",50,2
"Delay (ms)","KPI from->to",52,2
"Delay (ms)","KPI from->to",54,2
"Delay (ms)","KPI from->to",56,2
"Delay (ms)","KPI from->to",58,2
"Delay (ms)","KPI from->to",60,2
"Delay (ms)","KPI from->to",62,2
"Delay (ms)","KPI from->to",64,2
"Delay (ms)","KPI from->to",66,2
"Delay (ms)","KPI from->to",68,3
"Delay (ms)","KPI from->to",70,2
"Delay (ms)","KPI from->to",72,5
"Delay (ms)","KPI from->to",74,4
"Delay (ms)","KPI from->to",76,2
"Delay (ms)","KPI from->to",78,2
"Delay (ms)","KPI from->to",80,2
"Delay (ms)","KPI from->to",82,2
"Delay (ms)","KPI from->to",84,2
"Delay (ms)","KPI from->to",86,1
"Delay (ms)","KPI from->to",88,1
"Delay (ms)","KPI from->to",90,1
"Delay (ms)","KPI from->to",92,2
"Delay (ms)","KPI from->to",94,1
"Delay (ms)","KPI from->to",96,1
"Delay (ms)","KPI from->to",98,1
"Delay (ms)","KPI from->to",100,1

Metric,"Pair Name",Timestamp,Value
"Max Delay Variation (ms)","KPI from->to",102,3
"Max Delay Variation (ms)","KPI from->to",104,1
"Max Delay Variation (ms)","KPI from->to",106,37
"Max Delay Variation (ms)","KPI from->to",108,1
"Max Delay Variation (ms)","KPI from->to",110,1
"Max Delay Variation (ms)","KPI from->to",112,2
"Max Delay Variation (ms)","KPI from->to",114,4
"Max Delay Variation (ms)","KPI from->to",116,4
"Max Delay Variation (ms)","KPI from->to",118,8
"Max Delay Variation (ms)","KPI from->to",120,5

Metric,"Pair Name",Timestamp,Value
MOS,"KPI from->to",2,1
MOS,"KPI from->to",4,2.81
MOS,"KPI from->to",6,4.37
MOS,"KPI from->to",8,4.37
MOS,"KPI from->to",10,4.37
MOS,"KPI from->to",12,4.37
MOS,"KPI from->to",14,4.37
MOS,"KPI from->to",16,4.37
MOS,"KPI from->to",18,4.37
MOS,"KPI from->to",20,4.37
MOS,"KPI from->to",22,4.37
MOS,"KPI from->to",24,4.37
MOS,"KPI from->to",26,4.37
MOS,"KPI from->to",28,4.37
MOS,"KPI from->to",30,4.37
MOS,"KPI from->to",32,4.37
MOS,"KPI from->to",34,4.37
MOS,"KPI from->to",36,3.51
MOS,"KPI from->to",38,4.37
MOS,"KPI from->to",40,4.37
MOS,"KPI from->to",42,4.37
MOS,"KPI from->to",44,4.37
MOS,"KPI from->to",46,3.49
MOS,"KPI from->to",48,4.37
MOS,"KPI from->to",50,4.37
MOS,"KPI from->to",52,4.37
MOS,"KPI from->to",54,4.37
MOS,"KPI from->to",56,4.37
MOS,"KPI from->to",58,4.37
MOS,"KPI from->to",60,4.37
MOS,"KPI from->to",62,4.37
MOS,"KPI from->to",64,4.37
MOS,"KPI from->to",66,4.37
MOS,"KPI from->to",68,3.49
MOS,"KPI from->to",70,4.37
MOS,"KPI from->to",72,4.37
MOS,"KPI from->to",74,4.37
MOS,"KPI from->to",76,4.37
MOS,"KPI from->to",78,4.37
MOS,"KPI from->to",80,4.37
MOS,"KPI from->to",82,4.37
MOS,"KPI from->to",84,4.37
MOS,"KPI from->to",86,4.37
MOS,"KPI from->to",88,4.37
MOS,"KPI from->to",90,4.37
MOS,"KPI from->to",92,4.37
MOS,"KPI from->to",94,4.37
MOS,"KPI from->to",96,4.37
MOS,"KPI from->to",98,4.37
MOS,"KPI from->to",100,4.37

Metric,"Pair Name",Timestamp,Value
"Delay (ms)","KPI from->to",102,1
"Delay (ms)","KPI from->to",104,1
"Delay (ms)","KPI from->to",106,2
"Delay (ms)","KPI from->to",108,1
"Delay (ms)","KPI from->to",110,1
"Delay (ms)","KPI from->to",112,1
"Delay (ms)","KPI from->to",114,1
"Delay (ms)","KPI from->to",116,1
"Delay (ms)","KPI from->to",118,1
"Delay (ms)","KPI from->to",120,1

Metric,"Pair Name",Timestamp,Value
"Jitter (ms)","KPI from->to",2,20
"Jitter (ms)","KPI from->to",4,0
"Jitter (ms)","KPI from->to",6,0
"Jitter (ms)","KPI from->to",8,0
"Jitter (ms)","KPI from->to",10,0
"Jitter (ms)","KPI from->to",12,3
"Jitter (ms)","KPI from->to",14,1
"Jitter (ms)","KPI from->to",16,0
"Jitter (ms)","KPI from->to",18,1
"Jitter (ms)","KPI from->to",20,0
"Jitter (ms)","KPI from->to",22,3
"Jitter (ms)","KPI from->to",24,4
"Jitter (ms)","KPI from->to",26,2
"Jitter (ms)","KPI from->to",28,0
"Jitter (ms)","KPI from->to",30,0
"Jitter (ms)","KPI from->to",32,0
"Jitter (ms)","KPI from->to",34,0
"Jitter (ms)","KPI from->to",36,0
"Jitter (ms)","KPI from->to",38,0
"Jitter (ms)","KPI from->to",40,6
"Jitter (ms)","KPI from->to",42,6
"Jitter (ms)","KPI from->to",44,4
"Jitter (ms)","KPI from->to",46,2
"Jitter (ms)","KPI from->to",48,0
"Jitter (ms)","KPI from->to",50,0
"Jitter (ms)","KPI from->to",52,0
"Jitter (ms)","KPI from->to",54,0
"Jitter (ms)","KPI from->to",56,0
"Jitter (ms)","KPI from->to",58,0
"Jitter (ms)","KPI from->to",60,0
"Jitter (ms)","KPI from->to",62,0
"Jitter (ms)","KPI from->to",64,0
"Jitter (ms)","KPI from->to",66,0
"Jitter (ms)","KPI from->to",68,4
"Jitter (ms)","KPI from->to",70,3
"Jitter (ms)","KPI from->to",72,5
"Jitter (ms)","KPI from->to",74,4
"Jitter (ms)","KPI from->to",76,0
"Jitter (ms)","KPI from->to",78,0
"Jitter (ms)","KPI from->to",80,0
"Jitter (ms)","KPI from->to",82,0
"Jitter (ms)","KPI from->to",84,0
"Jitter (ms)","KPI from->to",86,0
"Jitter (ms)","KPI from->to",88,0
"Jitter (ms)","KPI from->to",90,0
"Jitter (ms)","KPI from->to",92,0
"Jitter (ms)","KPI from->to",94,0
"Jitter (ms)","KPI from->to",96,0
"Jitter (ms)","KPI from->to",98,0
"Jitter (ms)","KPI from->to",100,0

Metric,"Pair Name",Timestamp,Value
"Jitter (ms)","KPI from->to",102,0
"Jitter (ms)","KPI from->to",104,0
"Jitter (ms)","KPI from->to",106,0
"Jitter (ms)","KPI from->to",108,0
"Jitter (ms)","KPI from->to",110,0
"Jitter (ms)","KPI from->to",112,0
"Jitter (ms)","KPI from->to",114,1
"Jitter (ms)","KPI from->to",116,0
"Jitter (ms)","KPI from->to",118,0
"Jitter (ms)","KPI from->to",120,0

Metric,"Pair Name",Timestamp,Value
Loss,"KPI from->to",2,0
Loss,"KPI from->to",4,0
Loss,"KPI from->to",6,0
Loss,"KPI from->to",8,0
Loss,"KPI from->to",10,0
Loss,"KPI from->to",12,0
Loss,"KPI from->to",14,0
Loss,"KPI from->to",16,0
Loss,"KPI from->to",18,0
Loss,"KPI from->to",20,0
Loss,"KPI from->to",22,0
Loss,"KPI from->to",24,0
Loss,"KPI from->to",26,0
Loss,"KPI from->to",28,0
Loss,"KPI from->to",30,0
Loss,"KPI from->to",32,0
Loss,"KPI from->to",34,0
Loss,"KPI from->to",36,0
Loss,"KPI from->to",38,0
Loss,"KPI from->to",40,0
Loss,"KPI from->to",42,0
Loss,"KPI from->to",44,0
Loss,"KPI from->to",46,0
Loss,"KPI from->to",48,0
Loss,"KPI from->to",50,0
Loss,"KPI from->to",52,0
Loss,"KPI from->to",54,0
Loss,"KPI from->to",56,0
Loss,"KPI from->to",58,0
Loss,"KPI from->to",60,0
Loss,"KPI from->to",62,0
Loss,"KPI from->to",64,0
Loss,"KPI from->to",66,0
Loss,"KPI from->to",68,0
Loss,"KPI from->to",70,0
Loss,"KPI from->to",72,0
Loss,"KPI from->to",74,0
Loss,"KPI from->to",76,0
Loss,"KPI from->to",78,0
Loss,"KPI from->to",80,0
Loss,"KPI from->to",82,0
Loss,"KPI from->to",84,0
Loss,"KPI from->to",86,0
Loss,"KPI from->to",88,0
Loss,"KPI from->to",90,0
Loss,"KPI from->to",92,0
Loss,"KPI from->to",94,0
Loss,"KPI from->to",96,0
Loss,"KPI from->to",98,0
Loss,"KPI from->to",100,0

Metric,"Pair Name",Timestamp,Value
Loss,"KPI from->to",102,0
Loss,"KPI from->to",104,0
Loss,"KPI from->to",106,0
Loss,"KPI from->to",108,0
Loss,"KPI from->to",110,0
Loss,"KPI from->to",112,0
Loss,"KPI from->to",114,0
Loss,"KPI from->to",116,0
Loss,"KPI from->to",118,0
Loss,"KPI from->to",120,0

Metric,"Pair Name",Timestamp,Value
"Max Delay Variation (ms)","KPI from->to",2,118
"Max Delay Variation (ms)","KPI from->to",4,114
"Max Delay Variation (ms)","KPI from->to",6,6
"Max Delay Variation (ms)","KPI from->to",8,2
"Max Delay Variation (ms)","KPI from->to",10,2
"Max Delay Variation (ms)","KPI from->to",12,34
"Max Delay Variation (ms)","KPI from->to",14,10
"Max Delay Variation (ms)","KPI from->to",16,8
"Max Delay Variation (ms)","KPI from->to",18,17
"Max Delay Variation (ms)","KPI from->to",20,4
"Max Delay Variation (ms)","KPI from->to",22,28
"Max Delay Variation (ms)","KPI from->to",24,39
"Max Delay Variation (ms)","KPI from->to",26,28
"Max Delay Variation (ms)","KPI from->to",28,3
"Max Delay Variation (ms)","KPI from->to",30,2
"Max Delay Variation (ms)","KPI from->to",32,1
"Max Delay Variation (ms)","KPI from->to",34,1
"Max Delay Variation (ms)","KPI from->to",36,41
"Max Delay Variation (ms)","KPI from->to",38,1
"Max Delay Variation (ms)","KPI from->to",40,29
"Max Delay Variation (ms)","KPI from->to",42,28
"Max Delay Variation (ms)","KPI from->to",44,30
"Max Delay Variation (ms)","KPI from->to",46,44
"Max Delay Variation (ms)","KPI from->to",48,1
"Max Delay Variation (ms)","KPI from->to",50,4
"Max Delay Variation (ms)","KPI from->to",52,1
"Max Delay Variation (ms)","KPI from->to",54,2
"Max Delay Variation (ms)","KPI from->to",56,1
"Max Delay Variation (ms)","KPI from->to",58,36
"Max Delay Variation (ms)","KPI from->to",60,2
"Max Delay Variation (ms)","KPI from->to",62,1
"Max Delay Variation (ms)","KPI from->to",64,1
"Max Delay Variation (ms)","KPI from->to",66,1
"Max Delay Variation (ms)","KPI from->to",68,49
"Max Delay Variation (ms)","KPI from->to",70,27
"Max Delay Variation (ms)","KPI from->to",72,28
"Max Delay Variation (ms)","KPI from->to",74,25
"Max Delay Variation (ms)","KPI from->to",76,21
"Max Delay Variation (ms)","KPI from->to",78,4
"Max Delay Variation (ms)","KPI from->to",80,38
"Max Delay Variation (ms)","KPI from->to",82,1
"Max Delay Variation (ms)","KPI from->to",84,1
"Max Delay Variation (ms)","KPI from->to",86,1
"Max Delay Variation (ms)","KPI from->to",88,1
"Max Delay Variation (ms)","KPI from->to",90,1
"Max Delay Variation (ms)","KPI from->to",92,35
"Max Delay Variation (ms)","KPI from->to",94,2
"Max Delay Variation (ms)","KPI from->to",96,1
"Max Delay Variation (ms)","KPI from->to",98,2
"Max Delay Variation (ms)","KPI from->to",100,1

Metric,"Pair Name",Timestamp,Value
MOS,"KPI from->to",102,4.37
MOS,"KPI from->to",104,4.37
MOS,"KPI from->to",106,4.37
MOS,"KPI from->to",108,4.37
MOS,"KPI from->to",110,4.37
MOS,"KPI from->to",112,4.37
MOS,"KPI from->to",114,4.37
MOS,"KPI from->to",116,4.37
MOS,"KPI from->to",118,4.37
MOS,"KPI from->to",120,4.37


