"Test Information",Value
"RUN ID",496
"END EXECUTION TIME","2021-05-13 14:41:48"
"SOURCE PROBE NAME",raspberrypi-5G
"SOURCE PROBE TEST IP ADDRESS",raspberrypi-5G
"SOURCE PROBE MANAGEMENT IP ADDRESS",raspberrypi-5G
"SOURCE PROBE GROUP",Administrators
"DESTINATION PROBE NAME",raspberrypi-AAS
"DESTINATION PROBE TEST IP ADDRESS",raspberrypi-AAS
"DESTINATION PROBE MANAGEMENT IP ADDRESS",raspberrypi-AAS
"DESTINATION PROBE GROUP",Administrators
"DESTINATION PROBE LOCATION",
"TEST MODULE",MESH
"TEST TYPE","Network KPI"
"TEST ADDITIONAL INFORMATION"," DSCP Setting: Best Effort"
"TEST DURATION",120
"TEST STATUS",Failed
"FAIL OR ERROR REASON"," Threshold failed on KPI from->to Max Delay Variation (ms) 
"

Metric,"Pair Name",Value,"Threshold Type",Threshold,"Status KPI"
"Datagrams Out of Order","KPI from->to",0.0,0,>=,Passed
"Delay (ms)","KPI from->to",29.72,0,<=,Passed
"Jitter (ms)","KPI from->to",1.55,0,<=,Passed
"Jitter Max (ms)","KPI from->to",3.0,0,<=,Passed
Loss,"KPI from->to",0.0,0,<=,Passed
"Max Delay Variation (ms)","KPI from->to",66.0,0,<=,Failed
"Max loss burst","KPI from->to",0.0,0,<=,Passed
MOS,"KPI from->to",4.33,1,<=,Passed

Metric,"Pair Name",Timestamp,Value
"Delay (ms)","KPI from->to",102,26
"Delay (ms)","KPI from->to",104,25
"Delay (ms)","KPI from->to",106,25
"Delay (ms)","KPI from->to",108,26
"Delay (ms)","KPI from->to",110,25
"Delay (ms)","KPI from->to",112,23
"Delay (ms)","KPI from->to",114,21
"Delay (ms)","KPI from->to",116,22
"Delay (ms)","KPI from->to",118,22
"Delay (ms)","KPI from->to",120,21

Metric,"Pair Name",Timestamp,Value
"Max Delay Variation (ms)","KPI from->to",102,10
"Max Delay Variation (ms)","KPI from->to",104,8
"Max Delay Variation (ms)","KPI from->to",106,10
"Max Delay Variation (ms)","KPI from->to",108,16
"Max Delay Variation (ms)","KPI from->to",110,13
"Max Delay Variation (ms)","KPI from->to",112,13
"Max Delay Variation (ms)","KPI from->to",114,12
"Max Delay Variation (ms)","KPI from->to",116,9
"Max Delay Variation (ms)","KPI from->to",118,11
"Max Delay Variation (ms)","KPI from->to",120,9

Metric,"Pair Name",Timestamp,Value
MOS,"KPI from->to",2,4.36
MOS,"KPI from->to",4,4.36
MOS,"KPI from->to",6,4.36
MOS,"KPI from->to",8,4.36
MOS,"KPI from->to",10,4.36
MOS,"KPI from->to",12,4.36
MOS,"KPI from->to",14,4.36
MOS,"KPI from->to",16,4.36
MOS,"KPI from->to",18,4.36
MOS,"KPI from->to",20,4.36
MOS,"KPI from->to",22,4.36
MOS,"KPI from->to",24,4.36
MOS,"KPI from->to",26,4.36
MOS,"KPI from->to",28,4.36
MOS,"KPI from->to",30,4.36
MOS,"KPI from->to",32,4.36
MOS,"KPI from->to",34,4.35
MOS,"KPI from->to",36,4.35
MOS,"KPI from->to",38,4.35
MOS,"KPI from->to",40,4.35
MOS,"KPI from->to",42,4.35
MOS,"KPI from->to",44,4.35
MOS,"KPI from->to",46,4.35
MOS,"KPI from->to",48,4.35
MOS,"KPI from->to",50,4.35
MOS,"KPI from->to",52,4.35
MOS,"KPI from->to",54,4.35
MOS,"KPI from->to",56,3.44
MOS,"KPI from->to",58,4.35
MOS,"KPI from->to",60,4.35
MOS,"KPI from->to",62,3.44
MOS,"KPI from->to",64,4.35
MOS,"KPI from->to",66,4.36
MOS,"KPI from->to",68,4.36
MOS,"KPI from->to",70,4.36
MOS,"KPI from->to",72,4.36
MOS,"KPI from->to",74,4.36
MOS,"KPI from->to",76,4.36
MOS,"KPI from->to",78,4.36
MOS,"KPI from->to",80,4.36
MOS,"KPI from->to",82,4.36
MOS,"KPI from->to",84,4.36
MOS,"KPI from->to",86,4.36
MOS,"KPI from->to",88,4.36
MOS,"KPI from->to",90,4.36
MOS,"KPI from->to",92,4.36
MOS,"KPI from->to",94,4.36
MOS,"KPI from->to",96,4.36
MOS,"KPI from->to",98,4.36
MOS,"KPI from->to",100,4.36

Metric,"Pair Name",Timestamp,Value
"Jitter (ms)","KPI from->to",2,2
"Jitter (ms)","KPI from->to",4,2
"Jitter (ms)","KPI from->to",6,2
"Jitter (ms)","KPI from->to",8,2
"Jitter (ms)","KPI from->to",10,2
"Jitter (ms)","KPI from->to",12,2
"Jitter (ms)","KPI from->to",14,1
"Jitter (ms)","KPI from->to",16,0
"Jitter (ms)","KPI from->to",18,3
"Jitter (ms)","KPI from->to",20,1
"Jitter (ms)","KPI from->to",22,1
"Jitter (ms)","KPI from->to",24,2
"Jitter (ms)","KPI from->to",26,1
"Jitter (ms)","KPI from->to",28,2
"Jitter (ms)","KPI from->to",30,1
"Jitter (ms)","KPI from->to",32,1
"Jitter (ms)","KPI from->to",34,3
"Jitter (ms)","KPI from->to",36,3
"Jitter (ms)","KPI from->to",38,2
"Jitter (ms)","KPI from->to",40,1
"Jitter (ms)","KPI from->to",42,1
"Jitter (ms)","KPI from->to",44,3
"Jitter (ms)","KPI from->to",46,2
"Jitter (ms)","KPI from->to",48,2
"Jitter (ms)","KPI from->to",50,2
"Jitter (ms)","KPI from->to",52,1
"Jitter (ms)","KPI from->to",54,3
"Jitter (ms)","KPI from->to",56,3
"Jitter (ms)","KPI from->to",58,2
"Jitter (ms)","KPI from->to",60,2
"Jitter (ms)","KPI from->to",62,1
"Jitter (ms)","KPI from->to",64,1
"Jitter (ms)","KPI from->to",66,1
"Jitter (ms)","KPI from->to",68,1
"Jitter (ms)","KPI from->to",70,2
"Jitter (ms)","KPI from->to",72,2
"Jitter (ms)","KPI from->to",74,2
"Jitter (ms)","KPI from->to",76,2
"Jitter (ms)","KPI from->to",78,2
"Jitter (ms)","KPI from->to",80,1
"Jitter (ms)","KPI from->to",82,1
"Jitter (ms)","KPI from->to",84,1
"Jitter (ms)","KPI from->to",86,1
"Jitter (ms)","KPI from->to",88,2
"Jitter (ms)","KPI from->to",90,1
"Jitter (ms)","KPI from->to",92,1
"Jitter (ms)","KPI from->to",94,1
"Jitter (ms)","KPI from->to",96,1
"Jitter (ms)","KPI from->to",98,1
"Jitter (ms)","KPI from->to",100,0

Metric,"Pair Name",Timestamp,Value
MOS,"KPI from->to",102,4.36
MOS,"KPI from->to",104,4.36
MOS,"KPI from->to",106,4.36
MOS,"KPI from->to",108,4.36
MOS,"KPI from->to",110,4.36
MOS,"KPI from->to",112,4.36
MOS,"KPI from->to",114,4.36
MOS,"KPI from->to",116,4.36
MOS,"KPI from->to",118,4.36
MOS,"KPI from->to",120,4.36

Metric,"Pair Name",Timestamp,Value
"Delay (ms)","KPI from->to",2,24
"Delay (ms)","KPI from->to",4,24
"Delay (ms)","KPI from->to",6,24
"Delay (ms)","KPI from->to",8,23
"Delay (ms)","KPI from->to",10,24
"Delay (ms)","KPI from->to",12,23
"Delay (ms)","KPI from->to",14,24
"Delay (ms)","KPI from->to",16,24
"Delay (ms)","KPI from->to",18,24
"Delay (ms)","KPI from->to",20,24
"Delay (ms)","KPI from->to",22,24
"Delay (ms)","KPI from->to",24,22
"Delay (ms)","KPI from->to",26,24
"Delay (ms)","KPI from->to",28,25
"Delay (ms)","KPI from->to",30,22
"Delay (ms)","KPI from->to",32,28
"Delay (ms)","KPI from->to",34,45
"Delay (ms)","KPI from->to",36,45
"Delay (ms)","KPI from->to",38,45
"Delay (ms)","KPI from->to",40,44
"Delay (ms)","KPI from->to",42,44
"Delay (ms)","KPI from->to",44,44
"Delay (ms)","KPI from->to",46,45
"Delay (ms)","KPI from->to",48,44
"Delay (ms)","KPI from->to",50,44
"Delay (ms)","KPI from->to",52,45
"Delay (ms)","KPI from->to",54,45
"Delay (ms)","KPI from->to",56,47
"Delay (ms)","KPI from->to",58,46
"Delay (ms)","KPI from->to",60,46
"Delay (ms)","KPI from->to",62,46
"Delay (ms)","KPI from->to",64,41
"Delay (ms)","KPI from->to",66,24
"Delay (ms)","KPI from->to",68,24
"Delay (ms)","KPI from->to",70,24
"Delay (ms)","KPI from->to",72,24
"Delay (ms)","KPI from->to",74,24
"Delay (ms)","KPI from->to",76,25
"Delay (ms)","KPI from->to",78,25
"Delay (ms)","KPI from->to",80,26
"Delay (ms)","KPI from->to",82,25
"Delay (ms)","KPI from->to",84,25
"Delay (ms)","KPI from->to",86,25
"Delay (ms)","KPI from->to",88,25
"Delay (ms)","KPI from->to",90,26
"Delay (ms)","KPI from->to",92,25
"Delay (ms)","KPI from->to",94,25
"Delay (ms)","KPI from->to",96,26
"Delay (ms)","KPI from->to",98,25
"Delay (ms)","KPI from->to",100,25

Metric,"Pair Name",Timestamp,Value
"Jitter (ms)","KPI from->to",102,2
"Jitter (ms)","KPI from->to",104,0
"Jitter (ms)","KPI from->to",106,1
"Jitter (ms)","KPI from->to",108,1
"Jitter (ms)","KPI from->to",110,1
"Jitter (ms)","KPI from->to",112,3
"Jitter (ms)","KPI from->to",114,1
"Jitter (ms)","KPI from->to",116,1
"Jitter (ms)","KPI from->to",118,1
"Jitter (ms)","KPI from->to",120,2

Metric,"Pair Name",Timestamp,Value
Loss,"KPI from->to",2,0
Loss,"KPI from->to",4,0
Loss,"KPI from->to",6,0
Loss,"KPI from->to",8,0
Loss,"KPI from->to",10,0
Loss,"KPI from->to",12,0
Loss,"KPI from->to",14,0
Loss,"KPI from->to",16,0
Loss,"KPI from->to",18,0
Loss,"KPI from->to",20,0
Loss,"KPI from->to",22,0
Loss,"KPI from->to",24,0
Loss,"KPI from->to",26,0
Loss,"KPI from->to",28,0
Loss,"KPI from->to",30,0
Loss,"KPI from->to",32,0
Loss,"KPI from->to",34,0
Loss,"KPI from->to",36,0
Loss,"KPI from->to",38,0
Loss,"KPI from->to",40,0
Loss,"KPI from->to",42,0
Loss,"KPI from->to",44,0
Loss,"KPI from->to",46,0
Loss,"KPI from->to",48,0
Loss,"KPI from->to",50,0
Loss,"KPI from->to",52,0
Loss,"KPI from->to",54,0
Loss,"KPI from->to",56,0
Loss,"KPI from->to",58,0
Loss,"KPI from->to",60,0
Loss,"KPI from->to",62,0
Loss,"KPI from->to",64,0
Loss,"KPI from->to",66,0
Loss,"KPI from->to",68,0
Loss,"KPI from->to",70,0
Loss,"KPI from->to",72,0
Loss,"KPI from->to",74,0
Loss,"KPI from->to",76,0
Loss,"KPI from->to",78,0
Loss,"KPI from->to",80,0
Loss,"KPI from->to",82,0
Loss,"KPI from->to",84,0
Loss,"KPI from->to",86,0
Loss,"KPI from->to",88,0
Loss,"KPI from->to",90,0
Loss,"KPI from->to",92,0
Loss,"KPI from->to",94,0
Loss,"KPI from->to",96,0
Loss,"KPI from->to",98,0
Loss,"KPI from->to",100,0

Metric,"Pair Name",Timestamp,Value
Loss,"KPI from->to",102,0
Loss,"KPI from->to",104,0
Loss,"KPI from->to",106,0
Loss,"KPI from->to",108,0
Loss,"KPI from->to",110,0
Loss,"KPI from->to",112,0
Loss,"KPI from->to",114,0
Loss,"KPI from->to",116,0
Loss,"KPI from->to",118,0
Loss,"KPI from->to",120,0

Metric,"Pair Name",Timestamp,Value
"Max Delay Variation (ms)","KPI from->to",2,14
"Max Delay Variation (ms)","KPI from->to",4,14
"Max Delay Variation (ms)","KPI from->to",6,16
"Max Delay Variation (ms)","KPI from->to",8,9
"Max Delay Variation (ms)","KPI from->to",10,10
"Max Delay Variation (ms)","KPI from->to",12,11
"Max Delay Variation (ms)","KPI from->to",14,9
"Max Delay Variation (ms)","KPI from->to",16,6
"Max Delay Variation (ms)","KPI from->to",18,29
"Max Delay Variation (ms)","KPI from->to",20,13
"Max Delay Variation (ms)","KPI from->to",22,9
"Max Delay Variation (ms)","KPI from->to",24,9
"Max Delay Variation (ms)","KPI from->to",26,18
"Max Delay Variation (ms)","KPI from->to",28,13
"Max Delay Variation (ms)","KPI from->to",30,9
"Max Delay Variation (ms)","KPI from->to",32,11
"Max Delay Variation (ms)","KPI from->to",34,14
"Max Delay Variation (ms)","KPI from->to",36,9
"Max Delay Variation (ms)","KPI from->to",38,10
"Max Delay Variation (ms)","KPI from->to",40,20
"Max Delay Variation (ms)","KPI from->to",42,8
"Max Delay Variation (ms)","KPI from->to",44,13
"Max Delay Variation (ms)","KPI from->to",46,19
"Max Delay Variation (ms)","KPI from->to",48,9
"Max Delay Variation (ms)","KPI from->to",50,23
"Max Delay Variation (ms)","KPI from->to",52,9
"Max Delay Variation (ms)","KPI from->to",54,15
"Max Delay Variation (ms)","KPI from->to",56,42
"Max Delay Variation (ms)","KPI from->to",58,12
"Max Delay Variation (ms)","KPI from->to",60,29
"Max Delay Variation (ms)","KPI from->to",62,66
"Max Delay Variation (ms)","KPI from->to",64,9
"Max Delay Variation (ms)","KPI from->to",66,17
"Max Delay Variation (ms)","KPI from->to",68,9
"Max Delay Variation (ms)","KPI from->to",70,21
"Max Delay Variation (ms)","KPI from->to",72,10
"Max Delay Variation (ms)","KPI from->to",74,15
"Max Delay Variation (ms)","KPI from->to",76,10
"Max Delay Variation (ms)","KPI from->to",78,10
"Max Delay Variation (ms)","KPI from->to",80,13
"Max Delay Variation (ms)","KPI from->to",82,9
"Max Delay Variation (ms)","KPI from->to",84,17
"Max Delay Variation (ms)","KPI from->to",86,9
"Max Delay Variation (ms)","KPI from->to",88,10
"Max Delay Variation (ms)","KPI from->to",90,13
"Max Delay Variation (ms)","KPI from->to",92,9
"Max Delay Variation (ms)","KPI from->to",94,10
"Max Delay Variation (ms)","KPI from->to",96,29
"Max Delay Variation (ms)","KPI from->to",98,5
"Max Delay Variation (ms)","KPI from->to",100,9


