"Test Information",Value
"RUN ID",496
"END EXECUTION TIME","2021-05-13 14:12:56"
"SOURCE PROBE NAME",raspberrypi-AAS
"SOURCE PROBE TEST IP ADDRESS",raspberrypi-AAS
"SOURCE PROBE MANAGEMENT IP ADDRESS",raspberrypi-AAS
"SOURCE PROBE GROUP",Administrators
"DESTINATION PROBE NAME",raspberrypi-5G
"DESTINATION PROBE TEST IP ADDRESS",raspberrypi-5G
"DESTINATION PROBE MANAGEMENT IP ADDRESS",raspberrypi-5G
"DESTINATION PROBE GROUP",Administrators
"DESTINATION PROBE LOCATION",
"TEST MODULE",MESH
"TEST TYPE","Network KPI"
"TEST ADDITIONAL INFORMATION"," DSCP Setting: Best Effort"
"TEST DURATION",120
"TEST STATUS",Failed
"FAIL OR ERROR REASON"," Threshold failed on KPI from->to Jitter Max (ms) 
 Threshold failed on KPI from->to Max Delay Variation (ms) 
 Threshold failed on KPI from->to MOS 
"

Metric,"Pair Name",Value,"Threshold Type",Threshold,"Status KPI"
"Datagrams Out of Order","KPI from->to",0.0,0,>=,Passed
"Delay (ms)","KPI from->to",17.68,0,<=,Passed
"Jitter (ms)","KPI from->to",3.12,0,<=,Passed
"Jitter Max (ms)","KPI from->to",9.0,0,<=,Failed
Loss,"KPI from->to",0.0,0,<=,Passed
"Max Delay Variation (ms)","KPI from->to",102.0,0,<=,Failed
"Max loss burst","KPI from->to",0.0,0,<=,Passed
MOS,"KPI from->to",2.89,1,<=,Failed

Metric,"Pair Name",Timestamp,Value
"Delay (ms)","KPI from->to",102,18
"Delay (ms)","KPI from->to",104,17
"Delay (ms)","KPI from->to",106,15
"Delay (ms)","KPI from->to",108,18
"Delay (ms)","KPI from->to",110,17
"Delay (ms)","KPI from->to",112,18
"Delay (ms)","KPI from->to",114,19
"Delay (ms)","KPI from->to",116,18
"Delay (ms)","KPI from->to",118,19

Metric,"Pair Name",Timestamp,Value
"Max Delay Variation (ms)","KPI from->to",2,36
"Max Delay Variation (ms)","KPI from->to",4,8
"Max Delay Variation (ms)","KPI from->to",6,36
"Max Delay Variation (ms)","KPI from->to",8,37
"Max Delay Variation (ms)","KPI from->to",10,36
"Max Delay Variation (ms)","KPI from->to",12,43
"Max Delay Variation (ms)","KPI from->to",14,37
"Max Delay Variation (ms)","KPI from->to",16,56
"Max Delay Variation (ms)","KPI from->to",18,97
"Max Delay Variation (ms)","KPI from->to",20,56
"Max Delay Variation (ms)","KPI from->to",22,61
"Max Delay Variation (ms)","KPI from->to",24,42
"Max Delay Variation (ms)","KPI from->to",26,57
"Max Delay Variation (ms)","KPI from->to",28,42
"Max Delay Variation (ms)","KPI from->to",30,59
"Max Delay Variation (ms)","KPI from->to",32,62
"Max Delay Variation (ms)","KPI from->to",34,56
"Max Delay Variation (ms)","KPI from->to",36,42
"Max Delay Variation (ms)","KPI from->to",38,42
"Max Delay Variation (ms)","KPI from->to",40,41
"Max Delay Variation (ms)","KPI from->to",42,43
"Max Delay Variation (ms)","KPI from->to",44,41
"Max Delay Variation (ms)","KPI from->to",46,9
"Max Delay Variation (ms)","KPI from->to",48,41
"Max Delay Variation (ms)","KPI from->to",50,56
"Max Delay Variation (ms)","KPI from->to",52,77
"Max Delay Variation (ms)","KPI from->to",54,61
"Max Delay Variation (ms)","KPI from->to",56,59
"Max Delay Variation (ms)","KPI from->to",58,47
"Max Delay Variation (ms)","KPI from->to",60,96
"Max Delay Variation (ms)","KPI from->to",62,74
"Max Delay Variation (ms)","KPI from->to",64,58
"Max Delay Variation (ms)","KPI from->to",66,43
"Max Delay Variation (ms)","KPI from->to",68,60
"Max Delay Variation (ms)","KPI from->to",70,64
"Max Delay Variation (ms)","KPI from->to",72,102
"Max Delay Variation (ms)","KPI from->to",74,61
"Max Delay Variation (ms)","KPI from->to",76,98
"Max Delay Variation (ms)","KPI from->to",78,8
"Max Delay Variation (ms)","KPI from->to",80,99
"Max Delay Variation (ms)","KPI from->to",82,58
"Max Delay Variation (ms)","KPI from->to",84,62
"Max Delay Variation (ms)","KPI from->to",86,46
"Max Delay Variation (ms)","KPI from->to",88,58
"Max Delay Variation (ms)","KPI from->to",90,57
"Max Delay Variation (ms)","KPI from->to",92,77
"Max Delay Variation (ms)","KPI from->to",94,58
"Max Delay Variation (ms)","KPI from->to",96,56
"Max Delay Variation (ms)","KPI from->to",98,57
"Max Delay Variation (ms)","KPI from->to",100,56

Metric,"Pair Name",Timestamp,Value
"Jitter (ms)","KPI from->to",2,2
"Jitter (ms)","KPI from->to",4,1
"Jitter (ms)","KPI from->to",6,5
"Jitter (ms)","KPI from->to",8,3
"Jitter (ms)","KPI from->to",10,4
"Jitter (ms)","KPI from->to",12,2
"Jitter (ms)","KPI from->to",14,0
"Jitter (ms)","KPI from->to",16,3
"Jitter (ms)","KPI from->to",18,1
"Jitter (ms)","KPI from->to",20,6
"Jitter (ms)","KPI from->to",22,6
"Jitter (ms)","KPI from->to",24,4
"Jitter (ms)","KPI from->to",26,5
"Jitter (ms)","KPI from->to",28,1
"Jitter (ms)","KPI from->to",30,2
"Jitter (ms)","KPI from->to",32,1
"Jitter (ms)","KPI from->to",34,3
"Jitter (ms)","KPI from->to",36,1
"Jitter (ms)","KPI from->to",38,1
"Jitter (ms)","KPI from->to",40,3
"Jitter (ms)","KPI from->to",42,1
"Jitter (ms)","KPI from->to",44,3
"Jitter (ms)","KPI from->to",46,1
"Jitter (ms)","KPI from->to",48,5
"Jitter (ms)","KPI from->to",50,2
"Jitter (ms)","KPI from->to",52,4
"Jitter (ms)","KPI from->to",54,4
"Jitter (ms)","KPI from->to",56,2
"Jitter (ms)","KPI from->to",58,4
"Jitter (ms)","KPI from->to",60,5
"Jitter (ms)","KPI from->to",62,4
"Jitter (ms)","KPI from->to",64,4
"Jitter (ms)","KPI from->to",66,1
"Jitter (ms)","KPI from->to",68,6
"Jitter (ms)","KPI from->to",70,6
"Jitter (ms)","KPI from->to",72,1
"Jitter (ms)","KPI from->to",74,4
"Jitter (ms)","KPI from->to",76,4
"Jitter (ms)","KPI from->to",78,1
"Jitter (ms)","KPI from->to",80,9
"Jitter (ms)","KPI from->to",82,3
"Jitter (ms)","KPI from->to",84,7
"Jitter (ms)","KPI from->to",86,1
"Jitter (ms)","KPI from->to",88,5
"Jitter (ms)","KPI from->to",90,8
"Jitter (ms)","KPI from->to",92,2
"Jitter (ms)","KPI from->to",94,4
"Jitter (ms)","KPI from->to",96,4
"Jitter (ms)","KPI from->to",98,5
"Jitter (ms)","KPI from->to",100,3

Metric,"Pair Name",Timestamp,Value
"Jitter (ms)","KPI from->to",102,2
"Jitter (ms)","KPI from->to",104,1
"Jitter (ms)","KPI from->to",106,1
"Jitter (ms)","KPI from->to",108,4
"Jitter (ms)","KPI from->to",110,1
"Jitter (ms)","KPI from->to",112,3
"Jitter (ms)","KPI from->to",114,2
"Jitter (ms)","KPI from->to",116,1
"Jitter (ms)","KPI from->to",118,2

Metric,"Pair Name",Timestamp,Value
Loss,"KPI from->to",2,0
Loss,"KPI from->to",4,0
Loss,"KPI from->to",6,0
Loss,"KPI from->to",8,0
Loss,"KPI from->to",10,0
Loss,"KPI from->to",12,0
Loss,"KPI from->to",14,0
Loss,"KPI from->to",16,0
Loss,"KPI from->to",18,0
Loss,"KPI from->to",20,0
Loss,"KPI from->to",22,0
Loss,"KPI from->to",24,0
Loss,"KPI from->to",26,0
Loss,"KPI from->to",28,0
Loss,"KPI from->to",30,0
Loss,"KPI from->to",32,0
Loss,"KPI from->to",34,0
Loss,"KPI from->to",36,0
Loss,"KPI from->to",38,0
Loss,"KPI from->to",40,0
Loss,"KPI from->to",42,0
Loss,"KPI from->to",44,0
Loss,"KPI from->to",46,0
Loss,"KPI from->to",48,0
Loss,"KPI from->to",50,0
Loss,"KPI from->to",52,0
Loss,"KPI from->to",54,0
Loss,"KPI from->to",56,0
Loss,"KPI from->to",58,0
Loss,"KPI from->to",60,0
Loss,"KPI from->to",62,0
Loss,"KPI from->to",64,0
Loss,"KPI from->to",66,0
Loss,"KPI from->to",68,0
Loss,"KPI from->to",70,0
Loss,"KPI from->to",72,0
Loss,"KPI from->to",74,0
Loss,"KPI from->to",76,0
Loss,"KPI from->to",78,0
Loss,"KPI from->to",80,0
Loss,"KPI from->to",82,0
Loss,"KPI from->to",84,0
Loss,"KPI from->to",86,0
Loss,"KPI from->to",88,0
Loss,"KPI from->to",90,0
Loss,"KPI from->to",92,0
Loss,"KPI from->to",94,0
Loss,"KPI from->to",96,0
Loss,"KPI from->to",98,0
Loss,"KPI from->to",100,0

Metric,"Pair Name",Timestamp,Value
"Delay (ms)","KPI from->to",2,17
"Delay (ms)","KPI from->to",4,14
"Delay (ms)","KPI from->to",6,17
"Delay (ms)","KPI from->to",8,17
"Delay (ms)","KPI from->to",10,16
"Delay (ms)","KPI from->to",12,17
"Delay (ms)","KPI from->to",14,15
"Delay (ms)","KPI from->to",16,18
"Delay (ms)","KPI from->to",18,17
"Delay (ms)","KPI from->to",20,19
"Delay (ms)","KPI from->to",22,17
"Delay (ms)","KPI from->to",24,16
"Delay (ms)","KPI from->to",26,17
"Delay (ms)","KPI from->to",28,14
"Delay (ms)","KPI from->to",30,16
"Delay (ms)","KPI from->to",32,16
"Delay (ms)","KPI from->to",34,16
"Delay (ms)","KPI from->to",36,15
"Delay (ms)","KPI from->to",38,15
"Delay (ms)","KPI from->to",40,15
"Delay (ms)","KPI from->to",42,17
"Delay (ms)","KPI from->to",44,18
"Delay (ms)","KPI from->to",46,15
"Delay (ms)","KPI from->to",48,18
"Delay (ms)","KPI from->to",50,17
"Delay (ms)","KPI from->to",52,21
"Delay (ms)","KPI from->to",54,19
"Delay (ms)","KPI from->to",56,18
"Delay (ms)","KPI from->to",58,21
"Delay (ms)","KPI from->to",60,20
"Delay (ms)","KPI from->to",62,17
"Delay (ms)","KPI from->to",64,18
"Delay (ms)","KPI from->to",66,15
"Delay (ms)","KPI from->to",68,15
"Delay (ms)","KPI from->to",70,16
"Delay (ms)","KPI from->to",72,21
"Delay (ms)","KPI from->to",74,19
"Delay (ms)","KPI from->to",76,24
"Delay (ms)","KPI from->to",78,15
"Delay (ms)","KPI from->to",80,25
"Delay (ms)","KPI from->to",82,20
"Delay (ms)","KPI from->to",84,18
"Delay (ms)","KPI from->to",86,18
"Delay (ms)","KPI from->to",88,21
"Delay (ms)","KPI from->to",90,19
"Delay (ms)","KPI from->to",92,20
"Delay (ms)","KPI from->to",94,19
"Delay (ms)","KPI from->to",96,20
"Delay (ms)","KPI from->to",98,18
"Delay (ms)","KPI from->to",100,18

Metric,"Pair Name",Timestamp,Value
Loss,"KPI from->to",102,0
Loss,"KPI from->to",104,0
Loss,"KPI from->to",106,0
Loss,"KPI from->to",108,0
Loss,"KPI from->to",110,0
Loss,"KPI from->to",112,0
Loss,"KPI from->to",114,0
Loss,"KPI from->to",116,0
Loss,"KPI from->to",118,0

Metric,"Pair Name",Timestamp,Value
"Max Delay Variation (ms)","KPI from->to",102,102
"Max Delay Variation (ms)","KPI from->to",104,52
"Max Delay Variation (ms)","KPI from->to",106,20
"Max Delay Variation (ms)","KPI from->to",108,41
"Max Delay Variation (ms)","KPI from->to",110,57
"Max Delay Variation (ms)","KPI from->to",112,55
"Max Delay Variation (ms)","KPI from->to",114,59
"Max Delay Variation (ms)","KPI from->to",116,56
"Max Delay Variation (ms)","KPI from->to",118,48

Metric,"Pair Name",Timestamp,Value
MOS,"KPI from->to",2,4.37
MOS,"KPI from->to",4,4.37
MOS,"KPI from->to",6,4.37
MOS,"KPI from->to",8,4.37
MOS,"KPI from->to",10,4.37
MOS,"KPI from->to",12,3.49
MOS,"KPI from->to",14,4.37
MOS,"KPI from->to",16,2.42
MOS,"KPI from->to",18,3.49
MOS,"KPI from->to",20,2.17
MOS,"KPI from->to",22,2.42
MOS,"KPI from->to",24,2.81
MOS,"KPI from->to",26,2.77
MOS,"KPI from->to",28,3.49
MOS,"KPI from->to",30,2.43
MOS,"KPI from->to",32,2.79
MOS,"KPI from->to",34,2.42
MOS,"KPI from->to",36,3.49
MOS,"KPI from->to",38,2.79
MOS,"KPI from->to",40,2.8
MOS,"KPI from->to",42,2.81
MOS,"KPI from->to",44,2.78
MOS,"KPI from->to",46,4.37
MOS,"KPI from->to",48,2.8
MOS,"KPI from->to",50,2.77
MOS,"KPI from->to",52,2.18
MOS,"KPI from->to",54,2.19
MOS,"KPI from->to",56,2.77
MOS,"KPI from->to",58,2.43
MOS,"KPI from->to",60,2.43
MOS,"KPI from->to",62,2.79
MOS,"KPI from->to",64,2.42
MOS,"KPI from->to",66,3.49
MOS,"KPI from->to",68,3.47
MOS,"KPI from->to",70,3.48
MOS,"KPI from->to",72,1.89
MOS,"KPI from->to",74,2.17
MOS,"KPI from->to",76,1.87
MOS,"KPI from->to",78,4.37
MOS,"KPI from->to",80,2.39
MOS,"KPI from->to",82,2.2
MOS,"KPI from->to",84,2.77
MOS,"KPI from->to",86,2.2
MOS,"KPI from->to",88,1.39
MOS,"KPI from->to",90,2.16
MOS,"KPI from->to",92,2.2
MOS,"KPI from->to",94,2.17
MOS,"KPI from->to",96,1
MOS,"KPI from->to",98,2.41
MOS,"KPI from->to",100,2.79

Metric,"Pair Name",Timestamp,Value
MOS,"KPI from->to",102,2.78
MOS,"KPI from->to",104,2.43
MOS,"KPI from->to",106,3.48
MOS,"KPI from->to",108,2.8
MOS,"KPI from->to",110,3.47
MOS,"KPI from->to",112,3.48
MOS,"KPI from->to",114,3.48
MOS,"KPI from->to",116,2.42
MOS,"KPI from->to",118,2.79


