"Test Information",Value
"RUN ID",496
"END EXECUTION TIME","2021-05-13 14:26:14"
"SOURCE PROBE NAME",raspberrypi-AAS
"SOURCE PROBE TEST IP ADDRESS",raspberrypi-AAS
"SOURCE PROBE MANAGEMENT IP ADDRESS",raspberrypi-AAS
"SOURCE PROBE GROUP",Administrators
"DESTINATION PROBE NAME",raspberrypi-5G
"DESTINATION PROBE TEST IP ADDRESS",raspberrypi-5G
"DESTINATION PROBE MANAGEMENT IP ADDRESS",raspberrypi-5G
"DESTINATION PROBE GROUP",Administrators
"DESTINATION PROBE LOCATION",
"TEST MODULE",MESH
"TEST TYPE","Network KPI"
"TEST ADDITIONAL INFORMATION"," DSCP Setting: Best Effort"
"TEST DURATION",120
"TEST STATUS",Failed
"FAIL OR ERROR REASON"," Threshold failed on KPI from->to Jitter Max (ms) 
 Threshold failed on KPI from->to Max Delay Variation (ms) 
 Threshold failed on KPI from->to MOS 
"

Metric,"Pair Name",Value,"Threshold Type",Threshold,"Status KPI"
"Datagrams Out of Order","KPI from->to",0.0,0,>=,Passed
"Delay (ms)","KPI from->to",15.3,0,<=,Passed
"Jitter (ms)","KPI from->to",1.87,0,<=,Passed
"Jitter Max (ms)","KPI from->to",8.0,0,<=,Failed
Loss,"KPI from->to",0.0,0,<=,Passed
"Max Delay Variation (ms)","KPI from->to",99.0,0,<=,Failed
"Max loss burst","KPI from->to",0.0,0,<=,Passed
MOS,"KPI from->to",3.53,1,<=,Failed

Metric,"Pair Name",Timestamp,Value
"Delay (ms)","KPI from->to",102,13
"Delay (ms)","KPI from->to",104,14
"Delay (ms)","KPI from->to",106,13
"Delay (ms)","KPI from->to",108,16
"Delay (ms)","KPI from->to",110,14
"Delay (ms)","KPI from->to",112,16
"Delay (ms)","KPI from->to",114,17
"Delay (ms)","KPI from->to",116,15
"Delay (ms)","KPI from->to",118,16
"Delay (ms)","KPI from->to",120,15

Metric,"Pair Name",Timestamp,Value
MOS,"KPI from->to",102,4.37
MOS,"KPI from->to",104,3.48
MOS,"KPI from->to",106,4.37
MOS,"KPI from->to",108,2.8
MOS,"KPI from->to",110,4.37
MOS,"KPI from->to",112,3.48
MOS,"KPI from->to",114,2.8
MOS,"KPI from->to",116,4.37
MOS,"KPI from->to",118,3.48
MOS,"KPI from->to",120,3.48

Metric,"Pair Name",Timestamp,Value
MOS,"KPI from->to",2,2.18
MOS,"KPI from->to",4,2.42
MOS,"KPI from->to",6,4.37
MOS,"KPI from->to",8,2.79
MOS,"KPI from->to",10,2.8
MOS,"KPI from->to",12,3.49
MOS,"KPI from->to",14,2.41
MOS,"KPI from->to",16,3.48
MOS,"KPI from->to",18,4.37
MOS,"KPI from->to",20,4.37
MOS,"KPI from->to",22,4.37
MOS,"KPI from->to",24,3.49
MOS,"KPI from->to",26,2.17
MOS,"KPI from->to",28,2.8
MOS,"KPI from->to",30,2.77
MOS,"KPI from->to",32,2.44
MOS,"KPI from->to",34,2.42
MOS,"KPI from->to",36,3.49
MOS,"KPI from->to",38,2.78
MOS,"KPI from->to",40,2.43
MOS,"KPI from->to",42,4.37
MOS,"KPI from->to",44,3.47
MOS,"KPI from->to",46,3.48
MOS,"KPI from->to",48,3.49
MOS,"KPI from->to",50,4.37
MOS,"KPI from->to",52,3.48
MOS,"KPI from->to",54,3.49
MOS,"KPI from->to",56,4.37
MOS,"KPI from->to",58,2.79
MOS,"KPI from->to",60,4.37
MOS,"KPI from->to",62,3.48
MOS,"KPI from->to",64,4.37
MOS,"KPI from->to",66,2.79
MOS,"KPI from->to",68,3.48
MOS,"KPI from->to",70,4.37
MOS,"KPI from->to",72,3.48
MOS,"KPI from->to",74,3.48
MOS,"KPI from->to",76,4.37
MOS,"KPI from->to",78,4.37
MOS,"KPI from->to",80,4.37
MOS,"KPI from->to",82,4.37
MOS,"KPI from->to",84,2.8
MOS,"KPI from->to",86,4.37
MOS,"KPI from->to",88,4.37
MOS,"KPI from->to",90,4.37
MOS,"KPI from->to",92,2.8
MOS,"KPI from->to",94,3.48
MOS,"KPI from->to",96,2.8
MOS,"KPI from->to",98,2.8
MOS,"KPI from->to",100,4.37

Metric,"Pair Name",Timestamp,Value
Loss,"KPI from->to",102,0
Loss,"KPI from->to",104,0
Loss,"KPI from->to",106,0
Loss,"KPI from->to",108,0
Loss,"KPI from->to",110,0
Loss,"KPI from->to",112,0
Loss,"KPI from->to",114,0
Loss,"KPI from->to",116,0
Loss,"KPI from->to",118,0
Loss,"KPI from->to",120,0

Metric,"Pair Name",Timestamp,Value
"Max Delay Variation (ms)","KPI from->to",102,7
"Max Delay Variation (ms)","KPI from->to",104,57
"Max Delay Variation (ms)","KPI from->to",106,13
"Max Delay Variation (ms)","KPI from->to",108,42
"Max Delay Variation (ms)","KPI from->to",110,6
"Max Delay Variation (ms)","KPI from->to",112,41
"Max Delay Variation (ms)","KPI from->to",114,57
"Max Delay Variation (ms)","KPI from->to",116,7
"Max Delay Variation (ms)","KPI from->to",118,42
"Max Delay Variation (ms)","KPI from->to",120,42

Metric,"Pair Name",Timestamp,Value
"Delay (ms)","KPI from->to",2,19
"Delay (ms)","KPI from->to",4,18
"Delay (ms)","KPI from->to",6,16
"Delay (ms)","KPI from->to",8,16
"Delay (ms)","KPI from->to",10,16
"Delay (ms)","KPI from->to",12,18
"Delay (ms)","KPI from->to",14,17
"Delay (ms)","KPI from->to",16,16
"Delay (ms)","KPI from->to",18,15
"Delay (ms)","KPI from->to",20,14
"Delay (ms)","KPI from->to",22,14
"Delay (ms)","KPI from->to",24,15
"Delay (ms)","KPI from->to",26,19
"Delay (ms)","KPI from->to",28,15
"Delay (ms)","KPI from->to",30,18
"Delay (ms)","KPI from->to",32,18
"Delay (ms)","KPI from->to",34,17
"Delay (ms)","KPI from->to",36,15
"Delay (ms)","KPI from->to",38,15
"Delay (ms)","KPI from->to",40,16
"Delay (ms)","KPI from->to",42,14
"Delay (ms)","KPI from->to",44,14
"Delay (ms)","KPI from->to",46,14
"Delay (ms)","KPI from->to",48,14
"Delay (ms)","KPI from->to",50,13
"Delay (ms)","KPI from->to",52,13
"Delay (ms)","KPI from->to",54,14
"Delay (ms)","KPI from->to",56,14
"Delay (ms)","KPI from->to",58,18
"Delay (ms)","KPI from->to",60,15
"Delay (ms)","KPI from->to",62,16
"Delay (ms)","KPI from->to",64,15
"Delay (ms)","KPI from->to",66,19
"Delay (ms)","KPI from->to",68,15
"Delay (ms)","KPI from->to",70,14
"Delay (ms)","KPI from->to",72,15
"Delay (ms)","KPI from->to",74,15
"Delay (ms)","KPI from->to",76,15
"Delay (ms)","KPI from->to",78,15
"Delay (ms)","KPI from->to",80,15
"Delay (ms)","KPI from->to",82,14
"Delay (ms)","KPI from->to",84,16
"Delay (ms)","KPI from->to",86,14
"Delay (ms)","KPI from->to",88,14
"Delay (ms)","KPI from->to",90,14
"Delay (ms)","KPI from->to",92,15
"Delay (ms)","KPI from->to",94,14
"Delay (ms)","KPI from->to",96,15
"Delay (ms)","KPI from->to",98,15
"Delay (ms)","KPI from->to",100,14

Metric,"Pair Name",Timestamp,Value
"Jitter (ms)","KPI from->to",2,4
"Jitter (ms)","KPI from->to",4,7
"Jitter (ms)","KPI from->to",6,2
"Jitter (ms)","KPI from->to",8,4
"Jitter (ms)","KPI from->to",10,1
"Jitter (ms)","KPI from->to",12,4
"Jitter (ms)","KPI from->to",14,1
"Jitter (ms)","KPI from->to",16,1
"Jitter (ms)","KPI from->to",18,3
"Jitter (ms)","KPI from->to",20,1
"Jitter (ms)","KPI from->to",22,1
"Jitter (ms)","KPI from->to",24,2
"Jitter (ms)","KPI from->to",26,8
"Jitter (ms)","KPI from->to",28,1
"Jitter (ms)","KPI from->to",30,2
"Jitter (ms)","KPI from->to",32,6
"Jitter (ms)","KPI from->to",34,6
"Jitter (ms)","KPI from->to",36,1
"Jitter (ms)","KPI from->to",38,3
"Jitter (ms)","KPI from->to",40,3
"Jitter (ms)","KPI from->to",42,2
"Jitter (ms)","KPI from->to",44,1
"Jitter (ms)","KPI from->to",46,1
"Jitter (ms)","KPI from->to",48,1
"Jitter (ms)","KPI from->to",50,1
"Jitter (ms)","KPI from->to",52,2
"Jitter (ms)","KPI from->to",54,1
"Jitter (ms)","KPI from->to",56,0
"Jitter (ms)","KPI from->to",58,2
"Jitter (ms)","KPI from->to",60,2
"Jitter (ms)","KPI from->to",62,5
"Jitter (ms)","KPI from->to",64,1
"Jitter (ms)","KPI from->to",66,3
"Jitter (ms)","KPI from->to",68,0
"Jitter (ms)","KPI from->to",70,0
"Jitter (ms)","KPI from->to",72,4
"Jitter (ms)","KPI from->to",74,1
"Jitter (ms)","KPI from->to",76,1
"Jitter (ms)","KPI from->to",78,1
"Jitter (ms)","KPI from->to",80,1
"Jitter (ms)","KPI from->to",82,1
"Jitter (ms)","KPI from->to",84,1
"Jitter (ms)","KPI from->to",86,1
"Jitter (ms)","KPI from->to",88,0
"Jitter (ms)","KPI from->to",90,2
"Jitter (ms)","KPI from->to",92,1
"Jitter (ms)","KPI from->to",94,1
"Jitter (ms)","KPI from->to",96,0
"Jitter (ms)","KPI from->to",98,4
"Jitter (ms)","KPI from->to",100,1

Metric,"Pair Name",Timestamp,Value
"Jitter (ms)","KPI from->to",102,1
"Jitter (ms)","KPI from->to",104,1
"Jitter (ms)","KPI from->to",106,1
"Jitter (ms)","KPI from->to",108,2
"Jitter (ms)","KPI from->to",110,1
"Jitter (ms)","KPI from->to",112,1
"Jitter (ms)","KPI from->to",114,1
"Jitter (ms)","KPI from->to",116,0
"Jitter (ms)","KPI from->to",118,1
"Jitter (ms)","KPI from->to",120,0

Metric,"Pair Name",Timestamp,Value
Loss,"KPI from->to",2,0
Loss,"KPI from->to",4,0
Loss,"KPI from->to",6,0
Loss,"KPI from->to",8,0
Loss,"KPI from->to",10,0
Loss,"KPI from->to",12,0
Loss,"KPI from->to",14,0
Loss,"KPI from->to",16,0
Loss,"KPI from->to",18,0
Loss,"KPI from->to",20,0
Loss,"KPI from->to",22,0
Loss,"KPI from->to",24,0
Loss,"KPI from->to",26,0
Loss,"KPI from->to",28,0
Loss,"KPI from->to",30,0
Loss,"KPI from->to",32,0
Loss,"KPI from->to",34,0
Loss,"KPI from->to",36,0
Loss,"KPI from->to",38,0
Loss,"KPI from->to",40,0
Loss,"KPI from->to",42,0
Loss,"KPI from->to",44,0
Loss,"KPI from->to",46,0
Loss,"KPI from->to",48,0
Loss,"KPI from->to",50,0
Loss,"KPI from->to",52,0
Loss,"KPI from->to",54,0
Loss,"KPI from->to",56,0
Loss,"KPI from->to",58,0
Loss,"KPI from->to",60,0
Loss,"KPI from->to",62,0
Loss,"KPI from->to",64,0
Loss,"KPI from->to",66,0
Loss,"KPI from->to",68,0
Loss,"KPI from->to",70,0
Loss,"KPI from->to",72,0
Loss,"KPI from->to",74,0
Loss,"KPI from->to",76,0
Loss,"KPI from->to",78,0
Loss,"KPI from->to",80,0
Loss,"KPI from->to",82,0
Loss,"KPI from->to",84,0
Loss,"KPI from->to",86,0
Loss,"KPI from->to",88,0
Loss,"KPI from->to",90,0
Loss,"KPI from->to",92,0
Loss,"KPI from->to",94,0
Loss,"KPI from->to",96,0
Loss,"KPI from->to",98,0
Loss,"KPI from->to",100,0

Metric,"Pair Name",Timestamp,Value
"Max Delay Variation (ms)","KPI from->to",2,56
"Max Delay Variation (ms)","KPI from->to",4,61
"Max Delay Variation (ms)","KPI from->to",6,40
"Max Delay Variation (ms)","KPI from->to",8,42
"Max Delay Variation (ms)","KPI from->to",10,42
"Max Delay Variation (ms)","KPI from->to",12,97
"Max Delay Variation (ms)","KPI from->to",14,42
"Max Delay Variation (ms)","KPI from->to",16,42
"Max Delay Variation (ms)","KPI from->to",18,40
"Max Delay Variation (ms)","KPI from->to",20,7
"Max Delay Variation (ms)","KPI from->to",22,7
"Max Delay Variation (ms)","KPI from->to",24,41
"Max Delay Variation (ms)","KPI from->to",26,58
"Max Delay Variation (ms)","KPI from->to",28,42
"Max Delay Variation (ms)","KPI from->to",30,97
"Max Delay Variation (ms)","KPI from->to",32,60
"Max Delay Variation (ms)","KPI from->to",34,42
"Max Delay Variation (ms)","KPI from->to",36,42
"Max Delay Variation (ms)","KPI from->to",38,42
"Max Delay Variation (ms)","KPI from->to",40,46
"Max Delay Variation (ms)","KPI from->to",42,37
"Max Delay Variation (ms)","KPI from->to",44,42
"Max Delay Variation (ms)","KPI from->to",46,49
"Max Delay Variation (ms)","KPI from->to",48,42
"Max Delay Variation (ms)","KPI from->to",50,7
"Max Delay Variation (ms)","KPI from->to",52,42
"Max Delay Variation (ms)","KPI from->to",54,41
"Max Delay Variation (ms)","KPI from->to",56,8
"Max Delay Variation (ms)","KPI from->to",58,57
"Max Delay Variation (ms)","KPI from->to",60,7
"Max Delay Variation (ms)","KPI from->to",62,41
"Max Delay Variation (ms)","KPI from->to",64,9
"Max Delay Variation (ms)","KPI from->to",66,99
"Max Delay Variation (ms)","KPI from->to",68,42
"Max Delay Variation (ms)","KPI from->to",70,8
"Max Delay Variation (ms)","KPI from->to",72,42
"Max Delay Variation (ms)","KPI from->to",74,42
"Max Delay Variation (ms)","KPI from->to",76,10
"Max Delay Variation (ms)","KPI from->to",78,22
"Max Delay Variation (ms)","KPI from->to",80,7
"Max Delay Variation (ms)","KPI from->to",82,8
"Max Delay Variation (ms)","KPI from->to",84,55
"Max Delay Variation (ms)","KPI from->to",86,7
"Max Delay Variation (ms)","KPI from->to",88,5
"Max Delay Variation (ms)","KPI from->to",90,8
"Max Delay Variation (ms)","KPI from->to",92,42
"Max Delay Variation (ms)","KPI from->to",94,42
"Max Delay Variation (ms)","KPI from->to",96,42
"Max Delay Variation (ms)","KPI from->to",98,46
"Max Delay Variation (ms)","KPI from->to",100,8


