"Test Information",Value
"RUN ID",496
"END EXECUTION TIME","2021-05-13 14:24:01"
"SOURCE PROBE NAME",raspberrypi-AAS
"SOURCE PROBE TEST IP ADDRESS",raspberrypi-AAS
"SOURCE PROBE MANAGEMENT IP ADDRESS",raspberrypi-AAS
"SOURCE PROBE GROUP",Administrators
"DESTINATION PROBE NAME",raspberrypi-5G
"DESTINATION PROBE TEST IP ADDRESS",raspberrypi-5G
"DESTINATION PROBE MANAGEMENT IP ADDRESS",raspberrypi-5G
"DESTINATION PROBE GROUP",Administrators
"DESTINATION PROBE LOCATION",
"TEST MODULE",MESH
"TEST TYPE","Network KPI"
"TEST ADDITIONAL INFORMATION"," DSCP Setting: Best Effort"
"TEST DURATION",120
"TEST STATUS",Failed
"FAIL OR ERROR REASON"," Threshold failed on KPI from->to Jitter Max (ms) 
 Threshold failed on KPI from->to Max Delay Variation (ms) 
 Threshold failed on KPI from->to MOS 
"

Metric,"Pair Name",Value,"Threshold Type",Threshold,"Status KPI"
"Datagrams Out of Order","KPI from->to",0.0,0,>=,Passed
"Delay (ms)","KPI from->to",16.88,0,<=,Passed
"Jitter (ms)","KPI from->to",3.48,0,<=,Passed
"Jitter Max (ms)","KPI from->to",11.0,0,<=,Failed
Loss,"KPI from->to",0.0,0,<=,Passed
"Max Delay Variation (ms)","KPI from->to",170.0,0,<=,Failed
"Max loss burst","KPI from->to",0.0,0,<=,Passed
MOS,"KPI from->to",2.76,1,<=,Failed

Metric,"Pair Name",Timestamp,Value
MOS,"KPI from->to",2,4.37
MOS,"KPI from->to",4,4.37
MOS,"KPI from->to",6,3.5
MOS,"KPI from->to",8,3.49
MOS,"KPI from->to",10,3.49
MOS,"KPI from->to",12,1.9
MOS,"KPI from->to",14,1.36
MOS,"KPI from->to",16,1.88
MOS,"KPI from->to",18,1.9
MOS,"KPI from->to",20,1.35
MOS,"KPI from->to",22,1
MOS,"KPI from->to",24,2.42
MOS,"KPI from->to",26,2.42
MOS,"KPI from->to",28,1
MOS,"KPI from->to",30,1.48
MOS,"KPI from->to",32,2.17
MOS,"KPI from->to",34,2.42
MOS,"KPI from->to",36,1
MOS,"KPI from->to",38,2.16
MOS,"KPI from->to",40,3.48
MOS,"KPI from->to",42,1
MOS,"KPI from->to",44,1.28
MOS,"KPI from->to",46,3.51
MOS,"KPI from->to",48,1.42
MOS,"KPI from->to",50,2.16
MOS,"KPI from->to",52,1.39
MOS,"KPI from->to",54,2.19
MOS,"KPI from->to",56,3.47
MOS,"KPI from->to",58,2.42
MOS,"KPI from->to",60,1.88
MOS,"KPI from->to",62,1.35
MOS,"KPI from->to",64,1
MOS,"KPI from->to",66,1
MOS,"KPI from->to",68,2.42
MOS,"KPI from->to",70,1.38
MOS,"KPI from->to",72,3.49
MOS,"KPI from->to",74,2.17
MOS,"KPI from->to",76,4.37
MOS,"KPI from->to",78,2.83
MOS,"KPI from->to",80,3.47
MOS,"KPI from->to",82,2.79
MOS,"KPI from->to",84,4.37
MOS,"KPI from->to",86,4.37
MOS,"KPI from->to",88,4.37
MOS,"KPI from->to",90,3.49
MOS,"KPI from->to",92,3.47
MOS,"KPI from->to",94,4.37
MOS,"KPI from->to",96,4.37
MOS,"KPI from->to",98,4.37
MOS,"KPI from->to",100,2.81

Metric,"Pair Name",Timestamp,Value
"Jitter (ms)","KPI from->to",2,2
"Jitter (ms)","KPI from->to",4,4
"Jitter (ms)","KPI from->to",6,2
"Jitter (ms)","KPI from->to",8,1
"Jitter (ms)","KPI from->to",10,3
"Jitter (ms)","KPI from->to",12,8
"Jitter (ms)","KPI from->to",14,5
"Jitter (ms)","KPI from->to",16,7
"Jitter (ms)","KPI from->to",18,6
"Jitter (ms)","KPI from->to",20,4
"Jitter (ms)","KPI from->to",22,6
"Jitter (ms)","KPI from->to",24,1
"Jitter (ms)","KPI from->to",26,3
"Jitter (ms)","KPI from->to",28,11
"Jitter (ms)","KPI from->to",30,2
"Jitter (ms)","KPI from->to",32,5
"Jitter (ms)","KPI from->to",34,1
"Jitter (ms)","KPI from->to",36,5
"Jitter (ms)","KPI from->to",38,11
"Jitter (ms)","KPI from->to",40,6
"Jitter (ms)","KPI from->to",42,4
"Jitter (ms)","KPI from->to",44,9
"Jitter (ms)","KPI from->to",46,2
"Jitter (ms)","KPI from->to",48,8
"Jitter (ms)","KPI from->to",50,8
"Jitter (ms)","KPI from->to",52,1
"Jitter (ms)","KPI from->to",54,6
"Jitter (ms)","KPI from->to",56,4
"Jitter (ms)","KPI from->to",58,3
"Jitter (ms)","KPI from->to",60,6
"Jitter (ms)","KPI from->to",62,7
"Jitter (ms)","KPI from->to",64,3
"Jitter (ms)","KPI from->to",66,11
"Jitter (ms)","KPI from->to",68,4
"Jitter (ms)","KPI from->to",70,5
"Jitter (ms)","KPI from->to",72,3
"Jitter (ms)","KPI from->to",74,1
"Jitter (ms)","KPI from->to",76,1
"Jitter (ms)","KPI from->to",78,1
"Jitter (ms)","KPI from->to",80,1
"Jitter (ms)","KPI from->to",82,3
"Jitter (ms)","KPI from->to",84,0
"Jitter (ms)","KPI from->to",86,1
"Jitter (ms)","KPI from->to",88,1
"Jitter (ms)","KPI from->to",90,2
"Jitter (ms)","KPI from->to",92,2
"Jitter (ms)","KPI from->to",94,0
"Jitter (ms)","KPI from->to",96,1
"Jitter (ms)","KPI from->to",98,1
"Jitter (ms)","KPI from->to",100,1

Metric,"Pair Name",Timestamp,Value
Loss,"KPI from->to",102,0
Loss,"KPI from->to",104,0
Loss,"KPI from->to",106,0
Loss,"KPI from->to",108,0
Loss,"KPI from->to",110,0
Loss,"KPI from->to",112,0
Loss,"KPI from->to",114,0
Loss,"KPI from->to",116,0
Loss,"KPI from->to",118,0
Loss,"KPI from->to",120,0

Metric,"Pair Name",Timestamp,Value
"Max Delay Variation (ms)","KPI from->to",2,37
"Max Delay Variation (ms)","KPI from->to",4,38
"Max Delay Variation (ms)","KPI from->to",6,43
"Max Delay Variation (ms)","KPI from->to",8,48
"Max Delay Variation (ms)","KPI from->to",10,93
"Max Delay Variation (ms)","KPI from->to",12,55
"Max Delay Variation (ms)","KPI from->to",14,96
"Max Delay Variation (ms)","KPI from->to",16,58
"Max Delay Variation (ms)","KPI from->to",18,62
"Max Delay Variation (ms)","KPI from->to",20,60
"Max Delay Variation (ms)","KPI from->to",22,96
"Max Delay Variation (ms)","KPI from->to",24,59
"Max Delay Variation (ms)","KPI from->to",26,51
"Max Delay Variation (ms)","KPI from->to",28,136
"Max Delay Variation (ms)","KPI from->to",30,56
"Max Delay Variation (ms)","KPI from->to",32,64
"Max Delay Variation (ms)","KPI from->to",34,57
"Max Delay Variation (ms)","KPI from->to",36,86
"Max Delay Variation (ms)","KPI from->to",38,96
"Max Delay Variation (ms)","KPI from->to",40,42
"Max Delay Variation (ms)","KPI from->to",42,59
"Max Delay Variation (ms)","KPI from->to",44,98
"Max Delay Variation (ms)","KPI from->to",46,39
"Max Delay Variation (ms)","KPI from->to",48,98
"Max Delay Variation (ms)","KPI from->to",50,92
"Max Delay Variation (ms)","KPI from->to",52,57
"Max Delay Variation (ms)","KPI from->to",54,97
"Max Delay Variation (ms)","KPI from->to",56,57
"Max Delay Variation (ms)","KPI from->to",58,96
"Max Delay Variation (ms)","KPI from->to",60,170
"Max Delay Variation (ms)","KPI from->to",62,57
"Max Delay Variation (ms)","KPI from->to",64,96
"Max Delay Variation (ms)","KPI from->to",66,96
"Max Delay Variation (ms)","KPI from->to",68,51
"Max Delay Variation (ms)","KPI from->to",70,59
"Max Delay Variation (ms)","KPI from->to",72,55
"Max Delay Variation (ms)","KPI from->to",74,59
"Max Delay Variation (ms)","KPI from->to",76,8
"Max Delay Variation (ms)","KPI from->to",78,41
"Max Delay Variation (ms)","KPI from->to",80,42
"Max Delay Variation (ms)","KPI from->to",82,94
"Max Delay Variation (ms)","KPI from->to",84,6
"Max Delay Variation (ms)","KPI from->to",86,8
"Max Delay Variation (ms)","KPI from->to",88,7
"Max Delay Variation (ms)","KPI from->to",90,41
"Max Delay Variation (ms)","KPI from->to",92,41
"Max Delay Variation (ms)","KPI from->to",94,10
"Max Delay Variation (ms)","KPI from->to",96,7
"Max Delay Variation (ms)","KPI from->to",98,8
"Max Delay Variation (ms)","KPI from->to",100,44

Metric,"Pair Name",Timestamp,Value
"Delay (ms)","KPI from->to",102,16
"Delay (ms)","KPI from->to",104,15
"Delay (ms)","KPI from->to",106,16
"Delay (ms)","KPI from->to",108,16
"Delay (ms)","KPI from->to",110,15
"Delay (ms)","KPI from->to",112,15
"Delay (ms)","KPI from->to",114,15
"Delay (ms)","KPI from->to",116,17
"Delay (ms)","KPI from->to",118,17
"Delay (ms)","KPI from->to",120,18

Metric,"Pair Name",Timestamp,Value
Loss,"KPI from->to",2,0
Loss,"KPI from->to",4,0
Loss,"KPI from->to",6,0
Loss,"KPI from->to",8,0
Loss,"KPI from->to",10,0
Loss,"KPI from->to",12,0
Loss,"KPI from->to",14,0
Loss,"KPI from->to",16,0
Loss,"KPI from->to",18,0
Loss,"KPI from->to",20,0
Loss,"KPI from->to",22,0
Loss,"KPI from->to",24,0
Loss,"KPI from->to",26,0
Loss,"KPI from->to",28,0
Loss,"KPI from->to",30,0
Loss,"KPI from->to",32,0
Loss,"KPI from->to",34,0
Loss,"KPI from->to",36,0
Loss,"KPI from->to",38,0
Loss,"KPI from->to",40,0
Loss,"KPI from->to",42,0
Loss,"KPI from->to",44,0
Loss,"KPI from->to",46,0
Loss,"KPI from->to",48,0
Loss,"KPI from->to",50,0
Loss,"KPI from->to",52,0
Loss,"KPI from->to",54,0
Loss,"KPI from->to",56,0
Loss,"KPI from->to",58,0
Loss,"KPI from->to",60,0
Loss,"KPI from->to",62,0
Loss,"KPI from->to",64,0
Loss,"KPI from->to",66,0
Loss,"KPI from->to",68,0
Loss,"KPI from->to",70,0
Loss,"KPI from->to",72,0
Loss,"KPI from->to",74,0
Loss,"KPI from->to",76,0
Loss,"KPI from->to",78,0
Loss,"KPI from->to",80,0
Loss,"KPI from->to",82,0
Loss,"KPI from->to",84,0
Loss,"KPI from->to",86,0
Loss,"KPI from->to",88,0
Loss,"KPI from->to",90,0
Loss,"KPI from->to",92,0
Loss,"KPI from->to",94,0
Loss,"KPI from->to",96,0
Loss,"KPI from->to",98,0
Loss,"KPI from->to",100,0

Metric,"Pair Name",Timestamp,Value
"Jitter (ms)","KPI from->to",102,2
"Jitter (ms)","KPI from->to",104,0
"Jitter (ms)","KPI from->to",106,1
"Jitter (ms)","KPI from->to",108,3
"Jitter (ms)","KPI from->to",110,0
"Jitter (ms)","KPI from->to",112,1
"Jitter (ms)","KPI from->to",114,1
"Jitter (ms)","KPI from->to",116,4
"Jitter (ms)","KPI from->to",118,2
"Jitter (ms)","KPI from->to",120,2

Metric,"Pair Name",Timestamp,Value
"Max Delay Variation (ms)","KPI from->to",102,62
"Max Delay Variation (ms)","KPI from->to",104,41
"Max Delay Variation (ms)","KPI from->to",106,20
"Max Delay Variation (ms)","KPI from->to",108,54
"Max Delay Variation (ms)","KPI from->to",110,6
"Max Delay Variation (ms)","KPI from->to",112,7
"Max Delay Variation (ms)","KPI from->to",114,7
"Max Delay Variation (ms)","KPI from->to",116,42
"Max Delay Variation (ms)","KPI from->to",118,43
"Max Delay Variation (ms)","KPI from->to",120,46

Metric,"Pair Name",Timestamp,Value
MOS,"KPI from->to",102,3.49
MOS,"KPI from->to",104,3.46
MOS,"KPI from->to",106,3.5
MOS,"KPI from->to",108,3.48
MOS,"KPI from->to",110,4.37
MOS,"KPI from->to",112,4.37
MOS,"KPI from->to",114,4.37
MOS,"KPI from->to",116,3.5
MOS,"KPI from->to",118,2.8
MOS,"KPI from->to",120,2.18

Metric,"Pair Name",Timestamp,Value
"Delay (ms)","KPI from->to",2,7
"Delay (ms)","KPI from->to",4,5
"Delay (ms)","KPI from->to",6,4
"Delay (ms)","KPI from->to",8,3
"Delay (ms)","KPI from->to",10,5
"Delay (ms)","KPI from->to",12,7
"Delay (ms)","KPI from->to",14,10
"Delay (ms)","KPI from->to",16,7
"Delay (ms)","KPI from->to",18,8
"Delay (ms)","KPI from->to",20,20
"Delay (ms)","KPI from->to",22,25
"Delay (ms)","KPI from->to",24,19
"Delay (ms)","KPI from->to",26,18
"Delay (ms)","KPI from->to",28,30
"Delay (ms)","KPI from->to",30,21
"Delay (ms)","KPI from->to",32,20
"Delay (ms)","KPI from->to",34,18
"Delay (ms)","KPI from->to",36,25
"Delay (ms)","KPI from->to",38,24
"Delay (ms)","KPI from->to",40,17
"Delay (ms)","KPI from->to",42,24
"Delay (ms)","KPI from->to",44,24
"Delay (ms)","KPI from->to",46,17
"Delay (ms)","KPI from->to",48,22
"Delay (ms)","KPI from->to",50,22
"Delay (ms)","KPI from->to",52,19
"Delay (ms)","KPI from->to",54,19
"Delay (ms)","KPI from->to",56,15
"Delay (ms)","KPI from->to",58,18
"Delay (ms)","KPI from->to",60,29
"Delay (ms)","KPI from->to",62,20
"Delay (ms)","KPI from->to",64,24
"Delay (ms)","KPI from->to",66,24
"Delay (ms)","KPI from->to",68,17
"Delay (ms)","KPI from->to",70,22
"Delay (ms)","KPI from->to",72,17
"Delay (ms)","KPI from->to",74,21
"Delay (ms)","KPI from->to",76,16
"Delay (ms)","KPI from->to",78,18
"Delay (ms)","KPI from->to",80,16
"Delay (ms)","KPI from->to",82,19
"Delay (ms)","KPI from->to",84,14
"Delay (ms)","KPI from->to",86,15
"Delay (ms)","KPI from->to",88,15
"Delay (ms)","KPI from->to",90,16
"Delay (ms)","KPI from->to",92,15
"Delay (ms)","KPI from->to",94,15
"Delay (ms)","KPI from->to",96,15
"Delay (ms)","KPI from->to",98,15
"Delay (ms)","KPI from->to",100,17


