"Test Information",Value
"RUN ID",496
"END EXECUTION TIME","2021-05-13 14:53:02"
"SOURCE PROBE NAME",raspberrypi-AAS
"SOURCE PROBE TEST IP ADDRESS",raspberrypi-AAS
"SOURCE PROBE MANAGEMENT IP ADDRESS",raspberrypi-AAS
"SOURCE PROBE GROUP",Administrators
"DESTINATION PROBE NAME",raspberrypi-5G
"DESTINATION PROBE TEST IP ADDRESS",raspberrypi-5G
"DESTINATION PROBE MANAGEMENT IP ADDRESS",raspberrypi-5G
"DESTINATION PROBE GROUP",Administrators
"DESTINATION PROBE LOCATION",
"TEST MODULE",MESH
"TEST TYPE","Network KPI"
"TEST ADDITIONAL INFORMATION"," DSCP Setting: Best Effort"
"TEST DURATION",120
"TEST STATUS",Failed
"FAIL OR ERROR REASON"," Threshold failed on KPI from->to Jitter (ms) 
 Threshold failed on KPI from->to Jitter Max (ms) 
 Threshold failed on KPI from->to Max Delay Variation (ms) 
 Threshold failed on KPI from->to MOS 
"

Metric,"Pair Name",Value,"Threshold Type",Threshold,"Status KPI"
"Datagrams Out of Order","KPI from->to",0.0,0,>=,Passed
"Delay (ms)","KPI from->to",24.58,0,<=,Passed
"Jitter (ms)","KPI from->to",7.97,0,<=,Failed
"Jitter Max (ms)","KPI from->to",16.0,0,<=,Failed
Loss,"KPI from->to",0.0,0,<=,Passed
"Max Delay Variation (ms)","KPI from->to",200.0,0,<=,Failed
"Max loss burst","KPI from->to",0.0,0,<=,Passed
MOS,"KPI from->to",1.84,1,<=,Failed

Metric,"Pair Name",Timestamp,Value
"Delay (ms)","KPI from->to",2,31
"Delay (ms)","KPI from->to",4,25
"Delay (ms)","KPI from->to",6,21
"Delay (ms)","KPI from->to",8,26
"Delay (ms)","KPI from->to",10,22
"Delay (ms)","KPI from->to",12,33
"Delay (ms)","KPI from->to",14,29
"Delay (ms)","KPI from->to",16,27
"Delay (ms)","KPI from->to",18,27
"Delay (ms)","KPI from->to",20,21
"Delay (ms)","KPI from->to",22,28
"Delay (ms)","KPI from->to",24,19
"Delay (ms)","KPI from->to",26,22
"Delay (ms)","KPI from->to",28,19
"Delay (ms)","KPI from->to",30,19
"Delay (ms)","KPI from->to",32,18
"Delay (ms)","KPI from->to",34,22
"Delay (ms)","KPI from->to",36,21
"Delay (ms)","KPI from->to",38,27
"Delay (ms)","KPI from->to",40,30
"Delay (ms)","KPI from->to",42,32
"Delay (ms)","KPI from->to",44,26
"Delay (ms)","KPI from->to",46,30
"Delay (ms)","KPI from->to",48,27
"Delay (ms)","KPI from->to",50,37
"Delay (ms)","KPI from->to",52,25
"Delay (ms)","KPI from->to",54,23
"Delay (ms)","KPI from->to",56,29
"Delay (ms)","KPI from->to",58,26
"Delay (ms)","KPI from->to",60,30
"Delay (ms)","KPI from->to",62,27
"Delay (ms)","KPI from->to",64,33
"Delay (ms)","KPI from->to",66,26
"Delay (ms)","KPI from->to",68,33
"Delay (ms)","KPI from->to",70,20
"Delay (ms)","KPI from->to",72,21
"Delay (ms)","KPI from->to",74,29
"Delay (ms)","KPI from->to",76,24
"Delay (ms)","KPI from->to",78,33
"Delay (ms)","KPI from->to",80,25
"Delay (ms)","KPI from->to",82,27
"Delay (ms)","KPI from->to",84,24
"Delay (ms)","KPI from->to",86,27
"Delay (ms)","KPI from->to",88,25
"Delay (ms)","KPI from->to",90,14
"Delay (ms)","KPI from->to",92,16
"Delay (ms)","KPI from->to",94,24
"Delay (ms)","KPI from->to",96,21
"Delay (ms)","KPI from->to",98,19
"Delay (ms)","KPI from->to",100,19

Metric,"Pair Name",Timestamp,Value
MOS,"KPI from->to",2,2.16
MOS,"KPI from->to",4,2.18
MOS,"KPI from->to",6,3.48
MOS,"KPI from->to",8,1.86
MOS,"KPI from->to",10,2.79
MOS,"KPI from->to",12,1.86
MOS,"KPI from->to",14,1.84
MOS,"KPI from->to",16,1.41
MOS,"KPI from->to",18,2.41
MOS,"KPI from->to",20,2.17
MOS,"KPI from->to",22,2.17
MOS,"KPI from->to",24,1.89
MOS,"KPI from->to",26,2.42
MOS,"KPI from->to",28,2.18
MOS,"KPI from->to",30,1.87
MOS,"KPI from->to",32,2.4
MOS,"KPI from->to",34,1.45
MOS,"KPI from->to",36,2.42
MOS,"KPI from->to",38,2.16
MOS,"KPI from->to",40,1.41
MOS,"KPI from->to",42,1
MOS,"KPI from->to",44,1.84
MOS,"KPI from->to",46,1.86
MOS,"KPI from->to",48,1
MOS,"KPI from->to",50,1.89
MOS,"KPI from->to",52,1.88
MOS,"KPI from->to",54,2.42
MOS,"KPI from->to",56,1.84
MOS,"KPI from->to",58,1.38
MOS,"KPI from->to",60,1
MOS,"KPI from->to",62,1.84
MOS,"KPI from->to",64,1
MOS,"KPI from->to",66,2.17
MOS,"KPI from->to",68,1.86
MOS,"KPI from->to",70,2.8
MOS,"KPI from->to",72,2.12
MOS,"KPI from->to",74,1.93
MOS,"KPI from->to",76,1.87
MOS,"KPI from->to",78,1
MOS,"KPI from->to",80,1.87
MOS,"KPI from->to",82,1.31
MOS,"KPI from->to",84,2.2
MOS,"KPI from->to",86,1.35
MOS,"KPI from->to",88,2.41
MOS,"KPI from->to",90,2.19
MOS,"KPI from->to",92,1.18
MOS,"KPI from->to",94,1
MOS,"KPI from->to",96,1.32
MOS,"KPI from->to",98,2.43
MOS,"KPI from->to",100,1.42

Metric,"Pair Name",Timestamp,Value
Loss,"KPI from->to",2,0
Loss,"KPI from->to",4,0
Loss,"KPI from->to",6,0
Loss,"KPI from->to",8,0
Loss,"KPI from->to",10,0
Loss,"KPI from->to",12,0
Loss,"KPI from->to",14,0
Loss,"KPI from->to",16,0
Loss,"KPI from->to",18,0
Loss,"KPI from->to",20,0
Loss,"KPI from->to",22,0
Loss,"KPI from->to",24,0
Loss,"KPI from->to",26,0
Loss,"KPI from->to",28,0
Loss,"KPI from->to",30,0
Loss,"KPI from->to",32,0
Loss,"KPI from->to",34,0
Loss,"KPI from->to",36,0
Loss,"KPI from->to",38,0
Loss,"KPI from->to",40,0
Loss,"KPI from->to",42,0
Loss,"KPI from->to",44,0
Loss,"KPI from->to",46,0
Loss,"KPI from->to",48,0
Loss,"KPI from->to",50,0
Loss,"KPI from->to",52,0
Loss,"KPI from->to",54,0
Loss,"KPI from->to",56,0
Loss,"KPI from->to",58,0
Loss,"KPI from->to",60,0
Loss,"KPI from->to",62,0
Loss,"KPI from->to",64,0
Loss,"KPI from->to",66,0
Loss,"KPI from->to",68,0
Loss,"KPI from->to",70,0
Loss,"KPI from->to",72,0
Loss,"KPI from->to",74,0
Loss,"KPI from->to",76,0
Loss,"KPI from->to",78,0
Loss,"KPI from->to",80,0
Loss,"KPI from->to",82,0
Loss,"KPI from->to",84,0
Loss,"KPI from->to",86,0
Loss,"KPI from->to",88,0
Loss,"KPI from->to",90,0
Loss,"KPI from->to",92,0
Loss,"KPI from->to",94,0
Loss,"KPI from->to",96,0
Loss,"KPI from->to",98,0
Loss,"KPI from->to",100,0

Metric,"Pair Name",Timestamp,Value
"Max Delay Variation (ms)","KPI from->to",102,100
"Max Delay Variation (ms)","KPI from->to",104,137
"Max Delay Variation (ms)","KPI from->to",106,65
"Max Delay Variation (ms)","KPI from->to",108,117
"Max Delay Variation (ms)","KPI from->to",110,70
"Max Delay Variation (ms)","KPI from->to",112,96
"Max Delay Variation (ms)","KPI from->to",114,43
"Max Delay Variation (ms)","KPI from->to",116,129
"Max Delay Variation (ms)","KPI from->to",118,92

Metric,"Pair Name",Timestamp,Value
"Delay (ms)","KPI from->to",102,25
"Delay (ms)","KPI from->to",104,23
"Delay (ms)","KPI from->to",106,21
"Delay (ms)","KPI from->to",108,25
"Delay (ms)","KPI from->to",110,21
"Delay (ms)","KPI from->to",112,20
"Delay (ms)","KPI from->to",114,17
"Delay (ms)","KPI from->to",116,22
"Delay (ms)","KPI from->to",118,17

Metric,"Pair Name",Timestamp,Value
"Jitter (ms)","KPI from->to",102,12
"Jitter (ms)","KPI from->to",104,13
"Jitter (ms)","KPI from->to",106,7
"Jitter (ms)","KPI from->to",108,6
"Jitter (ms)","KPI from->to",110,13
"Jitter (ms)","KPI from->to",112,11
"Jitter (ms)","KPI from->to",114,11
"Jitter (ms)","KPI from->to",116,10
"Jitter (ms)","KPI from->to",118,4

Metric,"Pair Name",Timestamp,Value
MOS,"KPI from->to",102,1
MOS,"KPI from->to",104,1.83
MOS,"KPI from->to",106,1.85
MOS,"KPI from->to",108,1.42
MOS,"KPI from->to",110,1.89
MOS,"KPI from->to",112,1.32
MOS,"KPI from->to",114,1.42
MOS,"KPI from->to",116,1.87
MOS,"KPI from->to",118,2.19

Metric,"Pair Name",Timestamp,Value
"Jitter (ms)","KPI from->to",2,4
"Jitter (ms)","KPI from->to",4,3
"Jitter (ms)","KPI from->to",6,3
"Jitter (ms)","KPI from->to",8,13
"Jitter (ms)","KPI from->to",10,1
"Jitter (ms)","KPI from->to",12,4
"Jitter (ms)","KPI from->to",14,8
"Jitter (ms)","KPI from->to",16,5
"Jitter (ms)","KPI from->to",18,6
"Jitter (ms)","KPI from->to",20,8
"Jitter (ms)","KPI from->to",22,5
"Jitter (ms)","KPI from->to",24,5
"Jitter (ms)","KPI from->to",26,7
"Jitter (ms)","KPI from->to",28,10
"Jitter (ms)","KPI from->to",30,5
"Jitter (ms)","KPI from->to",32,5
"Jitter (ms)","KPI from->to",34,8
"Jitter (ms)","KPI from->to",36,7
"Jitter (ms)","KPI from->to",38,8
"Jitter (ms)","KPI from->to",40,9
"Jitter (ms)","KPI from->to",42,16
"Jitter (ms)","KPI from->to",44,6
"Jitter (ms)","KPI from->to",46,14
"Jitter (ms)","KPI from->to",48,11
"Jitter (ms)","KPI from->to",50,10
"Jitter (ms)","KPI from->to",52,5
"Jitter (ms)","KPI from->to",54,3
"Jitter (ms)","KPI from->to",56,5
"Jitter (ms)","KPI from->to",58,6
"Jitter (ms)","KPI from->to",60,14
"Jitter (ms)","KPI from->to",62,1
"Jitter (ms)","KPI from->to",64,11
"Jitter (ms)","KPI from->to",66,5
"Jitter (ms)","KPI from->to",68,8
"Jitter (ms)","KPI from->to",70,5
"Jitter (ms)","KPI from->to",72,5
"Jitter (ms)","KPI from->to",74,8
"Jitter (ms)","KPI from->to",76,7
"Jitter (ms)","KPI from->to",78,10
"Jitter (ms)","KPI from->to",80,6
"Jitter (ms)","KPI from->to",82,14
"Jitter (ms)","KPI from->to",84,9
"Jitter (ms)","KPI from->to",86,15
"Jitter (ms)","KPI from->to",88,7
"Jitter (ms)","KPI from->to",90,9
"Jitter (ms)","KPI from->to",92,5
"Jitter (ms)","KPI from->to",94,4
"Jitter (ms)","KPI from->to",96,14
"Jitter (ms)","KPI from->to",98,11
"Jitter (ms)","KPI from->to",100,15

Metric,"Pair Name",Timestamp,Value
Loss,"KPI from->to",102,0
Loss,"KPI from->to",104,0
Loss,"KPI from->to",106,0
Loss,"KPI from->to",108,0
Loss,"KPI from->to",110,0
Loss,"KPI from->to",112,0
Loss,"KPI from->to",114,0
Loss,"KPI from->to",116,0
Loss,"KPI from->to",118,0

Metric,"Pair Name",Timestamp,Value
"Max Delay Variation (ms)","KPI from->to",2,102
"Max Delay Variation (ms)","KPI from->to",4,62
"Max Delay Variation (ms)","KPI from->to",6,43
"Max Delay Variation (ms)","KPI from->to",8,57
"Max Delay Variation (ms)","KPI from->to",10,42
"Max Delay Variation (ms)","KPI from->to",12,161
"Max Delay Variation (ms)","KPI from->to",14,98
"Max Delay Variation (ms)","KPI from->to",16,43
"Max Delay Variation (ms)","KPI from->to",18,97
"Max Delay Variation (ms)","KPI from->to",20,43
"Max Delay Variation (ms)","KPI from->to",22,167
"Max Delay Variation (ms)","KPI from->to",24,51
"Max Delay Variation (ms)","KPI from->to",26,51
"Max Delay Variation (ms)","KPI from->to",28,44
"Max Delay Variation (ms)","KPI from->to",30,58
"Max Delay Variation (ms)","KPI from->to",32,59
"Max Delay Variation (ms)","KPI from->to",34,48
"Max Delay Variation (ms)","KPI from->to",36,98
"Max Delay Variation (ms)","KPI from->to",38,131
"Max Delay Variation (ms)","KPI from->to",40,114
"Max Delay Variation (ms)","KPI from->to",42,115
"Max Delay Variation (ms)","KPI from->to",44,98
"Max Delay Variation (ms)","KPI from->to",46,117
"Max Delay Variation (ms)","KPI from->to",48,91
"Max Delay Variation (ms)","KPI from->to",50,200
"Max Delay Variation (ms)","KPI from->to",52,92
"Max Delay Variation (ms)","KPI from->to",54,108
"Max Delay Variation (ms)","KPI from->to",56,98
"Max Delay Variation (ms)","KPI from->to",58,100
"Max Delay Variation (ms)","KPI from->to",60,98
"Max Delay Variation (ms)","KPI from->to",62,96
"Max Delay Variation (ms)","KPI from->to",64,132
"Max Delay Variation (ms)","KPI from->to",66,65
"Max Delay Variation (ms)","KPI from->to",68,138
"Max Delay Variation (ms)","KPI from->to",70,43
"Max Delay Variation (ms)","KPI from->to",72,42
"Max Delay Variation (ms)","KPI from->to",74,97
"Max Delay Variation (ms)","KPI from->to",76,57
"Max Delay Variation (ms)","KPI from->to",78,102
"Max Delay Variation (ms)","KPI from->to",80,91
"Max Delay Variation (ms)","KPI from->to",82,97
"Max Delay Variation (ms)","KPI from->to",84,91
"Max Delay Variation (ms)","KPI from->to",86,97
"Max Delay Variation (ms)","KPI from->to",88,103
"Max Delay Variation (ms)","KPI from->to",90,43
"Max Delay Variation (ms)","KPI from->to",92,55
"Max Delay Variation (ms)","KPI from->to",94,97
"Max Delay Variation (ms)","KPI from->to",96,89
"Max Delay Variation (ms)","KPI from->to",98,57
"Max Delay Variation (ms)","KPI from->to",100,97


