"Test Information",Value
"RUN ID",496
"END EXECUTION TIME","2021-05-13 14:30:41"
"SOURCE PROBE NAME",raspberrypi-AAS
"SOURCE PROBE TEST IP ADDRESS",raspberrypi-AAS
"SOURCE PROBE MANAGEMENT IP ADDRESS",raspberrypi-AAS
"SOURCE PROBE GROUP",Administrators
"DESTINATION PROBE NAME",raspberrypi-5G
"DESTINATION PROBE TEST IP ADDRESS",raspberrypi-5G
"DESTINATION PROBE MANAGEMENT IP ADDRESS",raspberrypi-5G
"DESTINATION PROBE GROUP",Administrators
"DESTINATION PROBE LOCATION",
"TEST MODULE",MESH
"TEST TYPE","Network KPI"
"TEST ADDITIONAL INFORMATION"," DSCP Setting: Best Effort"
"TEST DURATION",120
"TEST STATUS",Failed
"FAIL OR ERROR REASON"," Threshold failed on KPI from->to Jitter Max (ms) 
 Threshold failed on KPI from->to Max Delay Variation (ms) 
 Threshold failed on KPI from->to MOS 
"

Metric,"Pair Name",Value,"Threshold Type",Threshold,"Status KPI"
"Datagrams Out of Order","KPI from->to",0.0,0,>=,Passed
"Delay (ms)","KPI from->to",18.45,0,<=,Passed
"Jitter (ms)","KPI from->to",2.77,0,<=,Passed
"Jitter Max (ms)","KPI from->to",11.0,0,<=,Failed
Loss,"KPI from->to",0.0,0,<=,Passed
"Max Delay Variation (ms)","KPI from->to",159.0,0,<=,Failed
"Max loss burst","KPI from->to",0.0,0,<=,Passed
MOS,"KPI from->to",3.07,1,<=,Failed

Metric,"Pair Name",Timestamp,Value
"Max Delay Variation (ms)","KPI from->to",2,61
"Max Delay Variation (ms)","KPI from->to",4,55
"Max Delay Variation (ms)","KPI from->to",6,16
"Max Delay Variation (ms)","KPI from->to",8,12
"Max Delay Variation (ms)","KPI from->to",10,61
"Max Delay Variation (ms)","KPI from->to",12,28
"Max Delay Variation (ms)","KPI from->to",14,41
"Max Delay Variation (ms)","KPI from->to",16,43
"Max Delay Variation (ms)","KPI from->to",18,62
"Max Delay Variation (ms)","KPI from->to",20,35
"Max Delay Variation (ms)","KPI from->to",22,16
"Max Delay Variation (ms)","KPI from->to",24,91
"Max Delay Variation (ms)","KPI from->to",26,48
"Max Delay Variation (ms)","KPI from->to",28,42
"Max Delay Variation (ms)","KPI from->to",30,52
"Max Delay Variation (ms)","KPI from->to",32,51
"Max Delay Variation (ms)","KPI from->to",34,58
"Max Delay Variation (ms)","KPI from->to",36,159
"Max Delay Variation (ms)","KPI from->to",38,57
"Max Delay Variation (ms)","KPI from->to",40,56
"Max Delay Variation (ms)","KPI from->to",42,56
"Max Delay Variation (ms)","KPI from->to",44,13
"Max Delay Variation (ms)","KPI from->to",46,58
"Max Delay Variation (ms)","KPI from->to",48,69
"Max Delay Variation (ms)","KPI from->to",50,99
"Max Delay Variation (ms)","KPI from->to",52,39
"Max Delay Variation (ms)","KPI from->to",54,59
"Max Delay Variation (ms)","KPI from->to",56,54
"Max Delay Variation (ms)","KPI from->to",58,135
"Max Delay Variation (ms)","KPI from->to",60,7
"Max Delay Variation (ms)","KPI from->to",62,6
"Max Delay Variation (ms)","KPI from->to",64,42
"Max Delay Variation (ms)","KPI from->to",66,42
"Max Delay Variation (ms)","KPI from->to",68,41
"Max Delay Variation (ms)","KPI from->to",70,57
"Max Delay Variation (ms)","KPI from->to",72,34
"Max Delay Variation (ms)","KPI from->to",74,40
"Max Delay Variation (ms)","KPI from->to",76,43
"Max Delay Variation (ms)","KPI from->to",78,89
"Max Delay Variation (ms)","KPI from->to",80,100
"Max Delay Variation (ms)","KPI from->to",82,6
"Max Delay Variation (ms)","KPI from->to",84,62
"Max Delay Variation (ms)","KPI from->to",86,41
"Max Delay Variation (ms)","KPI from->to",88,55
"Max Delay Variation (ms)","KPI from->to",90,96
"Max Delay Variation (ms)","KPI from->to",92,41
"Max Delay Variation (ms)","KPI from->to",94,43
"Max Delay Variation (ms)","KPI from->to",96,43
"Max Delay Variation (ms)","KPI from->to",98,60
"Max Delay Variation (ms)","KPI from->to",100,42

Metric,"Pair Name",Timestamp,Value
"Jitter (ms)","KPI from->to",2,3
"Jitter (ms)","KPI from->to",4,0
"Jitter (ms)","KPI from->to",6,2
"Jitter (ms)","KPI from->to",8,1
"Jitter (ms)","KPI from->to",10,2
"Jitter (ms)","KPI from->to",12,1
"Jitter (ms)","KPI from->to",14,0
"Jitter (ms)","KPI from->to",16,2
"Jitter (ms)","KPI from->to",18,5
"Jitter (ms)","KPI from->to",20,2
"Jitter (ms)","KPI from->to",22,1
"Jitter (ms)","KPI from->to",24,1
"Jitter (ms)","KPI from->to",26,2
"Jitter (ms)","KPI from->to",28,1
"Jitter (ms)","KPI from->to",30,7
"Jitter (ms)","KPI from->to",32,1
"Jitter (ms)","KPI from->to",34,4
"Jitter (ms)","KPI from->to",36,2
"Jitter (ms)","KPI from->to",38,3
"Jitter (ms)","KPI from->to",40,5
"Jitter (ms)","KPI from->to",42,3
"Jitter (ms)","KPI from->to",44,4
"Jitter (ms)","KPI from->to",46,2
"Jitter (ms)","KPI from->to",48,6
"Jitter (ms)","KPI from->to",50,2
"Jitter (ms)","KPI from->to",52,2
"Jitter (ms)","KPI from->to",54,9
"Jitter (ms)","KPI from->to",56,1
"Jitter (ms)","KPI from->to",58,5
"Jitter (ms)","KPI from->to",60,0
"Jitter (ms)","KPI from->to",62,0
"Jitter (ms)","KPI from->to",64,0
"Jitter (ms)","KPI from->to",66,10
"Jitter (ms)","KPI from->to",68,4
"Jitter (ms)","KPI from->to",70,2
"Jitter (ms)","KPI from->to",72,1
"Jitter (ms)","KPI from->to",74,1
"Jitter (ms)","KPI from->to",76,1
"Jitter (ms)","KPI from->to",78,5
"Jitter (ms)","KPI from->to",80,4
"Jitter (ms)","KPI from->to",82,0
"Jitter (ms)","KPI from->to",84,10
"Jitter (ms)","KPI from->to",86,2
"Jitter (ms)","KPI from->to",88,3
"Jitter (ms)","KPI from->to",90,2
"Jitter (ms)","KPI from->to",92,3
"Jitter (ms)","KPI from->to",94,2
"Jitter (ms)","KPI from->to",96,1
"Jitter (ms)","KPI from->to",98,3
"Jitter (ms)","KPI from->to",100,1

Metric,"Pair Name",Timestamp,Value
Loss,"KPI from->to",2,0
Loss,"KPI from->to",4,0
Loss,"KPI from->to",6,0
Loss,"KPI from->to",8,0
Loss,"KPI from->to",10,0
Loss,"KPI from->to",12,0
Loss,"KPI from->to",14,0
Loss,"KPI from->to",16,0
Loss,"KPI from->to",18,0
Loss,"KPI from->to",20,0
Loss,"KPI from->to",22,0
Loss,"KPI from->to",24,0
Loss,"KPI from->to",26,0
Loss,"KPI from->to",28,0
Loss,"KPI from->to",30,0
Loss,"KPI from->to",32,0
Loss,"KPI from->to",34,0
Loss,"KPI from->to",36,0
Loss,"KPI from->to",38,0
Loss,"KPI from->to",40,0
Loss,"KPI from->to",42,0
Loss,"KPI from->to",44,0
Loss,"KPI from->to",46,0
Loss,"KPI from->to",48,0
Loss,"KPI from->to",50,0
Loss,"KPI from->to",52,0
Loss,"KPI from->to",54,0
Loss,"KPI from->to",56,0
Loss,"KPI from->to",58,0
Loss,"KPI from->to",60,0
Loss,"KPI from->to",62,0
Loss,"KPI from->to",64,0
Loss,"KPI from->to",66,0
Loss,"KPI from->to",68,0
Loss,"KPI from->to",70,0
Loss,"KPI from->to",72,0
Loss,"KPI from->to",74,0
Loss,"KPI from->to",76,0
Loss,"KPI from->to",78,0
Loss,"KPI from->to",80,0
Loss,"KPI from->to",82,0
Loss,"KPI from->to",84,0
Loss,"KPI from->to",86,0
Loss,"KPI from->to",88,0
Loss,"KPI from->to",90,0
Loss,"KPI from->to",92,0
Loss,"KPI from->to",94,0
Loss,"KPI from->to",96,0
Loss,"KPI from->to",98,0
Loss,"KPI from->to",100,0

Metric,"Pair Name",Timestamp,Value
"Delay (ms)","KPI from->to",102,24
"Delay (ms)","KPI from->to",104,21
"Delay (ms)","KPI from->to",106,26
"Delay (ms)","KPI from->to",108,20
"Delay (ms)","KPI from->to",110,24
"Delay (ms)","KPI from->to",112,19
"Delay (ms)","KPI from->to",114,19
"Delay (ms)","KPI from->to",116,20
"Delay (ms)","KPI from->to",118,23
"Delay (ms)","KPI from->to",120,17

Metric,"Pair Name",Timestamp,Value
MOS,"KPI from->to",2,2.8
MOS,"KPI from->to",4,2.8
MOS,"KPI from->to",6,4.37
MOS,"KPI from->to",8,4.37
MOS,"KPI from->to",10,2.82
MOS,"KPI from->to",12,4.37
MOS,"KPI from->to",14,3.48
MOS,"KPI from->to",16,3.48
MOS,"KPI from->to",18,2.8
MOS,"KPI from->to",20,4.37
MOS,"KPI from->to",22,4.37
MOS,"KPI from->to",24,2.43
MOS,"KPI from->to",26,3.48
MOS,"KPI from->to",28,2.8
MOS,"KPI from->to",30,2.42
MOS,"KPI from->to",32,2.43
MOS,"KPI from->to",34,2.8
MOS,"KPI from->to",36,2.16
MOS,"KPI from->to",38,2.4
MOS,"KPI from->to",40,1.94
MOS,"KPI from->to",42,2.42
MOS,"KPI from->to",44,4.37
MOS,"KPI from->to",46,2.42
MOS,"KPI from->to",48,1.38
MOS,"KPI from->to",50,3.48
MOS,"KPI from->to",52,4.36
MOS,"KPI from->to",54,1.35
MOS,"KPI from->to",56,2.79
MOS,"KPI from->to",58,2.8
MOS,"KPI from->to",60,4.37
MOS,"KPI from->to",62,4.37
MOS,"KPI from->to",64,3.48
MOS,"KPI from->to",66,1.87
MOS,"KPI from->to",68,3.48
MOS,"KPI from->to",70,2.42
MOS,"KPI from->to",72,4.37
MOS,"KPI from->to",74,4.37
MOS,"KPI from->to",76,3.48
MOS,"KPI from->to",78,2.17
MOS,"KPI from->to",80,2.42
MOS,"KPI from->to",82,4.37
MOS,"KPI from->to",84,2.19
MOS,"KPI from->to",86,3.48
MOS,"KPI from->to",88,2.17
MOS,"KPI from->to",90,2.79
MOS,"KPI from->to",92,3.48
MOS,"KPI from->to",94,2.17
MOS,"KPI from->to",96,3.48
MOS,"KPI from->to",98,2.79
MOS,"KPI from->to",100,2.79

Metric,"Pair Name",Timestamp,Value
MOS,"KPI from->to",102,2.79
MOS,"KPI from->to",104,4.36
MOS,"KPI from->to",106,2.41
MOS,"KPI from->to",108,4.36
MOS,"KPI from->to",110,2.19
MOS,"KPI from->to",112,3.48
MOS,"KPI from->to",114,2.41
MOS,"KPI from->to",116,2.42
MOS,"KPI from->to",118,2.18
MOS,"KPI from->to",120,2.8

Metric,"Pair Name",Timestamp,Value
"Delay (ms)","KPI from->to",2,17
"Delay (ms)","KPI from->to",4,17
"Delay (ms)","KPI from->to",6,15
"Delay (ms)","KPI from->to",8,15
"Delay (ms)","KPI from->to",10,18
"Delay (ms)","KPI from->to",12,16
"Delay (ms)","KPI from->to",14,16
"Delay (ms)","KPI from->to",16,16
"Delay (ms)","KPI from->to",18,18
"Delay (ms)","KPI from->to",20,15
"Delay (ms)","KPI from->to",22,13
"Delay (ms)","KPI from->to",24,17
"Delay (ms)","KPI from->to",26,15
"Delay (ms)","KPI from->to",28,16
"Delay (ms)","KPI from->to",30,16
"Delay (ms)","KPI from->to",32,18
"Delay (ms)","KPI from->to",34,16
"Delay (ms)","KPI from->to",36,25
"Delay (ms)","KPI from->to",38,18
"Delay (ms)","KPI from->to",40,22
"Delay (ms)","KPI from->to",42,20
"Delay (ms)","KPI from->to",44,15
"Delay (ms)","KPI from->to",46,19
"Delay (ms)","KPI from->to",48,24
"Delay (ms)","KPI from->to",50,20
"Delay (ms)","KPI from->to",52,18
"Delay (ms)","KPI from->to",54,21
"Delay (ms)","KPI from->to",56,21
"Delay (ms)","KPI from->to",58,20
"Delay (ms)","KPI from->to",60,12
"Delay (ms)","KPI from->to",62,12
"Delay (ms)","KPI from->to",64,13
"Delay (ms)","KPI from->to",66,19
"Delay (ms)","KPI from->to",68,15
"Delay (ms)","KPI from->to",70,16
"Delay (ms)","KPI from->to",72,13
"Delay (ms)","KPI from->to",74,14
"Delay (ms)","KPI from->to",76,18
"Delay (ms)","KPI from->to",78,24
"Delay (ms)","KPI from->to",80,20
"Delay (ms)","KPI from->to",82,15
"Delay (ms)","KPI from->to",84,20
"Delay (ms)","KPI from->to",86,16
"Delay (ms)","KPI from->to",88,21
"Delay (ms)","KPI from->to",90,19
"Delay (ms)","KPI from->to",92,17
"Delay (ms)","KPI from->to",94,25
"Delay (ms)","KPI from->to",96,22
"Delay (ms)","KPI from->to",98,23
"Delay (ms)","KPI from->to",100,23

Metric,"Pair Name",Timestamp,Value
"Jitter (ms)","KPI from->to",102,2
"Jitter (ms)","KPI from->to",104,0
"Jitter (ms)","KPI from->to",106,3
"Jitter (ms)","KPI from->to",108,0
"Jitter (ms)","KPI from->to",110,2
"Jitter (ms)","KPI from->to",112,2
"Jitter (ms)","KPI from->to",114,4
"Jitter (ms)","KPI from->to",116,11
"Jitter (ms)","KPI from->to",118,6
"Jitter (ms)","KPI from->to",120,2

Metric,"Pair Name",Timestamp,Value
Loss,"KPI from->to",102,0
Loss,"KPI from->to",104,0
Loss,"KPI from->to",106,0
Loss,"KPI from->to",108,0
Loss,"KPI from->to",110,0
Loss,"KPI from->to",112,0
Loss,"KPI from->to",114,0
Loss,"KPI from->to",116,0
Loss,"KPI from->to",118,0
Loss,"KPI from->to",120,0

Metric,"Pair Name",Timestamp,Value
"Max Delay Variation (ms)","KPI from->to",102,62
"Max Delay Variation (ms)","KPI from->to",104,31
"Max Delay Variation (ms)","KPI from->to",106,46
"Max Delay Variation (ms)","KPI from->to",108,7
"Max Delay Variation (ms)","KPI from->to",110,42
"Max Delay Variation (ms)","KPI from->to",112,42
"Max Delay Variation (ms)","KPI from->to",114,61
"Max Delay Variation (ms)","KPI from->to",116,96
"Max Delay Variation (ms)","KPI from->to",118,95
"Max Delay Variation (ms)","KPI from->to",120,43


