"Test Information",Value
"RUN ID",496
"END EXECUTION TIME","2021-05-13 14:19:34"
"SOURCE PROBE NAME",raspberrypi-AAS
"SOURCE PROBE TEST IP ADDRESS",raspberrypi-AAS
"SOURCE PROBE MANAGEMENT IP ADDRESS",raspberrypi-AAS
"SOURCE PROBE GROUP",Administrators
"DESTINATION PROBE NAME",raspberrypi-5G
"DESTINATION PROBE TEST IP ADDRESS",raspberrypi-5G
"DESTINATION PROBE MANAGEMENT IP ADDRESS",raspberrypi-5G
"DESTINATION PROBE GROUP",Administrators
"DESTINATION PROBE LOCATION",
"TEST MODULE",MESH
"TEST TYPE","Network KPI"
"TEST ADDITIONAL INFORMATION"," DSCP Setting: Best Effort"
"TEST DURATION",120
"TEST STATUS",Failed
"FAIL OR ERROR REASON"," Threshold failed on KPI from->to Jitter Max (ms) 
 Threshold failed on KPI from->to Max Delay Variation (ms) 
 Threshold failed on KPI from->to MOS 
"

Metric,"Pair Name",Value,"Threshold Type",Threshold,"Status KPI"
"Datagrams Out of Order","KPI from->to",0.0,0,>=,Passed
"Delay (ms)","KPI from->to",15.15,0,<=,Passed
"Jitter (ms)","KPI from->to",2.4,0,<=,Passed
"Jitter Max (ms)","KPI from->to",9.0,0,<=,Failed
Loss,"KPI from->to",0.0,0,<=,Passed
"Max Delay Variation (ms)","KPI from->to",137.0,0,<=,Failed
"Max loss burst","KPI from->to",0.0,0,<=,Passed
MOS,"KPI from->to",3.34,1,<=,Failed

Metric,"Pair Name",Timestamp,Value
"Delay (ms)","KPI from->to",2,21
"Delay (ms)","KPI from->to",4,22
"Delay (ms)","KPI from->to",6,18
"Delay (ms)","KPI from->to",8,17
"Delay (ms)","KPI from->to",10,17
"Delay (ms)","KPI from->to",12,17
"Delay (ms)","KPI from->to",14,18
"Delay (ms)","KPI from->to",16,22
"Delay (ms)","KPI from->to",18,20
"Delay (ms)","KPI from->to",20,18
"Delay (ms)","KPI from->to",22,15
"Delay (ms)","KPI from->to",24,19
"Delay (ms)","KPI from->to",26,18
"Delay (ms)","KPI from->to",28,16
"Delay (ms)","KPI from->to",30,14
"Delay (ms)","KPI from->to",32,15
"Delay (ms)","KPI from->to",34,14
"Delay (ms)","KPI from->to",36,15
"Delay (ms)","KPI from->to",38,18
"Delay (ms)","KPI from->to",40,19
"Delay (ms)","KPI from->to",42,14
"Delay (ms)","KPI from->to",44,18
"Delay (ms)","KPI from->to",46,17
"Delay (ms)","KPI from->to",48,18
"Delay (ms)","KPI from->to",50,17
"Delay (ms)","KPI from->to",52,18
"Delay (ms)","KPI from->to",54,15
"Delay (ms)","KPI from->to",56,14
"Delay (ms)","KPI from->to",58,16
"Delay (ms)","KPI from->to",60,17
"Delay (ms)","KPI from->to",62,17
"Delay (ms)","KPI from->to",64,18
"Delay (ms)","KPI from->to",66,17
"Delay (ms)","KPI from->to",68,17
"Delay (ms)","KPI from->to",70,18
"Delay (ms)","KPI from->to",72,17
"Delay (ms)","KPI from->to",74,8
"Delay (ms)","KPI from->to",76,6
"Delay (ms)","KPI from->to",78,8
"Delay (ms)","KPI from->to",80,6
"Delay (ms)","KPI from->to",82,12
"Delay (ms)","KPI from->to",84,13
"Delay (ms)","KPI from->to",86,4
"Delay (ms)","KPI from->to",88,4
"Delay (ms)","KPI from->to",90,2
"Delay (ms)","KPI from->to",92,15
"Delay (ms)","KPI from->to",94,16
"Delay (ms)","KPI from->to",96,16
"Delay (ms)","KPI from->to",98,16
"Delay (ms)","KPI from->to",100,15

Metric,"Pair Name",Timestamp,Value
MOS,"KPI from->to",102,4.37
MOS,"KPI from->to",104,4.37
MOS,"KPI from->to",106,4.37
MOS,"KPI from->to",108,3.48
MOS,"KPI from->to",110,3.48
MOS,"KPI from->to",112,4.37
MOS,"KPI from->to",114,4.37
MOS,"KPI from->to",116,4.37
MOS,"KPI from->to",118,4.37
MOS,"KPI from->to",120,4.37

Metric,"Pair Name",Timestamp,Value
"Jitter (ms)","KPI from->to",2,5
"Jitter (ms)","KPI from->to",4,1
"Jitter (ms)","KPI from->to",6,0
"Jitter (ms)","KPI from->to",8,0
"Jitter (ms)","KPI from->to",10,1
"Jitter (ms)","KPI from->to",12,1
"Jitter (ms)","KPI from->to",14,6
"Jitter (ms)","KPI from->to",16,7
"Jitter (ms)","KPI from->to",18,4
"Jitter (ms)","KPI from->to",20,2
"Jitter (ms)","KPI from->to",22,2
"Jitter (ms)","KPI from->to",24,1
"Jitter (ms)","KPI from->to",26,5
"Jitter (ms)","KPI from->to",28,2
"Jitter (ms)","KPI from->to",30,0
"Jitter (ms)","KPI from->to",32,8
"Jitter (ms)","KPI from->to",34,1
"Jitter (ms)","KPI from->to",36,1
"Jitter (ms)","KPI from->to",38,1
"Jitter (ms)","KPI from->to",40,2
"Jitter (ms)","KPI from->to",42,1
"Jitter (ms)","KPI from->to",44,6
"Jitter (ms)","KPI from->to",46,1
"Jitter (ms)","KPI from->to",48,3
"Jitter (ms)","KPI from->to",50,1
"Jitter (ms)","KPI from->to",52,4
"Jitter (ms)","KPI from->to",54,5
"Jitter (ms)","KPI from->to",56,0
"Jitter (ms)","KPI from->to",58,5
"Jitter (ms)","KPI from->to",60,6
"Jitter (ms)","KPI from->to",62,1
"Jitter (ms)","KPI from->to",64,3
"Jitter (ms)","KPI from->to",66,2
"Jitter (ms)","KPI from->to",68,1
"Jitter (ms)","KPI from->to",70,4
"Jitter (ms)","KPI from->to",72,6
"Jitter (ms)","KPI from->to",74,2
"Jitter (ms)","KPI from->to",76,2
"Jitter (ms)","KPI from->to",78,3
"Jitter (ms)","KPI from->to",80,2
"Jitter (ms)","KPI from->to",82,9
"Jitter (ms)","KPI from->to",84,5
"Jitter (ms)","KPI from->to",86,1
"Jitter (ms)","KPI from->to",88,1
"Jitter (ms)","KPI from->to",90,2
"Jitter (ms)","KPI from->to",92,0
"Jitter (ms)","KPI from->to",94,0
"Jitter (ms)","KPI from->to",96,0
"Jitter (ms)","KPI from->to",98,2
"Jitter (ms)","KPI from->to",100,1

Metric,"Pair Name",Timestamp,Value
Loss,"KPI from->to",102,0
Loss,"KPI from->to",104,0
Loss,"KPI from->to",106,0
Loss,"KPI from->to",108,0
Loss,"KPI from->to",110,0
Loss,"KPI from->to",112,0
Loss,"KPI from->to",114,0
Loss,"KPI from->to",116,0
Loss,"KPI from->to",118,0
Loss,"KPI from->to",120,0

Metric,"Pair Name",Timestamp,Value
Loss,"KPI from->to",2,0
Loss,"KPI from->to",4,0
Loss,"KPI from->to",6,0
Loss,"KPI from->to",8,0
Loss,"KPI from->to",10,0
Loss,"KPI from->to",12,0
Loss,"KPI from->to",14,0
Loss,"KPI from->to",16,0
Loss,"KPI from->to",18,0
Loss,"KPI from->to",20,0
Loss,"KPI from->to",22,0
Loss,"KPI from->to",24,0
Loss,"KPI from->to",26,0
Loss,"KPI from->to",28,0
Loss,"KPI from->to",30,0
Loss,"KPI from->to",32,0
Loss,"KPI from->to",34,0
Loss,"KPI from->to",36,0
Loss,"KPI from->to",38,0
Loss,"KPI from->to",40,0
Loss,"KPI from->to",42,0
Loss,"KPI from->to",44,0
Loss,"KPI from->to",46,0
Loss,"KPI from->to",48,0
Loss,"KPI from->to",50,0
Loss,"KPI from->to",52,0
Loss,"KPI from->to",54,0
Loss,"KPI from->to",56,0
Loss,"KPI from->to",58,0
Loss,"KPI from->to",60,0
Loss,"KPI from->to",62,0
Loss,"KPI from->to",64,0
Loss,"KPI from->to",66,0
Loss,"KPI from->to",68,0
Loss,"KPI from->to",70,0
Loss,"KPI from->to",72,0
Loss,"KPI from->to",74,0
Loss,"KPI from->to",76,0
Loss,"KPI from->to",78,0
Loss,"KPI from->to",80,0
Loss,"KPI from->to",82,0
Loss,"KPI from->to",84,0
Loss,"KPI from->to",86,0
Loss,"KPI from->to",88,0
Loss,"KPI from->to",90,0
Loss,"KPI from->to",92,0
Loss,"KPI from->to",94,0
Loss,"KPI from->to",96,0
Loss,"KPI from->to",98,0
Loss,"KPI from->to",100,0

Metric,"Pair Name",Timestamp,Value
"Max Delay Variation (ms)","KPI from->to",2,39
"Max Delay Variation (ms)","KPI from->to",4,63
"Max Delay Variation (ms)","KPI from->to",6,42
"Max Delay Variation (ms)","KPI from->to",8,7
"Max Delay Variation (ms)","KPI from->to",10,7
"Max Delay Variation (ms)","KPI from->to",12,10
"Max Delay Variation (ms)","KPI from->to",14,57
"Max Delay Variation (ms)","KPI from->to",16,57
"Max Delay Variation (ms)","KPI from->to",18,55
"Max Delay Variation (ms)","KPI from->to",20,55
"Max Delay Variation (ms)","KPI from->to",22,23
"Max Delay Variation (ms)","KPI from->to",24,93
"Max Delay Variation (ms)","KPI from->to",26,54
"Max Delay Variation (ms)","KPI from->to",28,42
"Max Delay Variation (ms)","KPI from->to",30,6
"Max Delay Variation (ms)","KPI from->to",32,43
"Max Delay Variation (ms)","KPI from->to",34,19
"Max Delay Variation (ms)","KPI from->to",36,38
"Max Delay Variation (ms)","KPI from->to",38,61
"Max Delay Variation (ms)","KPI from->to",40,57
"Max Delay Variation (ms)","KPI from->to",42,9
"Max Delay Variation (ms)","KPI from->to",44,98
"Max Delay Variation (ms)","KPI from->to",46,56
"Max Delay Variation (ms)","KPI from->to",48,56
"Max Delay Variation (ms)","KPI from->to",50,57
"Max Delay Variation (ms)","KPI from->to",52,69
"Max Delay Variation (ms)","KPI from->to",54,41
"Max Delay Variation (ms)","KPI from->to",56,5
"Max Delay Variation (ms)","KPI from->to",58,41
"Max Delay Variation (ms)","KPI from->to",60,43
"Max Delay Variation (ms)","KPI from->to",62,43
"Max Delay Variation (ms)","KPI from->to",64,56
"Max Delay Variation (ms)","KPI from->to",66,42
"Max Delay Variation (ms)","KPI from->to",68,57
"Max Delay Variation (ms)","KPI from->to",70,52
"Max Delay Variation (ms)","KPI from->to",72,63
"Max Delay Variation (ms)","KPI from->to",74,58
"Max Delay Variation (ms)","KPI from->to",76,41
"Max Delay Variation (ms)","KPI from->to",78,64
"Max Delay Variation (ms)","KPI from->to",80,60
"Max Delay Variation (ms)","KPI from->to",82,137
"Max Delay Variation (ms)","KPI from->to",84,98
"Max Delay Variation (ms)","KPI from->to",86,42
"Max Delay Variation (ms)","KPI from->to",88,56
"Max Delay Variation (ms)","KPI from->to",90,7
"Max Delay Variation (ms)","KPI from->to",92,7
"Max Delay Variation (ms)","KPI from->to",94,8
"Max Delay Variation (ms)","KPI from->to",96,57
"Max Delay Variation (ms)","KPI from->to",98,10
"Max Delay Variation (ms)","KPI from->to",100,7

Metric,"Pair Name",Timestamp,Value
"Max Delay Variation (ms)","KPI from->to",102,7
"Max Delay Variation (ms)","KPI from->to",104,8
"Max Delay Variation (ms)","KPI from->to",106,7
"Max Delay Variation (ms)","KPI from->to",108,41
"Max Delay Variation (ms)","KPI from->to",110,76
"Max Delay Variation (ms)","KPI from->to",112,7
"Max Delay Variation (ms)","KPI from->to",114,8
"Max Delay Variation (ms)","KPI from->to",116,10
"Max Delay Variation (ms)","KPI from->to",118,7
"Max Delay Variation (ms)","KPI from->to",120,8

Metric,"Pair Name",Timestamp,Value
MOS,"KPI from->to",2,4.36
MOS,"KPI from->to",4,2.42
MOS,"KPI from->to",6,3.49
MOS,"KPI from->to",8,4.37
MOS,"KPI from->to",10,4.37
MOS,"KPI from->to",12,4.37
MOS,"KPI from->to",14,3.46
MOS,"KPI from->to",16,2.18
MOS,"KPI from->to",18,2.77
MOS,"KPI from->to",20,2.81
MOS,"KPI from->to",22,4.37
MOS,"KPI from->to",24,2.43
MOS,"KPI from->to",26,2.41
MOS,"KPI from->to",28,2.42
MOS,"KPI from->to",30,4.37
MOS,"KPI from->to",32,3.47
MOS,"KPI from->to",34,4.37
MOS,"KPI from->to",36,4.37
MOS,"KPI from->to",38,2.41
MOS,"KPI from->to",40,2.18
MOS,"KPI from->to",42,4.37
MOS,"KPI from->to",44,2.78
MOS,"KPI from->to",46,2.42
MOS,"KPI from->to",48,2.19
MOS,"KPI from->to",50,3.47
MOS,"KPI from->to",52,2.42
MOS,"KPI from->to",54,3.49
MOS,"KPI from->to",56,4.37
MOS,"KPI from->to",58,3.48
MOS,"KPI from->to",60,2.81
MOS,"KPI from->to",62,2.79
MOS,"KPI from->to",64,2.79
MOS,"KPI from->to",66,2.18
MOS,"KPI from->to",68,2.42
MOS,"KPI from->to",70,2.18
MOS,"KPI from->to",72,2.79
MOS,"KPI from->to",74,2.43
MOS,"KPI from->to",76,2.44
MOS,"KPI from->to",78,2.2
MOS,"KPI from->to",80,2.8
MOS,"KPI from->to",82,2.18
MOS,"KPI from->to",84,1.39
MOS,"KPI from->to",86,2.81
MOS,"KPI from->to",88,2.81
MOS,"KPI from->to",90,4.37
MOS,"KPI from->to",92,4.37
MOS,"KPI from->to",94,4.37
MOS,"KPI from->to",96,3.49
MOS,"KPI from->to",98,4.37
MOS,"KPI from->to",100,4.37

Metric,"Pair Name",Timestamp,Value
"Delay (ms)","KPI from->to",102,15
"Delay (ms)","KPI from->to",104,15
"Delay (ms)","KPI from->to",106,15
"Delay (ms)","KPI from->to",108,16
"Delay (ms)","KPI from->to",110,16
"Delay (ms)","KPI from->to",112,14
"Delay (ms)","KPI from->to",114,14
"Delay (ms)","KPI from->to",116,14
"Delay (ms)","KPI from->to",118,14
"Delay (ms)","KPI from->to",120,14

Metric,"Pair Name",Timestamp,Value
"Jitter (ms)","KPI from->to",102,1
"Jitter (ms)","KPI from->to",104,1
"Jitter (ms)","KPI from->to",106,2
"Jitter (ms)","KPI from->to",108,1
"Jitter (ms)","KPI from->to",110,5
"Jitter (ms)","KPI from->to",112,1
"Jitter (ms)","KPI from->to",114,1
"Jitter (ms)","KPI from->to",116,1
"Jitter (ms)","KPI from->to",118,1
"Jitter (ms)","KPI from->to",120,1


