"Test Information",Value
"RUN ID",496
"END EXECUTION TIME","2021-05-13 14:28:27"
"SOURCE PROBE NAME",raspberrypi-AAS
"SOURCE PROBE TEST IP ADDRESS",raspberrypi-AAS
"SOURCE PROBE MANAGEMENT IP ADDRESS",raspberrypi-AAS
"SOURCE PROBE GROUP",Administrators
"DESTINATION PROBE NAME",raspberrypi-5G
"DESTINATION PROBE TEST IP ADDRESS",raspberrypi-5G
"DESTINATION PROBE MANAGEMENT IP ADDRESS",raspberrypi-5G
"DESTINATION PROBE GROUP",Administrators
"DESTINATION PROBE LOCATION",
"TEST MODULE",MESH
"TEST TYPE","Network KPI"
"TEST ADDITIONAL INFORMATION"," DSCP Setting: Best Effort"
"TEST DURATION",120
"TEST STATUS",Failed
"FAIL OR ERROR REASON"," Threshold failed on KPI from->to Jitter Max (ms) 
 Threshold failed on KPI from->to Max Delay Variation (ms) 
 Threshold failed on KPI from->to MOS 
"

Metric,"Pair Name",Value,"Threshold Type",Threshold,"Status KPI"
"Datagrams Out of Order","KPI from->to",0.0,0,>=,Passed
"Delay (ms)","KPI from->to",16.97,0,<=,Passed
"Jitter (ms)","KPI from->to",2.42,0,<=,Passed
"Jitter Max (ms)","KPI from->to",13.0,0,<=,Failed
Loss,"KPI from->to",0.0,0,<=,Passed
"Max Delay Variation (ms)","KPI from->to",140.0,0,<=,Failed
"Max loss burst","KPI from->to",0.0,0,<=,Passed
MOS,"KPI from->to",3.62,1,<=,Failed

Metric,"Pair Name",Timestamp,Value
"Max Delay Variation (ms)","KPI from->to",2,36
"Max Delay Variation (ms)","KPI from->to",4,7
"Max Delay Variation (ms)","KPI from->to",6,36
"Max Delay Variation (ms)","KPI from->to",8,8
"Max Delay Variation (ms)","KPI from->to",10,7
"Max Delay Variation (ms)","KPI from->to",12,37
"Max Delay Variation (ms)","KPI from->to",14,36
"Max Delay Variation (ms)","KPI from->to",16,39
"Max Delay Variation (ms)","KPI from->to",18,38
"Max Delay Variation (ms)","KPI from->to",20,7
"Max Delay Variation (ms)","KPI from->to",22,39
"Max Delay Variation (ms)","KPI from->to",24,57
"Max Delay Variation (ms)","KPI from->to",26,41
"Max Delay Variation (ms)","KPI from->to",28,42
"Max Delay Variation (ms)","KPI from->to",30,57
"Max Delay Variation (ms)","KPI from->to",32,7
"Max Delay Variation (ms)","KPI from->to",34,98
"Max Delay Variation (ms)","KPI from->to",36,6
"Max Delay Variation (ms)","KPI from->to",38,7
"Max Delay Variation (ms)","KPI from->to",40,42
"Max Delay Variation (ms)","KPI from->to",42,9
"Max Delay Variation (ms)","KPI from->to",44,35
"Max Delay Variation (ms)","KPI from->to",46,41
"Max Delay Variation (ms)","KPI from->to",48,57
"Max Delay Variation (ms)","KPI from->to",50,64
"Max Delay Variation (ms)","KPI from->to",52,42
"Max Delay Variation (ms)","KPI from->to",54,64
"Max Delay Variation (ms)","KPI from->to",56,37
"Max Delay Variation (ms)","KPI from->to",58,43
"Max Delay Variation (ms)","KPI from->to",60,62
"Max Delay Variation (ms)","KPI from->to",62,8
"Max Delay Variation (ms)","KPI from->to",64,7
"Max Delay Variation (ms)","KPI from->to",66,43
"Max Delay Variation (ms)","KPI from->to",68,7
"Max Delay Variation (ms)","KPI from->to",70,137
"Max Delay Variation (ms)","KPI from->to",72,140
"Max Delay Variation (ms)","KPI from->to",74,10
"Max Delay Variation (ms)","KPI from->to",76,130
"Max Delay Variation (ms)","KPI from->to",78,96
"Max Delay Variation (ms)","KPI from->to",80,57
"Max Delay Variation (ms)","KPI from->to",82,8
"Max Delay Variation (ms)","KPI from->to",84,137
"Max Delay Variation (ms)","KPI from->to",86,42
"Max Delay Variation (ms)","KPI from->to",88,56
"Max Delay Variation (ms)","KPI from->to",90,11
"Max Delay Variation (ms)","KPI from->to",92,8
"Max Delay Variation (ms)","KPI from->to",94,7
"Max Delay Variation (ms)","KPI from->to",96,8
"Max Delay Variation (ms)","KPI from->to",98,11
"Max Delay Variation (ms)","KPI from->to",100,42

Metric,"Pair Name",Timestamp,Value
"Jitter (ms)","KPI from->to",102,4
"Jitter (ms)","KPI from->to",104,0
"Jitter (ms)","KPI from->to",106,1
"Jitter (ms)","KPI from->to",108,3
"Jitter (ms)","KPI from->to",110,1
"Jitter (ms)","KPI from->to",112,6
"Jitter (ms)","KPI from->to",114,1
"Jitter (ms)","KPI from->to",116,1
"Jitter (ms)","KPI from->to",118,13

Metric,"Pair Name",Timestamp,Value
MOS,"KPI from->to",2,4.37
MOS,"KPI from->to",4,4.37
MOS,"KPI from->to",6,4.37
MOS,"KPI from->to",8,4.37
MOS,"KPI from->to",10,4.37
MOS,"KPI from->to",12,4.37
MOS,"KPI from->to",14,4.37
MOS,"KPI from->to",16,4.37
MOS,"KPI from->to",18,4.37
MOS,"KPI from->to",20,4.37
MOS,"KPI from->to",22,4.36
MOS,"KPI from->to",24,2.42
MOS,"KPI from->to",26,3.48
MOS,"KPI from->to",28,2.42
MOS,"KPI from->to",30,2.43
MOS,"KPI from->to",32,4.37
MOS,"KPI from->to",34,2.43
MOS,"KPI from->to",36,4.37
MOS,"KPI from->to",38,4.37
MOS,"KPI from->to",40,3.48
MOS,"KPI from->to",42,4.37
MOS,"KPI from->to",44,4.37
MOS,"KPI from->to",46,3.48
MOS,"KPI from->to",48,2.81
MOS,"KPI from->to",50,3.47
MOS,"KPI from->to",52,2.8
MOS,"KPI from->to",54,2.81
MOS,"KPI from->to",56,4.37
MOS,"KPI from->to",58,3.48
MOS,"KPI from->to",60,2.8
MOS,"KPI from->to",62,4.37
MOS,"KPI from->to",64,4.37
MOS,"KPI from->to",66,2.81
MOS,"KPI from->to",68,4.37
MOS,"KPI from->to",70,3.48
MOS,"KPI from->to",72,2.8
MOS,"KPI from->to",74,4.36
MOS,"KPI from->to",76,2.78
MOS,"KPI from->to",78,2.18
MOS,"KPI from->to",80,2.78
MOS,"KPI from->to",82,4.36
MOS,"KPI from->to",84,2.42
MOS,"KPI from->to",86,3.47
MOS,"KPI from->to",88,2.42
MOS,"KPI from->to",90,4.37
MOS,"KPI from->to",92,4.37
MOS,"KPI from->to",94,4.37
MOS,"KPI from->to",96,4.37
MOS,"KPI from->to",98,4.37
MOS,"KPI from->to",100,3.48

Metric,"Pair Name",Timestamp,Value
MOS,"KPI from->to",102,3.49
MOS,"KPI from->to",104,4.37
MOS,"KPI from->to",106,2.79
MOS,"KPI from->to",108,3.49
MOS,"KPI from->to",110,2.79
MOS,"KPI from->to",112,2.42
MOS,"KPI from->to",114,4.37
MOS,"KPI from->to",116,2.78
MOS,"KPI from->to",118,2.18

Metric,"Pair Name",Timestamp,Value
"Delay (ms)","KPI from->to",2,16
"Delay (ms)","KPI from->to",4,14
"Delay (ms)","KPI from->to",6,15
"Delay (ms)","KPI from->to",8,14
"Delay (ms)","KPI from->to",10,15
"Delay (ms)","KPI from->to",12,15
"Delay (ms)","KPI from->to",14,15
"Delay (ms)","KPI from->to",16,15
"Delay (ms)","KPI from->to",18,15
"Delay (ms)","KPI from->to",20,13
"Delay (ms)","KPI from->to",22,18
"Delay (ms)","KPI from->to",24,18
"Delay (ms)","KPI from->to",26,13
"Delay (ms)","KPI from->to",28,16
"Delay (ms)","KPI from->to",30,17
"Delay (ms)","KPI from->to",32,13
"Delay (ms)","KPI from->to",34,17
"Delay (ms)","KPI from->to",36,12
"Delay (ms)","KPI from->to",38,14
"Delay (ms)","KPI from->to",40,16
"Delay (ms)","KPI from->to",42,15
"Delay (ms)","KPI from->to",44,16
"Delay (ms)","KPI from->to",46,15
"Delay (ms)","KPI from->to",48,17
"Delay (ms)","KPI from->to",50,17
"Delay (ms)","KPI from->to",52,16
"Delay (ms)","KPI from->to",54,17
"Delay (ms)","KPI from->to",56,15
"Delay (ms)","KPI from->to",58,15
"Delay (ms)","KPI from->to",60,17
"Delay (ms)","KPI from->to",62,14
"Delay (ms)","KPI from->to",64,14
"Delay (ms)","KPI from->to",66,17
"Delay (ms)","KPI from->to",68,14
"Delay (ms)","KPI from->to",70,20
"Delay (ms)","KPI from->to",72,21
"Delay (ms)","KPI from->to",74,20
"Delay (ms)","KPI from->to",76,27
"Delay (ms)","KPI from->to",78,27
"Delay (ms)","KPI from->to",80,23
"Delay (ms)","KPI from->to",82,20
"Delay (ms)","KPI from->to",84,30
"Delay (ms)","KPI from->to",86,19
"Delay (ms)","KPI from->to",88,19
"Delay (ms)","KPI from->to",90,16
"Delay (ms)","KPI from->to",92,16
"Delay (ms)","KPI from->to",94,16
"Delay (ms)","KPI from->to",96,15
"Delay (ms)","KPI from->to",98,16
"Delay (ms)","KPI from->to",100,17

Metric,"Pair Name",Timestamp,Value
Loss,"KPI from->to",2,0
Loss,"KPI from->to",4,0
Loss,"KPI from->to",6,0
Loss,"KPI from->to",8,0
Loss,"KPI from->to",10,0
Loss,"KPI from->to",12,0
Loss,"KPI from->to",14,0
Loss,"KPI from->to",16,0
Loss,"KPI from->to",18,0
Loss,"KPI from->to",20,0
Loss,"KPI from->to",22,0
Loss,"KPI from->to",24,0
Loss,"KPI from->to",26,0
Loss,"KPI from->to",28,0
Loss,"KPI from->to",30,0
Loss,"KPI from->to",32,0
Loss,"KPI from->to",34,0
Loss,"KPI from->to",36,0
Loss,"KPI from->to",38,0
Loss,"KPI from->to",40,0
Loss,"KPI from->to",42,0
Loss,"KPI from->to",44,0
Loss,"KPI from->to",46,0
Loss,"KPI from->to",48,0
Loss,"KPI from->to",50,0
Loss,"KPI from->to",52,0
Loss,"KPI from->to",54,0
Loss,"KPI from->to",56,0
Loss,"KPI from->to",58,0
Loss,"KPI from->to",60,0
Loss,"KPI from->to",62,0
Loss,"KPI from->to",64,0
Loss,"KPI from->to",66,0
Loss,"KPI from->to",68,0
Loss,"KPI from->to",70,0
Loss,"KPI from->to",72,0
Loss,"KPI from->to",74,0
Loss,"KPI from->to",76,0
Loss,"KPI from->to",78,0
Loss,"KPI from->to",80,0
Loss,"KPI from->to",82,0
Loss,"KPI from->to",84,0
Loss,"KPI from->to",86,0
Loss,"KPI from->to",88,0
Loss,"KPI from->to",90,0
Loss,"KPI from->to",92,0
Loss,"KPI from->to",94,0
Loss,"KPI from->to",96,0
Loss,"KPI from->to",98,0
Loss,"KPI from->to",100,0

Metric,"Pair Name",Timestamp,Value
"Delay (ms)","KPI from->to",102,17
"Delay (ms)","KPI from->to",104,15
"Delay (ms)","KPI from->to",106,20
"Delay (ms)","KPI from->to",108,17
"Delay (ms)","KPI from->to",110,17
"Delay (ms)","KPI from->to",112,21
"Delay (ms)","KPI from->to",114,15
"Delay (ms)","KPI from->to",116,18
"Delay (ms)","KPI from->to",118,19

Metric,"Pair Name",Timestamp,Value
"Jitter (ms)","KPI from->to",2,3
"Jitter (ms)","KPI from->to",4,0
"Jitter (ms)","KPI from->to",6,1
"Jitter (ms)","KPI from->to",8,1
"Jitter (ms)","KPI from->to",10,1
"Jitter (ms)","KPI from->to",12,0
"Jitter (ms)","KPI from->to",14,1
"Jitter (ms)","KPI from->to",16,1
"Jitter (ms)","KPI from->to",18,4
"Jitter (ms)","KPI from->to",20,0
"Jitter (ms)","KPI from->to",22,5
"Jitter (ms)","KPI from->to",24,3
"Jitter (ms)","KPI from->to",26,0
"Jitter (ms)","KPI from->to",28,5
"Jitter (ms)","KPI from->to",30,5
"Jitter (ms)","KPI from->to",32,1
"Jitter (ms)","KPI from->to",34,4
"Jitter (ms)","KPI from->to",36,0
"Jitter (ms)","KPI from->to",38,0
"Jitter (ms)","KPI from->to",40,2
"Jitter (ms)","KPI from->to",42,1
"Jitter (ms)","KPI from->to",44,5
"Jitter (ms)","KPI from->to",46,1
"Jitter (ms)","KPI from->to",48,6
"Jitter (ms)","KPI from->to",50,2
"Jitter (ms)","KPI from->to",52,1
"Jitter (ms)","KPI from->to",54,1
"Jitter (ms)","KPI from->to",56,2
"Jitter (ms)","KPI from->to",58,0
"Jitter (ms)","KPI from->to",60,8
"Jitter (ms)","KPI from->to",62,1
"Jitter (ms)","KPI from->to",64,1
"Jitter (ms)","KPI from->to",66,3
"Jitter (ms)","KPI from->to",68,1
"Jitter (ms)","KPI from->to",70,13
"Jitter (ms)","KPI from->to",72,2
"Jitter (ms)","KPI from->to",74,1
"Jitter (ms)","KPI from->to",76,3
"Jitter (ms)","KPI from->to",78,9
"Jitter (ms)","KPI from->to",80,1
"Jitter (ms)","KPI from->to",82,0
"Jitter (ms)","KPI from->to",84,5
"Jitter (ms)","KPI from->to",86,2
"Jitter (ms)","KPI from->to",88,1
"Jitter (ms)","KPI from->to",90,1
"Jitter (ms)","KPI from->to",92,0
"Jitter (ms)","KPI from->to",94,2
"Jitter (ms)","KPI from->to",96,1
"Jitter (ms)","KPI from->to",98,1
"Jitter (ms)","KPI from->to",100,1

Metric,"Pair Name",Timestamp,Value
Loss,"KPI from->to",102,0
Loss,"KPI from->to",104,0
Loss,"KPI from->to",106,0
Loss,"KPI from->to",108,0
Loss,"KPI from->to",110,0
Loss,"KPI from->to",112,0
Loss,"KPI from->to",114,0
Loss,"KPI from->to",116,0
Loss,"KPI from->to",118,0

Metric,"Pair Name",Timestamp,Value
"Max Delay Variation (ms)","KPI from->to",102,62
"Max Delay Variation (ms)","KPI from->to",104,10
"Max Delay Variation (ms)","KPI from->to",106,98
"Max Delay Variation (ms)","KPI from->to",108,58
"Max Delay Variation (ms)","KPI from->to",110,45
"Max Delay Variation (ms)","KPI from->to",112,56
"Max Delay Variation (ms)","KPI from->to",114,6
"Max Delay Variation (ms)","KPI from->to",116,64
"Max Delay Variation (ms)","KPI from->to",118,64


