"Test Information",Value
"RUN ID",496
"END EXECUTION TIME","2021-05-13 14:53:02"
"SOURCE PROBE NAME",raspberrypi-5G
"SOURCE PROBE TEST IP ADDRESS",raspberrypi-5G
"SOURCE PROBE MANAGEMENT IP ADDRESS",raspberrypi-5G
"SOURCE PROBE GROUP",Administrators
"DESTINATION PROBE NAME",raspberrypi-AAS
"DESTINATION PROBE TEST IP ADDRESS",raspberrypi-AAS
"DESTINATION PROBE MANAGEMENT IP ADDRESS",raspberrypi-AAS
"DESTINATION PROBE GROUP",Administrators
"DESTINATION PROBE LOCATION",
"TEST MODULE",MESH
"TEST TYPE","Network KPI"
"TEST ADDITIONAL INFORMATION"," DSCP Setting: Best Effort"
"TEST DURATION",120
"TEST STATUS",Failed
"FAIL OR ERROR REASON"," Threshold failed on KPI from->to Max Delay Variation (ms) 
"

Metric,"Pair Name",Value,"Threshold Type",Threshold,"Status KPI"
"Datagrams Out of Order","KPI from->to",0.0,0,>=,Passed
"Delay (ms)","KPI from->to",26.32,0,<=,Passed
"Jitter (ms)","KPI from->to",0.98,0,<=,Passed
"Jitter Max (ms)","KPI from->to",4.0,0,<=,Passed
Loss,"KPI from->to",0.0,0,<=,Passed
"Max Delay Variation (ms)","KPI from->to",35.0,0,<=,Failed
"Max loss burst","KPI from->to",0.0,0,<=,Passed
MOS,"KPI from->to",4.36,1,<=,Passed

Metric,"Pair Name",Timestamp,Value
"Max Delay Variation (ms)","KPI from->to",102,10
"Max Delay Variation (ms)","KPI from->to",104,8
"Max Delay Variation (ms)","KPI from->to",106,5
"Max Delay Variation (ms)","KPI from->to",108,9
"Max Delay Variation (ms)","KPI from->to",110,35
"Max Delay Variation (ms)","KPI from->to",112,6
"Max Delay Variation (ms)","KPI from->to",114,10
"Max Delay Variation (ms)","KPI from->to",116,5
"Max Delay Variation (ms)","KPI from->to",118,8
"Max Delay Variation (ms)","KPI from->to",120,4

Metric,"Pair Name",Timestamp,Value
"Jitter (ms)","KPI from->to",102,1
"Jitter (ms)","KPI from->to",104,0
"Jitter (ms)","KPI from->to",106,0
"Jitter (ms)","KPI from->to",108,1
"Jitter (ms)","KPI from->to",110,0
"Jitter (ms)","KPI from->to",112,0
"Jitter (ms)","KPI from->to",114,1
"Jitter (ms)","KPI from->to",116,0
"Jitter (ms)","KPI from->to",118,1
"Jitter (ms)","KPI from->to",120,1

Metric,"Pair Name",Timestamp,Value
"Max Delay Variation (ms)","KPI from->to",2,5
"Max Delay Variation (ms)","KPI from->to",4,6
"Max Delay Variation (ms)","KPI from->to",6,4
"Max Delay Variation (ms)","KPI from->to",8,14
"Max Delay Variation (ms)","KPI from->to",10,5
"Max Delay Variation (ms)","KPI from->to",12,5
"Max Delay Variation (ms)","KPI from->to",14,5
"Max Delay Variation (ms)","KPI from->to",16,5
"Max Delay Variation (ms)","KPI from->to",18,5
"Max Delay Variation (ms)","KPI from->to",20,7
"Max Delay Variation (ms)","KPI from->to",22,10
"Max Delay Variation (ms)","KPI from->to",24,6
"Max Delay Variation (ms)","KPI from->to",26,4
"Max Delay Variation (ms)","KPI from->to",28,6
"Max Delay Variation (ms)","KPI from->to",30,6
"Max Delay Variation (ms)","KPI from->to",32,9
"Max Delay Variation (ms)","KPI from->to",34,4
"Max Delay Variation (ms)","KPI from->to",36,5
"Max Delay Variation (ms)","KPI from->to",38,4
"Max Delay Variation (ms)","KPI from->to",40,5
"Max Delay Variation (ms)","KPI from->to",42,8
"Max Delay Variation (ms)","KPI from->to",44,5
"Max Delay Variation (ms)","KPI from->to",46,7
"Max Delay Variation (ms)","KPI from->to",48,6
"Max Delay Variation (ms)","KPI from->to",50,6
"Max Delay Variation (ms)","KPI from->to",52,4
"Max Delay Variation (ms)","KPI from->to",54,10
"Max Delay Variation (ms)","KPI from->to",56,11
"Max Delay Variation (ms)","KPI from->to",58,10
"Max Delay Variation (ms)","KPI from->to",60,20
"Max Delay Variation (ms)","KPI from->to",62,11
"Max Delay Variation (ms)","KPI from->to",64,11
"Max Delay Variation (ms)","KPI from->to",66,13
"Max Delay Variation (ms)","KPI from->to",68,10
"Max Delay Variation (ms)","KPI from->to",70,23
"Max Delay Variation (ms)","KPI from->to",72,12
"Max Delay Variation (ms)","KPI from->to",74,16
"Max Delay Variation (ms)","KPI from->to",76,20
"Max Delay Variation (ms)","KPI from->to",78,19
"Max Delay Variation (ms)","KPI from->to",80,10
"Max Delay Variation (ms)","KPI from->to",82,12
"Max Delay Variation (ms)","KPI from->to",84,6
"Max Delay Variation (ms)","KPI from->to",86,13
"Max Delay Variation (ms)","KPI from->to",88,10
"Max Delay Variation (ms)","KPI from->to",90,12
"Max Delay Variation (ms)","KPI from->to",92,11
"Max Delay Variation (ms)","KPI from->to",94,14
"Max Delay Variation (ms)","KPI from->to",96,6
"Max Delay Variation (ms)","KPI from->to",98,21
"Max Delay Variation (ms)","KPI from->to",100,11

Metric,"Pair Name",Timestamp,Value
"Delay (ms)","KPI from->to",2,17
"Delay (ms)","KPI from->to",4,17
"Delay (ms)","KPI from->to",6,17
"Delay (ms)","KPI from->to",8,17
"Delay (ms)","KPI from->to",10,17
"Delay (ms)","KPI from->to",12,17
"Delay (ms)","KPI from->to",14,18
"Delay (ms)","KPI from->to",16,17
"Delay (ms)","KPI from->to",18,18
"Delay (ms)","KPI from->to",20,18
"Delay (ms)","KPI from->to",22,17
"Delay (ms)","KPI from->to",24,18
"Delay (ms)","KPI from->to",26,18
"Delay (ms)","KPI from->to",28,18
"Delay (ms)","KPI from->to",30,17
"Delay (ms)","KPI from->to",32,18
"Delay (ms)","KPI from->to",34,17
"Delay (ms)","KPI from->to",36,17
"Delay (ms)","KPI from->to",38,22
"Delay (ms)","KPI from->to",40,30
"Delay (ms)","KPI from->to",42,31
"Delay (ms)","KPI from->to",44,30
"Delay (ms)","KPI from->to",46,31
"Delay (ms)","KPI from->to",48,31
"Delay (ms)","KPI from->to",50,30
"Delay (ms)","KPI from->to",52,31
"Delay (ms)","KPI from->to",54,32
"Delay (ms)","KPI from->to",56,31
"Delay (ms)","KPI from->to",58,32
"Delay (ms)","KPI from->to",60,32
"Delay (ms)","KPI from->to",62,32
"Delay (ms)","KPI from->to",64,31
"Delay (ms)","KPI from->to",66,32
"Delay (ms)","KPI from->to",68,31
"Delay (ms)","KPI from->to",70,31
"Delay (ms)","KPI from->to",72,31
"Delay (ms)","KPI from->to",74,31
"Delay (ms)","KPI from->to",76,29
"Delay (ms)","KPI from->to",78,29
"Delay (ms)","KPI from->to",80,29
"Delay (ms)","KPI from->to",82,28
"Delay (ms)","KPI from->to",84,27
"Delay (ms)","KPI from->to",86,28
"Delay (ms)","KPI from->to",88,28
"Delay (ms)","KPI from->to",90,28
"Delay (ms)","KPI from->to",92,28
"Delay (ms)","KPI from->to",94,28
"Delay (ms)","KPI from->to",96,28
"Delay (ms)","KPI from->to",98,28
"Delay (ms)","KPI from->to",100,28

Metric,"Pair Name",Timestamp,Value
Loss,"KPI from->to",102,0
Loss,"KPI from->to",104,0
Loss,"KPI from->to",106,0
Loss,"KPI from->to",108,0
Loss,"KPI from->to",110,0
Loss,"KPI from->to",112,0
Loss,"KPI from->to",114,0
Loss,"KPI from->to",116,0
Loss,"KPI from->to",118,0
Loss,"KPI from->to",120,0

Metric,"Pair Name",Timestamp,Value
"Jitter (ms)","KPI from->to",2,0
"Jitter (ms)","KPI from->to",4,1
"Jitter (ms)","KPI from->to",6,1
"Jitter (ms)","KPI from->to",8,1
"Jitter (ms)","KPI from->to",10,1
"Jitter (ms)","KPI from->to",12,1
"Jitter (ms)","KPI from->to",14,1
"Jitter (ms)","KPI from->to",16,1
"Jitter (ms)","KPI from->to",18,1
"Jitter (ms)","KPI from->to",20,1
"Jitter (ms)","KPI from->to",22,1
"Jitter (ms)","KPI from->to",24,1
"Jitter (ms)","KPI from->to",26,1
"Jitter (ms)","KPI from->to",28,1
"Jitter (ms)","KPI from->to",30,1
"Jitter (ms)","KPI from->to",32,1
"Jitter (ms)","KPI from->to",34,1
"Jitter (ms)","KPI from->to",36,1
"Jitter (ms)","KPI from->to",38,0
"Jitter (ms)","KPI from->to",40,0
"Jitter (ms)","KPI from->to",42,1
"Jitter (ms)","KPI from->to",44,1
"Jitter (ms)","KPI from->to",46,1
"Jitter (ms)","KPI from->to",48,1
"Jitter (ms)","KPI from->to",50,1
"Jitter (ms)","KPI from->to",52,0
"Jitter (ms)","KPI from->to",54,1
"Jitter (ms)","KPI from->to",56,1
"Jitter (ms)","KPI from->to",58,2
"Jitter (ms)","KPI from->to",60,4
"Jitter (ms)","KPI from->to",62,1
"Jitter (ms)","KPI from->to",64,1
"Jitter (ms)","KPI from->to",66,1
"Jitter (ms)","KPI from->to",68,0
"Jitter (ms)","KPI from->to",70,4
"Jitter (ms)","KPI from->to",72,1
"Jitter (ms)","KPI from->to",74,1
"Jitter (ms)","KPI from->to",76,1
"Jitter (ms)","KPI from->to",78,1
"Jitter (ms)","KPI from->to",80,1
"Jitter (ms)","KPI from->to",82,1
"Jitter (ms)","KPI from->to",84,1
"Jitter (ms)","KPI from->to",86,1
"Jitter (ms)","KPI from->to",88,1
"Jitter (ms)","KPI from->to",90,2
"Jitter (ms)","KPI from->to",92,1
"Jitter (ms)","KPI from->to",94,1
"Jitter (ms)","KPI from->to",96,1
"Jitter (ms)","KPI from->to",98,1
"Jitter (ms)","KPI from->to",100,2

Metric,"Pair Name",Timestamp,Value
Loss,"KPI from->to",2,0
Loss,"KPI from->to",4,0
Loss,"KPI from->to",6,0
Loss,"KPI from->to",8,0
Loss,"KPI from->to",10,0
Loss,"KPI from->to",12,0
Loss,"KPI from->to",14,0
Loss,"KPI from->to",16,0
Loss,"KPI from->to",18,0
Loss,"KPI from->to",20,0
Loss,"KPI from->to",22,0
Loss,"KPI from->to",24,0
Loss,"KPI from->to",26,0
Loss,"KPI from->to",28,0
Loss,"KPI from->to",30,0
Loss,"KPI from->to",32,0
Loss,"KPI from->to",34,0
Loss,"KPI from->to",36,0
Loss,"KPI from->to",38,0
Loss,"KPI from->to",40,0
Loss,"KPI from->to",42,0
Loss,"KPI from->to",44,0
Loss,"KPI from->to",46,0
Loss,"KPI from->to",48,0
Loss,"KPI from->to",50,0
Loss,"KPI from->to",52,0
Loss,"KPI from->to",54,0
Loss,"KPI from->to",56,0
Loss,"KPI from->to",58,0
Loss,"KPI from->to",60,0
Loss,"KPI from->to",62,0
Loss,"KPI from->to",64,0
Loss,"KPI from->to",66,0
Loss,"KPI from->to",68,0
Loss,"KPI from->to",70,0
Loss,"KPI from->to",72,0
Loss,"KPI from->to",74,0
Loss,"KPI from->to",76,0
Loss,"KPI from->to",78,0
Loss,"KPI from->to",80,0
Loss,"KPI from->to",82,0
Loss,"KPI from->to",84,0
Loss,"KPI from->to",86,0
Loss,"KPI from->to",88,0
Loss,"KPI from->to",90,0
Loss,"KPI from->to",92,0
Loss,"KPI from->to",94,0
Loss,"KPI from->to",96,0
Loss,"KPI from->to",98,0
Loss,"KPI from->to",100,0

Metric,"Pair Name",Timestamp,Value
"Delay (ms)","KPI from->to",102,28
"Delay (ms)","KPI from->to",104,27
"Delay (ms)","KPI from->to",106,32
"Delay (ms)","KPI from->to",108,33
"Delay (ms)","KPI from->to",110,33
"Delay (ms)","KPI from->to",112,33
"Delay (ms)","KPI from->to",114,33
"Delay (ms)","KPI from->to",116,33
"Delay (ms)","KPI from->to",118,33
"Delay (ms)","KPI from->to",120,33

Metric,"Pair Name",Timestamp,Value
MOS,"KPI from->to",2,4.37
MOS,"KPI from->to",4,4.37
MOS,"KPI from->to",6,4.37
MOS,"KPI from->to",8,4.37
MOS,"KPI from->to",10,4.37
MOS,"KPI from->to",12,4.37
MOS,"KPI from->to",14,4.36
MOS,"KPI from->to",16,4.37
MOS,"KPI from->to",18,4.36
MOS,"KPI from->to",20,4.36
MOS,"KPI from->to",22,4.37
MOS,"KPI from->to",24,4.36
MOS,"KPI from->to",26,4.36
MOS,"KPI from->to",28,4.36
MOS,"KPI from->to",30,4.37
MOS,"KPI from->to",32,4.36
MOS,"KPI from->to",34,4.37
MOS,"KPI from->to",36,4.37
MOS,"KPI from->to",38,4.36
MOS,"KPI from->to",40,4.36
MOS,"KPI from->to",42,4.36
MOS,"KPI from->to",44,4.36
MOS,"KPI from->to",46,4.36
MOS,"KPI from->to",48,4.36
MOS,"KPI from->to",50,4.36
MOS,"KPI from->to",52,4.36
MOS,"KPI from->to",54,4.36
MOS,"KPI from->to",56,4.36
MOS,"KPI from->to",58,4.36
MOS,"KPI from->to",60,4.36
MOS,"KPI from->to",62,4.36
MOS,"KPI from->to",64,4.36
MOS,"KPI from->to",66,4.36
MOS,"KPI from->to",68,4.36
MOS,"KPI from->to",70,4.36
MOS,"KPI from->to",72,4.36
MOS,"KPI from->to",74,4.36
MOS,"KPI from->to",76,4.36
MOS,"KPI from->to",78,4.36
MOS,"KPI from->to",80,4.36
MOS,"KPI from->to",82,4.36
MOS,"KPI from->to",84,4.36
MOS,"KPI from->to",86,4.36
MOS,"KPI from->to",88,4.36
MOS,"KPI from->to",90,4.36
MOS,"KPI from->to",92,4.36
MOS,"KPI from->to",94,4.36
MOS,"KPI from->to",96,4.36
MOS,"KPI from->to",98,4.36
MOS,"KPI from->to",100,4.36

Metric,"Pair Name",Timestamp,Value
MOS,"KPI from->to",102,4.36
MOS,"KPI from->to",104,4.36
MOS,"KPI from->to",106,4.36
MOS,"KPI from->to",108,4.36
MOS,"KPI from->to",110,4.36
MOS,"KPI from->to",112,4.36
MOS,"KPI from->to",114,4.36
MOS,"KPI from->to",116,4.36
MOS,"KPI from->to",118,4.36
MOS,"KPI from->to",120,4.36


