"Test Information",Value
"RUN ID",496
"END EXECUTION TIME","2021-05-13 14:15:10"
"SOURCE PROBE NAME",raspberrypi-AAS
"SOURCE PROBE TEST IP ADDRESS",raspberrypi-AAS
"SOURCE PROBE MANAGEMENT IP ADDRESS",raspberrypi-AAS
"SOURCE PROBE GROUP",Administrators
"DESTINATION PROBE NAME",raspberrypi-5G
"DESTINATION PROBE TEST IP ADDRESS",raspberrypi-5G
"DESTINATION PROBE MANAGEMENT IP ADDRESS",raspberrypi-5G
"DESTINATION PROBE GROUP",Administrators
"DESTINATION PROBE LOCATION",
"TEST MODULE",MESH
"TEST TYPE","Network KPI"
"TEST ADDITIONAL INFORMATION"," DSCP Setting: Best Effort"
"TEST DURATION",120
"TEST STATUS",Failed
"FAIL OR ERROR REASON"," Threshold failed on KPI from->to Jitter Max (ms) 
 Threshold failed on KPI from->to Max Delay Variation (ms) 
 Threshold failed on KPI from->to MOS 
"

Metric,"Pair Name",Value,"Threshold Type",Threshold,"Status KPI"
"Datagrams Out of Order","KPI from->to",0.0,0,>=,Passed
"Delay (ms)","KPI from->to",18.27,0,<=,Passed
"Jitter (ms)","KPI from->to",2.77,0,<=,Passed
"Jitter Max (ms)","KPI from->to",16.0,0,<=,Failed
Loss,"KPI from->to",0.0,0,<=,Passed
"Max Delay Variation (ms)","KPI from->to",118.0,0,<=,Failed
"Max loss burst","KPI from->to",0.0,0,<=,Passed
MOS,"KPI from->to",3.07,1,<=,Failed

Metric,"Pair Name",Timestamp,Value
"Jitter (ms)","KPI from->to",102,16
"Jitter (ms)","KPI from->to",104,1
"Jitter (ms)","KPI from->to",106,11
"Jitter (ms)","KPI from->to",108,9
"Jitter (ms)","KPI from->to",110,0
"Jitter (ms)","KPI from->to",112,2
"Jitter (ms)","KPI from->to",114,7
"Jitter (ms)","KPI from->to",116,6
"Jitter (ms)","KPI from->to",118,15
"Jitter (ms)","KPI from->to",120,1

Metric,"Pair Name",Timestamp,Value
"Delay (ms)","KPI from->to",2,20
"Delay (ms)","KPI from->to",4,22
"Delay (ms)","KPI from->to",6,18
"Delay (ms)","KPI from->to",8,22
"Delay (ms)","KPI from->to",10,21
"Delay (ms)","KPI from->to",12,24
"Delay (ms)","KPI from->to",14,17
"Delay (ms)","KPI from->to",16,17
"Delay (ms)","KPI from->to",18,19
"Delay (ms)","KPI from->to",20,12
"Delay (ms)","KPI from->to",22,16
"Delay (ms)","KPI from->to",24,15
"Delay (ms)","KPI from->to",26,12
"Delay (ms)","KPI from->to",28,13
"Delay (ms)","KPI from->to",30,12
"Delay (ms)","KPI from->to",32,12
"Delay (ms)","KPI from->to",34,13
"Delay (ms)","KPI from->to",36,15
"Delay (ms)","KPI from->to",38,18
"Delay (ms)","KPI from->to",40,20
"Delay (ms)","KPI from->to",42,21
"Delay (ms)","KPI from->to",44,17
"Delay (ms)","KPI from->to",46,19
"Delay (ms)","KPI from->to",48,20
"Delay (ms)","KPI from->to",50,17
"Delay (ms)","KPI from->to",52,19
"Delay (ms)","KPI from->to",54,17
"Delay (ms)","KPI from->to",56,17
"Delay (ms)","KPI from->to",58,19
"Delay (ms)","KPI from->to",60,20
"Delay (ms)","KPI from->to",62,21
"Delay (ms)","KPI from->to",64,20
"Delay (ms)","KPI from->to",66,18
"Delay (ms)","KPI from->to",68,20
"Delay (ms)","KPI from->to",70,16
"Delay (ms)","KPI from->to",72,16
"Delay (ms)","KPI from->to",74,18
"Delay (ms)","KPI from->to",76,18
"Delay (ms)","KPI from->to",78,19
"Delay (ms)","KPI from->to",80,21
"Delay (ms)","KPI from->to",82,19
"Delay (ms)","KPI from->to",84,15
"Delay (ms)","KPI from->to",86,15
"Delay (ms)","KPI from->to",88,15
"Delay (ms)","KPI from->to",90,15
"Delay (ms)","KPI from->to",92,15
"Delay (ms)","KPI from->to",94,16
"Delay (ms)","KPI from->to",96,17
"Delay (ms)","KPI from->to",98,18
"Delay (ms)","KPI from->to",100,23

Metric,"Pair Name",Timestamp,Value
Loss,"KPI from->to",102,0
Loss,"KPI from->to",104,0
Loss,"KPI from->to",106,0
Loss,"KPI from->to",108,0
Loss,"KPI from->to",110,0
Loss,"KPI from->to",112,0
Loss,"KPI from->to",114,0
Loss,"KPI from->to",116,0
Loss,"KPI from->to",118,0
Loss,"KPI from->to",120,0

Metric,"Pair Name",Timestamp,Value
"Delay (ms)","KPI from->to",102,22
"Delay (ms)","KPI from->to",104,15
"Delay (ms)","KPI from->to",106,24
"Delay (ms)","KPI from->to",108,26
"Delay (ms)","KPI from->to",110,21
"Delay (ms)","KPI from->to",112,20
"Delay (ms)","KPI from->to",114,22
"Delay (ms)","KPI from->to",116,23
"Delay (ms)","KPI from->to",118,27
"Delay (ms)","KPI from->to",120,17

Metric,"Pair Name",Timestamp,Value
Loss,"KPI from->to",2,0
Loss,"KPI from->to",4,0
Loss,"KPI from->to",6,0
Loss,"KPI from->to",8,0
Loss,"KPI from->to",10,0
Loss,"KPI from->to",12,0
Loss,"KPI from->to",14,0
Loss,"KPI from->to",16,0
Loss,"KPI from->to",18,0
Loss,"KPI from->to",20,0
Loss,"KPI from->to",22,0
Loss,"KPI from->to",24,0
Loss,"KPI from->to",26,0
Loss,"KPI from->to",28,0
Loss,"KPI from->to",30,0
Loss,"KPI from->to",32,0
Loss,"KPI from->to",34,0
Loss,"KPI from->to",36,0
Loss,"KPI from->to",38,0
Loss,"KPI from->to",40,0
Loss,"KPI from->to",42,0
Loss,"KPI from->to",44,0
Loss,"KPI from->to",46,0
Loss,"KPI from->to",48,0
Loss,"KPI from->to",50,0
Loss,"KPI from->to",52,0
Loss,"KPI from->to",54,0
Loss,"KPI from->to",56,0
Loss,"KPI from->to",58,0
Loss,"KPI from->to",60,0
Loss,"KPI from->to",62,0
Loss,"KPI from->to",64,0
Loss,"KPI from->to",66,0
Loss,"KPI from->to",68,0
Loss,"KPI from->to",70,0
Loss,"KPI from->to",72,0
Loss,"KPI from->to",74,0
Loss,"KPI from->to",76,0
Loss,"KPI from->to",78,0
Loss,"KPI from->to",80,0
Loss,"KPI from->to",82,0
Loss,"KPI from->to",84,0
Loss,"KPI from->to",86,0
Loss,"KPI from->to",88,0
Loss,"KPI from->to",90,0
Loss,"KPI from->to",92,0
Loss,"KPI from->to",94,0
Loss,"KPI from->to",96,0
Loss,"KPI from->to",98,0
Loss,"KPI from->to",100,0

Metric,"Pair Name",Timestamp,Value
"Max Delay Variation (ms)","KPI from->to",102,113
"Max Delay Variation (ms)","KPI from->to",104,20
"Max Delay Variation (ms)","KPI from->to",106,57
"Max Delay Variation (ms)","KPI from->to",108,99
"Max Delay Variation (ms)","KPI from->to",110,81
"Max Delay Variation (ms)","KPI from->to",112,56
"Max Delay Variation (ms)","KPI from->to",114,58
"Max Delay Variation (ms)","KPI from->to",116,118
"Max Delay Variation (ms)","KPI from->to",118,97
"Max Delay Variation (ms)","KPI from->to",120,42

Metric,"Pair Name",Timestamp,Value
MOS,"KPI from->to",102,2.19
MOS,"KPI from->to",104,3.48
MOS,"KPI from->to",106,1
MOS,"KPI from->to",108,1.38
MOS,"KPI from->to",110,2.17
MOS,"KPI from->to",112,2.19
MOS,"KPI from->to",114,1.38
MOS,"KPI from->to",116,2.42
MOS,"KPI from->to",118,1.86
MOS,"KPI from->to",120,3.48

Metric,"Pair Name",Timestamp,Value
MOS,"KPI from->to",2,3.48
MOS,"KPI from->to",4,3.48
MOS,"KPI from->to",6,4.36
MOS,"KPI from->to",8,3.48
MOS,"KPI from->to",10,2.79
MOS,"KPI from->to",12,3.48
MOS,"KPI from->to",14,4.37
MOS,"KPI from->to",16,4.37
MOS,"KPI from->to",18,4.36
MOS,"KPI from->to",20,4.37
MOS,"KPI from->to",22,2.8
MOS,"KPI from->to",24,2.81
MOS,"KPI from->to",26,4.37
MOS,"KPI from->to",28,4.37
MOS,"KPI from->to",30,4.37
MOS,"KPI from->to",32,4.37
MOS,"KPI from->to",34,3.48
MOS,"KPI from->to",36,2.8
MOS,"KPI from->to",38,2.79
MOS,"KPI from->to",40,2.42
MOS,"KPI from->to",42,2.8
MOS,"KPI from->to",44,3.47
MOS,"KPI from->to",46,2.79
MOS,"KPI from->to",48,2.19
MOS,"KPI from->to",50,3.47
MOS,"KPI from->to",52,2.42
MOS,"KPI from->to",54,2.81
MOS,"KPI from->to",56,3.47
MOS,"KPI from->to",58,2.79
MOS,"KPI from->to",60,2.42
MOS,"KPI from->to",62,2.79
MOS,"KPI from->to",64,1.39
MOS,"KPI from->to",66,2.79
MOS,"KPI from->to",68,2.18
MOS,"KPI from->to",70,4.37
MOS,"KPI from->to",72,4.37
MOS,"KPI from->to",74,2.42
MOS,"KPI from->to",76,2.77
MOS,"KPI from->to",78,2.44
MOS,"KPI from->to",80,2.17
MOS,"KPI from->to",82,1.87
MOS,"KPI from->to",84,4.37
MOS,"KPI from->to",86,4.37
MOS,"KPI from->to",88,4.37
MOS,"KPI from->to",90,4.37
MOS,"KPI from->to",92,3.48
MOS,"KPI from->to",94,3.48
MOS,"KPI from->to",96,2.8
MOS,"KPI from->to",98,2.79
MOS,"KPI from->to",100,1.32

Metric,"Pair Name",Timestamp,Value
"Jitter (ms)","KPI from->to",2,1
"Jitter (ms)","KPI from->to",4,1
"Jitter (ms)","KPI from->to",6,1
"Jitter (ms)","KPI from->to",8,0
"Jitter (ms)","KPI from->to",10,1
"Jitter (ms)","KPI from->to",12,2
"Jitter (ms)","KPI from->to",14,0
"Jitter (ms)","KPI from->to",16,1
"Jitter (ms)","KPI from->to",18,2
"Jitter (ms)","KPI from->to",20,0
"Jitter (ms)","KPI from->to",22,2
"Jitter (ms)","KPI from->to",24,0
"Jitter (ms)","KPI from->to",26,1
"Jitter (ms)","KPI from->to",28,1
"Jitter (ms)","KPI from->to",30,1
"Jitter (ms)","KPI from->to",32,1
"Jitter (ms)","KPI from->to",34,2
"Jitter (ms)","KPI from->to",36,2
"Jitter (ms)","KPI from->to",38,1
"Jitter (ms)","KPI from->to",40,2
"Jitter (ms)","KPI from->to",42,2
"Jitter (ms)","KPI from->to",44,1
"Jitter (ms)","KPI from->to",46,4
"Jitter (ms)","KPI from->to",48,5
"Jitter (ms)","KPI from->to",50,0
"Jitter (ms)","KPI from->to",52,2
"Jitter (ms)","KPI from->to",54,4
"Jitter (ms)","KPI from->to",56,1
"Jitter (ms)","KPI from->to",58,2
"Jitter (ms)","KPI from->to",60,4
"Jitter (ms)","KPI from->to",62,7
"Jitter (ms)","KPI from->to",64,2
"Jitter (ms)","KPI from->to",66,2
"Jitter (ms)","KPI from->to",68,4
"Jitter (ms)","KPI from->to",70,1
"Jitter (ms)","KPI from->to",72,1
"Jitter (ms)","KPI from->to",74,2
"Jitter (ms)","KPI from->to",76,1
"Jitter (ms)","KPI from->to",78,4
"Jitter (ms)","KPI from->to",80,10
"Jitter (ms)","KPI from->to",82,1
"Jitter (ms)","KPI from->to",84,1
"Jitter (ms)","KPI from->to",86,1
"Jitter (ms)","KPI from->to",88,0
"Jitter (ms)","KPI from->to",90,1
"Jitter (ms)","KPI from->to",92,0
"Jitter (ms)","KPI from->to",94,1
"Jitter (ms)","KPI from->to",96,1
"Jitter (ms)","KPI from->to",98,2
"Jitter (ms)","KPI from->to",100,9

Metric,"Pair Name",Timestamp,Value
"Max Delay Variation (ms)","KPI from->to",2,58
"Max Delay Variation (ms)","KPI from->to",4,58
"Max Delay Variation (ms)","KPI from->to",6,33
"Max Delay Variation (ms)","KPI from->to",8,57
"Max Delay Variation (ms)","KPI from->to",10,46
"Max Delay Variation (ms)","KPI from->to",12,63
"Max Delay Variation (ms)","KPI from->to",14,7
"Max Delay Variation (ms)","KPI from->to",16,7
"Max Delay Variation (ms)","KPI from->to",18,36
"Max Delay Variation (ms)","KPI from->to",20,6
"Max Delay Variation (ms)","KPI from->to",22,44
"Max Delay Variation (ms)","KPI from->to",24,60
"Max Delay Variation (ms)","KPI from->to",26,7
"Max Delay Variation (ms)","KPI from->to",28,7
"Max Delay Variation (ms)","KPI from->to",30,7
"Max Delay Variation (ms)","KPI from->to",32,7
"Max Delay Variation (ms)","KPI from->to",34,46
"Max Delay Variation (ms)","KPI from->to",36,60
"Max Delay Variation (ms)","KPI from->to",38,56
"Max Delay Variation (ms)","KPI from->to",40,52
"Max Delay Variation (ms)","KPI from->to",42,97
"Max Delay Variation (ms)","KPI from->to",44,42
"Max Delay Variation (ms)","KPI from->to",46,42
"Max Delay Variation (ms)","KPI from->to",48,56
"Max Delay Variation (ms)","KPI from->to",50,41
"Max Delay Variation (ms)","KPI from->to",52,49
"Max Delay Variation (ms)","KPI from->to",54,42
"Max Delay Variation (ms)","KPI from->to",56,41
"Max Delay Variation (ms)","KPI from->to",58,42
"Max Delay Variation (ms)","KPI from->to",60,80
"Max Delay Variation (ms)","KPI from->to",62,97
"Max Delay Variation (ms)","KPI from->to",64,42
"Max Delay Variation (ms)","KPI from->to",66,57
"Max Delay Variation (ms)","KPI from->to",68,59
"Max Delay Variation (ms)","KPI from->to",70,35
"Max Delay Variation (ms)","KPI from->to",72,23
"Max Delay Variation (ms)","KPI from->to",74,56
"Max Delay Variation (ms)","KPI from->to",76,57
"Max Delay Variation (ms)","KPI from->to",78,57
"Max Delay Variation (ms)","KPI from->to",80,97
"Max Delay Variation (ms)","KPI from->to",82,55
"Max Delay Variation (ms)","KPI from->to",84,8
"Max Delay Variation (ms)","KPI from->to",86,10
"Max Delay Variation (ms)","KPI from->to",88,8
"Max Delay Variation (ms)","KPI from->to",90,7
"Max Delay Variation (ms)","KPI from->to",92,42
"Max Delay Variation (ms)","KPI from->to",94,42
"Max Delay Variation (ms)","KPI from->to",96,59
"Max Delay Variation (ms)","KPI from->to",98,43
"Max Delay Variation (ms)","KPI from->to",100,96


