"Test Information",Value
"RUN ID",496
"END EXECUTION TIME","2021-05-13 14:39:34"
"SOURCE PROBE NAME",raspberrypi-5G
"SOURCE PROBE TEST IP ADDRESS",raspberrypi-5G
"SOURCE PROBE MANAGEMENT IP ADDRESS",raspberrypi-5G
"SOURCE PROBE GROUP",Administrators
"DESTINATION PROBE NAME",raspberrypi-AAS
"DESTINATION PROBE TEST IP ADDRESS",raspberrypi-AAS
"DESTINATION PROBE MANAGEMENT IP ADDRESS",raspberrypi-AAS
"DESTINATION PROBE GROUP",Administrators
"DESTINATION PROBE LOCATION",
"TEST MODULE",MESH
"TEST TYPE","Network KPI"
"TEST ADDITIONAL INFORMATION"," DSCP Setting: Best Effort"
"TEST DURATION",120
"TEST STATUS",Failed
"FAIL OR ERROR REASON"," Threshold failed on KPI from->to Max Delay Variation (ms) 
"

Metric,"Pair Name",Value,"Threshold Type",Threshold,"Status KPI"
"Datagrams Out of Order","KPI from->to",0.0,0,>=,Passed
"Delay (ms)","KPI from->to",22.05,0,<=,Passed
"Jitter (ms)","KPI from->to",1.93,0,<=,Passed
"Jitter Max (ms)","KPI from->to",5.0,0,<=,Passed
Loss,"KPI from->to",0.0,0,<=,Passed
"Max Delay Variation (ms)","KPI from->to",37.0,0,<=,Failed
"Max loss burst","KPI from->to",0.0,0,<=,Passed
MOS,"KPI from->to",4.36,1,<=,Passed

Metric,"Pair Name",Timestamp,Value
MOS,"KPI from->to",2,4.36
MOS,"KPI from->to",4,4.36
MOS,"KPI from->to",6,4.36
MOS,"KPI from->to",8,4.36
MOS,"KPI from->to",10,4.36
MOS,"KPI from->to",12,4.36
MOS,"KPI from->to",14,4.36
MOS,"KPI from->to",16,4.36
MOS,"KPI from->to",18,4.36
MOS,"KPI from->to",20,4.36
MOS,"KPI from->to",22,4.36
MOS,"KPI from->to",24,4.36
MOS,"KPI from->to",26,4.36
MOS,"KPI from->to",28,4.36
MOS,"KPI from->to",30,4.36
MOS,"KPI from->to",32,4.36
MOS,"KPI from->to",34,4.36
MOS,"KPI from->to",36,4.36
MOS,"KPI from->to",38,4.36
MOS,"KPI from->to",40,4.36
MOS,"KPI from->to",42,4.36
MOS,"KPI from->to",44,4.36
MOS,"KPI from->to",46,4.36
MOS,"KPI from->to",48,4.36
MOS,"KPI from->to",50,4.36
MOS,"KPI from->to",52,4.36
MOS,"KPI from->to",54,4.36
MOS,"KPI from->to",56,4.36
MOS,"KPI from->to",58,4.36
MOS,"KPI from->to",60,4.36
MOS,"KPI from->to",62,4.36
MOS,"KPI from->to",64,4.36
MOS,"KPI from->to",66,4.36
MOS,"KPI from->to",68,4.36
MOS,"KPI from->to",70,4.36
MOS,"KPI from->to",72,4.36
MOS,"KPI from->to",74,4.36
MOS,"KPI from->to",76,4.36
MOS,"KPI from->to",78,4.36
MOS,"KPI from->to",80,4.36
MOS,"KPI from->to",82,4.36
MOS,"KPI from->to",84,4.36
MOS,"KPI from->to",86,4.36
MOS,"KPI from->to",88,4.36
MOS,"KPI from->to",90,4.36
MOS,"KPI from->to",92,4.36
MOS,"KPI from->to",94,4.36
MOS,"KPI from->to",96,4.36
MOS,"KPI from->to",98,4.36
MOS,"KPI from->to",100,4.36

Metric,"Pair Name",Timestamp,Value
"Max Delay Variation (ms)","KPI from->to",102,15
"Max Delay Variation (ms)","KPI from->to",104,11
"Max Delay Variation (ms)","KPI from->to",106,9
"Max Delay Variation (ms)","KPI from->to",108,16
"Max Delay Variation (ms)","KPI from->to",110,9
"Max Delay Variation (ms)","KPI from->to",112,13
"Max Delay Variation (ms)","KPI from->to",114,13
"Max Delay Variation (ms)","KPI from->to",116,9
"Max Delay Variation (ms)","KPI from->to",118,6
"Max Delay Variation (ms)","KPI from->to",120,8

Metric,"Pair Name",Timestamp,Value
Loss,"KPI from->to",2,0
Loss,"KPI from->to",4,0
Loss,"KPI from->to",6,0
Loss,"KPI from->to",8,0
Loss,"KPI from->to",10,0
Loss,"KPI from->to",12,0
Loss,"KPI from->to",14,0
Loss,"KPI from->to",16,0
Loss,"KPI from->to",18,0
Loss,"KPI from->to",20,0
Loss,"KPI from->to",22,0
Loss,"KPI from->to",24,0
Loss,"KPI from->to",26,0
Loss,"KPI from->to",28,0
Loss,"KPI from->to",30,0
Loss,"KPI from->to",32,0
Loss,"KPI from->to",34,0
Loss,"KPI from->to",36,0
Loss,"KPI from->to",38,0
Loss,"KPI from->to",40,0
Loss,"KPI from->to",42,0
Loss,"KPI from->to",44,0
Loss,"KPI from->to",46,0
Loss,"KPI from->to",48,0
Loss,"KPI from->to",50,0
Loss,"KPI from->to",52,0
Loss,"KPI from->to",54,0
Loss,"KPI from->to",56,0
Loss,"KPI from->to",58,0
Loss,"KPI from->to",60,0
Loss,"KPI from->to",62,0
Loss,"KPI from->to",64,0
Loss,"KPI from->to",66,0
Loss,"KPI from->to",68,0
Loss,"KPI from->to",70,0
Loss,"KPI from->to",72,0
Loss,"KPI from->to",74,0
Loss,"KPI from->to",76,0
Loss,"KPI from->to",78,0
Loss,"KPI from->to",80,0
Loss,"KPI from->to",82,0
Loss,"KPI from->to",84,0
Loss,"KPI from->to",86,0
Loss,"KPI from->to",88,0
Loss,"KPI from->to",90,0
Loss,"KPI from->to",92,0
Loss,"KPI from->to",94,0
Loss,"KPI from->to",96,0
Loss,"KPI from->to",98,0
Loss,"KPI from->to",100,0

Metric,"Pair Name",Timestamp,Value
"Max Delay Variation (ms)","KPI from->to",2,9
"Max Delay Variation (ms)","KPI from->to",4,8
"Max Delay Variation (ms)","KPI from->to",6,14
"Max Delay Variation (ms)","KPI from->to",8,9
"Max Delay Variation (ms)","KPI from->to",10,13
"Max Delay Variation (ms)","KPI from->to",12,14
"Max Delay Variation (ms)","KPI from->to",14,8
"Max Delay Variation (ms)","KPI from->to",16,12
"Max Delay Variation (ms)","KPI from->to",18,8
"Max Delay Variation (ms)","KPI from->to",20,14
"Max Delay Variation (ms)","KPI from->to",22,12
"Max Delay Variation (ms)","KPI from->to",24,13
"Max Delay Variation (ms)","KPI from->to",26,12
"Max Delay Variation (ms)","KPI from->to",28,12
"Max Delay Variation (ms)","KPI from->to",30,14
"Max Delay Variation (ms)","KPI from->to",32,8
"Max Delay Variation (ms)","KPI from->to",34,9
"Max Delay Variation (ms)","KPI from->to",36,10
"Max Delay Variation (ms)","KPI from->to",38,7
"Max Delay Variation (ms)","KPI from->to",40,12
"Max Delay Variation (ms)","KPI from->to",42,13
"Max Delay Variation (ms)","KPI from->to",44,8
"Max Delay Variation (ms)","KPI from->to",46,16
"Max Delay Variation (ms)","KPI from->to",48,13
"Max Delay Variation (ms)","KPI from->to",50,13
"Max Delay Variation (ms)","KPI from->to",52,10
"Max Delay Variation (ms)","KPI from->to",54,9
"Max Delay Variation (ms)","KPI from->to",56,13
"Max Delay Variation (ms)","KPI from->to",58,15
"Max Delay Variation (ms)","KPI from->to",60,10
"Max Delay Variation (ms)","KPI from->to",62,14
"Max Delay Variation (ms)","KPI from->to",64,14
"Max Delay Variation (ms)","KPI from->to",66,15
"Max Delay Variation (ms)","KPI from->to",68,15
"Max Delay Variation (ms)","KPI from->to",70,10
"Max Delay Variation (ms)","KPI from->to",72,12
"Max Delay Variation (ms)","KPI from->to",74,13
"Max Delay Variation (ms)","KPI from->to",76,13
"Max Delay Variation (ms)","KPI from->to",78,13
"Max Delay Variation (ms)","KPI from->to",80,37
"Max Delay Variation (ms)","KPI from->to",82,20
"Max Delay Variation (ms)","KPI from->to",84,9
"Max Delay Variation (ms)","KPI from->to",86,10
"Max Delay Variation (ms)","KPI from->to",88,11
"Max Delay Variation (ms)","KPI from->to",90,13
"Max Delay Variation (ms)","KPI from->to",92,14
"Max Delay Variation (ms)","KPI from->to",94,14
"Max Delay Variation (ms)","KPI from->to",96,12
"Max Delay Variation (ms)","KPI from->to",98,16
"Max Delay Variation (ms)","KPI from->to",100,9

Metric,"Pair Name",Timestamp,Value
"Delay (ms)","KPI from->to",2,20
"Delay (ms)","KPI from->to",4,21
"Delay (ms)","KPI from->to",6,21
"Delay (ms)","KPI from->to",8,21
"Delay (ms)","KPI from->to",10,21
"Delay (ms)","KPI from->to",12,25
"Delay (ms)","KPI from->to",14,21
"Delay (ms)","KPI from->to",16,20
"Delay (ms)","KPI from->to",18,20
"Delay (ms)","KPI from->to",20,21
"Delay (ms)","KPI from->to",22,21
"Delay (ms)","KPI from->to",24,23
"Delay (ms)","KPI from->to",26,22
"Delay (ms)","KPI from->to",28,21
"Delay (ms)","KPI from->to",30,21
"Delay (ms)","KPI from->to",32,21
"Delay (ms)","KPI from->to",34,21
"Delay (ms)","KPI from->to",36,22
"Delay (ms)","KPI from->to",38,22
"Delay (ms)","KPI from->to",40,22
"Delay (ms)","KPI from->to",42,21
"Delay (ms)","KPI from->to",44,21
"Delay (ms)","KPI from->to",46,21
"Delay (ms)","KPI from->to",48,22
"Delay (ms)","KPI from->to",50,22
"Delay (ms)","KPI from->to",52,22
"Delay (ms)","KPI from->to",54,24
"Delay (ms)","KPI from->to",56,22
"Delay (ms)","KPI from->to",58,23
"Delay (ms)","KPI from->to",60,23
"Delay (ms)","KPI from->to",62,24
"Delay (ms)","KPI from->to",64,22
"Delay (ms)","KPI from->to",66,22
"Delay (ms)","KPI from->to",68,22
"Delay (ms)","KPI from->to",70,22
"Delay (ms)","KPI from->to",72,22
"Delay (ms)","KPI from->to",74,22
"Delay (ms)","KPI from->to",76,22
"Delay (ms)","KPI from->to",78,23
"Delay (ms)","KPI from->to",80,24
"Delay (ms)","KPI from->to",82,23
"Delay (ms)","KPI from->to",84,23
"Delay (ms)","KPI from->to",86,23
"Delay (ms)","KPI from->to",88,22
"Delay (ms)","KPI from->to",90,23
"Delay (ms)","KPI from->to",92,23
"Delay (ms)","KPI from->to",94,22
"Delay (ms)","KPI from->to",96,23
"Delay (ms)","KPI from->to",98,22
"Delay (ms)","KPI from->to",100,21

Metric,"Pair Name",Timestamp,Value
"Delay (ms)","KPI from->to",102,21
"Delay (ms)","KPI from->to",104,23
"Delay (ms)","KPI from->to",106,22
"Delay (ms)","KPI from->to",108,23
"Delay (ms)","KPI from->to",110,22
"Delay (ms)","KPI from->to",112,22
"Delay (ms)","KPI from->to",114,24
"Delay (ms)","KPI from->to",116,23
"Delay (ms)","KPI from->to",118,22
"Delay (ms)","KPI from->to",120,23

Metric,"Pair Name",Timestamp,Value
"Jitter (ms)","KPI from->to",102,2
"Jitter (ms)","KPI from->to",104,1
"Jitter (ms)","KPI from->to",106,2
"Jitter (ms)","KPI from->to",108,3
"Jitter (ms)","KPI from->to",110,0
"Jitter (ms)","KPI from->to",112,3
"Jitter (ms)","KPI from->to",114,3
"Jitter (ms)","KPI from->to",116,1
"Jitter (ms)","KPI from->to",118,1
"Jitter (ms)","KPI from->to",120,2

Metric,"Pair Name",Timestamp,Value
"Jitter (ms)","KPI from->to",2,1
"Jitter (ms)","KPI from->to",4,2
"Jitter (ms)","KPI from->to",6,2
"Jitter (ms)","KPI from->to",8,1
"Jitter (ms)","KPI from->to",10,2
"Jitter (ms)","KPI from->to",12,5
"Jitter (ms)","KPI from->to",14,2
"Jitter (ms)","KPI from->to",16,1
"Jitter (ms)","KPI from->to",18,3
"Jitter (ms)","KPI from->to",20,2
"Jitter (ms)","KPI from->to",22,1
"Jitter (ms)","KPI from->to",24,2
"Jitter (ms)","KPI from->to",26,2
"Jitter (ms)","KPI from->to",28,1
"Jitter (ms)","KPI from->to",30,2
"Jitter (ms)","KPI from->to",32,1
"Jitter (ms)","KPI from->to",34,2
"Jitter (ms)","KPI from->to",36,3
"Jitter (ms)","KPI from->to",38,0
"Jitter (ms)","KPI from->to",40,3
"Jitter (ms)","KPI from->to",42,2
"Jitter (ms)","KPI from->to",44,2
"Jitter (ms)","KPI from->to",46,2
"Jitter (ms)","KPI from->to",48,3
"Jitter (ms)","KPI from->to",50,3
"Jitter (ms)","KPI from->to",52,2
"Jitter (ms)","KPI from->to",54,2
"Jitter (ms)","KPI from->to",56,1
"Jitter (ms)","KPI from->to",58,1
"Jitter (ms)","KPI from->to",60,2
"Jitter (ms)","KPI from->to",62,2
"Jitter (ms)","KPI from->to",64,2
"Jitter (ms)","KPI from->to",66,2
"Jitter (ms)","KPI from->to",68,1
"Jitter (ms)","KPI from->to",70,3
"Jitter (ms)","KPI from->to",72,3
"Jitter (ms)","KPI from->to",74,1
"Jitter (ms)","KPI from->to",76,1
"Jitter (ms)","KPI from->to",78,3
"Jitter (ms)","KPI from->to",80,3
"Jitter (ms)","KPI from->to",82,2
"Jitter (ms)","KPI from->to",84,2
"Jitter (ms)","KPI from->to",86,2
"Jitter (ms)","KPI from->to",88,2
"Jitter (ms)","KPI from->to",90,2
"Jitter (ms)","KPI from->to",92,2
"Jitter (ms)","KPI from->to",94,1
"Jitter (ms)","KPI from->to",96,2
"Jitter (ms)","KPI from->to",98,2
"Jitter (ms)","KPI from->to",100,2

Metric,"Pair Name",Timestamp,Value
Loss,"KPI from->to",102,0
Loss,"KPI from->to",104,0
Loss,"KPI from->to",106,0
Loss,"KPI from->to",108,0
Loss,"KPI from->to",110,0
Loss,"KPI from->to",112,0
Loss,"KPI from->to",114,0
Loss,"KPI from->to",116,0
Loss,"KPI from->to",118,0
Loss,"KPI from->to",120,0

Metric,"Pair Name",Timestamp,Value
MOS,"KPI from->to",102,4.36
MOS,"KPI from->to",104,4.36
MOS,"KPI from->to",106,4.36
MOS,"KPI from->to",108,4.36
MOS,"KPI from->to",110,4.36
MOS,"KPI from->to",112,4.36
MOS,"KPI from->to",114,4.36
MOS,"KPI from->to",116,4.36
MOS,"KPI from->to",118,4.36
MOS,"KPI from->to",120,4.36


