"Test Information",Value
"RUN ID",496
"END EXECUTION TIME","2021-05-13 14:04:01"
"SOURCE PROBE NAME",raspberrypi-5G
"SOURCE PROBE TEST IP ADDRESS",raspberrypi-5G
"SOURCE PROBE MANAGEMENT IP ADDRESS",raspberrypi-5G
"SOURCE PROBE GROUP",Administrators
"DESTINATION PROBE NAME",raspberrypi-AAS
"DESTINATION PROBE TEST IP ADDRESS",raspberrypi-AAS
"DESTINATION PROBE MANAGEMENT IP ADDRESS",raspberrypi-AAS
"DESTINATION PROBE GROUP",Administrators
"DESTINATION PROBE LOCATION",
"TEST MODULE",MESH
"TEST TYPE","Network KPI"
"TEST ADDITIONAL INFORMATION"," DSCP Setting: Best Effort"
"TEST DURATION",120
"TEST STATUS",Failed
"FAIL OR ERROR REASON"," Threshold failed on KPI from->to Jitter Max (ms) 
 Threshold failed on KPI from->to Max Delay Variation (ms) 
"

Metric,"Pair Name",Value,"Threshold Type",Threshold,"Status KPI"
"Datagrams Out of Order","KPI from->to",0.0,0,>=,Passed
"Delay (ms)","KPI from->to",23.55,0,<=,Passed
"Jitter (ms)","KPI from->to",2.62,0,<=,Passed
"Jitter Max (ms)","KPI from->to",6.0,0,<=,Failed
Loss,"KPI from->to",0.0,0,<=,Passed
"Max Delay Variation (ms)","KPI from->to",43.0,0,<=,Failed
"Max loss burst","KPI from->to",0.0,0,<=,Passed
MOS,"KPI from->to",4.35,1,<=,Passed

Metric,"Pair Name",Timestamp,Value
"Max Delay Variation (ms)","KPI from->to",2,13
"Max Delay Variation (ms)","KPI from->to",4,10
"Max Delay Variation (ms)","KPI from->to",6,29
"Max Delay Variation (ms)","KPI from->to",8,12
"Max Delay Variation (ms)","KPI from->to",10,12
"Max Delay Variation (ms)","KPI from->to",12,14
"Max Delay Variation (ms)","KPI from->to",14,13
"Max Delay Variation (ms)","KPI from->to",16,14
"Max Delay Variation (ms)","KPI from->to",18,21
"Max Delay Variation (ms)","KPI from->to",20,19
"Max Delay Variation (ms)","KPI from->to",22,21
"Max Delay Variation (ms)","KPI from->to",24,20
"Max Delay Variation (ms)","KPI from->to",26,11
"Max Delay Variation (ms)","KPI from->to",28,15
"Max Delay Variation (ms)","KPI from->to",30,12
"Max Delay Variation (ms)","KPI from->to",32,21
"Max Delay Variation (ms)","KPI from->to",34,19
"Max Delay Variation (ms)","KPI from->to",36,18
"Max Delay Variation (ms)","KPI from->to",38,14
"Max Delay Variation (ms)","KPI from->to",40,16
"Max Delay Variation (ms)","KPI from->to",42,12
"Max Delay Variation (ms)","KPI from->to",44,12
"Max Delay Variation (ms)","KPI from->to",46,13
"Max Delay Variation (ms)","KPI from->to",48,12
"Max Delay Variation (ms)","KPI from->to",50,11
"Max Delay Variation (ms)","KPI from->to",52,14
"Max Delay Variation (ms)","KPI from->to",54,12
"Max Delay Variation (ms)","KPI from->to",56,9
"Max Delay Variation (ms)","KPI from->to",58,12
"Max Delay Variation (ms)","KPI from->to",60,13
"Max Delay Variation (ms)","KPI from->to",62,19
"Max Delay Variation (ms)","KPI from->to",64,12
"Max Delay Variation (ms)","KPI from->to",66,9
"Max Delay Variation (ms)","KPI from->to",68,9
"Max Delay Variation (ms)","KPI from->to",70,8
"Max Delay Variation (ms)","KPI from->to",72,9
"Max Delay Variation (ms)","KPI from->to",74,8
"Max Delay Variation (ms)","KPI from->to",76,9
"Max Delay Variation (ms)","KPI from->to",78,14
"Max Delay Variation (ms)","KPI from->to",80,13
"Max Delay Variation (ms)","KPI from->to",82,12
"Max Delay Variation (ms)","KPI from->to",84,20
"Max Delay Variation (ms)","KPI from->to",86,23
"Max Delay Variation (ms)","KPI from->to",88,15
"Max Delay Variation (ms)","KPI from->to",90,13
"Max Delay Variation (ms)","KPI from->to",92,24
"Max Delay Variation (ms)","KPI from->to",94,20
"Max Delay Variation (ms)","KPI from->to",96,23
"Max Delay Variation (ms)","KPI from->to",98,15
"Max Delay Variation (ms)","KPI from->to",100,14

Metric,"Pair Name",Timestamp,Value
MOS,"KPI from->to",2,4.36
MOS,"KPI from->to",4,4.36
MOS,"KPI from->to",6,4.36
MOS,"KPI from->to",8,4.36
MOS,"KPI from->to",10,4.36
MOS,"KPI from->to",12,4.36
MOS,"KPI from->to",14,4.36
MOS,"KPI from->to",16,4.36
MOS,"KPI from->to",18,4.36
MOS,"KPI from->to",20,4.36
MOS,"KPI from->to",22,4.36
MOS,"KPI from->to",24,4.36
MOS,"KPI from->to",26,4.36
MOS,"KPI from->to",28,4.36
MOS,"KPI from->to",30,4.36
MOS,"KPI from->to",32,4.36
MOS,"KPI from->to",34,4.36
MOS,"KPI from->to",36,4.36
MOS,"KPI from->to",38,4.36
MOS,"KPI from->to",40,4.36
MOS,"KPI from->to",42,4.36
MOS,"KPI from->to",44,4.36
MOS,"KPI from->to",46,4.36
MOS,"KPI from->to",48,4.36
MOS,"KPI from->to",50,4.36
MOS,"KPI from->to",52,4.36
MOS,"KPI from->to",54,4.36
MOS,"KPI from->to",56,4.36
MOS,"KPI from->to",58,4.36
MOS,"KPI from->to",60,4.36
MOS,"KPI from->to",62,4.36
MOS,"KPI from->to",64,4.36
MOS,"KPI from->to",66,4.36
MOS,"KPI from->to",68,4.36
MOS,"KPI from->to",70,4.36
MOS,"KPI from->to",72,4.36
MOS,"KPI from->to",74,4.36
MOS,"KPI from->to",76,4.36
MOS,"KPI from->to",78,4.36
MOS,"KPI from->to",80,4.36
MOS,"KPI from->to",82,4.36
MOS,"KPI from->to",84,4.36
MOS,"KPI from->to",86,4.36
MOS,"KPI from->to",88,4.36
MOS,"KPI from->to",90,4.36
MOS,"KPI from->to",92,4.36
MOS,"KPI from->to",94,4.36
MOS,"KPI from->to",96,4.36
MOS,"KPI from->to",98,4.36
MOS,"KPI from->to",100,4.36

Metric,"Pair Name",Timestamp,Value
"Delay (ms)","KPI from->to",2,20
"Delay (ms)","KPI from->to",4,19
"Delay (ms)","KPI from->to",6,23
"Delay (ms)","KPI from->to",8,20
"Delay (ms)","KPI from->to",10,24
"Delay (ms)","KPI from->to",12,25
"Delay (ms)","KPI from->to",14,24
"Delay (ms)","KPI from->to",16,23
"Delay (ms)","KPI from->to",18,24
"Delay (ms)","KPI from->to",20,26
"Delay (ms)","KPI from->to",22,25
"Delay (ms)","KPI from->to",24,24
"Delay (ms)","KPI from->to",26,25
"Delay (ms)","KPI from->to",28,24
"Delay (ms)","KPI from->to",30,24
"Delay (ms)","KPI from->to",32,24
"Delay (ms)","KPI from->to",34,25
"Delay (ms)","KPI from->to",36,24
"Delay (ms)","KPI from->to",38,27
"Delay (ms)","KPI from->to",40,27
"Delay (ms)","KPI from->to",42,26
"Delay (ms)","KPI from->to",44,28
"Delay (ms)","KPI from->to",46,26
"Delay (ms)","KPI from->to",48,26
"Delay (ms)","KPI from->to",50,27
"Delay (ms)","KPI from->to",52,26
"Delay (ms)","KPI from->to",54,26
"Delay (ms)","KPI from->to",56,27
"Delay (ms)","KPI from->to",58,27
"Delay (ms)","KPI from->to",60,27
"Delay (ms)","KPI from->to",62,27
"Delay (ms)","KPI from->to",64,27
"Delay (ms)","KPI from->to",66,21
"Delay (ms)","KPI from->to",68,20
"Delay (ms)","KPI from->to",70,20
"Delay (ms)","KPI from->to",72,20
"Delay (ms)","KPI from->to",74,20
"Delay (ms)","KPI from->to",76,20
"Delay (ms)","KPI from->to",78,20
"Delay (ms)","KPI from->to",80,20
"Delay (ms)","KPI from->to",82,20
"Delay (ms)","KPI from->to",84,21
"Delay (ms)","KPI from->to",86,22
"Delay (ms)","KPI from->to",88,20
"Delay (ms)","KPI from->to",90,20
"Delay (ms)","KPI from->to",92,20
"Delay (ms)","KPI from->to",94,22
"Delay (ms)","KPI from->to",96,22
"Delay (ms)","KPI from->to",98,23
"Delay (ms)","KPI from->to",100,23

Metric,"Pair Name",Timestamp,Value
"Jitter (ms)","KPI from->to",102,4
"Jitter (ms)","KPI from->to",104,4
"Jitter (ms)","KPI from->to",106,2
"Jitter (ms)","KPI from->to",108,1
"Jitter (ms)","KPI from->to",110,2
"Jitter (ms)","KPI from->to",112,3
"Jitter (ms)","KPI from->to",114,1
"Jitter (ms)","KPI from->to",116,1
"Jitter (ms)","KPI from->to",118,2
"Jitter (ms)","KPI from->to",120,3

Metric,"Pair Name",Timestamp,Value
Loss,"KPI from->to",2,0
Loss,"KPI from->to",4,0
Loss,"KPI from->to",6,0
Loss,"KPI from->to",8,0
Loss,"KPI from->to",10,0
Loss,"KPI from->to",12,0
Loss,"KPI from->to",14,0
Loss,"KPI from->to",16,0
Loss,"KPI from->to",18,0
Loss,"KPI from->to",20,0
Loss,"KPI from->to",22,0
Loss,"KPI from->to",24,0
Loss,"KPI from->to",26,0
Loss,"KPI from->to",28,0
Loss,"KPI from->to",30,0
Loss,"KPI from->to",32,0
Loss,"KPI from->to",34,0
Loss,"KPI from->to",36,0
Loss,"KPI from->to",38,0
Loss,"KPI from->to",40,0
Loss,"KPI from->to",42,0
Loss,"KPI from->to",44,0
Loss,"KPI from->to",46,0
Loss,"KPI from->to",48,0
Loss,"KPI from->to",50,0
Loss,"KPI from->to",52,0
Loss,"KPI from->to",54,0
Loss,"KPI from->to",56,0
Loss,"KPI from->to",58,0
Loss,"KPI from->to",60,0
Loss,"KPI from->to",62,0
Loss,"KPI from->to",64,0
Loss,"KPI from->to",66,0
Loss,"KPI from->to",68,0
Loss,"KPI from->to",70,0
Loss,"KPI from->to",72,0
Loss,"KPI from->to",74,0
Loss,"KPI from->to",76,0
Loss,"KPI from->to",78,0
Loss,"KPI from->to",80,0
Loss,"KPI from->to",82,0
Loss,"KPI from->to",84,0
Loss,"KPI from->to",86,0
Loss,"KPI from->to",88,0
Loss,"KPI from->to",90,0
Loss,"KPI from->to",92,0
Loss,"KPI from->to",94,0
Loss,"KPI from->to",96,0
Loss,"KPI from->to",98,0
Loss,"KPI from->to",100,0

Metric,"Pair Name",Timestamp,Value
MOS,"KPI from->to",102,4.36
MOS,"KPI from->to",104,4.36
MOS,"KPI from->to",106,4.36
MOS,"KPI from->to",108,4.36
MOS,"KPI from->to",110,4.36
MOS,"KPI from->to",112,4.36
MOS,"KPI from->to",114,4.36
MOS,"KPI from->to",116,4.36
MOS,"KPI from->to",118,4.36
MOS,"KPI from->to",120,3.47

Metric,"Pair Name",Timestamp,Value
"Delay (ms)","KPI from->to",102,25
"Delay (ms)","KPI from->to",104,25
"Delay (ms)","KPI from->to",106,24
"Delay (ms)","KPI from->to",108,23
"Delay (ms)","KPI from->to",110,24
"Delay (ms)","KPI from->to",112,24
"Delay (ms)","KPI from->to",114,24
"Delay (ms)","KPI from->to",116,24
"Delay (ms)","KPI from->to",118,24
"Delay (ms)","KPI from->to",120,25

Metric,"Pair Name",Timestamp,Value
"Jitter (ms)","KPI from->to",2,1
"Jitter (ms)","KPI from->to",4,4
"Jitter (ms)","KPI from->to",6,5
"Jitter (ms)","KPI from->to",8,2
"Jitter (ms)","KPI from->to",10,2
"Jitter (ms)","KPI from->to",12,3
"Jitter (ms)","KPI from->to",14,4
"Jitter (ms)","KPI from->to",16,4
"Jitter (ms)","KPI from->to",18,6
"Jitter (ms)","KPI from->to",20,3
"Jitter (ms)","KPI from->to",22,4
"Jitter (ms)","KPI from->to",24,4
"Jitter (ms)","KPI from->to",26,2
"Jitter (ms)","KPI from->to",28,3
"Jitter (ms)","KPI from->to",30,4
"Jitter (ms)","KPI from->to",32,3
"Jitter (ms)","KPI from->to",34,6
"Jitter (ms)","KPI from->to",36,2
"Jitter (ms)","KPI from->to",38,3
"Jitter (ms)","KPI from->to",40,2
"Jitter (ms)","KPI from->to",42,2
"Jitter (ms)","KPI from->to",44,2
"Jitter (ms)","KPI from->to",46,3
"Jitter (ms)","KPI from->to",48,3
"Jitter (ms)","KPI from->to",50,1
"Jitter (ms)","KPI from->to",52,2
"Jitter (ms)","KPI from->to",54,3
"Jitter (ms)","KPI from->to",56,2
"Jitter (ms)","KPI from->to",58,1
"Jitter (ms)","KPI from->to",60,5
"Jitter (ms)","KPI from->to",62,1
"Jitter (ms)","KPI from->to",64,1
"Jitter (ms)","KPI from->to",66,2
"Jitter (ms)","KPI from->to",68,1
"Jitter (ms)","KPI from->to",70,1
"Jitter (ms)","KPI from->to",72,1
"Jitter (ms)","KPI from->to",74,0
"Jitter (ms)","KPI from->to",76,1
"Jitter (ms)","KPI from->to",78,3
"Jitter (ms)","KPI from->to",80,1
"Jitter (ms)","KPI from->to",82,1
"Jitter (ms)","KPI from->to",84,6
"Jitter (ms)","KPI from->to",86,2
"Jitter (ms)","KPI from->to",88,2
"Jitter (ms)","KPI from->to",90,2
"Jitter (ms)","KPI from->to",92,5
"Jitter (ms)","KPI from->to",94,3
"Jitter (ms)","KPI from->to",96,3
"Jitter (ms)","KPI from->to",98,4
"Jitter (ms)","KPI from->to",100,3

Metric,"Pair Name",Timestamp,Value
Loss,"KPI from->to",102,0
Loss,"KPI from->to",104,0
Loss,"KPI from->to",106,0
Loss,"KPI from->to",108,0
Loss,"KPI from->to",110,0
Loss,"KPI from->to",112,0
Loss,"KPI from->to",114,0
Loss,"KPI from->to",116,0
Loss,"KPI from->to",118,0
Loss,"KPI from->to",120,0

Metric,"Pair Name",Timestamp,Value
"Max Delay Variation (ms)","KPI from->to",102,11
"Max Delay Variation (ms)","KPI from->to",104,20
"Max Delay Variation (ms)","KPI from->to",106,13
"Max Delay Variation (ms)","KPI from->to",108,16
"Max Delay Variation (ms)","KPI from->to",110,13
"Max Delay Variation (ms)","KPI from->to",112,14
"Max Delay Variation (ms)","KPI from->to",114,12
"Max Delay Variation (ms)","KPI from->to",116,14
"Max Delay Variation (ms)","KPI from->to",118,11
"Max Delay Variation (ms)","KPI from->to",120,43


