"Test Information",Value
"RUN ID",496
"END EXECUTION TIME","2021-05-13 14:17:23"
"SOURCE PROBE NAME",raspberrypi-AAS
"SOURCE PROBE TEST IP ADDRESS",raspberrypi-AAS
"SOURCE PROBE MANAGEMENT IP ADDRESS",raspberrypi-AAS
"SOURCE PROBE GROUP",Administrators
"DESTINATION PROBE NAME",raspberrypi-5G
"DESTINATION PROBE TEST IP ADDRESS",raspberrypi-5G
"DESTINATION PROBE MANAGEMENT IP ADDRESS",raspberrypi-5G
"DESTINATION PROBE GROUP",Administrators
"DESTINATION PROBE LOCATION",
"TEST MODULE",MESH
"TEST TYPE","Network KPI"
"TEST ADDITIONAL INFORMATION"," DSCP Setting: Best Effort"
"TEST DURATION",120
"TEST STATUS",Failed
"FAIL OR ERROR REASON"," Threshold failed on KPI from->to Jitter Max (ms) 
 Threshold failed on KPI from->to Max Delay Variation (ms) 
 Threshold failed on KPI from->to MOS 
"

Metric,"Pair Name",Value,"Threshold Type",Threshold,"Status KPI"
"Datagrams Out of Order","KPI from->to",0.0,0,>=,Passed
"Delay (ms)","KPI from->to",14.57,0,<=,Passed
"Jitter (ms)","KPI from->to",3.63,0,<=,Passed
"Jitter Max (ms)","KPI from->to",12.0,0,<=,Failed
Loss,"KPI from->to",0.0,0,<=,Passed
"Max Delay Variation (ms)","KPI from->to",175.0,0,<=,Failed
"Max loss burst","KPI from->to",0.0,0,<=,Passed
MOS,"KPI from->to",2.92,1,<=,Failed

Metric,"Pair Name",Timestamp,Value
"Max Delay Variation (ms)","KPI from->to",2,10
"Max Delay Variation (ms)","KPI from->to",4,8
"Max Delay Variation (ms)","KPI from->to",6,12
"Max Delay Variation (ms)","KPI from->to",8,13
"Max Delay Variation (ms)","KPI from->to",10,9
"Max Delay Variation (ms)","KPI from->to",12,15
"Max Delay Variation (ms)","KPI from->to",14,42
"Max Delay Variation (ms)","KPI from->to",16,79
"Max Delay Variation (ms)","KPI from->to",18,96
"Max Delay Variation (ms)","KPI from->to",20,97
"Max Delay Variation (ms)","KPI from->to",22,56
"Max Delay Variation (ms)","KPI from->to",24,106
"Max Delay Variation (ms)","KPI from->to",26,92
"Max Delay Variation (ms)","KPI from->to",28,58
"Max Delay Variation (ms)","KPI from->to",30,42
"Max Delay Variation (ms)","KPI from->to",32,42
"Max Delay Variation (ms)","KPI from->to",34,96
"Max Delay Variation (ms)","KPI from->to",36,62
"Max Delay Variation (ms)","KPI from->to",38,47
"Max Delay Variation (ms)","KPI from->to",40,175
"Max Delay Variation (ms)","KPI from->to",42,158
"Max Delay Variation (ms)","KPI from->to",44,57
"Max Delay Variation (ms)","KPI from->to",46,72
"Max Delay Variation (ms)","KPI from->to",48,56
"Max Delay Variation (ms)","KPI from->to",50,66
"Max Delay Variation (ms)","KPI from->to",52,74
"Max Delay Variation (ms)","KPI from->to",54,92
"Max Delay Variation (ms)","KPI from->to",56,97
"Max Delay Variation (ms)","KPI from->to",58,66
"Max Delay Variation (ms)","KPI from->to",60,65
"Max Delay Variation (ms)","KPI from->to",62,57
"Max Delay Variation (ms)","KPI from->to",64,56
"Max Delay Variation (ms)","KPI from->to",66,96
"Max Delay Variation (ms)","KPI from->to",68,49
"Max Delay Variation (ms)","KPI from->to",70,42
"Max Delay Variation (ms)","KPI from->to",72,55
"Max Delay Variation (ms)","KPI from->to",74,42
"Max Delay Variation (ms)","KPI from->to",76,99
"Max Delay Variation (ms)","KPI from->to",78,24
"Max Delay Variation (ms)","KPI from->to",80,34
"Max Delay Variation (ms)","KPI from->to",82,7
"Max Delay Variation (ms)","KPI from->to",84,7
"Max Delay Variation (ms)","KPI from->to",86,7
"Max Delay Variation (ms)","KPI from->to",88,6
"Max Delay Variation (ms)","KPI from->to",90,7
"Max Delay Variation (ms)","KPI from->to",92,7
"Max Delay Variation (ms)","KPI from->to",94,11
"Max Delay Variation (ms)","KPI from->to",96,7
"Max Delay Variation (ms)","KPI from->to",98,7
"Max Delay Variation (ms)","KPI from->to",100,7

Metric,"Pair Name",Timestamp,Value
Loss,"KPI from->to",102,0
Loss,"KPI from->to",104,0
Loss,"KPI from->to",106,0
Loss,"KPI from->to",108,0
Loss,"KPI from->to",110,0
Loss,"KPI from->to",112,0
Loss,"KPI from->to",114,0
Loss,"KPI from->to",116,0
Loss,"KPI from->to",118,0
Loss,"KPI from->to",120,0

Metric,"Pair Name",Timestamp,Value
"Delay (ms)","KPI from->to",102,16
"Delay (ms)","KPI from->to",104,14
"Delay (ms)","KPI from->to",106,16
"Delay (ms)","KPI from->to",108,17
"Delay (ms)","KPI from->to",110,16
"Delay (ms)","KPI from->to",112,15
"Delay (ms)","KPI from->to",114,13
"Delay (ms)","KPI from->to",116,16
"Delay (ms)","KPI from->to",118,17
"Delay (ms)","KPI from->to",120,17

Metric,"Pair Name",Timestamp,Value
Loss,"KPI from->to",2,0
Loss,"KPI from->to",4,0
Loss,"KPI from->to",6,0
Loss,"KPI from->to",8,0
Loss,"KPI from->to",10,0
Loss,"KPI from->to",12,0
Loss,"KPI from->to",14,0
Loss,"KPI from->to",16,0
Loss,"KPI from->to",18,0
Loss,"KPI from->to",20,0
Loss,"KPI from->to",22,0
Loss,"KPI from->to",24,0
Loss,"KPI from->to",26,0
Loss,"KPI from->to",28,0
Loss,"KPI from->to",30,0
Loss,"KPI from->to",32,0
Loss,"KPI from->to",34,0
Loss,"KPI from->to",36,0
Loss,"KPI from->to",38,0
Loss,"KPI from->to",40,0
Loss,"KPI from->to",42,0
Loss,"KPI from->to",44,0
Loss,"KPI from->to",46,0
Loss,"KPI from->to",48,0
Loss,"KPI from->to",50,0
Loss,"KPI from->to",52,0
Loss,"KPI from->to",54,0
Loss,"KPI from->to",56,0
Loss,"KPI from->to",58,0
Loss,"KPI from->to",60,0
Loss,"KPI from->to",62,0
Loss,"KPI from->to",64,0
Loss,"KPI from->to",66,0
Loss,"KPI from->to",68,0
Loss,"KPI from->to",70,0
Loss,"KPI from->to",72,0
Loss,"KPI from->to",74,0
Loss,"KPI from->to",76,0
Loss,"KPI from->to",78,0
Loss,"KPI from->to",80,0
Loss,"KPI from->to",82,0
Loss,"KPI from->to",84,0
Loss,"KPI from->to",86,0
Loss,"KPI from->to",88,0
Loss,"KPI from->to",90,0
Loss,"KPI from->to",92,0
Loss,"KPI from->to",94,0
Loss,"KPI from->to",96,0
Loss,"KPI from->to",98,0
Loss,"KPI from->to",100,0

Metric,"Pair Name",Timestamp,Value
"Delay (ms)","KPI from->to",2,16
"Delay (ms)","KPI from->to",4,15
"Delay (ms)","KPI from->to",6,15
"Delay (ms)","KPI from->to",8,15
"Delay (ms)","KPI from->to",10,15
"Delay (ms)","KPI from->to",12,15
"Delay (ms)","KPI from->to",14,17
"Delay (ms)","KPI from->to",16,23
"Delay (ms)","KPI from->to",18,22
"Delay (ms)","KPI from->to",20,23
"Delay (ms)","KPI from->to",22,21
"Delay (ms)","KPI from->to",24,21
"Delay (ms)","KPI from->to",26,20
"Delay (ms)","KPI from->to",28,21
"Delay (ms)","KPI from->to",30,15
"Delay (ms)","KPI from->to",32,15
"Delay (ms)","KPI from->to",34,20
"Delay (ms)","KPI from->to",36,18
"Delay (ms)","KPI from->to",38,13
"Delay (ms)","KPI from->to",40,24
"Delay (ms)","KPI from->to",42,22
"Delay (ms)","KPI from->to",44,11
"Delay (ms)","KPI from->to",46,15
"Delay (ms)","KPI from->to",48,10
"Delay (ms)","KPI from->to",50,11
"Delay (ms)","KPI from->to",52,12
"Delay (ms)","KPI from->to",54,11
"Delay (ms)","KPI from->to",56,13
"Delay (ms)","KPI from->to",58,7
"Delay (ms)","KPI from->to",60,8
"Delay (ms)","KPI from->to",62,7
"Delay (ms)","KPI from->to",64,4
"Delay (ms)","KPI from->to",66,13
"Delay (ms)","KPI from->to",68,4
"Delay (ms)","KPI from->to",70,2
"Delay (ms)","KPI from->to",72,2
"Delay (ms)","KPI from->to",74,14
"Delay (ms)","KPI from->to",76,20
"Delay (ms)","KPI from->to",78,14
"Delay (ms)","KPI from->to",80,14
"Delay (ms)","KPI from->to",82,12
"Delay (ms)","KPI from->to",84,13
"Delay (ms)","KPI from->to",86,12
"Delay (ms)","KPI from->to",88,14
"Delay (ms)","KPI from->to",90,15
"Delay (ms)","KPI from->to",92,15
"Delay (ms)","KPI from->to",94,15
"Delay (ms)","KPI from->to",96,14
"Delay (ms)","KPI from->to",98,14
"Delay (ms)","KPI from->to",100,15

Metric,"Pair Name",Timestamp,Value
"Max Delay Variation (ms)","KPI from->to",102,52
"Max Delay Variation (ms)","KPI from->to",104,6
"Max Delay Variation (ms)","KPI from->to",106,54
"Max Delay Variation (ms)","KPI from->to",108,62
"Max Delay Variation (ms)","KPI from->to",110,42
"Max Delay Variation (ms)","KPI from->to",112,43
"Max Delay Variation (ms)","KPI from->to",114,41
"Max Delay Variation (ms)","KPI from->to",116,59
"Max Delay Variation (ms)","KPI from->to",118,43
"Max Delay Variation (ms)","KPI from->to",120,60

Metric,"Pair Name",Timestamp,Value
MOS,"KPI from->to",2,4.37
MOS,"KPI from->to",4,4.37
MOS,"KPI from->to",6,4.37
MOS,"KPI from->to",8,4.37
MOS,"KPI from->to",10,4.37
MOS,"KPI from->to",12,4.37
MOS,"KPI from->to",14,3.47
MOS,"KPI from->to",16,2.42
MOS,"KPI from->to",18,2.17
MOS,"KPI from->to",20,1.87
MOS,"KPI from->to",22,2.42
MOS,"KPI from->to",24,1.87
MOS,"KPI from->to",26,2.4
MOS,"KPI from->to",28,1.45
MOS,"KPI from->to",30,2.8
MOS,"KPI from->to",32,2.8
MOS,"KPI from->to",34,2.18
MOS,"KPI from->to",36,2.14
MOS,"KPI from->to",38,1.52
MOS,"KPI from->to",40,1
MOS,"KPI from->to",42,1.87
MOS,"KPI from->to",44,2.43
MOS,"KPI from->to",46,1
MOS,"KPI from->to",48,2.19
MOS,"KPI from->to",50,1.88
MOS,"KPI from->to",52,1.88
MOS,"KPI from->to",54,2.43
MOS,"KPI from->to",56,1
MOS,"KPI from->to",58,1.43
MOS,"KPI from->to",60,1.4
MOS,"KPI from->to",62,1.4
MOS,"KPI from->to",64,2.4
MOS,"KPI from->to",66,1.95
MOS,"KPI from->to",68,2.18
MOS,"KPI from->to",70,3.5
MOS,"KPI from->to",72,2.82
MOS,"KPI from->to",74,3.47
MOS,"KPI from->to",76,2.19
MOS,"KPI from->to",78,4.37
MOS,"KPI from->to",80,4.37
MOS,"KPI from->to",82,4.37
MOS,"KPI from->to",84,4.37
MOS,"KPI from->to",86,4.37
MOS,"KPI from->to",88,4.37
MOS,"KPI from->to",90,4.37
MOS,"KPI from->to",92,4.37
MOS,"KPI from->to",94,4.37
MOS,"KPI from->to",96,4.37
MOS,"KPI from->to",98,4.37
MOS,"KPI from->to",100,4.37

Metric,"Pair Name",Timestamp,Value
"Jitter (ms)","KPI from->to",2,0
"Jitter (ms)","KPI from->to",4,1
"Jitter (ms)","KPI from->to",6,1
"Jitter (ms)","KPI from->to",8,1
"Jitter (ms)","KPI from->to",10,1
"Jitter (ms)","KPI from->to",12,1
"Jitter (ms)","KPI from->to",14,6
"Jitter (ms)","KPI from->to",16,7
"Jitter (ms)","KPI from->to",18,3
"Jitter (ms)","KPI from->to",20,4
"Jitter (ms)","KPI from->to",22,4
"Jitter (ms)","KPI from->to",24,12
"Jitter (ms)","KPI from->to",26,5
"Jitter (ms)","KPI from->to",28,4
"Jitter (ms)","KPI from->to",30,1
"Jitter (ms)","KPI from->to",32,2
"Jitter (ms)","KPI from->to",34,7
"Jitter (ms)","KPI from->to",36,3
"Jitter (ms)","KPI from->to",38,7
"Jitter (ms)","KPI from->to",40,12
"Jitter (ms)","KPI from->to",42,6
"Jitter (ms)","KPI from->to",44,11
"Jitter (ms)","KPI from->to",46,5
"Jitter (ms)","KPI from->to",48,5
"Jitter (ms)","KPI from->to",50,6
"Jitter (ms)","KPI from->to",52,8
"Jitter (ms)","KPI from->to",54,7
"Jitter (ms)","KPI from->to",56,8
"Jitter (ms)","KPI from->to",58,5
"Jitter (ms)","KPI from->to",60,10
"Jitter (ms)","KPI from->to",62,10
"Jitter (ms)","KPI from->to",64,4
"Jitter (ms)","KPI from->to",66,1
"Jitter (ms)","KPI from->to",68,6
"Jitter (ms)","KPI from->to",70,1
"Jitter (ms)","KPI from->to",72,0
"Jitter (ms)","KPI from->to",74,0
"Jitter (ms)","KPI from->to",76,3
"Jitter (ms)","KPI from->to",78,1
"Jitter (ms)","KPI from->to",80,2
"Jitter (ms)","KPI from->to",82,1
"Jitter (ms)","KPI from->to",84,1
"Jitter (ms)","KPI from->to",86,2
"Jitter (ms)","KPI from->to",88,1
"Jitter (ms)","KPI from->to",90,1
"Jitter (ms)","KPI from->to",92,1
"Jitter (ms)","KPI from->to",94,1
"Jitter (ms)","KPI from->to",96,0
"Jitter (ms)","KPI from->to",98,1
"Jitter (ms)","KPI from->to",100,1

Metric,"Pair Name",Timestamp,Value
"Jitter (ms)","KPI from->to",102,1
"Jitter (ms)","KPI from->to",104,1
"Jitter (ms)","KPI from->to",106,4
"Jitter (ms)","KPI from->to",108,4
"Jitter (ms)","KPI from->to",110,1
"Jitter (ms)","KPI from->to",112,2
"Jitter (ms)","KPI from->to",114,1
"Jitter (ms)","KPI from->to",116,3
"Jitter (ms)","KPI from->to",118,2
"Jitter (ms)","KPI from->to",120,8

Metric,"Pair Name",Timestamp,Value
MOS,"KPI from->to",102,3.48
MOS,"KPI from->to",104,4.37
MOS,"KPI from->to",106,2.8
MOS,"KPI from->to",108,2.16
MOS,"KPI from->to",110,2.44
MOS,"KPI from->to",112,2.42
MOS,"KPI from->to",114,3.47
MOS,"KPI from->to",116,3.5
MOS,"KPI from->to",118,1.87
MOS,"KPI from->to",120,2.18


