"Test Information",Value
"RUN ID",496
"END EXECUTION TIME","2021-05-13 14:08:33"
"SOURCE PROBE NAME",raspberrypi-AAS
"SOURCE PROBE TEST IP ADDRESS",raspberrypi-AAS
"SOURCE PROBE MANAGEMENT IP ADDRESS",raspberrypi-AAS
"SOURCE PROBE GROUP",Administrators
"DESTINATION PROBE NAME",raspberrypi-5G
"DESTINATION PROBE TEST IP ADDRESS",raspberrypi-5G
"DESTINATION PROBE MANAGEMENT IP ADDRESS",raspberrypi-5G
"DESTINATION PROBE GROUP",Administrators
"DESTINATION PROBE LOCATION",
"TEST MODULE",MESH
"TEST TYPE","Network KPI"
"TEST ADDITIONAL INFORMATION"," DSCP Setting: Best Effort"
"TEST DURATION",120
"TEST STATUS",Failed
"FAIL OR ERROR REASON"," Threshold failed on KPI from->to Jitter Max (ms) 
 Threshold failed on KPI from->to Max Delay Variation (ms) 
 Threshold failed on KPI from->to MOS 
"

Metric,"Pair Name",Value,"Threshold Type",Threshold,"Status KPI"
"Datagrams Out of Order","KPI from->to",0.0,0,>=,Passed
"Delay (ms)","KPI from->to",16.7,0,<=,Passed
"Jitter (ms)","KPI from->to",2.68,0,<=,Passed
"Jitter Max (ms)","KPI from->to",15.0,0,<=,Failed
Loss,"KPI from->to",0.0,0,<=,Passed
"Max Delay Variation (ms)","KPI from->to",128.0,0,<=,Failed
"Max loss burst","KPI from->to",0.0,0,<=,Passed
MOS,"KPI from->to",3.29,1,<=,Failed

Metric,"Pair Name",Timestamp,Value
"Delay (ms)","KPI from->to",102,13
"Delay (ms)","KPI from->to",104,14
"Delay (ms)","KPI from->to",106,14
"Delay (ms)","KPI from->to",108,15
"Delay (ms)","KPI from->to",110,16
"Delay (ms)","KPI from->to",112,16
"Delay (ms)","KPI from->to",114,16
"Delay (ms)","KPI from->to",116,16
"Delay (ms)","KPI from->to",118,16
"Delay (ms)","KPI from->to",120,15

Metric,"Pair Name",Timestamp,Value
MOS,"KPI from->to",102,4.37
MOS,"KPI from->to",104,3.48
MOS,"KPI from->to",106,4.37
MOS,"KPI from->to",108,3.48
MOS,"KPI from->to",110,4.37
MOS,"KPI from->to",112,4.37
MOS,"KPI from->to",114,4.37
MOS,"KPI from->to",116,4.37
MOS,"KPI from->to",118,4.37
MOS,"KPI from->to",120,4.37

Metric,"Pair Name",Timestamp,Value
"Jitter (ms)","KPI from->to",2,1
"Jitter (ms)","KPI from->to",4,5
"Jitter (ms)","KPI from->to",6,5
"Jitter (ms)","KPI from->to",8,0
"Jitter (ms)","KPI from->to",10,4
"Jitter (ms)","KPI from->to",12,4
"Jitter (ms)","KPI from->to",14,3
"Jitter (ms)","KPI from->to",16,5
"Jitter (ms)","KPI from->to",18,2
"Jitter (ms)","KPI from->to",20,9
"Jitter (ms)","KPI from->to",22,15
"Jitter (ms)","KPI from->to",24,1
"Jitter (ms)","KPI from->to",26,1
"Jitter (ms)","KPI from->to",28,8
"Jitter (ms)","KPI from->to",30,6
"Jitter (ms)","KPI from->to",32,1
"Jitter (ms)","KPI from->to",34,5
"Jitter (ms)","KPI from->to",36,3
"Jitter (ms)","KPI from->to",38,4
"Jitter (ms)","KPI from->to",40,10
"Jitter (ms)","KPI from->to",42,1
"Jitter (ms)","KPI from->to",44,1
"Jitter (ms)","KPI from->to",46,2
"Jitter (ms)","KPI from->to",48,1
"Jitter (ms)","KPI from->to",50,1
"Jitter (ms)","KPI from->to",52,1
"Jitter (ms)","KPI from->to",54,3
"Jitter (ms)","KPI from->to",56,2
"Jitter (ms)","KPI from->to",58,1
"Jitter (ms)","KPI from->to",60,8
"Jitter (ms)","KPI from->to",62,8
"Jitter (ms)","KPI from->to",64,1
"Jitter (ms)","KPI from->to",66,2
"Jitter (ms)","KPI from->to",68,1
"Jitter (ms)","KPI from->to",70,1
"Jitter (ms)","KPI from->to",72,1
"Jitter (ms)","KPI from->to",74,1
"Jitter (ms)","KPI from->to",76,1
"Jitter (ms)","KPI from->to",78,1
"Jitter (ms)","KPI from->to",80,4
"Jitter (ms)","KPI from->to",82,8
"Jitter (ms)","KPI from->to",84,0
"Jitter (ms)","KPI from->to",86,1
"Jitter (ms)","KPI from->to",88,1
"Jitter (ms)","KPI from->to",90,1
"Jitter (ms)","KPI from->to",92,0
"Jitter (ms)","KPI from->to",94,2
"Jitter (ms)","KPI from->to",96,0
"Jitter (ms)","KPI from->to",98,1
"Jitter (ms)","KPI from->to",100,0

Metric,"Pair Name",Timestamp,Value
Loss,"KPI from->to",102,0
Loss,"KPI from->to",104,0
Loss,"KPI from->to",106,0
Loss,"KPI from->to",108,0
Loss,"KPI from->to",110,0
Loss,"KPI from->to",112,0
Loss,"KPI from->to",114,0
Loss,"KPI from->to",116,0
Loss,"KPI from->to",118,0
Loss,"KPI from->to",120,0

Metric,"Pair Name",Timestamp,Value
"Max Delay Variation (ms)","KPI from->to",2,50
"Max Delay Variation (ms)","KPI from->to",4,59
"Max Delay Variation (ms)","KPI from->to",6,99
"Max Delay Variation (ms)","KPI from->to",8,63
"Max Delay Variation (ms)","KPI from->to",10,97
"Max Delay Variation (ms)","KPI from->to",12,58
"Max Delay Variation (ms)","KPI from->to",14,44
"Max Delay Variation (ms)","KPI from->to",16,58
"Max Delay Variation (ms)","KPI from->to",18,55
"Max Delay Variation (ms)","KPI from->to",20,59
"Max Delay Variation (ms)","KPI from->to",22,128
"Max Delay Variation (ms)","KPI from->to",24,19
"Max Delay Variation (ms)","KPI from->to",26,58
"Max Delay Variation (ms)","KPI from->to",28,99
"Max Delay Variation (ms)","KPI from->to",30,51
"Max Delay Variation (ms)","KPI from->to",32,59
"Max Delay Variation (ms)","KPI from->to",34,97
"Max Delay Variation (ms)","KPI from->to",36,57
"Max Delay Variation (ms)","KPI from->to",38,64
"Max Delay Variation (ms)","KPI from->to",40,56
"Max Delay Variation (ms)","KPI from->to",42,6
"Max Delay Variation (ms)","KPI from->to",44,6
"Max Delay Variation (ms)","KPI from->to",46,57
"Max Delay Variation (ms)","KPI from->to",48,98
"Max Delay Variation (ms)","KPI from->to",50,56
"Max Delay Variation (ms)","KPI from->to",52,42
"Max Delay Variation (ms)","KPI from->to",54,97
"Max Delay Variation (ms)","KPI from->to",56,50
"Max Delay Variation (ms)","KPI from->to",58,7
"Max Delay Variation (ms)","KPI from->to",60,71
"Max Delay Variation (ms)","KPI from->to",62,98
"Max Delay Variation (ms)","KPI from->to",64,53
"Max Delay Variation (ms)","KPI from->to",66,8
"Max Delay Variation (ms)","KPI from->to",68,10
"Max Delay Variation (ms)","KPI from->to",70,6
"Max Delay Variation (ms)","KPI from->to",72,56
"Max Delay Variation (ms)","KPI from->to",74,8
"Max Delay Variation (ms)","KPI from->to",76,60
"Max Delay Variation (ms)","KPI from->to",78,95
"Max Delay Variation (ms)","KPI from->to",80,57
"Max Delay Variation (ms)","KPI from->to",82,69
"Max Delay Variation (ms)","KPI from->to",84,28
"Max Delay Variation (ms)","KPI from->to",86,57
"Max Delay Variation (ms)","KPI from->to",88,20
"Max Delay Variation (ms)","KPI from->to",90,42
"Max Delay Variation (ms)","KPI from->to",92,7
"Max Delay Variation (ms)","KPI from->to",94,39
"Max Delay Variation (ms)","KPI from->to",96,42
"Max Delay Variation (ms)","KPI from->to",98,8
"Max Delay Variation (ms)","KPI from->to",100,7

Metric,"Pair Name",Timestamp,Value
MOS,"KPI from->to",2,3.46
MOS,"KPI from->to",4,1
MOS,"KPI from->to",6,2.43
MOS,"KPI from->to",8,2.78
MOS,"KPI from->to",10,1.87
MOS,"KPI from->to",12,2.81
MOS,"KPI from->to",14,2.79
MOS,"KPI from->to",16,2.18
MOS,"KPI from->to",18,2.8
MOS,"KPI from->to",20,1
MOS,"KPI from->to",22,1
MOS,"KPI from->to",24,4.37
MOS,"KPI from->to",26,2.41
MOS,"KPI from->to",28,1
MOS,"KPI from->to",30,2.42
MOS,"KPI from->to",32,2.8
MOS,"KPI from->to",34,1.38
MOS,"KPI from->to",36,2.18
MOS,"KPI from->to",38,1.39
MOS,"KPI from->to",40,1.87
MOS,"KPI from->to",42,4.37
MOS,"KPI from->to",44,4.37
MOS,"KPI from->to",46,2.8
MOS,"KPI from->to",48,2.79
MOS,"KPI from->to",50,2.8
MOS,"KPI from->to",52,3.48
MOS,"KPI from->to",54,3.49
MOS,"KPI from->to",56,3.47
MOS,"KPI from->to",58,4.37
MOS,"KPI from->to",60,3.48
MOS,"KPI from->to",62,2.79
MOS,"KPI from->to",64,3.48
MOS,"KPI from->to",66,4.37
MOS,"KPI from->to",68,4.37
MOS,"KPI from->to",70,4.37
MOS,"KPI from->to",72,3.49
MOS,"KPI from->to",74,4.37
MOS,"KPI from->to",76,3.48
MOS,"KPI from->to",78,2.79
MOS,"KPI from->to",80,3.48
MOS,"KPI from->to",82,2.42
MOS,"KPI from->to",84,4.37
MOS,"KPI from->to",86,3.48
MOS,"KPI from->to",88,4.37
MOS,"KPI from->to",90,3.48
MOS,"KPI from->to",92,4.37
MOS,"KPI from->to",94,4.37
MOS,"KPI from->to",96,3.48
MOS,"KPI from->to",98,4.37
MOS,"KPI from->to",100,4.37

Metric,"Pair Name",Timestamp,Value
"Delay (ms)","KPI from->to",2,17
"Delay (ms)","KPI from->to",4,24
"Delay (ms)","KPI from->to",6,20
"Delay (ms)","KPI from->to",8,18
"Delay (ms)","KPI from->to",10,23
"Delay (ms)","KPI from->to",12,17
"Delay (ms)","KPI from->to",14,17
"Delay (ms)","KPI from->to",16,19
"Delay (ms)","KPI from->to",18,15
"Delay (ms)","KPI from->to",20,20
"Delay (ms)","KPI from->to",22,31
"Delay (ms)","KPI from->to",24,14
"Delay (ms)","KPI from->to",26,17
"Delay (ms)","KPI from->to",28,24
"Delay (ms)","KPI from->to",30,15
"Delay (ms)","KPI from->to",32,16
"Delay (ms)","KPI from->to",34,27
"Delay (ms)","KPI from->to",36,15
"Delay (ms)","KPI from->to",38,17
"Delay (ms)","KPI from->to",40,18
"Delay (ms)","KPI from->to",42,11
"Delay (ms)","KPI from->to",44,11
"Delay (ms)","KPI from->to",46,15
"Delay (ms)","KPI from->to",48,19
"Delay (ms)","KPI from->to",50,16
"Delay (ms)","KPI from->to",52,15
"Delay (ms)","KPI from->to",54,18
"Delay (ms)","KPI from->to",56,16
"Delay (ms)","KPI from->to",58,15
"Delay (ms)","KPI from->to",60,18
"Delay (ms)","KPI from->to",62,20
"Delay (ms)","KPI from->to",64,16
"Delay (ms)","KPI from->to",66,15
"Delay (ms)","KPI from->to",68,15
"Delay (ms)","KPI from->to",70,14
"Delay (ms)","KPI from->to",72,16
"Delay (ms)","KPI from->to",74,15
"Delay (ms)","KPI from->to",76,17
"Delay (ms)","KPI from->to",78,19
"Delay (ms)","KPI from->to",80,16
"Delay (ms)","KPI from->to",82,21
"Delay (ms)","KPI from->to",84,16
"Delay (ms)","KPI from->to",86,16
"Delay (ms)","KPI from->to",88,15
"Delay (ms)","KPI from->to",90,15
"Delay (ms)","KPI from->to",92,13
"Delay (ms)","KPI from->to",94,14
"Delay (ms)","KPI from->to",96,14
"Delay (ms)","KPI from->to",98,13
"Delay (ms)","KPI from->to",100,13

Metric,"Pair Name",Timestamp,Value
"Jitter (ms)","KPI from->to",102,1
"Jitter (ms)","KPI from->to",104,4
"Jitter (ms)","KPI from->to",106,1
"Jitter (ms)","KPI from->to",108,1
"Jitter (ms)","KPI from->to",110,1
"Jitter (ms)","KPI from->to",112,1
"Jitter (ms)","KPI from->to",114,1
"Jitter (ms)","KPI from->to",116,1
"Jitter (ms)","KPI from->to",118,2
"Jitter (ms)","KPI from->to",120,0

Metric,"Pair Name",Timestamp,Value
Loss,"KPI from->to",2,0
Loss,"KPI from->to",4,0
Loss,"KPI from->to",6,0
Loss,"KPI from->to",8,0
Loss,"KPI from->to",10,0
Loss,"KPI from->to",12,0
Loss,"KPI from->to",14,0
Loss,"KPI from->to",16,0
Loss,"KPI from->to",18,0
Loss,"KPI from->to",20,0
Loss,"KPI from->to",22,0
Loss,"KPI from->to",24,0
Loss,"KPI from->to",26,0
Loss,"KPI from->to",28,0
Loss,"KPI from->to",30,0
Loss,"KPI from->to",32,0
Loss,"KPI from->to",34,0
Loss,"KPI from->to",36,0
Loss,"KPI from->to",38,0
Loss,"KPI from->to",40,0
Loss,"KPI from->to",42,0
Loss,"KPI from->to",44,0
Loss,"KPI from->to",46,0
Loss,"KPI from->to",48,0
Loss,"KPI from->to",50,0
Loss,"KPI from->to",52,0
Loss,"KPI from->to",54,0
Loss,"KPI from->to",56,0
Loss,"KPI from->to",58,0
Loss,"KPI from->to",60,0
Loss,"KPI from->to",62,0
Loss,"KPI from->to",64,0
Loss,"KPI from->to",66,0
Loss,"KPI from->to",68,0
Loss,"KPI from->to",70,0
Loss,"KPI from->to",72,0
Loss,"KPI from->to",74,0
Loss,"KPI from->to",76,0
Loss,"KPI from->to",78,0
Loss,"KPI from->to",80,0
Loss,"KPI from->to",82,0
Loss,"KPI from->to",84,0
Loss,"KPI from->to",86,0
Loss,"KPI from->to",88,0
Loss,"KPI from->to",90,0
Loss,"KPI from->to",92,0
Loss,"KPI from->to",94,0
Loss,"KPI from->to",96,0
Loss,"KPI from->to",98,0
Loss,"KPI from->to",100,0

Metric,"Pair Name",Timestamp,Value
"Max Delay Variation (ms)","KPI from->to",102,7
"Max Delay Variation (ms)","KPI from->to",104,57
"Max Delay Variation (ms)","KPI from->to",106,40
"Max Delay Variation (ms)","KPI from->to",108,56
"Max Delay Variation (ms)","KPI from->to",110,10
"Max Delay Variation (ms)","KPI from->to",112,8
"Max Delay Variation (ms)","KPI from->to",114,7
"Max Delay Variation (ms)","KPI from->to",116,6
"Max Delay Variation (ms)","KPI from->to",118,8
"Max Delay Variation (ms)","KPI from->to",120,9


