"Test Information",Value
"RUN ID",496
"END EXECUTION TIME","2021-05-13 13:57:25"
"SOURCE PROBE NAME",raspberrypi-5G
"SOURCE PROBE TEST IP ADDRESS",raspberrypi-5G
"SOURCE PROBE MANAGEMENT IP ADDRESS",raspberrypi-5G
"SOURCE PROBE GROUP",Administrators
"DESTINATION PROBE NAME",raspberrypi-AAS
"DESTINATION PROBE TEST IP ADDRESS",raspberrypi-AAS
"DESTINATION PROBE MANAGEMENT IP ADDRESS",raspberrypi-AAS
"DESTINATION PROBE GROUP",Administrators
"DESTINATION PROBE LOCATION",
"TEST MODULE",MESH
"TEST TYPE","Network KPI"
"TEST ADDITIONAL INFORMATION"," DSCP Setting: Best Effort"
"TEST DURATION",120
"TEST STATUS",Failed
"FAIL OR ERROR REASON"," Threshold failed on KPI from->to Max Delay Variation (ms) 
"

Metric,"Pair Name",Value,"Threshold Type",Threshold,"Status KPI"
"Datagrams Out of Order","KPI from->to",0.0,0,>=,Passed
"Delay (ms)","KPI from->to",22.42,0,<=,Passed
"Jitter (ms)","KPI from->to",2.18,0,<=,Passed
"Jitter Max (ms)","KPI from->to",5.0,0,<=,Passed
Loss,"KPI from->to",0.0,0,<=,Passed
"Max Delay Variation (ms)","KPI from->to",63.0,0,<=,Failed
"Max loss burst","KPI from->to",0.0,0,<=,Passed
MOS,"KPI from->to",4.35,1,<=,Passed

Metric,"Pair Name",Timestamp,Value
"Delay (ms)","KPI from->to",102,20
"Delay (ms)","KPI from->to",104,19
"Delay (ms)","KPI from->to",106,20
"Delay (ms)","KPI from->to",108,20
"Delay (ms)","KPI from->to",110,19
"Delay (ms)","KPI from->to",112,19
"Delay (ms)","KPI from->to",114,20
"Delay (ms)","KPI from->to",116,19
"Delay (ms)","KPI from->to",118,19
"Delay (ms)","KPI from->to",120,22

Metric,"Pair Name",Timestamp,Value
Loss,"KPI from->to",2,0
Loss,"KPI from->to",4,0
Loss,"KPI from->to",6,0
Loss,"KPI from->to",8,0
Loss,"KPI from->to",10,0
Loss,"KPI from->to",12,0
Loss,"KPI from->to",14,0
Loss,"KPI from->to",16,0
Loss,"KPI from->to",18,0
Loss,"KPI from->to",20,0
Loss,"KPI from->to",22,0
Loss,"KPI from->to",24,0
Loss,"KPI from->to",26,0
Loss,"KPI from->to",28,0
Loss,"KPI from->to",30,0
Loss,"KPI from->to",32,0
Loss,"KPI from->to",34,0
Loss,"KPI from->to",36,0
Loss,"KPI from->to",38,0
Loss,"KPI from->to",40,0
Loss,"KPI from->to",42,0
Loss,"KPI from->to",44,0
Loss,"KPI from->to",46,0
Loss,"KPI from->to",48,0
Loss,"KPI from->to",50,0
Loss,"KPI from->to",52,0
Loss,"KPI from->to",54,0
Loss,"KPI from->to",56,0
Loss,"KPI from->to",58,0
Loss,"KPI from->to",60,0
Loss,"KPI from->to",62,0
Loss,"KPI from->to",64,0
Loss,"KPI from->to",66,0
Loss,"KPI from->to",68,0
Loss,"KPI from->to",70,0
Loss,"KPI from->to",72,0
Loss,"KPI from->to",74,0
Loss,"KPI from->to",76,0
Loss,"KPI from->to",78,0
Loss,"KPI from->to",80,0
Loss,"KPI from->to",82,0
Loss,"KPI from->to",84,0
Loss,"KPI from->to",86,0
Loss,"KPI from->to",88,0
Loss,"KPI from->to",90,0
Loss,"KPI from->to",92,0
Loss,"KPI from->to",94,0
Loss,"KPI from->to",96,0
Loss,"KPI from->to",98,0
Loss,"KPI from->to",100,0

Metric,"Pair Name",Timestamp,Value
"Delay (ms)","KPI from->to",2,23
"Delay (ms)","KPI from->to",4,24
"Delay (ms)","KPI from->to",6,24
"Delay (ms)","KPI from->to",8,23
"Delay (ms)","KPI from->to",10,22
"Delay (ms)","KPI from->to",12,22
"Delay (ms)","KPI from->to",14,22
"Delay (ms)","KPI from->to",16,25
"Delay (ms)","KPI from->to",18,19
"Delay (ms)","KPI from->to",20,20
"Delay (ms)","KPI from->to",22,22
"Delay (ms)","KPI from->to",24,19
"Delay (ms)","KPI from->to",26,23
"Delay (ms)","KPI from->to",28,25
"Delay (ms)","KPI from->to",30,22
"Delay (ms)","KPI from->to",32,22
"Delay (ms)","KPI from->to",34,24
"Delay (ms)","KPI from->to",36,25
"Delay (ms)","KPI from->to",38,23
"Delay (ms)","KPI from->to",40,21
"Delay (ms)","KPI from->to",42,24
"Delay (ms)","KPI from->to",44,22
"Delay (ms)","KPI from->to",46,23
"Delay (ms)","KPI from->to",48,23
"Delay (ms)","KPI from->to",50,23
"Delay (ms)","KPI from->to",52,24
"Delay (ms)","KPI from->to",54,23
"Delay (ms)","KPI from->to",56,24
"Delay (ms)","KPI from->to",58,24
"Delay (ms)","KPI from->to",60,23
"Delay (ms)","KPI from->to",62,22
"Delay (ms)","KPI from->to",64,23
"Delay (ms)","KPI from->to",66,24
"Delay (ms)","KPI from->to",68,22
"Delay (ms)","KPI from->to",70,23
"Delay (ms)","KPI from->to",72,22
"Delay (ms)","KPI from->to",74,25
"Delay (ms)","KPI from->to",76,25
"Delay (ms)","KPI from->to",78,24
"Delay (ms)","KPI from->to",80,23
"Delay (ms)","KPI from->to",82,24
"Delay (ms)","KPI from->to",84,24
"Delay (ms)","KPI from->to",86,24
"Delay (ms)","KPI from->to",88,26
"Delay (ms)","KPI from->to",90,26
"Delay (ms)","KPI from->to",92,25
"Delay (ms)","KPI from->to",94,25
"Delay (ms)","KPI from->to",96,20
"Delay (ms)","KPI from->to",98,18
"Delay (ms)","KPI from->to",100,20

Metric,"Pair Name",Timestamp,Value
"Jitter (ms)","KPI from->to",102,3
"Jitter (ms)","KPI from->to",104,4
"Jitter (ms)","KPI from->to",106,1
"Jitter (ms)","KPI from->to",108,3
"Jitter (ms)","KPI from->to",110,3
"Jitter (ms)","KPI from->to",112,2
"Jitter (ms)","KPI from->to",114,2
"Jitter (ms)","KPI from->to",116,3
"Jitter (ms)","KPI from->to",118,2
"Jitter (ms)","KPI from->to",120,1

Metric,"Pair Name",Timestamp,Value
Loss,"KPI from->to",102,0
Loss,"KPI from->to",104,0
Loss,"KPI from->to",106,0
Loss,"KPI from->to",108,0
Loss,"KPI from->to",110,0
Loss,"KPI from->to",112,0
Loss,"KPI from->to",114,0
Loss,"KPI from->to",116,0
Loss,"KPI from->to",118,0
Loss,"KPI from->to",120,0

Metric,"Pair Name",Timestamp,Value
MOS,"KPI from->to",102,4.36
MOS,"KPI from->to",104,4.36
MOS,"KPI from->to",106,4.36
MOS,"KPI from->to",108,4.36
MOS,"KPI from->to",110,4.36
MOS,"KPI from->to",112,4.36
MOS,"KPI from->to",114,4.36
MOS,"KPI from->to",116,4.36
MOS,"KPI from->to",118,4.36
MOS,"KPI from->to",120,4.36

Metric,"Pair Name",Timestamp,Value
"Jitter (ms)","KPI from->to",2,2
"Jitter (ms)","KPI from->to",4,3
"Jitter (ms)","KPI from->to",6,2
"Jitter (ms)","KPI from->to",8,2
"Jitter (ms)","KPI from->to",10,3
"Jitter (ms)","KPI from->to",12,2
"Jitter (ms)","KPI from->to",14,3
"Jitter (ms)","KPI from->to",16,5
"Jitter (ms)","KPI from->to",18,3
"Jitter (ms)","KPI from->to",20,3
"Jitter (ms)","KPI from->to",22,2
"Jitter (ms)","KPI from->to",24,2
"Jitter (ms)","KPI from->to",26,1
"Jitter (ms)","KPI from->to",28,3
"Jitter (ms)","KPI from->to",30,5
"Jitter (ms)","KPI from->to",32,2
"Jitter (ms)","KPI from->to",34,4
"Jitter (ms)","KPI from->to",36,4
"Jitter (ms)","KPI from->to",38,1
"Jitter (ms)","KPI from->to",40,1
"Jitter (ms)","KPI from->to",42,1
"Jitter (ms)","KPI from->to",44,1
"Jitter (ms)","KPI from->to",46,0
"Jitter (ms)","KPI from->to",48,2
"Jitter (ms)","KPI from->to",50,2
"Jitter (ms)","KPI from->to",52,1
"Jitter (ms)","KPI from->to",54,1
"Jitter (ms)","KPI from->to",56,2
"Jitter (ms)","KPI from->to",58,2
"Jitter (ms)","KPI from->to",60,1
"Jitter (ms)","KPI from->to",62,3
"Jitter (ms)","KPI from->to",64,1
"Jitter (ms)","KPI from->to",66,3
"Jitter (ms)","KPI from->to",68,1
"Jitter (ms)","KPI from->to",70,1
"Jitter (ms)","KPI from->to",72,1
"Jitter (ms)","KPI from->to",74,2
"Jitter (ms)","KPI from->to",76,1
"Jitter (ms)","KPI from->to",78,1
"Jitter (ms)","KPI from->to",80,3
"Jitter (ms)","KPI from->to",82,0
"Jitter (ms)","KPI from->to",84,4
"Jitter (ms)","KPI from->to",86,1
"Jitter (ms)","KPI from->to",88,1
"Jitter (ms)","KPI from->to",90,3
"Jitter (ms)","KPI from->to",92,3
"Jitter (ms)","KPI from->to",94,3
"Jitter (ms)","KPI from->to",96,3
"Jitter (ms)","KPI from->to",98,3
"Jitter (ms)","KPI from->to",100,3

Metric,"Pair Name",Timestamp,Value
"Max Delay Variation (ms)","KPI from->to",2,21
"Max Delay Variation (ms)","KPI from->to",4,14
"Max Delay Variation (ms)","KPI from->to",6,16
"Max Delay Variation (ms)","KPI from->to",8,23
"Max Delay Variation (ms)","KPI from->to",10,13
"Max Delay Variation (ms)","KPI from->to",12,15
"Max Delay Variation (ms)","KPI from->to",14,13
"Max Delay Variation (ms)","KPI from->to",16,16
"Max Delay Variation (ms)","KPI from->to",18,20
"Max Delay Variation (ms)","KPI from->to",20,15
"Max Delay Variation (ms)","KPI from->to",22,15
"Max Delay Variation (ms)","KPI from->to",24,18
"Max Delay Variation (ms)","KPI from->to",26,15
"Max Delay Variation (ms)","KPI from->to",28,12
"Max Delay Variation (ms)","KPI from->to",30,18
"Max Delay Variation (ms)","KPI from->to",32,15
"Max Delay Variation (ms)","KPI from->to",34,15
"Max Delay Variation (ms)","KPI from->to",36,16
"Max Delay Variation (ms)","KPI from->to",38,11
"Max Delay Variation (ms)","KPI from->to",40,9
"Max Delay Variation (ms)","KPI from->to",42,12
"Max Delay Variation (ms)","KPI from->to",44,9
"Max Delay Variation (ms)","KPI from->to",46,9
"Max Delay Variation (ms)","KPI from->to",48,8
"Max Delay Variation (ms)","KPI from->to",50,8
"Max Delay Variation (ms)","KPI from->to",52,12
"Max Delay Variation (ms)","KPI from->to",54,10
"Max Delay Variation (ms)","KPI from->to",56,9
"Max Delay Variation (ms)","KPI from->to",58,10
"Max Delay Variation (ms)","KPI from->to",60,14
"Max Delay Variation (ms)","KPI from->to",62,12
"Max Delay Variation (ms)","KPI from->to",64,28
"Max Delay Variation (ms)","KPI from->to",66,17
"Max Delay Variation (ms)","KPI from->to",68,9
"Max Delay Variation (ms)","KPI from->to",70,25
"Max Delay Variation (ms)","KPI from->to",72,9
"Max Delay Variation (ms)","KPI from->to",74,9
"Max Delay Variation (ms)","KPI from->to",76,10
"Max Delay Variation (ms)","KPI from->to",78,15
"Max Delay Variation (ms)","KPI from->to",80,10
"Max Delay Variation (ms)","KPI from->to",82,12
"Max Delay Variation (ms)","KPI from->to",84,11
"Max Delay Variation (ms)","KPI from->to",86,8
"Max Delay Variation (ms)","KPI from->to",88,63
"Max Delay Variation (ms)","KPI from->to",90,28
"Max Delay Variation (ms)","KPI from->to",92,20
"Max Delay Variation (ms)","KPI from->to",94,21
"Max Delay Variation (ms)","KPI from->to",96,12
"Max Delay Variation (ms)","KPI from->to",98,9
"Max Delay Variation (ms)","KPI from->to",100,13

Metric,"Pair Name",Timestamp,Value
"Max Delay Variation (ms)","KPI from->to",102,11
"Max Delay Variation (ms)","KPI from->to",104,20
"Max Delay Variation (ms)","KPI from->to",106,11
"Max Delay Variation (ms)","KPI from->to",108,27
"Max Delay Variation (ms)","KPI from->to",110,15
"Max Delay Variation (ms)","KPI from->to",112,11
"Max Delay Variation (ms)","KPI from->to",114,16
"Max Delay Variation (ms)","KPI from->to",116,12
"Max Delay Variation (ms)","KPI from->to",118,11
"Max Delay Variation (ms)","KPI from->to",120,16

Metric,"Pair Name",Timestamp,Value
MOS,"KPI from->to",2,4.36
MOS,"KPI from->to",4,4.36
MOS,"KPI from->to",6,4.36
MOS,"KPI from->to",8,4.36
MOS,"KPI from->to",10,4.36
MOS,"KPI from->to",12,4.36
MOS,"KPI from->to",14,4.36
MOS,"KPI from->to",16,4.36
MOS,"KPI from->to",18,4.36
MOS,"KPI from->to",20,4.36
MOS,"KPI from->to",22,4.36
MOS,"KPI from->to",24,4.36
MOS,"KPI from->to",26,4.36
MOS,"KPI from->to",28,4.36
MOS,"KPI from->to",30,4.36
MOS,"KPI from->to",32,4.36
MOS,"KPI from->to",34,4.36
MOS,"KPI from->to",36,4.36
MOS,"KPI from->to",38,4.36
MOS,"KPI from->to",40,4.36
MOS,"KPI from->to",42,4.36
MOS,"KPI from->to",44,4.36
MOS,"KPI from->to",46,4.36
MOS,"KPI from->to",48,4.36
MOS,"KPI from->to",50,4.36
MOS,"KPI from->to",52,4.36
MOS,"KPI from->to",54,4.36
MOS,"KPI from->to",56,4.36
MOS,"KPI from->to",58,4.36
MOS,"KPI from->to",60,4.36
MOS,"KPI from->to",62,4.36
MOS,"KPI from->to",64,4.36
MOS,"KPI from->to",66,4.36
MOS,"KPI from->to",68,4.36
MOS,"KPI from->to",70,4.36
MOS,"KPI from->to",72,4.36
MOS,"KPI from->to",74,4.36
MOS,"KPI from->to",76,4.36
MOS,"KPI from->to",78,4.36
MOS,"KPI from->to",80,4.36
MOS,"KPI from->to",82,4.36
MOS,"KPI from->to",84,4.36
MOS,"KPI from->to",86,4.36
MOS,"KPI from->to",88,3.47
MOS,"KPI from->to",90,4.36
MOS,"KPI from->to",92,4.36
MOS,"KPI from->to",94,4.36
MOS,"KPI from->to",96,4.36
MOS,"KPI from->to",98,4.36
MOS,"KPI from->to",100,4.36


