"Test Information",Value
"RUN ID",496
"END EXECUTION TIME","2021-05-13 14:06:15"
"SOURCE PROBE NAME",raspberrypi-5G
"SOURCE PROBE TEST IP ADDRESS",raspberrypi-5G
"SOURCE PROBE MANAGEMENT IP ADDRESS",raspberrypi-5G
"SOURCE PROBE GROUP",Administrators
"DESTINATION PROBE NAME",raspberrypi-AAS
"DESTINATION PROBE TEST IP ADDRESS",raspberrypi-AAS
"DESTINATION PROBE MANAGEMENT IP ADDRESS",raspberrypi-AAS
"DESTINATION PROBE GROUP",Administrators
"DESTINATION PROBE LOCATION",
"TEST MODULE",MESH
"TEST TYPE","Network KPI"
"TEST ADDITIONAL INFORMATION"," DSCP Setting: Best Effort"
"TEST DURATION",120
"TEST STATUS",Failed
"FAIL OR ERROR REASON"," Threshold failed on KPI from->to Jitter Max (ms) 
 Threshold failed on KPI from->to Max Delay Variation (ms) 
"

Metric,"Pair Name",Value,"Threshold Type",Threshold,"Status KPI"
"Datagrams Out of Order","KPI from->to",0.0,0,>=,Passed
"Delay (ms)","KPI from->to",26.63,0,<=,Passed
"Jitter (ms)","KPI from->to",1.9,0,<=,Passed
"Jitter Max (ms)","KPI from->to",6.0,0,<=,Failed
Loss,"KPI from->to",0.0,0,<=,Passed
"Max Delay Variation (ms)","KPI from->to",102.0,0,<=,Failed
"Max loss burst","KPI from->to",0.0,0,<=,Passed
MOS,"KPI from->to",4.23,1,<=,Passed

Metric,"Pair Name",Timestamp,Value
"Jitter (ms)","KPI from->to",102,1
"Jitter (ms)","KPI from->to",104,5
"Jitter (ms)","KPI from->to",106,1
"Jitter (ms)","KPI from->to",108,0
"Jitter (ms)","KPI from->to",110,0
"Jitter (ms)","KPI from->to",112,1
"Jitter (ms)","KPI from->to",114,1
"Jitter (ms)","KPI from->to",116,0
"Jitter (ms)","KPI from->to",118,0
"Jitter (ms)","KPI from->to",120,0

Metric,"Pair Name",Timestamp,Value
Loss,"KPI from->to",2,0
Loss,"KPI from->to",4,0
Loss,"KPI from->to",6,0
Loss,"KPI from->to",8,0
Loss,"KPI from->to",10,0
Loss,"KPI from->to",12,0
Loss,"KPI from->to",14,0
Loss,"KPI from->to",16,0
Loss,"KPI from->to",18,0
Loss,"KPI from->to",20,0
Loss,"KPI from->to",22,0
Loss,"KPI from->to",24,0
Loss,"KPI from->to",26,0
Loss,"KPI from->to",28,0
Loss,"KPI from->to",30,0
Loss,"KPI from->to",32,0
Loss,"KPI from->to",34,0
Loss,"KPI from->to",36,0
Loss,"KPI from->to",38,0
Loss,"KPI from->to",40,0
Loss,"KPI from->to",42,0
Loss,"KPI from->to",44,0
Loss,"KPI from->to",46,0
Loss,"KPI from->to",48,0
Loss,"KPI from->to",50,0
Loss,"KPI from->to",52,0
Loss,"KPI from->to",54,0
Loss,"KPI from->to",56,0
Loss,"KPI from->to",58,0
Loss,"KPI from->to",60,0
Loss,"KPI from->to",62,0
Loss,"KPI from->to",64,0
Loss,"KPI from->to",66,0
Loss,"KPI from->to",68,0
Loss,"KPI from->to",70,0
Loss,"KPI from->to",72,0
Loss,"KPI from->to",74,0
Loss,"KPI from->to",76,0
Loss,"KPI from->to",78,0
Loss,"KPI from->to",80,0
Loss,"KPI from->to",82,0
Loss,"KPI from->to",84,0
Loss,"KPI from->to",86,0
Loss,"KPI from->to",88,0
Loss,"KPI from->to",90,0
Loss,"KPI from->to",92,0
Loss,"KPI from->to",94,0
Loss,"KPI from->to",96,0
Loss,"KPI from->to",98,0
Loss,"KPI from->to",100,0

Metric,"Pair Name",Timestamp,Value
MOS,"KPI from->to",2,4.36
MOS,"KPI from->to",4,4.36
MOS,"KPI from->to",6,4.36
MOS,"KPI from->to",8,4.36
MOS,"KPI from->to",10,4.36
MOS,"KPI from->to",12,4.36
MOS,"KPI from->to",14,4.36
MOS,"KPI from->to",16,4.36
MOS,"KPI from->to",18,4.36
MOS,"KPI from->to",20,4.36
MOS,"KPI from->to",22,4.36
MOS,"KPI from->to",24,4.36
MOS,"KPI from->to",26,4.36
MOS,"KPI from->to",28,4.36
MOS,"KPI from->to",30,4.36
MOS,"KPI from->to",32,4.36
MOS,"KPI from->to",34,4.36
MOS,"KPI from->to",36,4.36
MOS,"KPI from->to",38,4.36
MOS,"KPI from->to",40,4.36
MOS,"KPI from->to",42,4.36
MOS,"KPI from->to",44,4.36
MOS,"KPI from->to",46,4.36
MOS,"KPI from->to",48,4.36
MOS,"KPI from->to",50,4.36
MOS,"KPI from->to",52,3.47
MOS,"KPI from->to",54,4.36
MOS,"KPI from->to",56,4.36
MOS,"KPI from->to",58,4.36
MOS,"KPI from->to",60,3.48
MOS,"KPI from->to",62,4.36
MOS,"KPI from->to",64,4.36
MOS,"KPI from->to",66,4.36
MOS,"KPI from->to",68,4.36
MOS,"KPI from->to",70,3.48
MOS,"KPI from->to",72,4.36
MOS,"KPI from->to",74,4.36
MOS,"KPI from->to",76,3.48
MOS,"KPI from->to",78,4.36
MOS,"KPI from->to",80,4.36
MOS,"KPI from->to",82,4.36
MOS,"KPI from->to",84,4.36
MOS,"KPI from->to",86,2.8
MOS,"KPI from->to",88,4.36
MOS,"KPI from->to",90,3.46
MOS,"KPI from->to",92,3.46
MOS,"KPI from->to",94,4.36
MOS,"KPI from->to",96,4.36
MOS,"KPI from->to",98,4.36
MOS,"KPI from->to",100,4.36

Metric,"Pair Name",Timestamp,Value
"Delay (ms)","KPI from->to",2,22
"Delay (ms)","KPI from->to",4,22
"Delay (ms)","KPI from->to",6,22
"Delay (ms)","KPI from->to",8,22
"Delay (ms)","KPI from->to",10,23
"Delay (ms)","KPI from->to",12,24
"Delay (ms)","KPI from->to",14,23
"Delay (ms)","KPI from->to",16,23
"Delay (ms)","KPI from->to",18,23
"Delay (ms)","KPI from->to",20,23
"Delay (ms)","KPI from->to",22,23
"Delay (ms)","KPI from->to",24,23
"Delay (ms)","KPI from->to",26,22
"Delay (ms)","KPI from->to",28,23
"Delay (ms)","KPI from->to",30,21
"Delay (ms)","KPI from->to",32,22
"Delay (ms)","KPI from->to",34,23
"Delay (ms)","KPI from->to",36,22
"Delay (ms)","KPI from->to",38,21
"Delay (ms)","KPI from->to",40,21
"Delay (ms)","KPI from->to",42,21
"Delay (ms)","KPI from->to",44,22
"Delay (ms)","KPI from->to",46,22
"Delay (ms)","KPI from->to",48,21
"Delay (ms)","KPI from->to",50,22
"Delay (ms)","KPI from->to",52,23
"Delay (ms)","KPI from->to",54,21
"Delay (ms)","KPI from->to",56,22
"Delay (ms)","KPI from->to",58,22
"Delay (ms)","KPI from->to",60,25
"Delay (ms)","KPI from->to",62,27
"Delay (ms)","KPI from->to",64,27
"Delay (ms)","KPI from->to",66,27
"Delay (ms)","KPI from->to",68,28
"Delay (ms)","KPI from->to",70,29
"Delay (ms)","KPI from->to",72,27
"Delay (ms)","KPI from->to",74,28
"Delay (ms)","KPI from->to",76,30
"Delay (ms)","KPI from->to",78,31
"Delay (ms)","KPI from->to",80,28
"Delay (ms)","KPI from->to",82,32
"Delay (ms)","KPI from->to",84,33
"Delay (ms)","KPI from->to",86,35
"Delay (ms)","KPI from->to",88,33
"Delay (ms)","KPI from->to",90,34
"Delay (ms)","KPI from->to",92,32
"Delay (ms)","KPI from->to",94,30
"Delay (ms)","KPI from->to",96,30
"Delay (ms)","KPI from->to",98,31
"Delay (ms)","KPI from->to",100,33

Metric,"Pair Name",Timestamp,Value
"Jitter (ms)","KPI from->to",2,2
"Jitter (ms)","KPI from->to",4,2
"Jitter (ms)","KPI from->to",6,2
"Jitter (ms)","KPI from->to",8,2
"Jitter (ms)","KPI from->to",10,2
"Jitter (ms)","KPI from->to",12,1
"Jitter (ms)","KPI from->to",14,2
"Jitter (ms)","KPI from->to",16,1
"Jitter (ms)","KPI from->to",18,1
"Jitter (ms)","KPI from->to",20,1
"Jitter (ms)","KPI from->to",22,1
"Jitter (ms)","KPI from->to",24,1
"Jitter (ms)","KPI from->to",26,1
"Jitter (ms)","KPI from->to",28,1
"Jitter (ms)","KPI from->to",30,2
"Jitter (ms)","KPI from->to",32,3
"Jitter (ms)","KPI from->to",34,1
"Jitter (ms)","KPI from->to",36,1
"Jitter (ms)","KPI from->to",38,3
"Jitter (ms)","KPI from->to",40,1
"Jitter (ms)","KPI from->to",42,2
"Jitter (ms)","KPI from->to",44,2
"Jitter (ms)","KPI from->to",46,2
"Jitter (ms)","KPI from->to",48,2
"Jitter (ms)","KPI from->to",50,2
"Jitter (ms)","KPI from->to",52,2
"Jitter (ms)","KPI from->to",54,1
"Jitter (ms)","KPI from->to",56,1
"Jitter (ms)","KPI from->to",58,1
"Jitter (ms)","KPI from->to",60,3
"Jitter (ms)","KPI from->to",62,5
"Jitter (ms)","KPI from->to",64,1
"Jitter (ms)","KPI from->to",66,3
"Jitter (ms)","KPI from->to",68,1
"Jitter (ms)","KPI from->to",70,3
"Jitter (ms)","KPI from->to",72,1
"Jitter (ms)","KPI from->to",74,2
"Jitter (ms)","KPI from->to",76,5
"Jitter (ms)","KPI from->to",78,6
"Jitter (ms)","KPI from->to",80,4
"Jitter (ms)","KPI from->to",82,2
"Jitter (ms)","KPI from->to",84,3
"Jitter (ms)","KPI from->to",86,2
"Jitter (ms)","KPI from->to",88,0
"Jitter (ms)","KPI from->to",90,6
"Jitter (ms)","KPI from->to",92,1
"Jitter (ms)","KPI from->to",94,2
"Jitter (ms)","KPI from->to",96,2
"Jitter (ms)","KPI from->to",98,4
"Jitter (ms)","KPI from->to",100,3

Metric,"Pair Name",Timestamp,Value
"Max Delay Variation (ms)","KPI from->to",102,11
"Max Delay Variation (ms)","KPI from->to",104,48
"Max Delay Variation (ms)","KPI from->to",106,7
"Max Delay Variation (ms)","KPI from->to",108,3
"Max Delay Variation (ms)","KPI from->to",110,5
"Max Delay Variation (ms)","KPI from->to",112,5
"Max Delay Variation (ms)","KPI from->to",114,13
"Max Delay Variation (ms)","KPI from->to",116,10
"Max Delay Variation (ms)","KPI from->to",118,7
"Max Delay Variation (ms)","KPI from->to",120,3

Metric,"Pair Name",Timestamp,Value
"Delay (ms)","KPI from->to",102,31
"Delay (ms)","KPI from->to",104,31
"Delay (ms)","KPI from->to",106,29
"Delay (ms)","KPI from->to",108,29
"Delay (ms)","KPI from->to",110,30
"Delay (ms)","KPI from->to",112,35
"Delay (ms)","KPI from->to",114,35
"Delay (ms)","KPI from->to",116,35
"Delay (ms)","KPI from->to",118,35
"Delay (ms)","KPI from->to",120,34

Metric,"Pair Name",Timestamp,Value
Loss,"KPI from->to",102,0
Loss,"KPI from->to",104,0
Loss,"KPI from->to",106,0
Loss,"KPI from->to",108,0
Loss,"KPI from->to",110,0
Loss,"KPI from->to",112,0
Loss,"KPI from->to",114,0
Loss,"KPI from->to",116,0
Loss,"KPI from->to",118,0
Loss,"KPI from->to",120,0

Metric,"Pair Name",Timestamp,Value
"Max Delay Variation (ms)","KPI from->to",2,11
"Max Delay Variation (ms)","KPI from->to",4,20
"Max Delay Variation (ms)","KPI from->to",6,13
"Max Delay Variation (ms)","KPI from->to",8,8
"Max Delay Variation (ms)","KPI from->to",10,9
"Max Delay Variation (ms)","KPI from->to",12,9
"Max Delay Variation (ms)","KPI from->to",14,9
"Max Delay Variation (ms)","KPI from->to",16,10
"Max Delay Variation (ms)","KPI from->to",18,11
"Max Delay Variation (ms)","KPI from->to",20,11
"Max Delay Variation (ms)","KPI from->to",22,9
"Max Delay Variation (ms)","KPI from->to",24,8
"Max Delay Variation (ms)","KPI from->to",26,13
"Max Delay Variation (ms)","KPI from->to",28,9
"Max Delay Variation (ms)","KPI from->to",30,10
"Max Delay Variation (ms)","KPI from->to",32,11
"Max Delay Variation (ms)","KPI from->to",34,9
"Max Delay Variation (ms)","KPI from->to",36,8
"Max Delay Variation (ms)","KPI from->to",38,12
"Max Delay Variation (ms)","KPI from->to",40,10
"Max Delay Variation (ms)","KPI from->to",42,9
"Max Delay Variation (ms)","KPI from->to",44,13
"Max Delay Variation (ms)","KPI from->to",46,12
"Max Delay Variation (ms)","KPI from->to",48,12
"Max Delay Variation (ms)","KPI from->to",50,10
"Max Delay Variation (ms)","KPI from->to",52,47
"Max Delay Variation (ms)","KPI from->to",54,14
"Max Delay Variation (ms)","KPI from->to",56,11
"Max Delay Variation (ms)","KPI from->to",58,9
"Max Delay Variation (ms)","KPI from->to",60,102
"Max Delay Variation (ms)","KPI from->to",62,21
"Max Delay Variation (ms)","KPI from->to",64,13
"Max Delay Variation (ms)","KPI from->to",66,19
"Max Delay Variation (ms)","KPI from->to",68,14
"Max Delay Variation (ms)","KPI from->to",70,57
"Max Delay Variation (ms)","KPI from->to",72,20
"Max Delay Variation (ms)","KPI from->to",74,28
"Max Delay Variation (ms)","KPI from->to",76,53
"Max Delay Variation (ms)","KPI from->to",78,36
"Max Delay Variation (ms)","KPI from->to",80,15
"Max Delay Variation (ms)","KPI from->to",82,20
"Max Delay Variation (ms)","KPI from->to",84,16
"Max Delay Variation (ms)","KPI from->to",86,80
"Max Delay Variation (ms)","KPI from->to",88,27
"Max Delay Variation (ms)","KPI from->to",90,60
"Max Delay Variation (ms)","KPI from->to",92,47
"Max Delay Variation (ms)","KPI from->to",94,11
"Max Delay Variation (ms)","KPI from->to",96,19
"Max Delay Variation (ms)","KPI from->to",98,23
"Max Delay Variation (ms)","KPI from->to",100,37

Metric,"Pair Name",Timestamp,Value
MOS,"KPI from->to",102,4.36
MOS,"KPI from->to",104,3.46
MOS,"KPI from->to",106,4.36
MOS,"KPI from->to",108,4.36
MOS,"KPI from->to",110,4.36
MOS,"KPI from->to",112,4.36
MOS,"KPI from->to",114,4.36
MOS,"KPI from->to",116,4.36
MOS,"KPI from->to",118,4.36
MOS,"KPI from->to",120,4.36


