"Test Information",Value
"RUN ID",498
"END EXECUTION TIME","2021-05-14 14:42:20"
"SOURCE PROBE NAME",raspberrypi-AAS
"SOURCE PROBE TEST IP ADDRESS",raspberrypi-AAS
"SOURCE PROBE MANAGEMENT IP ADDRESS",raspberrypi-AAS
"SOURCE PROBE GROUP",Administrators
"DESTINATION PROBE NAME",raspberrypi-5G
"DESTINATION PROBE TEST IP ADDRESS",raspberrypi-5G
"DESTINATION PROBE MANAGEMENT IP ADDRESS",raspberrypi-5G
"DESTINATION PROBE GROUP",Administrators
"DESTINATION PROBE LOCATION",
"TEST MODULE",MESH
"TEST TYPE","Network KPI"
"TEST ADDITIONAL INFORMATION"," DSCP Setting: Best Effort"
"TEST DURATION",120
"TEST STATUS",Failed
"FAIL OR ERROR REASON"," Threshold failed on KPI from->to Jitter Max (ms) 
 Threshold failed on KPI from->to Max Delay Variation (ms) 
"

Metric,"Pair Name",Value,"Threshold Type",Threshold,"Status KPI"
"Datagrams Out of Order","KPI from->to",0.0,0,>=,Passed
"Delay (ms)","KPI from->to",13.95,0,<=,Passed
"Jitter (ms)","KPI from->to",2.05,0,<=,Passed
"Jitter Max (ms)","KPI from->to",7.0,0,<=,Failed
Loss,"KPI from->to",0.0,0,<=,Passed
"Max Delay Variation (ms)","KPI from->to",64.0,0,<=,Failed
"Max loss burst","KPI from->to",0.0,0,<=,Passed
MOS,"KPI from->to",3.76,1,<=,Passed

Metric,"Pair Name",Timestamp,Value
Loss,"KPI from->to",2,0
Loss,"KPI from->to",4,0
Loss,"KPI from->to",6,0
Loss,"KPI from->to",8,0
Loss,"KPI from->to",10,0
Loss,"KPI from->to",12,0
Loss,"KPI from->to",14,0
Loss,"KPI from->to",16,0
Loss,"KPI from->to",18,0
Loss,"KPI from->to",20,0
Loss,"KPI from->to",22,0
Loss,"KPI from->to",24,0
Loss,"KPI from->to",26,0
Loss,"KPI from->to",28,0
Loss,"KPI from->to",30,0
Loss,"KPI from->to",32,0
Loss,"KPI from->to",34,0
Loss,"KPI from->to",36,0
Loss,"KPI from->to",38,0
Loss,"KPI from->to",40,0
Loss,"KPI from->to",42,0
Loss,"KPI from->to",44,0
Loss,"KPI from->to",46,0
Loss,"KPI from->to",48,0
Loss,"KPI from->to",50,0
Loss,"KPI from->to",52,0
Loss,"KPI from->to",54,0
Loss,"KPI from->to",56,0
Loss,"KPI from->to",58,0
Loss,"KPI from->to",60,0
Loss,"KPI from->to",62,0
Loss,"KPI from->to",64,0
Loss,"KPI from->to",66,0
Loss,"KPI from->to",68,0
Loss,"KPI from->to",70,0
Loss,"KPI from->to",72,0
Loss,"KPI from->to",74,0
Loss,"KPI from->to",76,0
Loss,"KPI from->to",78,0
Loss,"KPI from->to",80,0
Loss,"KPI from->to",82,0
Loss,"KPI from->to",84,0
Loss,"KPI from->to",86,0
Loss,"KPI from->to",88,0
Loss,"KPI from->to",90,0
Loss,"KPI from->to",92,0
Loss,"KPI from->to",94,0
Loss,"KPI from->to",96,0
Loss,"KPI from->to",98,0
Loss,"KPI from->to",100,0

Metric,"Pair Name",Timestamp,Value
"Delay (ms)","KPI from->to",2,15
"Delay (ms)","KPI from->to",4,14
"Delay (ms)","KPI from->to",6,12
"Delay (ms)","KPI from->to",8,12
"Delay (ms)","KPI from->to",10,14
"Delay (ms)","KPI from->to",12,12
"Delay (ms)","KPI from->to",14,12
"Delay (ms)","KPI from->to",16,11
"Delay (ms)","KPI from->to",18,12
"Delay (ms)","KPI from->to",20,13
"Delay (ms)","KPI from->to",22,12
"Delay (ms)","KPI from->to",24,13
"Delay (ms)","KPI from->to",26,12
"Delay (ms)","KPI from->to",28,12
"Delay (ms)","KPI from->to",30,13
"Delay (ms)","KPI from->to",32,13
"Delay (ms)","KPI from->to",34,13
"Delay (ms)","KPI from->to",36,13
"Delay (ms)","KPI from->to",38,14
"Delay (ms)","KPI from->to",40,15
"Delay (ms)","KPI from->to",42,14
"Delay (ms)","KPI from->to",44,16
"Delay (ms)","KPI from->to",46,16
"Delay (ms)","KPI from->to",48,17
"Delay (ms)","KPI from->to",50,15
"Delay (ms)","KPI from->to",52,14
"Delay (ms)","KPI from->to",54,14
"Delay (ms)","KPI from->to",56,13
"Delay (ms)","KPI from->to",58,14
"Delay (ms)","KPI from->to",60,15
"Delay (ms)","KPI from->to",62,14
"Delay (ms)","KPI from->to",64,17
"Delay (ms)","KPI from->to",66,14
"Delay (ms)","KPI from->to",68,14
"Delay (ms)","KPI from->to",70,14
"Delay (ms)","KPI from->to",72,13
"Delay (ms)","KPI from->to",74,13
"Delay (ms)","KPI from->to",76,16
"Delay (ms)","KPI from->to",78,12
"Delay (ms)","KPI from->to",80,12
"Delay (ms)","KPI from->to",82,13
"Delay (ms)","KPI from->to",84,12
"Delay (ms)","KPI from->to",86,14
"Delay (ms)","KPI from->to",88,11
"Delay (ms)","KPI from->to",90,14
"Delay (ms)","KPI from->to",92,16
"Delay (ms)","KPI from->to",94,15
"Delay (ms)","KPI from->to",96,15
"Delay (ms)","KPI from->to",98,17
"Delay (ms)","KPI from->to",100,17

Metric,"Pair Name",Timestamp,Value
"Jitter (ms)","KPI from->to",102,1
"Jitter (ms)","KPI from->to",104,5
"Jitter (ms)","KPI from->to",106,5
"Jitter (ms)","KPI from->to",108,1
"Jitter (ms)","KPI from->to",110,0
"Jitter (ms)","KPI from->to",112,1
"Jitter (ms)","KPI from->to",114,2
"Jitter (ms)","KPI from->to",116,1
"Jitter (ms)","KPI from->to",118,2
"Jitter (ms)","KPI from->to",120,5

Metric,"Pair Name",Timestamp,Value
"Delay (ms)","KPI from->to",102,16
"Delay (ms)","KPI from->to",104,16
"Delay (ms)","KPI from->to",106,17
"Delay (ms)","KPI from->to",108,13
"Delay (ms)","KPI from->to",110,15
"Delay (ms)","KPI from->to",112,15
"Delay (ms)","KPI from->to",114,13
"Delay (ms)","KPI from->to",116,14
"Delay (ms)","KPI from->to",118,15
"Delay (ms)","KPI from->to",120,15

Metric,"Pair Name",Timestamp,Value
Loss,"KPI from->to",102,0
Loss,"KPI from->to",104,0
Loss,"KPI from->to",106,0
Loss,"KPI from->to",108,0
Loss,"KPI from->to",110,0
Loss,"KPI from->to",112,0
Loss,"KPI from->to",114,0
Loss,"KPI from->to",116,0
Loss,"KPI from->to",118,0
Loss,"KPI from->to",120,0

Metric,"Pair Name",Timestamp,Value
MOS,"KPI from->to",2,4.37
MOS,"KPI from->to",4,4.37
MOS,"KPI from->to",6,4.37
MOS,"KPI from->to",8,4.37
MOS,"KPI from->to",10,4.37
MOS,"KPI from->to",12,4.37
MOS,"KPI from->to",14,4.37
MOS,"KPI from->to",16,4.37
MOS,"KPI from->to",18,4.37
MOS,"KPI from->to",20,4.37
MOS,"KPI from->to",22,4.37
MOS,"KPI from->to",24,3.48
MOS,"KPI from->to",26,4.37
MOS,"KPI from->to",28,4.37
MOS,"KPI from->to",30,3.48
MOS,"KPI from->to",32,4.37
MOS,"KPI from->to",34,4.37
MOS,"KPI from->to",36,4.37
MOS,"KPI from->to",38,4.37
MOS,"KPI from->to",40,4.37
MOS,"KPI from->to",42,4.37
MOS,"KPI from->to",44,2.8
MOS,"KPI from->to",46,4.37
MOS,"KPI from->to",48,2.42
MOS,"KPI from->to",50,3.48
MOS,"KPI from->to",52,4.37
MOS,"KPI from->to",54,4.37
MOS,"KPI from->to",56,4.37
MOS,"KPI from->to",58,3.49
MOS,"KPI from->to",60,3.48
MOS,"KPI from->to",62,3.48
MOS,"KPI from->to",64,2.8
MOS,"KPI from->to",66,3.48
MOS,"KPI from->to",68,3.48
MOS,"KPI from->to",70,4.37
MOS,"KPI from->to",72,4.37
MOS,"KPI from->to",74,3.48
MOS,"KPI from->to",76,2.8
MOS,"KPI from->to",78,3.49
MOS,"KPI from->to",80,4.37
MOS,"KPI from->to",82,2.8
MOS,"KPI from->to",84,3.49
MOS,"KPI from->to",86,3.47
MOS,"KPI from->to",88,4.37
MOS,"KPI from->to",90,4.37
MOS,"KPI from->to",92,2.8
MOS,"KPI from->to",94,4.37
MOS,"KPI from->to",96,3.48
MOS,"KPI from->to",98,2.8
MOS,"KPI from->to",100,2.8

Metric,"Pair Name",Timestamp,Value
MOS,"KPI from->to",102,3.48
MOS,"KPI from->to",104,2.8
MOS,"KPI from->to",106,2.42
MOS,"KPI from->to",108,4.37
MOS,"KPI from->to",110,2.8
MOS,"KPI from->to",112,2.8
MOS,"KPI from->to",114,4.37
MOS,"KPI from->to",116,3.48
MOS,"KPI from->to",118,2.42
MOS,"KPI from->to",120,2.8

Metric,"Pair Name",Timestamp,Value
"Jitter (ms)","KPI from->to",2,1
"Jitter (ms)","KPI from->to",4,3
"Jitter (ms)","KPI from->to",6,1
"Jitter (ms)","KPI from->to",8,1
"Jitter (ms)","KPI from->to",10,4
"Jitter (ms)","KPI from->to",12,1
"Jitter (ms)","KPI from->to",14,2
"Jitter (ms)","KPI from->to",16,1
"Jitter (ms)","KPI from->to",18,3
"Jitter (ms)","KPI from->to",20,1
"Jitter (ms)","KPI from->to",22,1
"Jitter (ms)","KPI from->to",24,4
"Jitter (ms)","KPI from->to",26,4
"Jitter (ms)","KPI from->to",28,3
"Jitter (ms)","KPI from->to",30,1
"Jitter (ms)","KPI from->to",32,2
"Jitter (ms)","KPI from->to",34,1
"Jitter (ms)","KPI from->to",36,1
"Jitter (ms)","KPI from->to",38,4
"Jitter (ms)","KPI from->to",40,2
"Jitter (ms)","KPI from->to",42,2
"Jitter (ms)","KPI from->to",44,2
"Jitter (ms)","KPI from->to",46,1
"Jitter (ms)","KPI from->to",48,7
"Jitter (ms)","KPI from->to",50,1
"Jitter (ms)","KPI from->to",52,1
"Jitter (ms)","KPI from->to",54,1
"Jitter (ms)","KPI from->to",56,2
"Jitter (ms)","KPI from->to",58,1
"Jitter (ms)","KPI from->to",60,1
"Jitter (ms)","KPI from->to",62,1
"Jitter (ms)","KPI from->to",64,2
"Jitter (ms)","KPI from->to",66,2
"Jitter (ms)","KPI from->to",68,2
"Jitter (ms)","KPI from->to",70,2
"Jitter (ms)","KPI from->to",72,2
"Jitter (ms)","KPI from->to",74,5
"Jitter (ms)","KPI from->to",76,3
"Jitter (ms)","KPI from->to",78,1
"Jitter (ms)","KPI from->to",80,0
"Jitter (ms)","KPI from->to",82,1
"Jitter (ms)","KPI from->to",84,2
"Jitter (ms)","KPI from->to",86,4
"Jitter (ms)","KPI from->to",88,1
"Jitter (ms)","KPI from->to",90,1
"Jitter (ms)","KPI from->to",92,1
"Jitter (ms)","KPI from->to",94,1
"Jitter (ms)","KPI from->to",96,5
"Jitter (ms)","KPI from->to",98,1
"Jitter (ms)","KPI from->to",100,3

Metric,"Pair Name",Timestamp,Value
"Max Delay Variation (ms)","KPI from->to",2,38
"Max Delay Variation (ms)","KPI from->to",4,39
"Max Delay Variation (ms)","KPI from->to",6,32
"Max Delay Variation (ms)","KPI from->to",8,36
"Max Delay Variation (ms)","KPI from->to",10,40
"Max Delay Variation (ms)","KPI from->to",12,33
"Max Delay Variation (ms)","KPI from->to",14,38
"Max Delay Variation (ms)","KPI from->to",16,16
"Max Delay Variation (ms)","KPI from->to",18,31
"Max Delay Variation (ms)","KPI from->to",20,36
"Max Delay Variation (ms)","KPI from->to",22,37
"Max Delay Variation (ms)","KPI from->to",24,43
"Max Delay Variation (ms)","KPI from->to",26,37
"Max Delay Variation (ms)","KPI from->to",28,37
"Max Delay Variation (ms)","KPI from->to",30,41
"Max Delay Variation (ms)","KPI from->to",32,38
"Max Delay Variation (ms)","KPI from->to",34,33
"Max Delay Variation (ms)","KPI from->to",36,37
"Max Delay Variation (ms)","KPI from->to",38,39
"Max Delay Variation (ms)","KPI from->to",40,35
"Max Delay Variation (ms)","KPI from->to",42,8
"Max Delay Variation (ms)","KPI from->to",44,44
"Max Delay Variation (ms)","KPI from->to",46,36
"Max Delay Variation (ms)","KPI from->to",48,43
"Max Delay Variation (ms)","KPI from->to",50,42
"Max Delay Variation (ms)","KPI from->to",52,9
"Max Delay Variation (ms)","KPI from->to",54,13
"Max Delay Variation (ms)","KPI from->to",56,7
"Max Delay Variation (ms)","KPI from->to",58,42
"Max Delay Variation (ms)","KPI from->to",60,47
"Max Delay Variation (ms)","KPI from->to",62,57
"Max Delay Variation (ms)","KPI from->to",64,58
"Max Delay Variation (ms)","KPI from->to",66,42
"Max Delay Variation (ms)","KPI from->to",68,42
"Max Delay Variation (ms)","KPI from->to",70,37
"Max Delay Variation (ms)","KPI from->to",72,36
"Max Delay Variation (ms)","KPI from->to",74,42
"Max Delay Variation (ms)","KPI from->to",76,64
"Max Delay Variation (ms)","KPI from->to",78,42
"Max Delay Variation (ms)","KPI from->to",80,35
"Max Delay Variation (ms)","KPI from->to",82,42
"Max Delay Variation (ms)","KPI from->to",84,41
"Max Delay Variation (ms)","KPI from->to",86,42
"Max Delay Variation (ms)","KPI from->to",88,7
"Max Delay Variation (ms)","KPI from->to",90,7
"Max Delay Variation (ms)","KPI from->to",92,49
"Max Delay Variation (ms)","KPI from->to",94,36
"Max Delay Variation (ms)","KPI from->to",96,42
"Max Delay Variation (ms)","KPI from->to",98,42
"Max Delay Variation (ms)","KPI from->to",100,46

Metric,"Pair Name",Timestamp,Value
"Max Delay Variation (ms)","KPI from->to",102,41
"Max Delay Variation (ms)","KPI from->to",104,41
"Max Delay Variation (ms)","KPI from->to",106,43
"Max Delay Variation (ms)","KPI from->to",108,7
"Max Delay Variation (ms)","KPI from->to",110,42
"Max Delay Variation (ms)","KPI from->to",112,53
"Max Delay Variation (ms)","KPI from->to",114,8
"Max Delay Variation (ms)","KPI from->to",116,42
"Max Delay Variation (ms)","KPI from->to",118,47
"Max Delay Variation (ms)","KPI from->to",120,41


