"Test Information",Value
"RUN ID",498
"END EXECUTION TIME","2021-05-14 14:20:09"
"SOURCE PROBE NAME",raspberrypi-5G
"SOURCE PROBE TEST IP ADDRESS",raspberrypi-5G
"SOURCE PROBE MANAGEMENT IP ADDRESS",raspberrypi-5G
"SOURCE PROBE GROUP",Administrators
"DESTINATION PROBE NAME",raspberrypi-AAS
"DESTINATION PROBE TEST IP ADDRESS",raspberrypi-AAS
"DESTINATION PROBE MANAGEMENT IP ADDRESS",raspberrypi-AAS
"DESTINATION PROBE GROUP",Administrators
"DESTINATION PROBE LOCATION",
"TEST MODULE",MESH
"TEST TYPE","Network KPI"
"TEST ADDITIONAL INFORMATION"," DSCP Setting: Best Effort"
"TEST DURATION",120
"TEST STATUS",Failed
"FAIL OR ERROR REASON"," Threshold failed on KPI from->to Max Delay Variation (ms) 
"

Metric,"Pair Name",Value,"Threshold Type",Threshold,"Status KPI"
"Datagrams Out of Order","KPI from->to",0.0,0,>=,Passed
"Delay (ms)","KPI from->to",17.02,0,<=,Passed
"Jitter (ms)","KPI from->to",0.75,0,<=,Passed
"Jitter Max (ms)","KPI from->to",3.0,0,<=,Passed
Loss,"KPI from->to",0.0,0,<=,Passed
"Max Delay Variation (ms)","KPI from->to",22.0,0,<=,Failed
"Max loss burst","KPI from->to",0.0,0,<=,Passed
MOS,"KPI from->to",4.37,1,<=,Passed

Metric,"Pair Name",Timestamp,Value
Loss,"KPI from->to",102,0
Loss,"KPI from->to",104,0
Loss,"KPI from->to",106,0
Loss,"KPI from->to",108,0
Loss,"KPI from->to",110,0
Loss,"KPI from->to",112,0
Loss,"KPI from->to",114,0
Loss,"KPI from->to",116,0
Loss,"KPI from->to",118,0
Loss,"KPI from->to",120,0

Metric,"Pair Name",Timestamp,Value
"Max Delay Variation (ms)","KPI from->to",2,4
"Max Delay Variation (ms)","KPI from->to",4,7
"Max Delay Variation (ms)","KPI from->to",6,5
"Max Delay Variation (ms)","KPI from->to",8,4
"Max Delay Variation (ms)","KPI from->to",10,3
"Max Delay Variation (ms)","KPI from->to",12,4
"Max Delay Variation (ms)","KPI from->to",14,4
"Max Delay Variation (ms)","KPI from->to",16,4
"Max Delay Variation (ms)","KPI from->to",18,5
"Max Delay Variation (ms)","KPI from->to",20,4
"Max Delay Variation (ms)","KPI from->to",22,4
"Max Delay Variation (ms)","KPI from->to",24,4
"Max Delay Variation (ms)","KPI from->to",26,5
"Max Delay Variation (ms)","KPI from->to",28,10
"Max Delay Variation (ms)","KPI from->to",30,10
"Max Delay Variation (ms)","KPI from->to",32,12
"Max Delay Variation (ms)","KPI from->to",34,13
"Max Delay Variation (ms)","KPI from->to",36,18
"Max Delay Variation (ms)","KPI from->to",38,6
"Max Delay Variation (ms)","KPI from->to",40,17
"Max Delay Variation (ms)","KPI from->to",42,14
"Max Delay Variation (ms)","KPI from->to",44,6
"Max Delay Variation (ms)","KPI from->to",46,21
"Max Delay Variation (ms)","KPI from->to",48,10
"Max Delay Variation (ms)","KPI from->to",50,10
"Max Delay Variation (ms)","KPI from->to",52,22
"Max Delay Variation (ms)","KPI from->to",54,15
"Max Delay Variation (ms)","KPI from->to",56,17
"Max Delay Variation (ms)","KPI from->to",58,18
"Max Delay Variation (ms)","KPI from->to",60,10
"Max Delay Variation (ms)","KPI from->to",62,15
"Max Delay Variation (ms)","KPI from->to",64,13
"Max Delay Variation (ms)","KPI from->to",66,10
"Max Delay Variation (ms)","KPI from->to",68,15
"Max Delay Variation (ms)","KPI from->to",70,16
"Max Delay Variation (ms)","KPI from->to",72,11
"Max Delay Variation (ms)","KPI from->to",74,9
"Max Delay Variation (ms)","KPI from->to",76,8
"Max Delay Variation (ms)","KPI from->to",78,6
"Max Delay Variation (ms)","KPI from->to",80,7
"Max Delay Variation (ms)","KPI from->to",82,6
"Max Delay Variation (ms)","KPI from->to",84,4
"Max Delay Variation (ms)","KPI from->to",86,5
"Max Delay Variation (ms)","KPI from->to",88,10
"Max Delay Variation (ms)","KPI from->to",90,5
"Max Delay Variation (ms)","KPI from->to",92,5
"Max Delay Variation (ms)","KPI from->to",94,5
"Max Delay Variation (ms)","KPI from->to",96,5
"Max Delay Variation (ms)","KPI from->to",98,5
"Max Delay Variation (ms)","KPI from->to",100,11

Metric,"Pair Name",Timestamp,Value
MOS,"KPI from->to",2,4.37
MOS,"KPI from->to",4,4.37
MOS,"KPI from->to",6,4.37
MOS,"KPI from->to",8,4.37
MOS,"KPI from->to",10,4.37
MOS,"KPI from->to",12,4.37
MOS,"KPI from->to",14,4.37
MOS,"KPI from->to",16,4.36
MOS,"KPI from->to",18,4.36
MOS,"KPI from->to",20,4.36
MOS,"KPI from->to",22,4.36
MOS,"KPI from->to",24,4.36
MOS,"KPI from->to",26,4.37
MOS,"KPI from->to",28,4.36
MOS,"KPI from->to",30,4.37
MOS,"KPI from->to",32,4.37
MOS,"KPI from->to",34,4.37
MOS,"KPI from->to",36,4.36
MOS,"KPI from->to",38,4.36
MOS,"KPI from->to",40,4.36
MOS,"KPI from->to",42,4.36
MOS,"KPI from->to",44,4.36
MOS,"KPI from->to",46,4.36
MOS,"KPI from->to",48,4.37
MOS,"KPI from->to",50,4.37
MOS,"KPI from->to",52,4.37
MOS,"KPI from->to",54,4.37
MOS,"KPI from->to",56,4.37
MOS,"KPI from->to",58,4.37
MOS,"KPI from->to",60,4.37
MOS,"KPI from->to",62,4.37
MOS,"KPI from->to",64,4.37
MOS,"KPI from->to",66,4.37
MOS,"KPI from->to",68,4.37
MOS,"KPI from->to",70,4.37
MOS,"KPI from->to",72,4.37
MOS,"KPI from->to",74,4.37
MOS,"KPI from->to",76,4.37
MOS,"KPI from->to",78,4.37
MOS,"KPI from->to",80,4.37
MOS,"KPI from->to",82,4.37
MOS,"KPI from->to",84,4.37
MOS,"KPI from->to",86,4.37
MOS,"KPI from->to",88,4.37
MOS,"KPI from->to",90,4.37
MOS,"KPI from->to",92,4.37
MOS,"KPI from->to",94,4.37
MOS,"KPI from->to",96,4.37
MOS,"KPI from->to",98,4.37
MOS,"KPI from->to",100,4.37

Metric,"Pair Name",Timestamp,Value
MOS,"KPI from->to",102,4.37
MOS,"KPI from->to",104,4.37
MOS,"KPI from->to",106,4.37
MOS,"KPI from->to",108,4.37
MOS,"KPI from->to",110,4.37
MOS,"KPI from->to",112,4.37
MOS,"KPI from->to",114,4.36
MOS,"KPI from->to",116,4.36
MOS,"KPI from->to",118,4.36
MOS,"KPI from->to",120,4.36

Metric,"Pair Name",Timestamp,Value
"Delay (ms)","KPI from->to",102,14
"Delay (ms)","KPI from->to",104,15
"Delay (ms)","KPI from->to",106,14
"Delay (ms)","KPI from->to",108,14
"Delay (ms)","KPI from->to",110,14
"Delay (ms)","KPI from->to",112,14
"Delay (ms)","KPI from->to",114,20
"Delay (ms)","KPI from->to",116,21
"Delay (ms)","KPI from->to",118,21
"Delay (ms)","KPI from->to",120,21

Metric,"Pair Name",Timestamp,Value
"Max Delay Variation (ms)","KPI from->to",102,5
"Max Delay Variation (ms)","KPI from->to",104,4
"Max Delay Variation (ms)","KPI from->to",106,5
"Max Delay Variation (ms)","KPI from->to",108,9
"Max Delay Variation (ms)","KPI from->to",110,8
"Max Delay Variation (ms)","KPI from->to",112,7
"Max Delay Variation (ms)","KPI from->to",114,6
"Max Delay Variation (ms)","KPI from->to",116,5
"Max Delay Variation (ms)","KPI from->to",118,6
"Max Delay Variation (ms)","KPI from->to",120,6

Metric,"Pair Name",Timestamp,Value
"Delay (ms)","KPI from->to",2,15
"Delay (ms)","KPI from->to",4,14
"Delay (ms)","KPI from->to",6,14
"Delay (ms)","KPI from->to",8,14
"Delay (ms)","KPI from->to",10,14
"Delay (ms)","KPI from->to",12,13
"Delay (ms)","KPI from->to",14,15
"Delay (ms)","KPI from->to",16,19
"Delay (ms)","KPI from->to",18,18
"Delay (ms)","KPI from->to",20,18
"Delay (ms)","KPI from->to",22,18
"Delay (ms)","KPI from->to",24,18
"Delay (ms)","KPI from->to",26,17
"Delay (ms)","KPI from->to",28,18
"Delay (ms)","KPI from->to",30,17
"Delay (ms)","KPI from->to",32,17
"Delay (ms)","KPI from->to",34,17
"Delay (ms)","KPI from->to",36,21
"Delay (ms)","KPI from->to",38,31
"Delay (ms)","KPI from->to",40,31
"Delay (ms)","KPI from->to",42,30
"Delay (ms)","KPI from->to",44,30
"Delay (ms)","KPI from->to",46,30
"Delay (ms)","KPI from->to",48,17
"Delay (ms)","KPI from->to",50,14
"Delay (ms)","KPI from->to",52,14
"Delay (ms)","KPI from->to",54,14
"Delay (ms)","KPI from->to",56,14
"Delay (ms)","KPI from->to",58,14
"Delay (ms)","KPI from->to",60,15
"Delay (ms)","KPI from->to",62,15
"Delay (ms)","KPI from->to",64,15
"Delay (ms)","KPI from->to",66,15
"Delay (ms)","KPI from->to",68,14
"Delay (ms)","KPI from->to",70,16
"Delay (ms)","KPI from->to",72,15
"Delay (ms)","KPI from->to",74,14
"Delay (ms)","KPI from->to",76,15
"Delay (ms)","KPI from->to",78,14
"Delay (ms)","KPI from->to",80,15
"Delay (ms)","KPI from->to",82,17
"Delay (ms)","KPI from->to",84,17
"Delay (ms)","KPI from->to",86,17
"Delay (ms)","KPI from->to",88,17
"Delay (ms)","KPI from->to",90,16
"Delay (ms)","KPI from->to",92,15
"Delay (ms)","KPI from->to",94,14
"Delay (ms)","KPI from->to",96,14
"Delay (ms)","KPI from->to",98,14
"Delay (ms)","KPI from->to",100,13

Metric,"Pair Name",Timestamp,Value
"Jitter (ms)","KPI from->to",2,0
"Jitter (ms)","KPI from->to",4,0
"Jitter (ms)","KPI from->to",6,0
"Jitter (ms)","KPI from->to",8,1
"Jitter (ms)","KPI from->to",10,0
"Jitter (ms)","KPI from->to",12,0
"Jitter (ms)","KPI from->to",14,0
"Jitter (ms)","KPI from->to",16,1
"Jitter (ms)","KPI from->to",18,0
"Jitter (ms)","KPI from->to",20,0
"Jitter (ms)","KPI from->to",22,0
"Jitter (ms)","KPI from->to",24,0
"Jitter (ms)","KPI from->to",26,0
"Jitter (ms)","KPI from->to",28,1
"Jitter (ms)","KPI from->to",30,1
"Jitter (ms)","KPI from->to",32,1
"Jitter (ms)","KPI from->to",34,1
"Jitter (ms)","KPI from->to",36,1
"Jitter (ms)","KPI from->to",38,0
"Jitter (ms)","KPI from->to",40,2
"Jitter (ms)","KPI from->to",42,1
"Jitter (ms)","KPI from->to",44,0
"Jitter (ms)","KPI from->to",46,1
"Jitter (ms)","KPI from->to",48,1
"Jitter (ms)","KPI from->to",50,1
"Jitter (ms)","KPI from->to",52,3
"Jitter (ms)","KPI from->to",54,1
"Jitter (ms)","KPI from->to",56,2
"Jitter (ms)","KPI from->to",58,1
"Jitter (ms)","KPI from->to",60,1
"Jitter (ms)","KPI from->to",62,1
"Jitter (ms)","KPI from->to",64,2
"Jitter (ms)","KPI from->to",66,1
"Jitter (ms)","KPI from->to",68,1
"Jitter (ms)","KPI from->to",70,1
"Jitter (ms)","KPI from->to",72,1
"Jitter (ms)","KPI from->to",74,1
"Jitter (ms)","KPI from->to",76,1
"Jitter (ms)","KPI from->to",78,1
"Jitter (ms)","KPI from->to",80,1
"Jitter (ms)","KPI from->to",82,1
"Jitter (ms)","KPI from->to",84,1
"Jitter (ms)","KPI from->to",86,0
"Jitter (ms)","KPI from->to",88,1
"Jitter (ms)","KPI from->to",90,1
"Jitter (ms)","KPI from->to",92,1
"Jitter (ms)","KPI from->to",94,0
"Jitter (ms)","KPI from->to",96,0
"Jitter (ms)","KPI from->to",98,1
"Jitter (ms)","KPI from->to",100,0

Metric,"Pair Name",Timestamp,Value
"Jitter (ms)","KPI from->to",102,1
"Jitter (ms)","KPI from->to",104,0
"Jitter (ms)","KPI from->to",106,1
"Jitter (ms)","KPI from->to",108,1
"Jitter (ms)","KPI from->to",110,1
"Jitter (ms)","KPI from->to",112,1
"Jitter (ms)","KPI from->to",114,0
"Jitter (ms)","KPI from->to",116,0
"Jitter (ms)","KPI from->to",118,1
"Jitter (ms)","KPI from->to",120,1

Metric,"Pair Name",Timestamp,Value
Loss,"KPI from->to",2,0
Loss,"KPI from->to",4,0
Loss,"KPI from->to",6,0
Loss,"KPI from->to",8,0
Loss,"KPI from->to",10,0
Loss,"KPI from->to",12,0
Loss,"KPI from->to",14,0
Loss,"KPI from->to",16,0
Loss,"KPI from->to",18,0
Loss,"KPI from->to",20,0
Loss,"KPI from->to",22,0
Loss,"KPI from->to",24,0
Loss,"KPI from->to",26,0
Loss,"KPI from->to",28,0
Loss,"KPI from->to",30,0
Loss,"KPI from->to",32,0
Loss,"KPI from->to",34,0
Loss,"KPI from->to",36,0
Loss,"KPI from->to",38,0
Loss,"KPI from->to",40,0
Loss,"KPI from->to",42,0
Loss,"KPI from->to",44,0
Loss,"KPI from->to",46,0
Loss,"KPI from->to",48,0
Loss,"KPI from->to",50,0
Loss,"KPI from->to",52,0
Loss,"KPI from->to",54,0
Loss,"KPI from->to",56,0
Loss,"KPI from->to",58,0
Loss,"KPI from->to",60,0
Loss,"KPI from->to",62,0
Loss,"KPI from->to",64,0
Loss,"KPI from->to",66,0
Loss,"KPI from->to",68,0
Loss,"KPI from->to",70,0
Loss,"KPI from->to",72,0
Loss,"KPI from->to",74,0
Loss,"KPI from->to",76,0
Loss,"KPI from->to",78,0
Loss,"KPI from->to",80,0
Loss,"KPI from->to",82,0
Loss,"KPI from->to",84,0
Loss,"KPI from->to",86,0
Loss,"KPI from->to",88,0
Loss,"KPI from->to",90,0
Loss,"KPI from->to",92,0
Loss,"KPI from->to",94,0
Loss,"KPI from->to",96,0
Loss,"KPI from->to",98,0
Loss,"KPI from->to",100,0


