"Test Information",Value
"RUN ID",498
"END EXECUTION TIME","2021-05-14 14:20:10"
"SOURCE PROBE NAME",andreas
"SOURCE PROBE TEST IP ADDRESS",andreas
"SOURCE PROBE MANAGEMENT IP ADDRESS",andreas
"SOURCE PROBE GROUP",Administrators
"DESTINATION PROBE NAME",raspberrypi-AAS
"DESTINATION PROBE TEST IP ADDRESS",raspberrypi-AAS
"DESTINATION PROBE MANAGEMENT IP ADDRESS",raspberrypi-AAS
"DESTINATION PROBE GROUP",Administrators
"DESTINATION PROBE LOCATION",
"TEST MODULE",MESH
"TEST TYPE","Network KPI"
"TEST ADDITIONAL INFORMATION"," DSCP Setting: Best Effort"
"TEST DURATION",120
"TEST STATUS",Failed
"FAIL OR ERROR REASON"," Threshold failed on KPI from->to Jitter Max (ms) 
 Threshold failed on KPI from->to Max Delay Variation (ms) 
 Threshold failed on KPI from->to MOS 
"

Metric,"Pair Name",Value,"Threshold Type",Threshold,"Status KPI"
"Datagrams Out of Order","KPI from->to",0.0,0,>=,Passed
"Delay (ms)","KPI from->to",6.1,0,<=,Passed
"Jitter (ms)","KPI from->to",3.2,0,<=,Passed
"Jitter Max (ms)","KPI from->to",23.0,0,<=,Failed
Loss,"KPI from->to",0.0,0,<=,Passed
"Max Delay Variation (ms)","KPI from->to",149.0,0,<=,Failed
"Max loss burst","KPI from->to",0.0,0,<=,Passed
MOS,"KPI from->to",3.66,1,<=,Failed

Metric,"Pair Name",Timestamp,Value
Loss,"KPI from->to",2,0
Loss,"KPI from->to",4,0
Loss,"KPI from->to",6,0
Loss,"KPI from->to",8,0
Loss,"KPI from->to",10,0
Loss,"KPI from->to",12,0
Loss,"KPI from->to",14,0
Loss,"KPI from->to",16,0
Loss,"KPI from->to",18,0
Loss,"KPI from->to",20,0
Loss,"KPI from->to",22,0
Loss,"KPI from->to",24,0
Loss,"KPI from->to",26,0
Loss,"KPI from->to",28,0
Loss,"KPI from->to",30,0
Loss,"KPI from->to",32,0
Loss,"KPI from->to",34,0
Loss,"KPI from->to",36,0
Loss,"KPI from->to",38,0
Loss,"KPI from->to",40,0
Loss,"KPI from->to",42,0
Loss,"KPI from->to",44,0
Loss,"KPI from->to",46,0
Loss,"KPI from->to",48,0
Loss,"KPI from->to",50,0
Loss,"KPI from->to",52,0
Loss,"KPI from->to",54,0
Loss,"KPI from->to",56,0
Loss,"KPI from->to",58,0
Loss,"KPI from->to",60,0
Loss,"KPI from->to",62,0
Loss,"KPI from->to",64,0
Loss,"KPI from->to",66,0
Loss,"KPI from->to",68,0
Loss,"KPI from->to",70,0
Loss,"KPI from->to",72,0
Loss,"KPI from->to",74,0
Loss,"KPI from->to",76,0
Loss,"KPI from->to",78,0
Loss,"KPI from->to",80,0
Loss,"KPI from->to",82,0
Loss,"KPI from->to",84,0
Loss,"KPI from->to",86,0
Loss,"KPI from->to",88,0
Loss,"KPI from->to",90,0
Loss,"KPI from->to",92,0
Loss,"KPI from->to",94,0
Loss,"KPI from->to",96,0
Loss,"KPI from->to",98,0
Loss,"KPI from->to",100,0

Metric,"Pair Name",Timestamp,Value
MOS,"KPI from->to",2,4.37
MOS,"KPI from->to",4,1.42
MOS,"KPI from->to",6,1
MOS,"KPI from->to",8,3.52
MOS,"KPI from->to",10,4.37
MOS,"KPI from->to",12,4.37
MOS,"KPI from->to",14,4.37
MOS,"KPI from->to",16,4.37
MOS,"KPI from->to",18,4.37
MOS,"KPI from->to",20,4.37
MOS,"KPI from->to",22,3.51
MOS,"KPI from->to",24,4.37
MOS,"KPI from->to",26,4.37
MOS,"KPI from->to",28,4.37
MOS,"KPI from->to",30,4.37
MOS,"KPI from->to",32,3.49
MOS,"KPI from->to",34,4.37
MOS,"KPI from->to",36,4.37
MOS,"KPI from->to",38,3.48
MOS,"KPI from->to",40,1
MOS,"KPI from->to",42,1
MOS,"KPI from->to",44,3.49
MOS,"KPI from->to",46,4.37
MOS,"KPI from->to",48,4.37
MOS,"KPI from->to",50,4.37
MOS,"KPI from->to",52,4.37
MOS,"KPI from->to",54,3.5
MOS,"KPI from->to",56,4.37
MOS,"KPI from->to",58,4.37
MOS,"KPI from->to",60,4.37
MOS,"KPI from->to",62,4.37
MOS,"KPI from->to",64,4.37
MOS,"KPI from->to",66,3.5
MOS,"KPI from->to",68,4.37
MOS,"KPI from->to",70,4.37
MOS,"KPI from->to",72,4.37
MOS,"KPI from->to",74,1
MOS,"KPI from->to",76,1
MOS,"KPI from->to",78,1
MOS,"KPI from->to",80,1
MOS,"KPI from->to",82,2.81
MOS,"KPI from->to",84,4.37
MOS,"KPI from->to",86,4.37
MOS,"KPI from->to",88,4.37
MOS,"KPI from->to",90,4.37
MOS,"KPI from->to",92,4.37
MOS,"KPI from->to",94,4.37
MOS,"KPI from->to",96,4.37
MOS,"KPI from->to",98,4.37
MOS,"KPI from->to",100,3.5

Metric,"Pair Name",Timestamp,Value
MOS,"KPI from->to",102,4.37
MOS,"KPI from->to",104,4.37
MOS,"KPI from->to",106,1
MOS,"KPI from->to",108,1
MOS,"KPI from->to",110,3.49
MOS,"KPI from->to",112,4.37
MOS,"KPI from->to",114,4.37
MOS,"KPI from->to",116,4.37
MOS,"KPI from->to",118,4.37
MOS,"KPI from->to",120,4.37

Metric,"Pair Name",Timestamp,Value
"Delay (ms)","KPI from->to",2,2
"Delay (ms)","KPI from->to",4,23
"Delay (ms)","KPI from->to",6,36
"Delay (ms)","KPI from->to",8,7
"Delay (ms)","KPI from->to",10,2
"Delay (ms)","KPI from->to",12,2
"Delay (ms)","KPI from->to",14,1
"Delay (ms)","KPI from->to",16,1
"Delay (ms)","KPI from->to",18,1
"Delay (ms)","KPI from->to",20,1
"Delay (ms)","KPI from->to",22,2
"Delay (ms)","KPI from->to",24,1
"Delay (ms)","KPI from->to",26,1
"Delay (ms)","KPI from->to",28,1
"Delay (ms)","KPI from->to",30,1
"Delay (ms)","KPI from->to",32,2
"Delay (ms)","KPI from->to",34,1
"Delay (ms)","KPI from->to",36,1
"Delay (ms)","KPI from->to",38,5
"Delay (ms)","KPI from->to",40,36
"Delay (ms)","KPI from->to",42,32
"Delay (ms)","KPI from->to",44,2
"Delay (ms)","KPI from->to",46,2
"Delay (ms)","KPI from->to",48,1
"Delay (ms)","KPI from->to",50,1
"Delay (ms)","KPI from->to",52,1
"Delay (ms)","KPI from->to",54,2
"Delay (ms)","KPI from->to",56,2
"Delay (ms)","KPI from->to",58,1
"Delay (ms)","KPI from->to",60,1
"Delay (ms)","KPI from->to",62,2
"Delay (ms)","KPI from->to",64,2
"Delay (ms)","KPI from->to",66,2
"Delay (ms)","KPI from->to",68,1
"Delay (ms)","KPI from->to",70,1
"Delay (ms)","KPI from->to",72,1
"Delay (ms)","KPI from->to",74,21
"Delay (ms)","KPI from->to",76,36
"Delay (ms)","KPI from->to",78,35
"Delay (ms)","KPI from->to",80,37
"Delay (ms)","KPI from->to",82,8
"Delay (ms)","KPI from->to",84,1
"Delay (ms)","KPI from->to",86,1
"Delay (ms)","KPI from->to",88,1
"Delay (ms)","KPI from->to",90,1
"Delay (ms)","KPI from->to",92,1
"Delay (ms)","KPI from->to",94,1
"Delay (ms)","KPI from->to",96,1
"Delay (ms)","KPI from->to",98,1
"Delay (ms)","KPI from->to",100,2

Metric,"Pair Name",Timestamp,Value
"Delay (ms)","KPI from->to",102,2
"Delay (ms)","KPI from->to",104,3
"Delay (ms)","KPI from->to",106,20
"Delay (ms)","KPI from->to",108,13
"Delay (ms)","KPI from->to",110,0
"Delay (ms)","KPI from->to",112,0
"Delay (ms)","KPI from->to",114,0
"Delay (ms)","KPI from->to",116,0
"Delay (ms)","KPI from->to",118,0
"Delay (ms)","KPI from->to",120,0

Metric,"Pair Name",Timestamp,Value
"Jitter (ms)","KPI from->to",2,0
"Jitter (ms)","KPI from->to",4,17
"Jitter (ms)","KPI from->to",6,17
"Jitter (ms)","KPI from->to",8,0
"Jitter (ms)","KPI from->to",10,0
"Jitter (ms)","KPI from->to",12,0
"Jitter (ms)","KPI from->to",14,0
"Jitter (ms)","KPI from->to",16,0
"Jitter (ms)","KPI from->to",18,0
"Jitter (ms)","KPI from->to",20,0
"Jitter (ms)","KPI from->to",22,0
"Jitter (ms)","KPI from->to",24,0
"Jitter (ms)","KPI from->to",26,0
"Jitter (ms)","KPI from->to",28,0
"Jitter (ms)","KPI from->to",30,0
"Jitter (ms)","KPI from->to",32,1
"Jitter (ms)","KPI from->to",34,0
"Jitter (ms)","KPI from->to",36,0
"Jitter (ms)","KPI from->to",38,10
"Jitter (ms)","KPI from->to",40,17
"Jitter (ms)","KPI from->to",42,9
"Jitter (ms)","KPI from->to",44,0
"Jitter (ms)","KPI from->to",46,0
"Jitter (ms)","KPI from->to",48,0
"Jitter (ms)","KPI from->to",50,0
"Jitter (ms)","KPI from->to",52,1
"Jitter (ms)","KPI from->to",54,5
"Jitter (ms)","KPI from->to",56,0
"Jitter (ms)","KPI from->to",58,0
"Jitter (ms)","KPI from->to",60,0
"Jitter (ms)","KPI from->to",62,0
"Jitter (ms)","KPI from->to",64,0
"Jitter (ms)","KPI from->to",66,0
"Jitter (ms)","KPI from->to",68,0
"Jitter (ms)","KPI from->to",70,0
"Jitter (ms)","KPI from->to",72,0
"Jitter (ms)","KPI from->to",74,16
"Jitter (ms)","KPI from->to",76,17
"Jitter (ms)","KPI from->to",78,23
"Jitter (ms)","KPI from->to",80,21
"Jitter (ms)","KPI from->to",82,0
"Jitter (ms)","KPI from->to",84,0
"Jitter (ms)","KPI from->to",86,0
"Jitter (ms)","KPI from->to",88,1
"Jitter (ms)","KPI from->to",90,0
"Jitter (ms)","KPI from->to",92,0
"Jitter (ms)","KPI from->to",94,0
"Jitter (ms)","KPI from->to",96,0
"Jitter (ms)","KPI from->to",98,0
"Jitter (ms)","KPI from->to",100,0

Metric,"Pair Name",Timestamp,Value
"Jitter (ms)","KPI from->to",102,1
"Jitter (ms)","KPI from->to",104,2
"Jitter (ms)","KPI from->to",106,18
"Jitter (ms)","KPI from->to",108,10
"Jitter (ms)","KPI from->to",110,5
"Jitter (ms)","KPI from->to",112,1
"Jitter (ms)","KPI from->to",114,0
"Jitter (ms)","KPI from->to",116,0
"Jitter (ms)","KPI from->to",118,0
"Jitter (ms)","KPI from->to",120,0

Metric,"Pair Name",Timestamp,Value
Loss,"KPI from->to",102,0
Loss,"KPI from->to",104,0
Loss,"KPI from->to",106,0
Loss,"KPI from->to",108,0
Loss,"KPI from->to",110,0
Loss,"KPI from->to",112,0
Loss,"KPI from->to",114,0
Loss,"KPI from->to",116,0
Loss,"KPI from->to",118,0
Loss,"KPI from->to",120,0

Metric,"Pair Name",Timestamp,Value
"Max Delay Variation (ms)","KPI from->to",2,2
"Max Delay Variation (ms)","KPI from->to",4,124
"Max Delay Variation (ms)","KPI from->to",6,116
"Max Delay Variation (ms)","KPI from->to",8,40
"Max Delay Variation (ms)","KPI from->to",10,6
"Max Delay Variation (ms)","KPI from->to",12,39
"Max Delay Variation (ms)","KPI from->to",14,1
"Max Delay Variation (ms)","KPI from->to",16,6
"Max Delay Variation (ms)","KPI from->to",18,1
"Max Delay Variation (ms)","KPI from->to",20,1
"Max Delay Variation (ms)","KPI from->to",22,45
"Max Delay Variation (ms)","KPI from->to",24,3
"Max Delay Variation (ms)","KPI from->to",26,3
"Max Delay Variation (ms)","KPI from->to",28,2
"Max Delay Variation (ms)","KPI from->to",30,1
"Max Delay Variation (ms)","KPI from->to",32,48
"Max Delay Variation (ms)","KPI from->to",34,4
"Max Delay Variation (ms)","KPI from->to",36,3
"Max Delay Variation (ms)","KPI from->to",38,111
"Max Delay Variation (ms)","KPI from->to",40,117
"Max Delay Variation (ms)","KPI from->to",42,114
"Max Delay Variation (ms)","KPI from->to",44,47
"Max Delay Variation (ms)","KPI from->to",46,1
"Max Delay Variation (ms)","KPI from->to",48,1
"Max Delay Variation (ms)","KPI from->to",50,5
"Max Delay Variation (ms)","KPI from->to",52,14
"Max Delay Variation (ms)","KPI from->to",54,48
"Max Delay Variation (ms)","KPI from->to",56,18
"Max Delay Variation (ms)","KPI from->to",58,6
"Max Delay Variation (ms)","KPI from->to",60,2
"Max Delay Variation (ms)","KPI from->to",62,4
"Max Delay Variation (ms)","KPI from->to",64,15
"Max Delay Variation (ms)","KPI from->to",66,47
"Max Delay Variation (ms)","KPI from->to",68,2
"Max Delay Variation (ms)","KPI from->to",70,4
"Max Delay Variation (ms)","KPI from->to",72,3
"Max Delay Variation (ms)","KPI from->to",74,114
"Max Delay Variation (ms)","KPI from->to",76,118
"Max Delay Variation (ms)","KPI from->to",78,149
"Max Delay Variation (ms)","KPI from->to",80,117
"Max Delay Variation (ms)","KPI from->to",82,112
"Max Delay Variation (ms)","KPI from->to",84,1
"Max Delay Variation (ms)","KPI from->to",86,16
"Max Delay Variation (ms)","KPI from->to",88,20
"Max Delay Variation (ms)","KPI from->to",90,1
"Max Delay Variation (ms)","KPI from->to",92,2
"Max Delay Variation (ms)","KPI from->to",94,1
"Max Delay Variation (ms)","KPI from->to",96,2
"Max Delay Variation (ms)","KPI from->to",98,1
"Max Delay Variation (ms)","KPI from->to",100,54

Metric,"Pair Name",Timestamp,Value
"Max Delay Variation (ms)","KPI from->to",102,15
"Max Delay Variation (ms)","KPI from->to",104,19
"Max Delay Variation (ms)","KPI from->to",106,114
"Max Delay Variation (ms)","KPI from->to",108,121
"Max Delay Variation (ms)","KPI from->to",110,42
"Max Delay Variation (ms)","KPI from->to",112,9
"Max Delay Variation (ms)","KPI from->to",114,2
"Max Delay Variation (ms)","KPI from->to",116,1
"Max Delay Variation (ms)","KPI from->to",118,1
"Max Delay Variation (ms)","KPI from->to",120,2


