"Test Information",Value
"RUN ID",498
"END EXECUTION TIME","2021-05-14 14:06:50"
"SOURCE PROBE NAME",raspberrypi-AAS
"SOURCE PROBE TEST IP ADDRESS",raspberrypi-AAS
"SOURCE PROBE MANAGEMENT IP ADDRESS",raspberrypi-AAS
"SOURCE PROBE GROUP",Administrators
"DESTINATION PROBE NAME",andreas
"DESTINATION PROBE TEST IP ADDRESS",andreas
"DESTINATION PROBE MANAGEMENT IP ADDRESS",andreas
"DESTINATION PROBE GROUP",Administrators
"DESTINATION PROBE LOCATION",
"TEST MODULE",MESH
"TEST TYPE","Network KPI"
"TEST ADDITIONAL INFORMATION"," DSCP Setting: Best Effort"
"TEST DURATION",120
"TEST STATUS",Failed
"FAIL OR ERROR REASON"," Threshold failed on KPI from->to Jitter Max (ms) 
 Threshold failed on KPI from->to Max Delay Variation (ms) 
"

Metric,"Pair Name",Value,"Threshold Type",Threshold,"Status KPI"
"Datagrams Out of Order","KPI from->to",0.0,0,>=,Passed
"Delay (ms)","KPI from->to",5.75,0,<=,Passed
"Jitter (ms)","KPI from->to",2.32,0,<=,Passed
"Jitter Max (ms)","KPI from->to",25.0,0,<=,Failed
Loss,"KPI from->to",0.0,0,<=,Passed
"Max Delay Variation (ms)","KPI from->to",143.0,0,<=,Failed
"Max loss burst","KPI from->to",0.0,0,<=,Passed
MOS,"KPI from->to",3.79,1,<=,Passed
"Wi-Fi RSSI Average","Wi-Fi andreas",-34.0,-1,<=,Passed
"Wi-Fi RSSI Minimum","Wi-Fi andreas",-37.0,-1,<=,Passed
"Wi-Fi RSSI Maximum","Wi-Fi andreas",-28.0,-1,<=,Passed
"Wi-Fi Link Speed Average (Mbps)","Wi-Fi andreas",168.48333333333332,-1,<=,Passed
"Wi-Fi BSSID","Wi-Fi andreas",fc:5b:39:c7:c3:4f,,,Passed
"Wi-Fi SSID","Wi-Fi andreas",eduroam,,,Passed

Metric,"Pair Name",Timestamp,Value
"Wi-Fi Link Speed (Mbps)","Wi-Fi andreas",102,173
"Wi-Fi Link Speed (Mbps)","Wi-Fi andreas",104,173
"Wi-Fi Link Speed (Mbps)","Wi-Fi andreas",106,173
"Wi-Fi Link Speed (Mbps)","Wi-Fi andreas",108,173
"Wi-Fi Link Speed (Mbps)","Wi-Fi andreas",110,173
"Wi-Fi Link Speed (Mbps)","Wi-Fi andreas",112,173
"Wi-Fi Link Speed (Mbps)","Wi-Fi andreas",114,173
"Wi-Fi Link Speed (Mbps)","Wi-Fi andreas",116,173
"Wi-Fi Link Speed (Mbps)","Wi-Fi andreas",118,173
"Wi-Fi Link Speed (Mbps)","Wi-Fi andreas",120,156

Metric,"Pair Name",Timestamp,Value
"Jitter (ms)","KPI from->to",102,1
"Jitter (ms)","KPI from->to",104,0
"Jitter (ms)","KPI from->to",106,0
"Jitter (ms)","KPI from->to",108,0
"Jitter (ms)","KPI from->to",110,0
"Jitter (ms)","KPI from->to",112,0
"Jitter (ms)","KPI from->to",114,0
"Jitter (ms)","KPI from->to",116,0
"Jitter (ms)","KPI from->to",118,0
"Jitter (ms)","KPI from->to",120,0

Metric,"Pair Name",Timestamp,Value
MOS,"KPI from->to",102,3.5
MOS,"KPI from->to",104,4.37
MOS,"KPI from->to",106,4.37
MOS,"KPI from->to",108,4.37
MOS,"KPI from->to",110,4.37
MOS,"KPI from->to",112,4.37
MOS,"KPI from->to",114,3.5
MOS,"KPI from->to",116,4.37
MOS,"KPI from->to",118,4.37
MOS,"KPI from->to",120,4.37

Metric,"Pair Name",Timestamp,Value
"Delay (ms)","KPI from->to",2,2
"Delay (ms)","KPI from->to",4,1
"Delay (ms)","KPI from->to",6,1
"Delay (ms)","KPI from->to",8,2
"Delay (ms)","KPI from->to",10,2
"Delay (ms)","KPI from->to",12,1
"Delay (ms)","KPI from->to",14,2
"Delay (ms)","KPI from->to",16,2
"Delay (ms)","KPI from->to",18,2
"Delay (ms)","KPI from->to",20,1
"Delay (ms)","KPI from->to",22,1
"Delay (ms)","KPI from->to",24,23
"Delay (ms)","KPI from->to",26,36
"Delay (ms)","KPI from->to",28,15
"Delay (ms)","KPI from->to",30,37
"Delay (ms)","KPI from->to",32,25
"Delay (ms)","KPI from->to",34,1
"Delay (ms)","KPI from->to",36,2
"Delay (ms)","KPI from->to",38,1
"Delay (ms)","KPI from->to",40,0
"Delay (ms)","KPI from->to",42,1
"Delay (ms)","KPI from->to",44,1
"Delay (ms)","KPI from->to",46,2
"Delay (ms)","KPI from->to",48,1
"Delay (ms)","KPI from->to",50,0
"Delay (ms)","KPI from->to",52,0
"Delay (ms)","KPI from->to",54,1
"Delay (ms)","KPI from->to",56,1
"Delay (ms)","KPI from->to",58,17
"Delay (ms)","KPI from->to",60,37
"Delay (ms)","KPI from->to",62,11
"Delay (ms)","KPI from->to",64,3
"Delay (ms)","KPI from->to",66,1
"Delay (ms)","KPI from->to",68,2
"Delay (ms)","KPI from->to",70,2
"Delay (ms)","KPI from->to",72,1
"Delay (ms)","KPI from->to",74,1
"Delay (ms)","KPI from->to",76,1
"Delay (ms)","KPI from->to",78,1
"Delay (ms)","KPI from->to",80,2
"Delay (ms)","KPI from->to",82,2
"Delay (ms)","KPI from->to",84,1
"Delay (ms)","KPI from->to",86,2
"Delay (ms)","KPI from->to",88,2
"Delay (ms)","KPI from->to",90,2
"Delay (ms)","KPI from->to",92,36
"Delay (ms)","KPI from->to",94,34
"Delay (ms)","KPI from->to",96,5
"Delay (ms)","KPI from->to",98,1
"Delay (ms)","KPI from->to",100,1

Metric,"Pair Name",Timestamp,Value
Loss,"KPI from->to",2,0
Loss,"KPI from->to",4,0
Loss,"KPI from->to",6,0
Loss,"KPI from->to",8,0
Loss,"KPI from->to",10,0
Loss,"KPI from->to",12,0
Loss,"KPI from->to",14,0
Loss,"KPI from->to",16,0
Loss,"KPI from->to",18,0
Loss,"KPI from->to",20,0
Loss,"KPI from->to",22,0
Loss,"KPI from->to",24,0
Loss,"KPI from->to",26,0
Loss,"KPI from->to",28,0
Loss,"KPI from->to",30,0
Loss,"KPI from->to",32,0
Loss,"KPI from->to",34,0
Loss,"KPI from->to",36,0
Loss,"KPI from->to",38,0
Loss,"KPI from->to",40,0
Loss,"KPI from->to",42,0
Loss,"KPI from->to",44,0
Loss,"KPI from->to",46,0
Loss,"KPI from->to",48,0
Loss,"KPI from->to",50,0
Loss,"KPI from->to",52,0
Loss,"KPI from->to",54,0
Loss,"KPI from->to",56,0
Loss,"KPI from->to",58,0
Loss,"KPI from->to",60,0
Loss,"KPI from->to",62,0
Loss,"KPI from->to",64,0
Loss,"KPI from->to",66,0
Loss,"KPI from->to",68,0
Loss,"KPI from->to",70,0
Loss,"KPI from->to",72,0
Loss,"KPI from->to",74,0
Loss,"KPI from->to",76,0
Loss,"KPI from->to",78,0
Loss,"KPI from->to",80,0
Loss,"KPI from->to",82,0
Loss,"KPI from->to",84,0
Loss,"KPI from->to",86,0
Loss,"KPI from->to",88,0
Loss,"KPI from->to",90,0
Loss,"KPI from->to",92,0
Loss,"KPI from->to",94,0
Loss,"KPI from->to",96,0
Loss,"KPI from->to",98,0
Loss,"KPI from->to",100,0

Metric,"Pair Name",Timestamp,Value
"Max Delay Variation (ms)","KPI from->to",2,44
"Max Delay Variation (ms)","KPI from->to",4,3
"Max Delay Variation (ms)","KPI from->to",6,3
"Max Delay Variation (ms)","KPI from->to",8,2
"Max Delay Variation (ms)","KPI from->to",10,3
"Max Delay Variation (ms)","KPI from->to",12,3
"Max Delay Variation (ms)","KPI from->to",14,35
"Max Delay Variation (ms)","KPI from->to",16,2
"Max Delay Variation (ms)","KPI from->to",18,2
"Max Delay Variation (ms)","KPI from->to",20,2
"Max Delay Variation (ms)","KPI from->to",22,3
"Max Delay Variation (ms)","KPI from->to",24,143
"Max Delay Variation (ms)","KPI from->to",26,118
"Max Delay Variation (ms)","KPI from->to",28,118
"Max Delay Variation (ms)","KPI from->to",30,117
"Max Delay Variation (ms)","KPI from->to",32,116
"Max Delay Variation (ms)","KPI from->to",34,4
"Max Delay Variation (ms)","KPI from->to",36,33
"Max Delay Variation (ms)","KPI from->to",38,3
"Max Delay Variation (ms)","KPI from->to",40,2
"Max Delay Variation (ms)","KPI from->to",42,3
"Max Delay Variation (ms)","KPI from->to",44,2
"Max Delay Variation (ms)","KPI from->to",46,38
"Max Delay Variation (ms)","KPI from->to",48,2
"Max Delay Variation (ms)","KPI from->to",50,3
"Max Delay Variation (ms)","KPI from->to",52,2
"Max Delay Variation (ms)","KPI from->to",54,3
"Max Delay Variation (ms)","KPI from->to",56,3
"Max Delay Variation (ms)","KPI from->to",58,112
"Max Delay Variation (ms)","KPI from->to",60,116
"Max Delay Variation (ms)","KPI from->to",62,111
"Max Delay Variation (ms)","KPI from->to",64,18
"Max Delay Variation (ms)","KPI from->to",66,3
"Max Delay Variation (ms)","KPI from->to",68,43
"Max Delay Variation (ms)","KPI from->to",70,3
"Max Delay Variation (ms)","KPI from->to",72,2
"Max Delay Variation (ms)","KPI from->to",74,3
"Max Delay Variation (ms)","KPI from->to",76,3
"Max Delay Variation (ms)","KPI from->to",78,2
"Max Delay Variation (ms)","KPI from->to",80,49
"Max Delay Variation (ms)","KPI from->to",82,3
"Max Delay Variation (ms)","KPI from->to",84,2
"Max Delay Variation (ms)","KPI from->to",86,2
"Max Delay Variation (ms)","KPI from->to",88,3
"Max Delay Variation (ms)","KPI from->to",90,2
"Max Delay Variation (ms)","KPI from->to",92,115
"Max Delay Variation (ms)","KPI from->to",94,119
"Max Delay Variation (ms)","KPI from->to",96,3
"Max Delay Variation (ms)","KPI from->to",98,3
"Max Delay Variation (ms)","KPI from->to",100,3

Metric,"Pair Name",Timestamp,Value
"Max Delay Variation (ms)","KPI from->to",102,43
"Max Delay Variation (ms)","KPI from->to",104,3
"Max Delay Variation (ms)","KPI from->to",106,2
"Max Delay Variation (ms)","KPI from->to",108,3
"Max Delay Variation (ms)","KPI from->to",110,2
"Max Delay Variation (ms)","KPI from->to",112,2
"Max Delay Variation (ms)","KPI from->to",114,44
"Max Delay Variation (ms)","KPI from->to",116,2
"Max Delay Variation (ms)","KPI from->to",118,2
"Max Delay Variation (ms)","KPI from->to",120,3

Metric,"Pair Name",Timestamp,Value
MOS,"KPI from->to",2,3.5
MOS,"KPI from->to",4,4.37
MOS,"KPI from->to",6,4.37
MOS,"KPI from->to",8,4.37
MOS,"KPI from->to",10,4.37
MOS,"KPI from->to",12,4.37
MOS,"KPI from->to",14,4.37
MOS,"KPI from->to",16,4.37
MOS,"KPI from->to",18,4.37
MOS,"KPI from->to",20,4.37
MOS,"KPI from->to",22,4.37
MOS,"KPI from->to",24,1
MOS,"KPI from->to",26,1
MOS,"KPI from->to",28,2.23
MOS,"KPI from->to",30,1
MOS,"KPI from->to",32,1
MOS,"KPI from->to",34,4.37
MOS,"KPI from->to",36,4.37
MOS,"KPI from->to",38,4.37
MOS,"KPI from->to",40,4.37
MOS,"KPI from->to",42,4.37
MOS,"KPI from->to",44,4.37
MOS,"KPI from->to",46,4.37
MOS,"KPI from->to",48,4.37
MOS,"KPI from->to",50,4.37
MOS,"KPI from->to",52,4.37
MOS,"KPI from->to",54,4.37
MOS,"KPI from->to",56,4.37
MOS,"KPI from->to",58,1.79
MOS,"KPI from->to",60,1
MOS,"KPI from->to",62,2.45
MOS,"KPI from->to",64,4.37
MOS,"KPI from->to",66,4.37
MOS,"KPI from->to",68,3.5
MOS,"KPI from->to",70,4.37
MOS,"KPI from->to",72,4.37
MOS,"KPI from->to",74,4.37
MOS,"KPI from->to",76,4.37
MOS,"KPI from->to",78,4.37
MOS,"KPI from->to",80,3.5
MOS,"KPI from->to",82,4.37
MOS,"KPI from->to",84,4.37
MOS,"KPI from->to",86,4.37
MOS,"KPI from->to",88,4.37
MOS,"KPI from->to",90,4.37
MOS,"KPI from->to",92,1
MOS,"KPI from->to",94,1
MOS,"KPI from->to",96,4.37
MOS,"KPI from->to",98,4.37
MOS,"KPI from->to",100,4.37

Metric,"Pair Name",Timestamp,Value
"Wi-Fi Link Speed (Mbps)","Wi-Fi andreas",2,173
"Wi-Fi Link Speed (Mbps)","Wi-Fi andreas",4,173
"Wi-Fi Link Speed (Mbps)","Wi-Fi andreas",6,173
"Wi-Fi Link Speed (Mbps)","Wi-Fi andreas",8,173
"Wi-Fi Link Speed (Mbps)","Wi-Fi andreas",10,173
"Wi-Fi Link Speed (Mbps)","Wi-Fi andreas",12,173
"Wi-Fi Link Speed (Mbps)","Wi-Fi andreas",14,173
"Wi-Fi Link Speed (Mbps)","Wi-Fi andreas",16,173
"Wi-Fi Link Speed (Mbps)","Wi-Fi andreas",18,173
"Wi-Fi Link Speed (Mbps)","Wi-Fi andreas",20,173
"Wi-Fi Link Speed (Mbps)","Wi-Fi andreas",22,173
"Wi-Fi Link Speed (Mbps)","Wi-Fi andreas",24,173
"Wi-Fi Link Speed (Mbps)","Wi-Fi andreas",26,173
"Wi-Fi Link Speed (Mbps)","Wi-Fi andreas",28,173
"Wi-Fi Link Speed (Mbps)","Wi-Fi andreas",30,173
"Wi-Fi Link Speed (Mbps)","Wi-Fi andreas",32,173
"Wi-Fi Link Speed (Mbps)","Wi-Fi andreas",34,173
"Wi-Fi Link Speed (Mbps)","Wi-Fi andreas",36,173
"Wi-Fi Link Speed (Mbps)","Wi-Fi andreas",38,173
"Wi-Fi Link Speed (Mbps)","Wi-Fi andreas",40,173
"Wi-Fi Link Speed (Mbps)","Wi-Fi andreas",42,173
"Wi-Fi Link Speed (Mbps)","Wi-Fi andreas",44,173
"Wi-Fi Link Speed (Mbps)","Wi-Fi andreas",46,144
"Wi-Fi Link Speed (Mbps)","Wi-Fi andreas",48,144
"Wi-Fi Link Speed (Mbps)","Wi-Fi andreas",50,144
"Wi-Fi Link Speed (Mbps)","Wi-Fi andreas",52,173
"Wi-Fi Link Speed (Mbps)","Wi-Fi andreas",54,173
"Wi-Fi Link Speed (Mbps)","Wi-Fi andreas",56,173
"Wi-Fi Link Speed (Mbps)","Wi-Fi andreas",58,144
"Wi-Fi Link Speed (Mbps)","Wi-Fi andreas",60,144
"Wi-Fi Link Speed (Mbps)","Wi-Fi andreas",62,173
"Wi-Fi Link Speed (Mbps)","Wi-Fi andreas",64,173
"Wi-Fi Link Speed (Mbps)","Wi-Fi andreas",66,173
"Wi-Fi Link Speed (Mbps)","Wi-Fi andreas",68,173
"Wi-Fi Link Speed (Mbps)","Wi-Fi andreas",70,173
"Wi-Fi Link Speed (Mbps)","Wi-Fi andreas",72,173
"Wi-Fi Link Speed (Mbps)","Wi-Fi andreas",74,173
"Wi-Fi Link Speed (Mbps)","Wi-Fi andreas",76,173
"Wi-Fi Link Speed (Mbps)","Wi-Fi andreas",78,173
"Wi-Fi Link Speed (Mbps)","Wi-Fi andreas",80,144
"Wi-Fi Link Speed (Mbps)","Wi-Fi andreas",82,144
"Wi-Fi Link Speed (Mbps)","Wi-Fi andreas",84,173
"Wi-Fi Link Speed (Mbps)","Wi-Fi andreas",86,173
"Wi-Fi Link Speed (Mbps)","Wi-Fi andreas",88,156
"Wi-Fi Link Speed (Mbps)","Wi-Fi andreas",90,156
"Wi-Fi Link Speed (Mbps)","Wi-Fi andreas",92,156
"Wi-Fi Link Speed (Mbps)","Wi-Fi andreas",94,173
"Wi-Fi Link Speed (Mbps)","Wi-Fi andreas",96,173
"Wi-Fi Link Speed (Mbps)","Wi-Fi andreas",98,173
"Wi-Fi Link Speed (Mbps)","Wi-Fi andreas",100,173

Metric,"Pair Name",Timestamp,Value
"Delay (ms)","KPI from->to",102,2
"Delay (ms)","KPI from->to",104,2
"Delay (ms)","KPI from->to",106,2
"Delay (ms)","KPI from->to",108,1
"Delay (ms)","KPI from->to",110,1
"Delay (ms)","KPI from->to",112,1
"Delay (ms)","KPI from->to",114,2
"Delay (ms)","KPI from->to",116,1
"Delay (ms)","KPI from->to",118,2
"Delay (ms)","KPI from->to",120,2


