"Test Information",Value
"RUN ID",498
"END EXECUTION TIME","2021-05-14 14:44:34"
"SOURCE PROBE NAME",raspberrypi-5G
"SOURCE PROBE TEST IP ADDRESS",raspberrypi-5G
"SOURCE PROBE MANAGEMENT IP ADDRESS",raspberrypi-5G
"SOURCE PROBE GROUP",Administrators
"DESTINATION PROBE NAME",raspberrypi-AAS
"DESTINATION PROBE TEST IP ADDRESS",raspberrypi-AAS
"DESTINATION PROBE MANAGEMENT IP ADDRESS",raspberrypi-AAS
"DESTINATION PROBE GROUP",Administrators
"DESTINATION PROBE LOCATION",
"TEST MODULE",MESH
"TEST TYPE","Network KPI"
"TEST ADDITIONAL INFORMATION"," DSCP Setting: Best Effort"
"TEST DURATION",120
"TEST STATUS",Failed
"FAIL OR ERROR REASON"," Threshold failed on KPI from->to Max Delay Variation (ms) 
"

Metric,"Pair Name",Value,"Threshold Type",Threshold,"Status KPI"
"Datagrams Out of Order","KPI from->to",0.0,0,>=,Passed
"Delay (ms)","KPI from->to",15.1,0,<=,Passed
"Jitter (ms)","KPI from->to",0.78,0,<=,Passed
"Jitter Max (ms)","KPI from->to",3.0,0,<=,Passed
Loss,"KPI from->to",0.0,0,<=,Passed
"Max Delay Variation (ms)","KPI from->to",33.0,0,<=,Failed
"Max loss burst","KPI from->to",0.0,0,<=,Passed
MOS,"KPI from->to",4.37,1,<=,Passed

Metric,"Pair Name",Timestamp,Value
"Jitter (ms)","KPI from->to",102,1
"Jitter (ms)","KPI from->to",104,2
"Jitter (ms)","KPI from->to",106,2
"Jitter (ms)","KPI from->to",108,1
"Jitter (ms)","KPI from->to",110,1
"Jitter (ms)","KPI from->to",112,0
"Jitter (ms)","KPI from->to",114,0
"Jitter (ms)","KPI from->to",116,0
"Jitter (ms)","KPI from->to",118,0
"Jitter (ms)","KPI from->to",120,1

Metric,"Pair Name",Timestamp,Value
"Max Delay Variation (ms)","KPI from->to",102,17
"Max Delay Variation (ms)","KPI from->to",104,17
"Max Delay Variation (ms)","KPI from->to",106,17
"Max Delay Variation (ms)","KPI from->to",108,9
"Max Delay Variation (ms)","KPI from->to",110,8
"Max Delay Variation (ms)","KPI from->to",112,6
"Max Delay Variation (ms)","KPI from->to",114,4
"Max Delay Variation (ms)","KPI from->to",116,5
"Max Delay Variation (ms)","KPI from->to",118,4
"Max Delay Variation (ms)","KPI from->to",120,4

Metric,"Pair Name",Timestamp,Value
Loss,"KPI from->to",2,0
Loss,"KPI from->to",4,0
Loss,"KPI from->to",6,0
Loss,"KPI from->to",8,0
Loss,"KPI from->to",10,0
Loss,"KPI from->to",12,0
Loss,"KPI from->to",14,0
Loss,"KPI from->to",16,0
Loss,"KPI from->to",18,0
Loss,"KPI from->to",20,0
Loss,"KPI from->to",22,0
Loss,"KPI from->to",24,0
Loss,"KPI from->to",26,0
Loss,"KPI from->to",28,0
Loss,"KPI from->to",30,0
Loss,"KPI from->to",32,0
Loss,"KPI from->to",34,0
Loss,"KPI from->to",36,0
Loss,"KPI from->to",38,0
Loss,"KPI from->to",40,0
Loss,"KPI from->to",42,0
Loss,"KPI from->to",44,0
Loss,"KPI from->to",46,0
Loss,"KPI from->to",48,0
Loss,"KPI from->to",50,0
Loss,"KPI from->to",52,0
Loss,"KPI from->to",54,0
Loss,"KPI from->to",56,0
Loss,"KPI from->to",58,0
Loss,"KPI from->to",60,0
Loss,"KPI from->to",62,0
Loss,"KPI from->to",64,0
Loss,"KPI from->to",66,0
Loss,"KPI from->to",68,0
Loss,"KPI from->to",70,0
Loss,"KPI from->to",72,0
Loss,"KPI from->to",74,0
Loss,"KPI from->to",76,0
Loss,"KPI from->to",78,0
Loss,"KPI from->to",80,0
Loss,"KPI from->to",82,0
Loss,"KPI from->to",84,0
Loss,"KPI from->to",86,0
Loss,"KPI from->to",88,0
Loss,"KPI from->to",90,0
Loss,"KPI from->to",92,0
Loss,"KPI from->to",94,0
Loss,"KPI from->to",96,0
Loss,"KPI from->to",98,0
Loss,"KPI from->to",100,0

Metric,"Pair Name",Timestamp,Value
MOS,"KPI from->to",2,4.37
MOS,"KPI from->to",4,4.37
MOS,"KPI from->to",6,4.37
MOS,"KPI from->to",8,4.37
MOS,"KPI from->to",10,4.37
MOS,"KPI from->to",12,4.37
MOS,"KPI from->to",14,4.37
MOS,"KPI from->to",16,4.37
MOS,"KPI from->to",18,4.37
MOS,"KPI from->to",20,4.37
MOS,"KPI from->to",22,4.37
MOS,"KPI from->to",24,4.37
MOS,"KPI from->to",26,4.37
MOS,"KPI from->to",28,4.37
MOS,"KPI from->to",30,4.37
MOS,"KPI from->to",32,4.37
MOS,"KPI from->to",34,4.37
MOS,"KPI from->to",36,4.37
MOS,"KPI from->to",38,4.37
MOS,"KPI from->to",40,4.37
MOS,"KPI from->to",42,4.37
MOS,"KPI from->to",44,4.37
MOS,"KPI from->to",46,4.37
MOS,"KPI from->to",48,4.37
MOS,"KPI from->to",50,4.37
MOS,"KPI from->to",52,4.37
MOS,"KPI from->to",54,4.37
MOS,"KPI from->to",56,4.37
MOS,"KPI from->to",58,4.37
MOS,"KPI from->to",60,4.37
MOS,"KPI from->to",62,4.37
MOS,"KPI from->to",64,4.37
MOS,"KPI from->to",66,4.37
MOS,"KPI from->to",68,4.37
MOS,"KPI from->to",70,4.37
MOS,"KPI from->to",72,4.37
MOS,"KPI from->to",74,4.37
MOS,"KPI from->to",76,4.37
MOS,"KPI from->to",78,4.37
MOS,"KPI from->to",80,4.37
MOS,"KPI from->to",82,4.37
MOS,"KPI from->to",84,4.37
MOS,"KPI from->to",86,4.37
MOS,"KPI from->to",88,4.37
MOS,"KPI from->to",90,4.37
MOS,"KPI from->to",92,4.37
MOS,"KPI from->to",94,4.37
MOS,"KPI from->to",96,4.37
MOS,"KPI from->to",98,4.37
MOS,"KPI from->to",100,4.37

Metric,"Pair Name",Timestamp,Value
"Delay (ms)","KPI from->to",2,15
"Delay (ms)","KPI from->to",4,14
"Delay (ms)","KPI from->to",6,14
"Delay (ms)","KPI from->to",8,14
"Delay (ms)","KPI from->to",10,14
"Delay (ms)","KPI from->to",12,14
"Delay (ms)","KPI from->to",14,15
"Delay (ms)","KPI from->to",16,15
"Delay (ms)","KPI from->to",18,15
"Delay (ms)","KPI from->to",20,15
"Delay (ms)","KPI from->to",22,15
"Delay (ms)","KPI from->to",24,15
"Delay (ms)","KPI from->to",26,15
"Delay (ms)","KPI from->to",28,15
"Delay (ms)","KPI from->to",30,15
"Delay (ms)","KPI from->to",32,15
"Delay (ms)","KPI from->to",34,15
"Delay (ms)","KPI from->to",36,15
"Delay (ms)","KPI from->to",38,15
"Delay (ms)","KPI from->to",40,15
"Delay (ms)","KPI from->to",42,15
"Delay (ms)","KPI from->to",44,15
"Delay (ms)","KPI from->to",46,15
"Delay (ms)","KPI from->to",48,15
"Delay (ms)","KPI from->to",50,15
"Delay (ms)","KPI from->to",52,15
"Delay (ms)","KPI from->to",54,15
"Delay (ms)","KPI from->to",56,16
"Delay (ms)","KPI from->to",58,17
"Delay (ms)","KPI from->to",60,17
"Delay (ms)","KPI from->to",62,17
"Delay (ms)","KPI from->to",64,17
"Delay (ms)","KPI from->to",66,17
"Delay (ms)","KPI from->to",68,15
"Delay (ms)","KPI from->to",70,15
"Delay (ms)","KPI from->to",72,15
"Delay (ms)","KPI from->to",74,14
"Delay (ms)","KPI from->to",76,14
"Delay (ms)","KPI from->to",78,15
"Delay (ms)","KPI from->to",80,16
"Delay (ms)","KPI from->to",82,16
"Delay (ms)","KPI from->to",84,16
"Delay (ms)","KPI from->to",86,16
"Delay (ms)","KPI from->to",88,15
"Delay (ms)","KPI from->to",90,15
"Delay (ms)","KPI from->to",92,15
"Delay (ms)","KPI from->to",94,15
"Delay (ms)","KPI from->to",96,15
"Delay (ms)","KPI from->to",98,14
"Delay (ms)","KPI from->to",100,15

Metric,"Pair Name",Timestamp,Value
"Jitter (ms)","KPI from->to",2,0
"Jitter (ms)","KPI from->to",4,0
"Jitter (ms)","KPI from->to",6,1
"Jitter (ms)","KPI from->to",8,1
"Jitter (ms)","KPI from->to",10,0
"Jitter (ms)","KPI from->to",12,0
"Jitter (ms)","KPI from->to",14,0
"Jitter (ms)","KPI from->to",16,0
"Jitter (ms)","KPI from->to",18,0
"Jitter (ms)","KPI from->to",20,0
"Jitter (ms)","KPI from->to",22,1
"Jitter (ms)","KPI from->to",24,0
"Jitter (ms)","KPI from->to",26,0
"Jitter (ms)","KPI from->to",28,0
"Jitter (ms)","KPI from->to",30,1
"Jitter (ms)","KPI from->to",32,0
"Jitter (ms)","KPI from->to",34,0
"Jitter (ms)","KPI from->to",36,1
"Jitter (ms)","KPI from->to",38,1
"Jitter (ms)","KPI from->to",40,1
"Jitter (ms)","KPI from->to",42,0
"Jitter (ms)","KPI from->to",44,0
"Jitter (ms)","KPI from->to",46,0
"Jitter (ms)","KPI from->to",48,0
"Jitter (ms)","KPI from->to",50,0
"Jitter (ms)","KPI from->to",52,1
"Jitter (ms)","KPI from->to",54,1
"Jitter (ms)","KPI from->to",56,1
"Jitter (ms)","KPI from->to",58,1
"Jitter (ms)","KPI from->to",60,1
"Jitter (ms)","KPI from->to",62,1
"Jitter (ms)","KPI from->to",64,2
"Jitter (ms)","KPI from->to",66,2
"Jitter (ms)","KPI from->to",68,1
"Jitter (ms)","KPI from->to",70,1
"Jitter (ms)","KPI from->to",72,3
"Jitter (ms)","KPI from->to",74,1
"Jitter (ms)","KPI from->to",76,2
"Jitter (ms)","KPI from->to",78,1
"Jitter (ms)","KPI from->to",80,1
"Jitter (ms)","KPI from->to",82,1
"Jitter (ms)","KPI from->to",84,1
"Jitter (ms)","KPI from->to",86,2
"Jitter (ms)","KPI from->to",88,0
"Jitter (ms)","KPI from->to",90,1
"Jitter (ms)","KPI from->to",92,1
"Jitter (ms)","KPI from->to",94,2
"Jitter (ms)","KPI from->to",96,2
"Jitter (ms)","KPI from->to",98,1
"Jitter (ms)","KPI from->to",100,1

Metric,"Pair Name",Timestamp,Value
"Delay (ms)","KPI from->to",102,15
"Delay (ms)","KPI from->to",104,15
"Delay (ms)","KPI from->to",106,15
"Delay (ms)","KPI from->to",108,15
"Delay (ms)","KPI from->to",110,14
"Delay (ms)","KPI from->to",112,15
"Delay (ms)","KPI from->to",114,15
"Delay (ms)","KPI from->to",116,15
"Delay (ms)","KPI from->to",118,15
"Delay (ms)","KPI from->to",120,15

Metric,"Pair Name",Timestamp,Value
Loss,"KPI from->to",102,0
Loss,"KPI from->to",104,0
Loss,"KPI from->to",106,0
Loss,"KPI from->to",108,0
Loss,"KPI from->to",110,0
Loss,"KPI from->to",112,0
Loss,"KPI from->to",114,0
Loss,"KPI from->to",116,0
Loss,"KPI from->to",118,0
Loss,"KPI from->to",120,0

Metric,"Pair Name",Timestamp,Value
"Max Delay Variation (ms)","KPI from->to",2,33
"Max Delay Variation (ms)","KPI from->to",4,7
"Max Delay Variation (ms)","KPI from->to",6,10
"Max Delay Variation (ms)","KPI from->to",8,9
"Max Delay Variation (ms)","KPI from->to",10,7
"Max Delay Variation (ms)","KPI from->to",12,12
"Max Delay Variation (ms)","KPI from->to",14,3
"Max Delay Variation (ms)","KPI from->to",16,4
"Max Delay Variation (ms)","KPI from->to",18,3
"Max Delay Variation (ms)","KPI from->to",20,6
"Max Delay Variation (ms)","KPI from->to",22,6
"Max Delay Variation (ms)","KPI from->to",24,4
"Max Delay Variation (ms)","KPI from->to",26,3
"Max Delay Variation (ms)","KPI from->to",28,6
"Max Delay Variation (ms)","KPI from->to",30,5
"Max Delay Variation (ms)","KPI from->to",32,5
"Max Delay Variation (ms)","KPI from->to",34,7
"Max Delay Variation (ms)","KPI from->to",36,9
"Max Delay Variation (ms)","KPI from->to",38,4
"Max Delay Variation (ms)","KPI from->to",40,8
"Max Delay Variation (ms)","KPI from->to",42,6
"Max Delay Variation (ms)","KPI from->to",44,5
"Max Delay Variation (ms)","KPI from->to",46,4
"Max Delay Variation (ms)","KPI from->to",48,5
"Max Delay Variation (ms)","KPI from->to",50,3
"Max Delay Variation (ms)","KPI from->to",52,10
"Max Delay Variation (ms)","KPI from->to",54,5
"Max Delay Variation (ms)","KPI from->to",56,5
"Max Delay Variation (ms)","KPI from->to",58,5
"Max Delay Variation (ms)","KPI from->to",60,6
"Max Delay Variation (ms)","KPI from->to",62,5
"Max Delay Variation (ms)","KPI from->to",64,11
"Max Delay Variation (ms)","KPI from->to",66,14
"Max Delay Variation (ms)","KPI from->to",68,5
"Max Delay Variation (ms)","KPI from->to",70,11
"Max Delay Variation (ms)","KPI from->to",72,13
"Max Delay Variation (ms)","KPI from->to",74,9
"Max Delay Variation (ms)","KPI from->to",76,16
"Max Delay Variation (ms)","KPI from->to",78,10
"Max Delay Variation (ms)","KPI from->to",80,11
"Max Delay Variation (ms)","KPI from->to",82,15
"Max Delay Variation (ms)","KPI from->to",84,24
"Max Delay Variation (ms)","KPI from->to",86,22
"Max Delay Variation (ms)","KPI from->to",88,5
"Max Delay Variation (ms)","KPI from->to",90,20
"Max Delay Variation (ms)","KPI from->to",92,10
"Max Delay Variation (ms)","KPI from->to",94,13
"Max Delay Variation (ms)","KPI from->to",96,26
"Max Delay Variation (ms)","KPI from->to",98,6
"Max Delay Variation (ms)","KPI from->to",100,14

Metric,"Pair Name",Timestamp,Value
MOS,"KPI from->to",102,4.37
MOS,"KPI from->to",104,4.37
MOS,"KPI from->to",106,4.37
MOS,"KPI from->to",108,4.37
MOS,"KPI from->to",110,4.37
MOS,"KPI from->to",112,4.37
MOS,"KPI from->to",114,4.37
MOS,"KPI from->to",116,4.37
MOS,"KPI from->to",118,4.37
MOS,"KPI from->to",120,4.37


