"Test Information",Value
"RUN ID",498
"END EXECUTION TIME","2021-05-14 14:17:55"
"SOURCE PROBE NAME",raspberrypi-5G
"SOURCE PROBE TEST IP ADDRESS",raspberrypi-5G
"SOURCE PROBE MANAGEMENT IP ADDRESS",raspberrypi-5G
"SOURCE PROBE GROUP",Administrators
"DESTINATION PROBE NAME",raspberrypi-AAS
"DESTINATION PROBE TEST IP ADDRESS",raspberrypi-AAS
"DESTINATION PROBE MANAGEMENT IP ADDRESS",raspberrypi-AAS
"DESTINATION PROBE GROUP",Administrators
"DESTINATION PROBE LOCATION",
"TEST MODULE",MESH
"TEST TYPE","Network KPI"
"TEST ADDITIONAL INFORMATION"," DSCP Setting: Best Effort"
"TEST DURATION",120
"TEST STATUS",Failed
"FAIL OR ERROR REASON"," Threshold failed on KPI from->to Max Delay Variation (ms) 
"

Metric,"Pair Name",Value,"Threshold Type",Threshold,"Status KPI"
"Datagrams Out of Order","KPI from->to",0.0,0,>=,Passed
"Delay (ms)","KPI from->to",16.1,0,<=,Passed
"Jitter (ms)","KPI from->to",0.77,0,<=,Passed
"Jitter Max (ms)","KPI from->to",3.0,0,<=,Passed
Loss,"KPI from->to",0.0,0,<=,Passed
"Max Delay Variation (ms)","KPI from->to",25.0,0,<=,Failed
"Max loss burst","KPI from->to",0.0,0,<=,Passed
MOS,"KPI from->to",4.37,1,<=,Passed

Metric,"Pair Name",Timestamp,Value
"Max Delay Variation (ms)","KPI from->to",2,11
"Max Delay Variation (ms)","KPI from->to",4,13
"Max Delay Variation (ms)","KPI from->to",6,14
"Max Delay Variation (ms)","KPI from->to",8,20
"Max Delay Variation (ms)","KPI from->to",10,6
"Max Delay Variation (ms)","KPI from->to",12,3
"Max Delay Variation (ms)","KPI from->to",14,10
"Max Delay Variation (ms)","KPI from->to",16,5
"Max Delay Variation (ms)","KPI from->to",18,6
"Max Delay Variation (ms)","KPI from->to",20,5
"Max Delay Variation (ms)","KPI from->to",22,5
"Max Delay Variation (ms)","KPI from->to",24,5
"Max Delay Variation (ms)","KPI from->to",26,6
"Max Delay Variation (ms)","KPI from->to",28,6
"Max Delay Variation (ms)","KPI from->to",30,5
"Max Delay Variation (ms)","KPI from->to",32,7
"Max Delay Variation (ms)","KPI from->to",34,5
"Max Delay Variation (ms)","KPI from->to",36,5
"Max Delay Variation (ms)","KPI from->to",38,4
"Max Delay Variation (ms)","KPI from->to",40,4
"Max Delay Variation (ms)","KPI from->to",42,15
"Max Delay Variation (ms)","KPI from->to",44,8
"Max Delay Variation (ms)","KPI from->to",46,9
"Max Delay Variation (ms)","KPI from->to",48,7
"Max Delay Variation (ms)","KPI from->to",50,7
"Max Delay Variation (ms)","KPI from->to",52,11
"Max Delay Variation (ms)","KPI from->to",54,4
"Max Delay Variation (ms)","KPI from->to",56,5
"Max Delay Variation (ms)","KPI from->to",58,9
"Max Delay Variation (ms)","KPI from->to",60,10
"Max Delay Variation (ms)","KPI from->to",62,5
"Max Delay Variation (ms)","KPI from->to",64,12
"Max Delay Variation (ms)","KPI from->to",66,8
"Max Delay Variation (ms)","KPI from->to",68,10
"Max Delay Variation (ms)","KPI from->to",70,10
"Max Delay Variation (ms)","KPI from->to",72,13
"Max Delay Variation (ms)","KPI from->to",74,10
"Max Delay Variation (ms)","KPI from->to",76,14
"Max Delay Variation (ms)","KPI from->to",78,13
"Max Delay Variation (ms)","KPI from->to",80,5
"Max Delay Variation (ms)","KPI from->to",82,13
"Max Delay Variation (ms)","KPI from->to",84,12
"Max Delay Variation (ms)","KPI from->to",86,11
"Max Delay Variation (ms)","KPI from->to",88,22
"Max Delay Variation (ms)","KPI from->to",90,8
"Max Delay Variation (ms)","KPI from->to",92,25
"Max Delay Variation (ms)","KPI from->to",94,16
"Max Delay Variation (ms)","KPI from->to",96,10
"Max Delay Variation (ms)","KPI from->to",98,11
"Max Delay Variation (ms)","KPI from->to",100,7

Metric,"Pair Name",Timestamp,Value
Loss,"KPI from->to",102,0
Loss,"KPI from->to",104,0
Loss,"KPI from->to",106,0
Loss,"KPI from->to",108,0
Loss,"KPI from->to",110,0
Loss,"KPI from->to",112,0
Loss,"KPI from->to",114,0
Loss,"KPI from->to",116,0
Loss,"KPI from->to",118,0
Loss,"KPI from->to",120,0

Metric,"Pair Name",Timestamp,Value
MOS,"KPI from->to",2,4.37
MOS,"KPI from->to",4,4.37
MOS,"KPI from->to",6,4.37
MOS,"KPI from->to",8,4.37
MOS,"KPI from->to",10,4.37
MOS,"KPI from->to",12,4.37
MOS,"KPI from->to",14,4.37
MOS,"KPI from->to",16,4.37
MOS,"KPI from->to",18,4.37
MOS,"KPI from->to",20,4.37
MOS,"KPI from->to",22,4.37
MOS,"KPI from->to",24,4.37
MOS,"KPI from->to",26,4.37
MOS,"KPI from->to",28,4.37
MOS,"KPI from->to",30,4.37
MOS,"KPI from->to",32,4.37
MOS,"KPI from->to",34,4.37
MOS,"KPI from->to",36,4.37
MOS,"KPI from->to",38,4.37
MOS,"KPI from->to",40,4.37
MOS,"KPI from->to",42,4.37
MOS,"KPI from->to",44,4.37
MOS,"KPI from->to",46,4.37
MOS,"KPI from->to",48,4.37
MOS,"KPI from->to",50,4.37
MOS,"KPI from->to",52,4.37
MOS,"KPI from->to",54,4.37
MOS,"KPI from->to",56,4.37
MOS,"KPI from->to",58,4.36
MOS,"KPI from->to",60,4.36
MOS,"KPI from->to",62,4.36
MOS,"KPI from->to",64,4.36
MOS,"KPI from->to",66,4.36
MOS,"KPI from->to",68,4.36
MOS,"KPI from->to",70,4.37
MOS,"KPI from->to",72,4.37
MOS,"KPI from->to",74,4.37
MOS,"KPI from->to",76,4.37
MOS,"KPI from->to",78,4.37
MOS,"KPI from->to",80,4.37
MOS,"KPI from->to",82,4.37
MOS,"KPI from->to",84,4.37
MOS,"KPI from->to",86,4.37
MOS,"KPI from->to",88,4.37
MOS,"KPI from->to",90,4.37
MOS,"KPI from->to",92,4.37
MOS,"KPI from->to",94,4.37
MOS,"KPI from->to",96,4.37
MOS,"KPI from->to",98,4.37
MOS,"KPI from->to",100,4.37

Metric,"Pair Name",Timestamp,Value
"Delay (ms)","KPI from->to",2,15
"Delay (ms)","KPI from->to",4,15
"Delay (ms)","KPI from->to",6,14
"Delay (ms)","KPI from->to",8,14
"Delay (ms)","KPI from->to",10,13
"Delay (ms)","KPI from->to",12,14
"Delay (ms)","KPI from->to",14,17
"Delay (ms)","KPI from->to",16,17
"Delay (ms)","KPI from->to",18,17
"Delay (ms)","KPI from->to",20,17
"Delay (ms)","KPI from->to",22,16
"Delay (ms)","KPI from->to",24,16
"Delay (ms)","KPI from->to",26,16
"Delay (ms)","KPI from->to",28,16
"Delay (ms)","KPI from->to",30,15
"Delay (ms)","KPI from->to",32,15
"Delay (ms)","KPI from->to",34,15
"Delay (ms)","KPI from->to",36,17
"Delay (ms)","KPI from->to",38,17
"Delay (ms)","KPI from->to",40,17
"Delay (ms)","KPI from->to",42,16
"Delay (ms)","KPI from->to",44,16
"Delay (ms)","KPI from->to",46,17
"Delay (ms)","KPI from->to",48,17
"Delay (ms)","KPI from->to",50,17
"Delay (ms)","KPI from->to",52,17
"Delay (ms)","KPI from->to",54,16
"Delay (ms)","KPI from->to",56,17
"Delay (ms)","KPI from->to",58,19
"Delay (ms)","KPI from->to",60,18
"Delay (ms)","KPI from->to",62,18
"Delay (ms)","KPI from->to",64,18
"Delay (ms)","KPI from->to",66,18
"Delay (ms)","KPI from->to",68,18
"Delay (ms)","KPI from->to",70,17
"Delay (ms)","KPI from->to",72,17
"Delay (ms)","KPI from->to",74,17
"Delay (ms)","KPI from->to",76,17
"Delay (ms)","KPI from->to",78,16
"Delay (ms)","KPI from->to",80,13
"Delay (ms)","KPI from->to",82,13
"Delay (ms)","KPI from->to",84,13
"Delay (ms)","KPI from->to",86,12
"Delay (ms)","KPI from->to",88,12
"Delay (ms)","KPI from->to",90,14
"Delay (ms)","KPI from->to",92,15
"Delay (ms)","KPI from->to",94,15
"Delay (ms)","KPI from->to",96,14
"Delay (ms)","KPI from->to",98,14
"Delay (ms)","KPI from->to",100,14

Metric,"Pair Name",Timestamp,Value
MOS,"KPI from->to",102,4.37
MOS,"KPI from->to",104,4.37
MOS,"KPI from->to",106,4.37
MOS,"KPI from->to",108,4.37
MOS,"KPI from->to",110,4.37
MOS,"KPI from->to",112,4.36
MOS,"KPI from->to",114,4.36
MOS,"KPI from->to",116,4.36
MOS,"KPI from->to",118,4.36
MOS,"KPI from->to",120,4.36

Metric,"Pair Name",Timestamp,Value
"Jitter (ms)","KPI from->to",2,2
"Jitter (ms)","KPI from->to",4,3
"Jitter (ms)","KPI from->to",6,1
"Jitter (ms)","KPI from->to",8,0
"Jitter (ms)","KPI from->to",10,0
"Jitter (ms)","KPI from->to",12,1
"Jitter (ms)","KPI from->to",14,0
"Jitter (ms)","KPI from->to",16,0
"Jitter (ms)","KPI from->to",18,0
"Jitter (ms)","KPI from->to",20,1
"Jitter (ms)","KPI from->to",22,0
"Jitter (ms)","KPI from->to",24,1
"Jitter (ms)","KPI from->to",26,1
"Jitter (ms)","KPI from->to",28,0
"Jitter (ms)","KPI from->to",30,1
"Jitter (ms)","KPI from->to",32,1
"Jitter (ms)","KPI from->to",34,0
"Jitter (ms)","KPI from->to",36,1
"Jitter (ms)","KPI from->to",38,0
"Jitter (ms)","KPI from->to",40,1
"Jitter (ms)","KPI from->to",42,1
"Jitter (ms)","KPI from->to",44,1
"Jitter (ms)","KPI from->to",46,1
"Jitter (ms)","KPI from->to",48,1
"Jitter (ms)","KPI from->to",50,0
"Jitter (ms)","KPI from->to",52,1
"Jitter (ms)","KPI from->to",54,0
"Jitter (ms)","KPI from->to",56,0
"Jitter (ms)","KPI from->to",58,1
"Jitter (ms)","KPI from->to",60,1
"Jitter (ms)","KPI from->to",62,1
"Jitter (ms)","KPI from->to",64,1
"Jitter (ms)","KPI from->to",66,1
"Jitter (ms)","KPI from->to",68,2
"Jitter (ms)","KPI from->to",70,1
"Jitter (ms)","KPI from->to",72,1
"Jitter (ms)","KPI from->to",74,1
"Jitter (ms)","KPI from->to",76,1
"Jitter (ms)","KPI from->to",78,1
"Jitter (ms)","KPI from->to",80,1
"Jitter (ms)","KPI from->to",82,1
"Jitter (ms)","KPI from->to",84,2
"Jitter (ms)","KPI from->to",86,0
"Jitter (ms)","KPI from->to",88,1
"Jitter (ms)","KPI from->to",90,1
"Jitter (ms)","KPI from->to",92,1
"Jitter (ms)","KPI from->to",94,0
"Jitter (ms)","KPI from->to",96,1
"Jitter (ms)","KPI from->to",98,0
"Jitter (ms)","KPI from->to",100,1

Metric,"Pair Name",Timestamp,Value
"Jitter (ms)","KPI from->to",102,1
"Jitter (ms)","KPI from->to",104,1
"Jitter (ms)","KPI from->to",106,1
"Jitter (ms)","KPI from->to",108,1
"Jitter (ms)","KPI from->to",110,0
"Jitter (ms)","KPI from->to",112,0
"Jitter (ms)","KPI from->to",114,1
"Jitter (ms)","KPI from->to",116,0
"Jitter (ms)","KPI from->to",118,1
"Jitter (ms)","KPI from->to",120,0

Metric,"Pair Name",Timestamp,Value
"Delay (ms)","KPI from->to",102,15
"Delay (ms)","KPI from->to",104,16
"Delay (ms)","KPI from->to",106,15
"Delay (ms)","KPI from->to",108,15
"Delay (ms)","KPI from->to",110,15
"Delay (ms)","KPI from->to",112,19
"Delay (ms)","KPI from->to",114,21
"Delay (ms)","KPI from->to",116,21
"Delay (ms)","KPI from->to",118,21
"Delay (ms)","KPI from->to",120,20

Metric,"Pair Name",Timestamp,Value
Loss,"KPI from->to",2,0
Loss,"KPI from->to",4,0
Loss,"KPI from->to",6,0
Loss,"KPI from->to",8,0
Loss,"KPI from->to",10,0
Loss,"KPI from->to",12,0
Loss,"KPI from->to",14,0
Loss,"KPI from->to",16,0
Loss,"KPI from->to",18,0
Loss,"KPI from->to",20,0
Loss,"KPI from->to",22,0
Loss,"KPI from->to",24,0
Loss,"KPI from->to",26,0
Loss,"KPI from->to",28,0
Loss,"KPI from->to",30,0
Loss,"KPI from->to",32,0
Loss,"KPI from->to",34,0
Loss,"KPI from->to",36,0
Loss,"KPI from->to",38,0
Loss,"KPI from->to",40,0
Loss,"KPI from->to",42,0
Loss,"KPI from->to",44,0
Loss,"KPI from->to",46,0
Loss,"KPI from->to",48,0
Loss,"KPI from->to",50,0
Loss,"KPI from->to",52,0
Loss,"KPI from->to",54,0
Loss,"KPI from->to",56,0
Loss,"KPI from->to",58,0
Loss,"KPI from->to",60,0
Loss,"KPI from->to",62,0
Loss,"KPI from->to",64,0
Loss,"KPI from->to",66,0
Loss,"KPI from->to",68,0
Loss,"KPI from->to",70,0
Loss,"KPI from->to",72,0
Loss,"KPI from->to",74,0
Loss,"KPI from->to",76,0
Loss,"KPI from->to",78,0
Loss,"KPI from->to",80,0
Loss,"KPI from->to",82,0
Loss,"KPI from->to",84,0
Loss,"KPI from->to",86,0
Loss,"KPI from->to",88,0
Loss,"KPI from->to",90,0
Loss,"KPI from->to",92,0
Loss,"KPI from->to",94,0
Loss,"KPI from->to",96,0
Loss,"KPI from->to",98,0
Loss,"KPI from->to",100,0

Metric,"Pair Name",Timestamp,Value
"Max Delay Variation (ms)","KPI from->to",102,8
"Max Delay Variation (ms)","KPI from->to",104,13
"Max Delay Variation (ms)","KPI from->to",106,6
"Max Delay Variation (ms)","KPI from->to",108,8
"Max Delay Variation (ms)","KPI from->to",110,3
"Max Delay Variation (ms)","KPI from->to",112,6
"Max Delay Variation (ms)","KPI from->to",114,4
"Max Delay Variation (ms)","KPI from->to",116,4
"Max Delay Variation (ms)","KPI from->to",118,8
"Max Delay Variation (ms)","KPI from->to",120,4


