"Test Information",Value
"RUN ID",498
"END EXECUTION TIME","2021-05-14 14:09:00"
"SOURCE PROBE NAME",raspberrypi-AAS
"SOURCE PROBE TEST IP ADDRESS",raspberrypi-AAS
"SOURCE PROBE MANAGEMENT IP ADDRESS",raspberrypi-AAS
"SOURCE PROBE GROUP",Administrators
"DESTINATION PROBE NAME",raspberrypi-5G
"DESTINATION PROBE TEST IP ADDRESS",raspberrypi-5G
"DESTINATION PROBE MANAGEMENT IP ADDRESS",raspberrypi-5G
"DESTINATION PROBE GROUP",Administrators
"DESTINATION PROBE LOCATION",
"TEST MODULE",MESH
"TEST TYPE","Network KPI"
"TEST ADDITIONAL INFORMATION"," DSCP Setting: Best Effort"
"TEST DURATION",120
"TEST STATUS",Failed
"FAIL OR ERROR REASON"," Threshold failed on KPI from->to Jitter Max (ms) 
 Threshold failed on KPI from->to Max Delay Variation (ms) 
 Threshold failed on KPI from->to MOS 
"

Metric,"Pair Name",Value,"Threshold Type",Threshold,"Status KPI"
"Datagrams Out of Order","KPI from->to",0.0,0,>=,Passed
"Delay (ms)","KPI from->to",13.3,0,<=,Passed
"Jitter (ms)","KPI from->to",1.98,0,<=,Passed
"Jitter Max (ms)","KPI from->to",8.0,0,<=,Failed
Loss,"KPI from->to",0.0,0,<=,Passed
"Max Delay Variation (ms)","KPI from->to",98.0,0,<=,Failed
"Max loss burst","KPI from->to",0.0,0,<=,Passed
MOS,"KPI from->to",3.62,1,<=,Failed

Metric,"Pair Name",Timestamp,Value
Loss,"KPI from->to",2,0
Loss,"KPI from->to",4,0
Loss,"KPI from->to",6,0
Loss,"KPI from->to",8,0
Loss,"KPI from->to",10,0
Loss,"KPI from->to",12,0
Loss,"KPI from->to",14,0
Loss,"KPI from->to",16,0
Loss,"KPI from->to",18,0
Loss,"KPI from->to",20,0
Loss,"KPI from->to",22,0
Loss,"KPI from->to",24,0
Loss,"KPI from->to",26,0
Loss,"KPI from->to",28,0
Loss,"KPI from->to",30,0
Loss,"KPI from->to",32,0
Loss,"KPI from->to",34,0
Loss,"KPI from->to",36,0
Loss,"KPI from->to",38,0
Loss,"KPI from->to",40,0
Loss,"KPI from->to",42,0
Loss,"KPI from->to",44,0
Loss,"KPI from->to",46,0
Loss,"KPI from->to",48,0
Loss,"KPI from->to",50,0
Loss,"KPI from->to",52,0
Loss,"KPI from->to",54,0
Loss,"KPI from->to",56,0
Loss,"KPI from->to",58,0
Loss,"KPI from->to",60,0
Loss,"KPI from->to",62,0
Loss,"KPI from->to",64,0
Loss,"KPI from->to",66,0
Loss,"KPI from->to",68,0
Loss,"KPI from->to",70,0
Loss,"KPI from->to",72,0
Loss,"KPI from->to",74,0
Loss,"KPI from->to",76,0
Loss,"KPI from->to",78,0
Loss,"KPI from->to",80,0
Loss,"KPI from->to",82,0
Loss,"KPI from->to",84,0
Loss,"KPI from->to",86,0
Loss,"KPI from->to",88,0
Loss,"KPI from->to",90,0
Loss,"KPI from->to",92,0
Loss,"KPI from->to",94,0
Loss,"KPI from->to",96,0
Loss,"KPI from->to",98,0
Loss,"KPI from->to",100,0

Metric,"Pair Name",Timestamp,Value
Loss,"KPI from->to",102,0
Loss,"KPI from->to",104,0
Loss,"KPI from->to",106,0
Loss,"KPI from->to",108,0
Loss,"KPI from->to",110,0
Loss,"KPI from->to",112,0
Loss,"KPI from->to",114,0
Loss,"KPI from->to",116,0
Loss,"KPI from->to",118,0
Loss,"KPI from->to",120,0

Metric,"Pair Name",Timestamp,Value
"Max Delay Variation (ms)","KPI from->to",2,32
"Max Delay Variation (ms)","KPI from->to",4,36
"Max Delay Variation (ms)","KPI from->to",6,52
"Max Delay Variation (ms)","KPI from->to",8,42
"Max Delay Variation (ms)","KPI from->to",10,37
"Max Delay Variation (ms)","KPI from->to",12,38
"Max Delay Variation (ms)","KPI from->to",14,38
"Max Delay Variation (ms)","KPI from->to",16,10
"Max Delay Variation (ms)","KPI from->to",18,7
"Max Delay Variation (ms)","KPI from->to",20,34
"Max Delay Variation (ms)","KPI from->to",22,36
"Max Delay Variation (ms)","KPI from->to",24,36
"Max Delay Variation (ms)","KPI from->to",26,37
"Max Delay Variation (ms)","KPI from->to",28,34
"Max Delay Variation (ms)","KPI from->to",30,38
"Max Delay Variation (ms)","KPI from->to",32,38
"Max Delay Variation (ms)","KPI from->to",34,7
"Max Delay Variation (ms)","KPI from->to",36,58
"Max Delay Variation (ms)","KPI from->to",38,59
"Max Delay Variation (ms)","KPI from->to",40,8
"Max Delay Variation (ms)","KPI from->to",42,57
"Max Delay Variation (ms)","KPI from->to",44,56
"Max Delay Variation (ms)","KPI from->to",46,6
"Max Delay Variation (ms)","KPI from->to",48,29
"Max Delay Variation (ms)","KPI from->to",50,60
"Max Delay Variation (ms)","KPI from->to",52,42
"Max Delay Variation (ms)","KPI from->to",54,54
"Max Delay Variation (ms)","KPI from->to",56,7
"Max Delay Variation (ms)","KPI from->to",58,10
"Max Delay Variation (ms)","KPI from->to",60,59
"Max Delay Variation (ms)","KPI from->to",62,58
"Max Delay Variation (ms)","KPI from->to",64,42
"Max Delay Variation (ms)","KPI from->to",66,98
"Max Delay Variation (ms)","KPI from->to",68,41
"Max Delay Variation (ms)","KPI from->to",70,10
"Max Delay Variation (ms)","KPI from->to",72,57
"Max Delay Variation (ms)","KPI from->to",74,59
"Max Delay Variation (ms)","KPI from->to",76,56
"Max Delay Variation (ms)","KPI from->to",78,48
"Max Delay Variation (ms)","KPI from->to",80,56
"Max Delay Variation (ms)","KPI from->to",82,9
"Max Delay Variation (ms)","KPI from->to",84,94
"Max Delay Variation (ms)","KPI from->to",86,57
"Max Delay Variation (ms)","KPI from->to",88,56
"Max Delay Variation (ms)","KPI from->to",90,78
"Max Delay Variation (ms)","KPI from->to",92,97
"Max Delay Variation (ms)","KPI from->to",94,41
"Max Delay Variation (ms)","KPI from->to",96,41
"Max Delay Variation (ms)","KPI from->to",98,88
"Max Delay Variation (ms)","KPI from->to",100,37

Metric,"Pair Name",Timestamp,Value
"Max Delay Variation (ms)","KPI from->to",102,56
"Max Delay Variation (ms)","KPI from->to",104,43
"Max Delay Variation (ms)","KPI from->to",106,41
"Max Delay Variation (ms)","KPI from->to",108,47
"Max Delay Variation (ms)","KPI from->to",110,20
"Max Delay Variation (ms)","KPI from->to",112,71
"Max Delay Variation (ms)","KPI from->to",114,37
"Max Delay Variation (ms)","KPI from->to",116,38
"Max Delay Variation (ms)","KPI from->to",118,7
"Max Delay Variation (ms)","KPI from->to",120,41

Metric,"Pair Name",Timestamp,Value
"Delay (ms)","KPI from->to",2,13
"Delay (ms)","KPI from->to",4,13
"Delay (ms)","KPI from->to",6,16
"Delay (ms)","KPI from->to",8,14
"Delay (ms)","KPI from->to",10,13
"Delay (ms)","KPI from->to",12,13
"Delay (ms)","KPI from->to",14,14
"Delay (ms)","KPI from->to",16,13
"Delay (ms)","KPI from->to",18,12
"Delay (ms)","KPI from->to",20,13
"Delay (ms)","KPI from->to",22,13
"Delay (ms)","KPI from->to",24,14
"Delay (ms)","KPI from->to",26,14
"Delay (ms)","KPI from->to",28,13
"Delay (ms)","KPI from->to",30,14
"Delay (ms)","KPI from->to",32,15
"Delay (ms)","KPI from->to",34,13
"Delay (ms)","KPI from->to",36,15
"Delay (ms)","KPI from->to",38,18
"Delay (ms)","KPI from->to",40,14
"Delay (ms)","KPI from->to",42,16
"Delay (ms)","KPI from->to",44,17
"Delay (ms)","KPI from->to",46,14
"Delay (ms)","KPI from->to",48,14
"Delay (ms)","KPI from->to",50,15
"Delay (ms)","KPI from->to",52,14
"Delay (ms)","KPI from->to",54,15
"Delay (ms)","KPI from->to",56,13
"Delay (ms)","KPI from->to",58,13
"Delay (ms)","KPI from->to",60,14
"Delay (ms)","KPI from->to",62,15
"Delay (ms)","KPI from->to",64,11
"Delay (ms)","KPI from->to",66,17
"Delay (ms)","KPI from->to",68,12
"Delay (ms)","KPI from->to",70,11
"Delay (ms)","KPI from->to",72,13
"Delay (ms)","KPI from->to",74,14
"Delay (ms)","KPI from->to",76,12
"Delay (ms)","KPI from->to",78,13
"Delay (ms)","KPI from->to",80,13
"Delay (ms)","KPI from->to",82,11
"Delay (ms)","KPI from->to",84,17
"Delay (ms)","KPI from->to",86,16
"Delay (ms)","KPI from->to",88,13
"Delay (ms)","KPI from->to",90,16
"Delay (ms)","KPI from->to",92,15
"Delay (ms)","KPI from->to",94,13
"Delay (ms)","KPI from->to",96,13
"Delay (ms)","KPI from->to",98,13
"Delay (ms)","KPI from->to",100,8

Metric,"Pair Name",Timestamp,Value
MOS,"KPI from->to",2,4.37
MOS,"KPI from->to",4,4.37
MOS,"KPI from->to",6,3.48
MOS,"KPI from->to",8,2.8
MOS,"KPI from->to",10,4.37
MOS,"KPI from->to",12,4.37
MOS,"KPI from->to",14,4.37
MOS,"KPI from->to",16,4.37
MOS,"KPI from->to",18,4.37
MOS,"KPI from->to",20,4.37
MOS,"KPI from->to",22,4.37
MOS,"KPI from->to",24,4.37
MOS,"KPI from->to",26,4.37
MOS,"KPI from->to",28,4.37
MOS,"KPI from->to",30,4.37
MOS,"KPI from->to",32,4.37
MOS,"KPI from->to",34,4.37
MOS,"KPI from->to",36,3.48
MOS,"KPI from->to",38,2.18
MOS,"KPI from->to",40,4.37
MOS,"KPI from->to",42,2.8
MOS,"KPI from->to",44,2.42
MOS,"KPI from->to",46,4.37
MOS,"KPI from->to",48,4.37
MOS,"KPI from->to",50,2.8
MOS,"KPI from->to",52,3.48
MOS,"KPI from->to",54,2.8
MOS,"KPI from->to",56,4.37
MOS,"KPI from->to",58,4.37
MOS,"KPI from->to",60,3.48
MOS,"KPI from->to",62,2.79
MOS,"KPI from->to",64,3.5
MOS,"KPI from->to",66,2.42
MOS,"KPI from->to",68,3.49
MOS,"KPI from->to",70,4.37
MOS,"KPI from->to",72,2.8
MOS,"KPI from->to",74,2.43
MOS,"KPI from->to",76,3.49
MOS,"KPI from->to",78,3.48
MOS,"KPI from->to",80,3.48
MOS,"KPI from->to",82,4.37
MOS,"KPI from->to",84,2.8
MOS,"KPI from->to",86,2.42
MOS,"KPI from->to",88,2.81
MOS,"KPI from->to",90,2.42
MOS,"KPI from->to",92,3.47
MOS,"KPI from->to",94,3.49
MOS,"KPI from->to",96,3.48
MOS,"KPI from->to",98,2.79
MOS,"KPI from->to",100,4.37

Metric,"Pair Name",Timestamp,Value
MOS,"KPI from->to",102,2.81
MOS,"KPI from->to",104,3.48
MOS,"KPI from->to",106,3.49
MOS,"KPI from->to",108,2.44
MOS,"KPI from->to",110,4.37
MOS,"KPI from->to",112,2.8
MOS,"KPI from->to",114,4.37
MOS,"KPI from->to",116,4.37
MOS,"KPI from->to",118,4.37
MOS,"KPI from->to",120,2.8

Metric,"Pair Name",Timestamp,Value
"Delay (ms)","KPI from->to",102,9
"Delay (ms)","KPI from->to",104,8
"Delay (ms)","KPI from->to",106,8
"Delay (ms)","KPI from->to",108,11
"Delay (ms)","KPI from->to",110,10
"Delay (ms)","KPI from->to",112,15
"Delay (ms)","KPI from->to",114,12
"Delay (ms)","KPI from->to",116,12
"Delay (ms)","KPI from->to",118,12
"Delay (ms)","KPI from->to",120,13

Metric,"Pair Name",Timestamp,Value
"Jitter (ms)","KPI from->to",2,1
"Jitter (ms)","KPI from->to",4,1
"Jitter (ms)","KPI from->to",6,3
"Jitter (ms)","KPI from->to",8,6
"Jitter (ms)","KPI from->to",10,2
"Jitter (ms)","KPI from->to",12,1
"Jitter (ms)","KPI from->to",14,2
"Jitter (ms)","KPI from->to",16,1
"Jitter (ms)","KPI from->to",18,1
"Jitter (ms)","KPI from->to",20,1
"Jitter (ms)","KPI from->to",22,2
"Jitter (ms)","KPI from->to",24,1
"Jitter (ms)","KPI from->to",26,2
"Jitter (ms)","KPI from->to",28,4
"Jitter (ms)","KPI from->to",30,2
"Jitter (ms)","KPI from->to",32,1
"Jitter (ms)","KPI from->to",34,1
"Jitter (ms)","KPI from->to",36,1
"Jitter (ms)","KPI from->to",38,6
"Jitter (ms)","KPI from->to",40,0
"Jitter (ms)","KPI from->to",42,2
"Jitter (ms)","KPI from->to",44,4
"Jitter (ms)","KPI from->to",46,0
"Jitter (ms)","KPI from->to",48,0
"Jitter (ms)","KPI from->to",50,3
"Jitter (ms)","KPI from->to",52,4
"Jitter (ms)","KPI from->to",54,4
"Jitter (ms)","KPI from->to",56,1
"Jitter (ms)","KPI from->to",58,1
"Jitter (ms)","KPI from->to",60,4
"Jitter (ms)","KPI from->to",62,1
"Jitter (ms)","KPI from->to",64,4
"Jitter (ms)","KPI from->to",66,4
"Jitter (ms)","KPI from->to",68,1
"Jitter (ms)","KPI from->to",70,1
"Jitter (ms)","KPI from->to",72,1
"Jitter (ms)","KPI from->to",74,8
"Jitter (ms)","KPI from->to",76,2
"Jitter (ms)","KPI from->to",78,1
"Jitter (ms)","KPI from->to",80,3
"Jitter (ms)","KPI from->to",82,0
"Jitter (ms)","KPI from->to",84,5
"Jitter (ms)","KPI from->to",86,1
"Jitter (ms)","KPI from->to",88,1
"Jitter (ms)","KPI from->to",90,5
"Jitter (ms)","KPI from->to",92,1
"Jitter (ms)","KPI from->to",94,0
"Jitter (ms)","KPI from->to",96,5
"Jitter (ms)","KPI from->to",98,2
"Jitter (ms)","KPI from->to",100,2

Metric,"Pair Name",Timestamp,Value
"Jitter (ms)","KPI from->to",102,1
"Jitter (ms)","KPI from->to",104,0
"Jitter (ms)","KPI from->to",106,1
"Jitter (ms)","KPI from->to",108,1
"Jitter (ms)","KPI from->to",110,0
"Jitter (ms)","KPI from->to",112,3
"Jitter (ms)","KPI from->to",114,1
"Jitter (ms)","KPI from->to",116,0
"Jitter (ms)","KPI from->to",118,1
"Jitter (ms)","KPI from->to",120,1


