"Test Information",Value
"RUN ID",498
"END EXECUTION TIME","2021-05-14 14:02:24"
"SOURCE PROBE NAME",raspberrypi-AAS
"SOURCE PROBE TEST IP ADDRESS",raspberrypi-AAS
"SOURCE PROBE MANAGEMENT IP ADDRESS",raspberrypi-AAS
"SOURCE PROBE GROUP",Administrators
"DESTINATION PROBE NAME",raspberrypi-5G
"DESTINATION PROBE TEST IP ADDRESS",raspberrypi-5G
"DESTINATION PROBE MANAGEMENT IP ADDRESS",raspberrypi-5G
"DESTINATION PROBE GROUP",Administrators
"DESTINATION PROBE LOCATION",
"TEST MODULE",MESH
"TEST TYPE","Network KPI"
"TEST ADDITIONAL INFORMATION"," DSCP Setting: Best Effort"
"TEST DURATION",120
"TEST STATUS",Failed
"FAIL OR ERROR REASON"," Threshold failed on KPI from->to Jitter Max (ms) 
 Threshold failed on KPI from->to Max Delay Variation (ms) 
 Threshold failed on KPI from->to MOS 
"

Metric,"Pair Name",Value,"Threshold Type",Threshold,"Status KPI"
"Datagrams Out of Order","KPI from->to",0.0,0,>=,Passed
"Delay (ms)","KPI from->to",13.73,0,<=,Passed
"Jitter (ms)","KPI from->to",2.98,0,<=,Passed
"Jitter Max (ms)","KPI from->to",12.0,0,<=,Failed
Loss,"KPI from->to",0.0,0,<=,Passed
"Max Delay Variation (ms)","KPI from->to",103.0,0,<=,Failed
"Max loss burst","KPI from->to",0.0,0,<=,Passed
MOS,"KPI from->to",3.17,1,<=,Failed

Metric,"Pair Name",Timestamp,Value
"Max Delay Variation (ms)","KPI from->to",102,95
"Max Delay Variation (ms)","KPI from->to",104,57
"Max Delay Variation (ms)","KPI from->to",106,9
"Max Delay Variation (ms)","KPI from->to",108,7
"Max Delay Variation (ms)","KPI from->to",110,7
"Max Delay Variation (ms)","KPI from->to",112,42
"Max Delay Variation (ms)","KPI from->to",114,56
"Max Delay Variation (ms)","KPI from->to",116,63
"Max Delay Variation (ms)","KPI from->to",118,56

Metric,"Pair Name",Timestamp,Value
"Delay (ms)","KPI from->to",2,17
"Delay (ms)","KPI from->to",4,17
"Delay (ms)","KPI from->to",6,15
"Delay (ms)","KPI from->to",8,11
"Delay (ms)","KPI from->to",10,13
"Delay (ms)","KPI from->to",12,16
"Delay (ms)","KPI from->to",14,16
"Delay (ms)","KPI from->to",16,11
"Delay (ms)","KPI from->to",18,15
"Delay (ms)","KPI from->to",20,14
"Delay (ms)","KPI from->to",22,12
"Delay (ms)","KPI from->to",24,16
"Delay (ms)","KPI from->to",26,16
"Delay (ms)","KPI from->to",28,12
"Delay (ms)","KPI from->to",30,17
"Delay (ms)","KPI from->to",32,20
"Delay (ms)","KPI from->to",34,14
"Delay (ms)","KPI from->to",36,15
"Delay (ms)","KPI from->to",38,13
"Delay (ms)","KPI from->to",40,13
"Delay (ms)","KPI from->to",42,14
"Delay (ms)","KPI from->to",44,14
"Delay (ms)","KPI from->to",46,15
"Delay (ms)","KPI from->to",48,16
"Delay (ms)","KPI from->to",50,13
"Delay (ms)","KPI from->to",52,14
"Delay (ms)","KPI from->to",54,10
"Delay (ms)","KPI from->to",56,13
"Delay (ms)","KPI from->to",58,14
"Delay (ms)","KPI from->to",60,17
"Delay (ms)","KPI from->to",62,18
"Delay (ms)","KPI from->to",64,1
"Delay (ms)","KPI from->to",66,16
"Delay (ms)","KPI from->to",68,12
"Delay (ms)","KPI from->to",70,16
"Delay (ms)","KPI from->to",72,15
"Delay (ms)","KPI from->to",74,12
"Delay (ms)","KPI from->to",76,15
"Delay (ms)","KPI from->to",78,12
"Delay (ms)","KPI from->to",80,16
"Delay (ms)","KPI from->to",82,14
"Delay (ms)","KPI from->to",84,16
"Delay (ms)","KPI from->to",86,13
"Delay (ms)","KPI from->to",88,11
"Delay (ms)","KPI from->to",90,13
"Delay (ms)","KPI from->to",92,11
"Delay (ms)","KPI from->to",94,13
"Delay (ms)","KPI from->to",96,13
"Delay (ms)","KPI from->to",98,14
"Delay (ms)","KPI from->to",100,12

Metric,"Pair Name",Timestamp,Value
"Delay (ms)","KPI from->to",102,14
"Delay (ms)","KPI from->to",104,12
"Delay (ms)","KPI from->to",106,11
"Delay (ms)","KPI from->to",108,11
"Delay (ms)","KPI from->to",110,11
"Delay (ms)","KPI from->to",112,13
"Delay (ms)","KPI from->to",114,15
"Delay (ms)","KPI from->to",116,15
"Delay (ms)","KPI from->to",118,12

Metric,"Pair Name",Timestamp,Value
"Jitter (ms)","KPI from->to",102,1
"Jitter (ms)","KPI from->to",104,4
"Jitter (ms)","KPI from->to",106,1
"Jitter (ms)","KPI from->to",108,0
"Jitter (ms)","KPI from->to",110,2
"Jitter (ms)","KPI from->to",112,5
"Jitter (ms)","KPI from->to",114,5
"Jitter (ms)","KPI from->to",116,3
"Jitter (ms)","KPI from->to",118,3

Metric,"Pair Name",Timestamp,Value
Loss,"KPI from->to",2,0
Loss,"KPI from->to",4,0
Loss,"KPI from->to",6,0
Loss,"KPI from->to",8,0
Loss,"KPI from->to",10,0
Loss,"KPI from->to",12,0
Loss,"KPI from->to",14,0
Loss,"KPI from->to",16,0
Loss,"KPI from->to",18,0
Loss,"KPI from->to",20,0
Loss,"KPI from->to",22,0
Loss,"KPI from->to",24,0
Loss,"KPI from->to",26,0
Loss,"KPI from->to",28,0
Loss,"KPI from->to",30,0
Loss,"KPI from->to",32,0
Loss,"KPI from->to",34,0
Loss,"KPI from->to",36,0
Loss,"KPI from->to",38,0
Loss,"KPI from->to",40,0
Loss,"KPI from->to",42,0
Loss,"KPI from->to",44,0
Loss,"KPI from->to",46,0
Loss,"KPI from->to",48,0
Loss,"KPI from->to",50,0
Loss,"KPI from->to",52,0
Loss,"KPI from->to",54,0
Loss,"KPI from->to",56,0
Loss,"KPI from->to",58,0
Loss,"KPI from->to",60,0
Loss,"KPI from->to",62,0
Loss,"KPI from->to",64,0
Loss,"KPI from->to",66,0
Loss,"KPI from->to",68,0
Loss,"KPI from->to",70,0
Loss,"KPI from->to",72,0
Loss,"KPI from->to",74,0
Loss,"KPI from->to",76,0
Loss,"KPI from->to",78,0
Loss,"KPI from->to",80,0
Loss,"KPI from->to",82,0
Loss,"KPI from->to",84,0
Loss,"KPI from->to",86,0
Loss,"KPI from->to",88,0
Loss,"KPI from->to",90,0
Loss,"KPI from->to",92,0
Loss,"KPI from->to",94,0
Loss,"KPI from->to",96,0
Loss,"KPI from->to",98,0
Loss,"KPI from->to",100,0

Metric,"Pair Name",Timestamp,Value
"Max Delay Variation (ms)","KPI from->to",2,37
"Max Delay Variation (ms)","KPI from->to",4,61
"Max Delay Variation (ms)","KPI from->to",6,41
"Max Delay Variation (ms)","KPI from->to",8,20
"Max Delay Variation (ms)","KPI from->to",10,41
"Max Delay Variation (ms)","KPI from->to",12,55
"Max Delay Variation (ms)","KPI from->to",14,56
"Max Delay Variation (ms)","KPI from->to",16,42
"Max Delay Variation (ms)","KPI from->to",18,56
"Max Delay Variation (ms)","KPI from->to",20,23
"Max Delay Variation (ms)","KPI from->to",22,38
"Max Delay Variation (ms)","KPI from->to",24,56
"Max Delay Variation (ms)","KPI from->to",26,58
"Max Delay Variation (ms)","KPI from->to",28,54
"Max Delay Variation (ms)","KPI from->to",30,54
"Max Delay Variation (ms)","KPI from->to",32,98
"Max Delay Variation (ms)","KPI from->to",34,55
"Max Delay Variation (ms)","KPI from->to",36,42
"Max Delay Variation (ms)","KPI from->to",38,20
"Max Delay Variation (ms)","KPI from->to",40,9
"Max Delay Variation (ms)","KPI from->to",42,43
"Max Delay Variation (ms)","KPI from->to",44,43
"Max Delay Variation (ms)","KPI from->to",46,55
"Max Delay Variation (ms)","KPI from->to",48,43
"Max Delay Variation (ms)","KPI from->to",50,6
"Max Delay Variation (ms)","KPI from->to",52,42
"Max Delay Variation (ms)","KPI from->to",54,43
"Max Delay Variation (ms)","KPI from->to",56,7
"Max Delay Variation (ms)","KPI from->to",58,55
"Max Delay Variation (ms)","KPI from->to",60,96
"Max Delay Variation (ms)","KPI from->to",62,69
"Max Delay Variation (ms)","KPI from->to",64,43
"Max Delay Variation (ms)","KPI from->to",66,57
"Max Delay Variation (ms)","KPI from->to",68,6
"Max Delay Variation (ms)","KPI from->to",70,42
"Max Delay Variation (ms)","KPI from->to",72,56
"Max Delay Variation (ms)","KPI from->to",74,52
"Max Delay Variation (ms)","KPI from->to",76,56
"Max Delay Variation (ms)","KPI from->to",78,44
"Max Delay Variation (ms)","KPI from->to",80,54
"Max Delay Variation (ms)","KPI from->to",82,57
"Max Delay Variation (ms)","KPI from->to",84,103
"Max Delay Variation (ms)","KPI from->to",86,42
"Max Delay Variation (ms)","KPI from->to",88,10
"Max Delay Variation (ms)","KPI from->to",90,60
"Max Delay Variation (ms)","KPI from->to",92,8
"Max Delay Variation (ms)","KPI from->to",94,55
"Max Delay Variation (ms)","KPI from->to",96,47
"Max Delay Variation (ms)","KPI from->to",98,61
"Max Delay Variation (ms)","KPI from->to",100,42

Metric,"Pair Name",Timestamp,Value
MOS,"KPI from->to",102,3.48
MOS,"KPI from->to",104,3.48
MOS,"KPI from->to",106,4.37
MOS,"KPI from->to",108,4.37
MOS,"KPI from->to",110,4.37
MOS,"KPI from->to",112,2.81
MOS,"KPI from->to",114,2.42
MOS,"KPI from->to",116,2.18
MOS,"KPI from->to",118,2.8

Metric,"Pair Name",Timestamp,Value
"Jitter (ms)","KPI from->to",2,3
"Jitter (ms)","KPI from->to",4,1
"Jitter (ms)","KPI from->to",6,1
"Jitter (ms)","KPI from->to",8,1
"Jitter (ms)","KPI from->to",10,1
"Jitter (ms)","KPI from->to",12,6
"Jitter (ms)","KPI from->to",14,4
"Jitter (ms)","KPI from->to",16,4
"Jitter (ms)","KPI from->to",18,4
"Jitter (ms)","KPI from->to",20,1
"Jitter (ms)","KPI from->to",22,6
"Jitter (ms)","KPI from->to",24,5
"Jitter (ms)","KPI from->to",26,4
"Jitter (ms)","KPI from->to",28,0
"Jitter (ms)","KPI from->to",30,1
"Jitter (ms)","KPI from->to",32,9
"Jitter (ms)","KPI from->to",34,1
"Jitter (ms)","KPI from->to",36,2
"Jitter (ms)","KPI from->to",38,1
"Jitter (ms)","KPI from->to",40,0
"Jitter (ms)","KPI from->to",42,1
"Jitter (ms)","KPI from->to",44,1
"Jitter (ms)","KPI from->to",46,1
"Jitter (ms)","KPI from->to",48,1
"Jitter (ms)","KPI from->to",50,1
"Jitter (ms)","KPI from->to",52,2
"Jitter (ms)","KPI from->to",54,1
"Jitter (ms)","KPI from->to",56,1
"Jitter (ms)","KPI from->to",58,4
"Jitter (ms)","KPI from->to",60,4
"Jitter (ms)","KPI from->to",62,12
"Jitter (ms)","KPI from->to",64,5
"Jitter (ms)","KPI from->to",66,6
"Jitter (ms)","KPI from->to",68,1
"Jitter (ms)","KPI from->to",70,5
"Jitter (ms)","KPI from->to",72,9
"Jitter (ms)","KPI from->to",74,5
"Jitter (ms)","KPI from->to",76,3
"Jitter (ms)","KPI from->to",78,3
"Jitter (ms)","KPI from->to",80,4
"Jitter (ms)","KPI from->to",82,3
"Jitter (ms)","KPI from->to",84,2
"Jitter (ms)","KPI from->to",86,1
"Jitter (ms)","KPI from->to",88,2
"Jitter (ms)","KPI from->to",90,0
"Jitter (ms)","KPI from->to",92,1
"Jitter (ms)","KPI from->to",94,3
"Jitter (ms)","KPI from->to",96,5
"Jitter (ms)","KPI from->to",98,8
"Jitter (ms)","KPI from->to",100,2

Metric,"Pair Name",Timestamp,Value
Loss,"KPI from->to",102,0
Loss,"KPI from->to",104,0
Loss,"KPI from->to",106,0
Loss,"KPI from->to",108,0
Loss,"KPI from->to",110,0
Loss,"KPI from->to",112,0
Loss,"KPI from->to",114,0
Loss,"KPI from->to",116,0
Loss,"KPI from->to",118,0

Metric,"Pair Name",Timestamp,Value
MOS,"KPI from->to",2,4.37
MOS,"KPI from->to",4,2.43
MOS,"KPI from->to",6,2.8
MOS,"KPI from->to",8,3.48
MOS,"KPI from->to",10,3.48
MOS,"KPI from->to",12,2.81
MOS,"KPI from->to",14,2.42
MOS,"KPI from->to",16,3.49
MOS,"KPI from->to",18,2.81
MOS,"KPI from->to",20,4.37
MOS,"KPI from->to",22,4.37
MOS,"KPI from->to",24,2.43
MOS,"KPI from->to",26,2.79
MOS,"KPI from->to",28,3.49
MOS,"KPI from->to",30,2.18
MOS,"KPI from->to",32,2.17
MOS,"KPI from->to",34,3.49
MOS,"KPI from->to",36,2.8
MOS,"KPI from->to",38,4.37
MOS,"KPI from->to",40,4.37
MOS,"KPI from->to",42,3.48
MOS,"KPI from->to",44,3.47
MOS,"KPI from->to",46,2.81
MOS,"KPI from->to",48,2.42
MOS,"KPI from->to",50,4.37
MOS,"KPI from->to",52,2.81
MOS,"KPI from->to",54,2.8
MOS,"KPI from->to",56,4.37
MOS,"KPI from->to",58,3.49
MOS,"KPI from->to",60,2.42
MOS,"KPI from->to",62,1.85
MOS,"KPI from->to",64,2.82
MOS,"KPI from->to",66,2.18
MOS,"KPI from->to",68,4.37
MOS,"KPI from->to",70,2.43
MOS,"KPI from->to",72,2.8
MOS,"KPI from->to",74,2.17
MOS,"KPI from->to",76,2.78
MOS,"KPI from->to",78,2.83
MOS,"KPI from->to",80,2.79
MOS,"KPI from->to",82,3.49
MOS,"KPI from->to",84,2.8
MOS,"KPI from->to",86,2.79
MOS,"KPI from->to",88,4.37
MOS,"KPI from->to",90,2.81
MOS,"KPI from->to",92,4.37
MOS,"KPI from->to",94,2.81
MOS,"KPI from->to",96,2.8
MOS,"KPI from->to",98,2.8
MOS,"KPI from->to",100,3.49


