"Test Information",Value
"RUN ID",498
"END EXECUTION TIME","2021-05-14 14:33:29"
"SOURCE PROBE NAME",raspberrypi-AAS
"SOURCE PROBE TEST IP ADDRESS",raspberrypi-AAS
"SOURCE PROBE MANAGEMENT IP ADDRESS",raspberrypi-AAS
"SOURCE PROBE GROUP",Administrators
"DESTINATION PROBE NAME",raspberrypi-5G
"DESTINATION PROBE TEST IP ADDRESS",raspberrypi-5G
"DESTINATION PROBE MANAGEMENT IP ADDRESS",raspberrypi-5G
"DESTINATION PROBE GROUP",Administrators
"DESTINATION PROBE LOCATION",
"TEST MODULE",MESH
"TEST TYPE","Network KPI"
"TEST ADDITIONAL INFORMATION"," DSCP Setting: Best Effort"
"TEST DURATION",120
"TEST STATUS",Failed
"FAIL OR ERROR REASON"," Threshold failed on KPI from->to Jitter Max (ms) 
 Threshold failed on KPI from->to Max Delay Variation (ms) 
"

Metric,"Pair Name",Value,"Threshold Type",Threshold,"Status KPI"
"Datagrams Out of Order","KPI from->to",0.0,0,>=,Passed
"Delay (ms)","KPI from->to",13.51,0,<=,Passed
"Jitter (ms)","KPI from->to",2.19,0,<=,Passed
"Jitter Max (ms)","KPI from->to",12.0,0,<=,Failed
Loss,"KPI from->to",0.0,0,<=,Passed
"Max Delay Variation (ms)","KPI from->to",103.0,0,<=,Failed
"Max loss burst","KPI from->to",0.0,0,<=,Passed
MOS,"KPI from->to",3.7,1,<=,Passed

Metric,"Pair Name",Timestamp,Value
"Max Delay Variation (ms)","KPI from->to",102,43
"Max Delay Variation (ms)","KPI from->to",104,47
"Max Delay Variation (ms)","KPI from->to",106,56
"Max Delay Variation (ms)","KPI from->to",108,36
"Max Delay Variation (ms)","KPI from->to",110,41
"Max Delay Variation (ms)","KPI from->to",112,7
"Max Delay Variation (ms)","KPI from->to",114,40
"Max Delay Variation (ms)","KPI from->to",116,7
"Max Delay Variation (ms)","KPI from->to",118,43

Metric,"Pair Name",Timestamp,Value
"Delay (ms)","KPI from->to",102,11
"Delay (ms)","KPI from->to",104,15
"Delay (ms)","KPI from->to",106,16
"Delay (ms)","KPI from->to",108,14
"Delay (ms)","KPI from->to",110,14
"Delay (ms)","KPI from->to",112,12
"Delay (ms)","KPI from->to",114,13
"Delay (ms)","KPI from->to",116,12
"Delay (ms)","KPI from->to",118,14

Metric,"Pair Name",Timestamp,Value
Loss,"KPI from->to",102,0
Loss,"KPI from->to",104,0
Loss,"KPI from->to",106,0
Loss,"KPI from->to",108,0
Loss,"KPI from->to",110,0
Loss,"KPI from->to",112,0
Loss,"KPI from->to",114,0
Loss,"KPI from->to",116,0
Loss,"KPI from->to",118,0

Metric,"Pair Name",Timestamp,Value
"Jitter (ms)","KPI from->to",2,4
"Jitter (ms)","KPI from->to",4,1
"Jitter (ms)","KPI from->to",6,2
"Jitter (ms)","KPI from->to",8,1
"Jitter (ms)","KPI from->to",10,5
"Jitter (ms)","KPI from->to",12,2
"Jitter (ms)","KPI from->to",14,1
"Jitter (ms)","KPI from->to",16,11
"Jitter (ms)","KPI from->to",18,1
"Jitter (ms)","KPI from->to",20,10
"Jitter (ms)","KPI from->to",22,1
"Jitter (ms)","KPI from->to",24,2
"Jitter (ms)","KPI from->to",26,1
"Jitter (ms)","KPI from->to",28,1
"Jitter (ms)","KPI from->to",30,0
"Jitter (ms)","KPI from->to",32,2
"Jitter (ms)","KPI from->to",34,4
"Jitter (ms)","KPI from->to",36,1
"Jitter (ms)","KPI from->to",38,1
"Jitter (ms)","KPI from->to",40,1
"Jitter (ms)","KPI from->to",42,0
"Jitter (ms)","KPI from->to",44,1
"Jitter (ms)","KPI from->to",46,0
"Jitter (ms)","KPI from->to",48,1
"Jitter (ms)","KPI from->to",50,1
"Jitter (ms)","KPI from->to",52,8
"Jitter (ms)","KPI from->to",54,2
"Jitter (ms)","KPI from->to",56,1
"Jitter (ms)","KPI from->to",58,1
"Jitter (ms)","KPI from->to",60,1
"Jitter (ms)","KPI from->to",62,0
"Jitter (ms)","KPI from->to",64,4
"Jitter (ms)","KPI from->to",66,1
"Jitter (ms)","KPI from->to",68,3
"Jitter (ms)","KPI from->to",70,2
"Jitter (ms)","KPI from->to",72,1
"Jitter (ms)","KPI from->to",74,1
"Jitter (ms)","KPI from->to",76,12
"Jitter (ms)","KPI from->to",78,4
"Jitter (ms)","KPI from->to",80,0
"Jitter (ms)","KPI from->to",82,1
"Jitter (ms)","KPI from->to",84,0
"Jitter (ms)","KPI from->to",86,0
"Jitter (ms)","KPI from->to",88,0
"Jitter (ms)","KPI from->to",90,0
"Jitter (ms)","KPI from->to",92,0
"Jitter (ms)","KPI from->to",94,0
"Jitter (ms)","KPI from->to",96,7
"Jitter (ms)","KPI from->to",98,5
"Jitter (ms)","KPI from->to",100,5

Metric,"Pair Name",Timestamp,Value
Loss,"KPI from->to",2,0
Loss,"KPI from->to",4,0
Loss,"KPI from->to",6,0
Loss,"KPI from->to",8,0
Loss,"KPI from->to",10,0
Loss,"KPI from->to",12,0
Loss,"KPI from->to",14,0
Loss,"KPI from->to",16,0
Loss,"KPI from->to",18,0
Loss,"KPI from->to",20,0
Loss,"KPI from->to",22,0
Loss,"KPI from->to",24,0
Loss,"KPI from->to",26,0
Loss,"KPI from->to",28,0
Loss,"KPI from->to",30,0
Loss,"KPI from->to",32,0
Loss,"KPI from->to",34,0
Loss,"KPI from->to",36,0
Loss,"KPI from->to",38,0
Loss,"KPI from->to",40,0
Loss,"KPI from->to",42,0
Loss,"KPI from->to",44,0
Loss,"KPI from->to",46,0
Loss,"KPI from->to",48,0
Loss,"KPI from->to",50,0
Loss,"KPI from->to",52,0
Loss,"KPI from->to",54,0
Loss,"KPI from->to",56,0
Loss,"KPI from->to",58,0
Loss,"KPI from->to",60,0
Loss,"KPI from->to",62,0
Loss,"KPI from->to",64,0
Loss,"KPI from->to",66,0
Loss,"KPI from->to",68,0
Loss,"KPI from->to",70,0
Loss,"KPI from->to",72,0
Loss,"KPI from->to",74,0
Loss,"KPI from->to",76,0
Loss,"KPI from->to",78,0
Loss,"KPI from->to",80,0
Loss,"KPI from->to",82,0
Loss,"KPI from->to",84,0
Loss,"KPI from->to",86,0
Loss,"KPI from->to",88,0
Loss,"KPI from->to",90,0
Loss,"KPI from->to",92,0
Loss,"KPI from->to",94,0
Loss,"KPI from->to",96,0
Loss,"KPI from->to",98,0
Loss,"KPI from->to",100,0

Metric,"Pair Name",Timestamp,Value
MOS,"KPI from->to",2,3.47
MOS,"KPI from->to",4,4.37
MOS,"KPI from->to",6,3.49
MOS,"KPI from->to",8,2.79
MOS,"KPI from->to",10,2.8
MOS,"KPI from->to",12,3.49
MOS,"KPI from->to",14,4.37
MOS,"KPI from->to",16,3.49
MOS,"KPI from->to",18,4.37
MOS,"KPI from->to",20,2.79
MOS,"KPI from->to",22,4.37
MOS,"KPI from->to",24,2.81
MOS,"KPI from->to",26,4.37
MOS,"KPI from->to",28,4.37
MOS,"KPI from->to",30,4.37
MOS,"KPI from->to",32,4.37
MOS,"KPI from->to",34,2.8
MOS,"KPI from->to",36,4.37
MOS,"KPI from->to",38,4.37
MOS,"KPI from->to",40,3.48
MOS,"KPI from->to",42,3.49
MOS,"KPI from->to",44,3.48
MOS,"KPI from->to",46,4.37
MOS,"KPI from->to",48,3.49
MOS,"KPI from->to",50,4.37
MOS,"KPI from->to",52,2.8
MOS,"KPI from->to",54,3.49
MOS,"KPI from->to",56,4.37
MOS,"KPI from->to",58,3.48
MOS,"KPI from->to",60,4.37
MOS,"KPI from->to",62,4.37
MOS,"KPI from->to",64,4.37
MOS,"KPI from->to",66,4.37
MOS,"KPI from->to",68,2.79
MOS,"KPI from->to",70,3.48
MOS,"KPI from->to",72,3.49
MOS,"KPI from->to",74,4.37
MOS,"KPI from->to",76,2.81
MOS,"KPI from->to",78,2.8
MOS,"KPI from->to",80,3.47
MOS,"KPI from->to",82,3.5
MOS,"KPI from->to",84,3.48
MOS,"KPI from->to",86,4.37
MOS,"KPI from->to",88,4.37
MOS,"KPI from->to",90,4.37
MOS,"KPI from->to",92,4.37
MOS,"KPI from->to",94,4.37
MOS,"KPI from->to",96,2.81
MOS,"KPI from->to",98,2.17
MOS,"KPI from->to",100,3.49

Metric,"Pair Name",Timestamp,Value
MOS,"KPI from->to",102,3.49
MOS,"KPI from->to",104,2.79
MOS,"KPI from->to",106,2.42
MOS,"KPI from->to",108,3.49
MOS,"KPI from->to",110,3.47
MOS,"KPI from->to",112,4.37
MOS,"KPI from->to",114,4.37
MOS,"KPI from->to",116,4.37
MOS,"KPI from->to",118,2.81

Metric,"Pair Name",Timestamp,Value
"Delay (ms)","KPI from->to",2,17
"Delay (ms)","KPI from->to",4,15
"Delay (ms)","KPI from->to",6,16
"Delay (ms)","KPI from->to",8,16
"Delay (ms)","KPI from->to",10,16
"Delay (ms)","KPI from->to",12,15
"Delay (ms)","KPI from->to",14,15
"Delay (ms)","KPI from->to",16,17
"Delay (ms)","KPI from->to",18,13
"Delay (ms)","KPI from->to",20,15
"Delay (ms)","KPI from->to",22,12
"Delay (ms)","KPI from->to",24,14
"Delay (ms)","KPI from->to",26,11
"Delay (ms)","KPI from->to",28,12
"Delay (ms)","KPI from->to",30,11
"Delay (ms)","KPI from->to",32,11
"Delay (ms)","KPI from->to",34,13
"Delay (ms)","KPI from->to",36,13
"Delay (ms)","KPI from->to",38,13
"Delay (ms)","KPI from->to",40,14
"Delay (ms)","KPI from->to",42,14
"Delay (ms)","KPI from->to",44,13
"Delay (ms)","KPI from->to",46,12
"Delay (ms)","KPI from->to",48,13
"Delay (ms)","KPI from->to",50,12
"Delay (ms)","KPI from->to",52,17
"Delay (ms)","KPI from->to",54,14
"Delay (ms)","KPI from->to",56,13
"Delay (ms)","KPI from->to",58,14
"Delay (ms)","KPI from->to",60,13
"Delay (ms)","KPI from->to",62,12
"Delay (ms)","KPI from->to",64,13
"Delay (ms)","KPI from->to",66,12
"Delay (ms)","KPI from->to",68,14
"Delay (ms)","KPI from->to",70,15
"Delay (ms)","KPI from->to",72,14
"Delay (ms)","KPI from->to",74,13
"Delay (ms)","KPI from->to",76,16
"Delay (ms)","KPI from->to",78,15
"Delay (ms)","KPI from->to",80,14
"Delay (ms)","KPI from->to",82,14
"Delay (ms)","KPI from->to",84,14
"Delay (ms)","KPI from->to",86,12
"Delay (ms)","KPI from->to",88,12
"Delay (ms)","KPI from->to",90,11
"Delay (ms)","KPI from->to",92,11
"Delay (ms)","KPI from->to",94,11
"Delay (ms)","KPI from->to",96,13
"Delay (ms)","KPI from->to",98,14
"Delay (ms)","KPI from->to",100,12

Metric,"Pair Name",Timestamp,Value
"Jitter (ms)","KPI from->to",102,0
"Jitter (ms)","KPI from->to",104,1
"Jitter (ms)","KPI from->to",106,3
"Jitter (ms)","KPI from->to",108,1
"Jitter (ms)","KPI from->to",110,3
"Jitter (ms)","KPI from->to",112,1
"Jitter (ms)","KPI from->to",114,1
"Jitter (ms)","KPI from->to",116,1
"Jitter (ms)","KPI from->to",118,4

Metric,"Pair Name",Timestamp,Value
"Max Delay Variation (ms)","KPI from->to",2,61
"Max Delay Variation (ms)","KPI from->to",4,37
"Max Delay Variation (ms)","KPI from->to",6,44
"Max Delay Variation (ms)","KPI from->to",8,54
"Max Delay Variation (ms)","KPI from->to",10,42
"Max Delay Variation (ms)","KPI from->to",12,41
"Max Delay Variation (ms)","KPI from->to",14,36
"Max Delay Variation (ms)","KPI from->to",16,59
"Max Delay Variation (ms)","KPI from->to",18,29
"Max Delay Variation (ms)","KPI from->to",20,97
"Max Delay Variation (ms)","KPI from->to",22,17
"Max Delay Variation (ms)","KPI from->to",24,47
"Max Delay Variation (ms)","KPI from->to",26,9
"Max Delay Variation (ms)","KPI from->to",28,39
"Max Delay Variation (ms)","KPI from->to",30,7
"Max Delay Variation (ms)","KPI from->to",32,20
"Max Delay Variation (ms)","KPI from->to",34,62
"Max Delay Variation (ms)","KPI from->to",36,8
"Max Delay Variation (ms)","KPI from->to",38,8
"Max Delay Variation (ms)","KPI from->to",40,57
"Max Delay Variation (ms)","KPI from->to",42,42
"Max Delay Variation (ms)","KPI from->to",44,41
"Max Delay Variation (ms)","KPI from->to",46,13
"Max Delay Variation (ms)","KPI from->to",48,41
"Max Delay Variation (ms)","KPI from->to",50,32
"Max Delay Variation (ms)","KPI from->to",52,103
"Max Delay Variation (ms)","KPI from->to",54,58
"Max Delay Variation (ms)","KPI from->to",56,35
"Max Delay Variation (ms)","KPI from->to",58,57
"Max Delay Variation (ms)","KPI from->to",60,8
"Max Delay Variation (ms)","KPI from->to",62,8
"Max Delay Variation (ms)","KPI from->to",64,37
"Max Delay Variation (ms)","KPI from->to",66,7
"Max Delay Variation (ms)","KPI from->to",68,42
"Max Delay Variation (ms)","KPI from->to",70,42
"Max Delay Variation (ms)","KPI from->to",72,41
"Max Delay Variation (ms)","KPI from->to",74,7
"Max Delay Variation (ms)","KPI from->to",76,61
"Max Delay Variation (ms)","KPI from->to",78,42
"Max Delay Variation (ms)","KPI from->to",80,42
"Max Delay Variation (ms)","KPI from->to",82,20
"Max Delay Variation (ms)","KPI from->to",84,41
"Max Delay Variation (ms)","KPI from->to",86,6
"Max Delay Variation (ms)","KPI from->to",88,37
"Max Delay Variation (ms)","KPI from->to",90,7
"Max Delay Variation (ms)","KPI from->to",92,7
"Max Delay Variation (ms)","KPI from->to",94,36
"Max Delay Variation (ms)","KPI from->to",96,55
"Max Delay Variation (ms)","KPI from->to",98,46
"Max Delay Variation (ms)","KPI from->to",100,58


