"Test Information",Value
"RUN ID",498
"END EXECUTION TIME","2021-05-14 14:44:32"
"SOURCE PROBE NAME",raspberrypi-AAS
"SOURCE PROBE TEST IP ADDRESS",raspberrypi-AAS
"SOURCE PROBE MANAGEMENT IP ADDRESS",raspberrypi-AAS
"SOURCE PROBE GROUP",Administrators
"DESTINATION PROBE NAME",raspberrypi-5G
"DESTINATION PROBE TEST IP ADDRESS",raspberrypi-5G
"DESTINATION PROBE MANAGEMENT IP ADDRESS",raspberrypi-5G
"DESTINATION PROBE GROUP",Administrators
"DESTINATION PROBE LOCATION",
"TEST MODULE",MESH
"TEST TYPE","Network KPI"
"TEST ADDITIONAL INFORMATION"," DSCP Setting: Best Effort"
"TEST DURATION",120
"TEST STATUS",Failed
"FAIL OR ERROR REASON"," Threshold failed on KPI from->to Jitter Max (ms) 
 Threshold failed on KPI from->to Max Delay Variation (ms) 
"

Metric,"Pair Name",Value,"Threshold Type",Threshold,"Status KPI"
"Datagrams Out of Order","KPI from->to",0.0,0,>=,Passed
"Delay (ms)","KPI from->to",13.73,0,<=,Passed
"Jitter (ms)","KPI from->to",1.77,0,<=,Passed
"Jitter Max (ms)","KPI from->to",8.0,0,<=,Failed
Loss,"KPI from->to",0.0,0,<=,Passed
"Max Delay Variation (ms)","KPI from->to",61.0,0,<=,Failed
"Max loss burst","KPI from->to",0.0,0,<=,Passed
MOS,"KPI from->to",3.85,1,<=,Passed

Metric,"Pair Name",Timestamp,Value
"Max Delay Variation (ms)","KPI from->to",102,7
"Max Delay Variation (ms)","KPI from->to",104,6
"Max Delay Variation (ms)","KPI from->to",106,55
"Max Delay Variation (ms)","KPI from->to",108,45
"Max Delay Variation (ms)","KPI from->to",110,7
"Max Delay Variation (ms)","KPI from->to",112,44
"Max Delay Variation (ms)","KPI from->to",114,43
"Max Delay Variation (ms)","KPI from->to",116,37
"Max Delay Variation (ms)","KPI from->to",118,7
"Max Delay Variation (ms)","KPI from->to",120,6

Metric,"Pair Name",Timestamp,Value
Loss,"KPI from->to",102,0
Loss,"KPI from->to",104,0
Loss,"KPI from->to",106,0
Loss,"KPI from->to",108,0
Loss,"KPI from->to",110,0
Loss,"KPI from->to",112,0
Loss,"KPI from->to",114,0
Loss,"KPI from->to",116,0
Loss,"KPI from->to",118,0
Loss,"KPI from->to",120,0

Metric,"Pair Name",Timestamp,Value
"Jitter (ms)","KPI from->to",2,4
"Jitter (ms)","KPI from->to",4,0
"Jitter (ms)","KPI from->to",6,0
"Jitter (ms)","KPI from->to",8,1
"Jitter (ms)","KPI from->to",10,0
"Jitter (ms)","KPI from->to",12,1
"Jitter (ms)","KPI from->to",14,1
"Jitter (ms)","KPI from->to",16,1
"Jitter (ms)","KPI from->to",18,1
"Jitter (ms)","KPI from->to",20,3
"Jitter (ms)","KPI from->to",22,1
"Jitter (ms)","KPI from->to",24,0
"Jitter (ms)","KPI from->to",26,1
"Jitter (ms)","KPI from->to",28,1
"Jitter (ms)","KPI from->to",30,0
"Jitter (ms)","KPI from->to",32,2
"Jitter (ms)","KPI from->to",34,1
"Jitter (ms)","KPI from->to",36,1
"Jitter (ms)","KPI from->to",38,3
"Jitter (ms)","KPI from->to",40,1
"Jitter (ms)","KPI from->to",42,2
"Jitter (ms)","KPI from->to",44,1
"Jitter (ms)","KPI from->to",46,2
"Jitter (ms)","KPI from->to",48,2
"Jitter (ms)","KPI from->to",50,1
"Jitter (ms)","KPI from->to",52,1
"Jitter (ms)","KPI from->to",54,3
"Jitter (ms)","KPI from->to",56,1
"Jitter (ms)","KPI from->to",58,1
"Jitter (ms)","KPI from->to",60,1
"Jitter (ms)","KPI from->to",62,3
"Jitter (ms)","KPI from->to",64,1
"Jitter (ms)","KPI from->to",66,2
"Jitter (ms)","KPI from->to",68,4
"Jitter (ms)","KPI from->to",70,1
"Jitter (ms)","KPI from->to",72,1
"Jitter (ms)","KPI from->to",74,2
"Jitter (ms)","KPI from->to",76,8
"Jitter (ms)","KPI from->to",78,2
"Jitter (ms)","KPI from->to",80,1
"Jitter (ms)","KPI from->to",82,2
"Jitter (ms)","KPI from->to",84,1
"Jitter (ms)","KPI from->to",86,1
"Jitter (ms)","KPI from->to",88,1
"Jitter (ms)","KPI from->to",90,1
"Jitter (ms)","KPI from->to",92,1
"Jitter (ms)","KPI from->to",94,0
"Jitter (ms)","KPI from->to",96,6
"Jitter (ms)","KPI from->to",98,1
"Jitter (ms)","KPI from->to",100,0

Metric,"Pair Name",Timestamp,Value
"Delay (ms)","KPI from->to",2,15
"Delay (ms)","KPI from->to",4,13
"Delay (ms)","KPI from->to",6,12
"Delay (ms)","KPI from->to",8,12
"Delay (ms)","KPI from->to",10,13
"Delay (ms)","KPI from->to",12,13
"Delay (ms)","KPI from->to",14,13
"Delay (ms)","KPI from->to",16,13
"Delay (ms)","KPI from->to",18,13
"Delay (ms)","KPI from->to",20,14
"Delay (ms)","KPI from->to",22,15
"Delay (ms)","KPI from->to",24,14
"Delay (ms)","KPI from->to",26,15
"Delay (ms)","KPI from->to",28,16
"Delay (ms)","KPI from->to",30,14
"Delay (ms)","KPI from->to",32,16
"Delay (ms)","KPI from->to",34,14
"Delay (ms)","KPI from->to",36,13
"Delay (ms)","KPI from->to",38,14
"Delay (ms)","KPI from->to",40,14
"Delay (ms)","KPI from->to",42,14
"Delay (ms)","KPI from->to",44,14
"Delay (ms)","KPI from->to",46,15
"Delay (ms)","KPI from->to",48,13
"Delay (ms)","KPI from->to",50,14
"Delay (ms)","KPI from->to",52,13
"Delay (ms)","KPI from->to",54,14
"Delay (ms)","KPI from->to",56,14
"Delay (ms)","KPI from->to",58,12
"Delay (ms)","KPI from->to",60,14
"Delay (ms)","KPI from->to",62,14
"Delay (ms)","KPI from->to",64,12
"Delay (ms)","KPI from->to",66,14
"Delay (ms)","KPI from->to",68,14
"Delay (ms)","KPI from->to",70,14
"Delay (ms)","KPI from->to",72,16
"Delay (ms)","KPI from->to",74,15
"Delay (ms)","KPI from->to",76,16
"Delay (ms)","KPI from->to",78,14
"Delay (ms)","KPI from->to",80,13
"Delay (ms)","KPI from->to",82,15
"Delay (ms)","KPI from->to",84,14
"Delay (ms)","KPI from->to",86,15
"Delay (ms)","KPI from->to",88,14
"Delay (ms)","KPI from->to",90,16
"Delay (ms)","KPI from->to",92,15
"Delay (ms)","KPI from->to",94,14
"Delay (ms)","KPI from->to",96,18
"Delay (ms)","KPI from->to",98,15
"Delay (ms)","KPI from->to",100,14

Metric,"Pair Name",Timestamp,Value
"Delay (ms)","KPI from->to",102,14
"Delay (ms)","KPI from->to",104,11
"Delay (ms)","KPI from->to",106,12
"Delay (ms)","KPI from->to",108,13
"Delay (ms)","KPI from->to",110,10
"Delay (ms)","KPI from->to",112,12
"Delay (ms)","KPI from->to",114,12
"Delay (ms)","KPI from->to",116,12
"Delay (ms)","KPI from->to",118,11
"Delay (ms)","KPI from->to",120,12

Metric,"Pair Name",Timestamp,Value
Loss,"KPI from->to",2,0
Loss,"KPI from->to",4,0
Loss,"KPI from->to",6,0
Loss,"KPI from->to",8,0
Loss,"KPI from->to",10,0
Loss,"KPI from->to",12,0
Loss,"KPI from->to",14,0
Loss,"KPI from->to",16,0
Loss,"KPI from->to",18,0
Loss,"KPI from->to",20,0
Loss,"KPI from->to",22,0
Loss,"KPI from->to",24,0
Loss,"KPI from->to",26,0
Loss,"KPI from->to",28,0
Loss,"KPI from->to",30,0
Loss,"KPI from->to",32,0
Loss,"KPI from->to",34,0
Loss,"KPI from->to",36,0
Loss,"KPI from->to",38,0
Loss,"KPI from->to",40,0
Loss,"KPI from->to",42,0
Loss,"KPI from->to",44,0
Loss,"KPI from->to",46,0
Loss,"KPI from->to",48,0
Loss,"KPI from->to",50,0
Loss,"KPI from->to",52,0
Loss,"KPI from->to",54,0
Loss,"KPI from->to",56,0
Loss,"KPI from->to",58,0
Loss,"KPI from->to",60,0
Loss,"KPI from->to",62,0
Loss,"KPI from->to",64,0
Loss,"KPI from->to",66,0
Loss,"KPI from->to",68,0
Loss,"KPI from->to",70,0
Loss,"KPI from->to",72,0
Loss,"KPI from->to",74,0
Loss,"KPI from->to",76,0
Loss,"KPI from->to",78,0
Loss,"KPI from->to",80,0
Loss,"KPI from->to",82,0
Loss,"KPI from->to",84,0
Loss,"KPI from->to",86,0
Loss,"KPI from->to",88,0
Loss,"KPI from->to",90,0
Loss,"KPI from->to",92,0
Loss,"KPI from->to",94,0
Loss,"KPI from->to",96,0
Loss,"KPI from->to",98,0
Loss,"KPI from->to",100,0

Metric,"Pair Name",Timestamp,Value
MOS,"KPI from->to",102,4.37
MOS,"KPI from->to",104,4.37
MOS,"KPI from->to",106,3.49
MOS,"KPI from->to",108,3.48
MOS,"KPI from->to",110,4.37
MOS,"KPI from->to",112,2.8
MOS,"KPI from->to",114,3.49
MOS,"KPI from->to",116,4.37
MOS,"KPI from->to",118,4.37
MOS,"KPI from->to",120,4.37

Metric,"Pair Name",Timestamp,Value
"Jitter (ms)","KPI from->to",102,1
"Jitter (ms)","KPI from->to",104,1
"Jitter (ms)","KPI from->to",106,6
"Jitter (ms)","KPI from->to",108,1
"Jitter (ms)","KPI from->to",110,1
"Jitter (ms)","KPI from->to",112,7
"Jitter (ms)","KPI from->to",114,7
"Jitter (ms)","KPI from->to",116,3
"Jitter (ms)","KPI from->to",118,1
"Jitter (ms)","KPI from->to",120,1

Metric,"Pair Name",Timestamp,Value
"Max Delay Variation (ms)","KPI from->to",2,37
"Max Delay Variation (ms)","KPI from->to",4,34
"Max Delay Variation (ms)","KPI from->to",6,7
"Max Delay Variation (ms)","KPI from->to",8,7
"Max Delay Variation (ms)","KPI from->to",10,7
"Max Delay Variation (ms)","KPI from->to",12,7
"Max Delay Variation (ms)","KPI from->to",14,7
"Max Delay Variation (ms)","KPI from->to",16,36
"Max Delay Variation (ms)","KPI from->to",18,7
"Max Delay Variation (ms)","KPI from->to",20,36
"Max Delay Variation (ms)","KPI from->to",22,51
"Max Delay Variation (ms)","KPI from->to",24,7
"Max Delay Variation (ms)","KPI from->to",26,43
"Max Delay Variation (ms)","KPI from->to",28,36
"Max Delay Variation (ms)","KPI from->to",30,36
"Max Delay Variation (ms)","KPI from->to",32,37
"Max Delay Variation (ms)","KPI from->to",34,8
"Max Delay Variation (ms)","KPI from->to",36,7
"Max Delay Variation (ms)","KPI from->to",38,42
"Max Delay Variation (ms)","KPI from->to",40,20
"Max Delay Variation (ms)","KPI from->to",42,38
"Max Delay Variation (ms)","KPI from->to",44,42
"Max Delay Variation (ms)","KPI from->to",46,43
"Max Delay Variation (ms)","KPI from->to",48,37
"Max Delay Variation (ms)","KPI from->to",50,40
"Max Delay Variation (ms)","KPI from->to",52,41
"Max Delay Variation (ms)","KPI from->to",54,41
"Max Delay Variation (ms)","KPI from->to",56,40
"Max Delay Variation (ms)","KPI from->to",58,10
"Max Delay Variation (ms)","KPI from->to",60,42
"Max Delay Variation (ms)","KPI from->to",62,35
"Max Delay Variation (ms)","KPI from->to",64,7
"Max Delay Variation (ms)","KPI from->to",66,48
"Max Delay Variation (ms)","KPI from->to",68,42
"Max Delay Variation (ms)","KPI from->to",70,35
"Max Delay Variation (ms)","KPI from->to",72,43
"Max Delay Variation (ms)","KPI from->to",74,46
"Max Delay Variation (ms)","KPI from->to",76,61
"Max Delay Variation (ms)","KPI from->to",78,43
"Max Delay Variation (ms)","KPI from->to",80,20
"Max Delay Variation (ms)","KPI from->to",82,58
"Max Delay Variation (ms)","KPI from->to",84,41
"Max Delay Variation (ms)","KPI from->to",86,42
"Max Delay Variation (ms)","KPI from->to",88,7
"Max Delay Variation (ms)","KPI from->to",90,57
"Max Delay Variation (ms)","KPI from->to",92,42
"Max Delay Variation (ms)","KPI from->to",94,10
"Max Delay Variation (ms)","KPI from->to",96,45
"Max Delay Variation (ms)","KPI from->to",98,43
"Max Delay Variation (ms)","KPI from->to",100,20

Metric,"Pair Name",Timestamp,Value
MOS,"KPI from->to",2,4.37
MOS,"KPI from->to",4,4.37
MOS,"KPI from->to",6,4.37
MOS,"KPI from->to",8,4.37
MOS,"KPI from->to",10,4.37
MOS,"KPI from->to",12,4.37
MOS,"KPI from->to",14,4.37
MOS,"KPI from->to",16,4.37
MOS,"KPI from->to",18,4.37
MOS,"KPI from->to",20,4.37
MOS,"KPI from->to",22,3.48
MOS,"KPI from->to",24,4.37
MOS,"KPI from->to",26,3.48
MOS,"KPI from->to",28,4.37
MOS,"KPI from->to",30,4.37
MOS,"KPI from->to",32,4.37
MOS,"KPI from->to",34,4.37
MOS,"KPI from->to",36,4.37
MOS,"KPI from->to",38,3.47
MOS,"KPI from->to",40,3.49
MOS,"KPI from->to",42,4.37
MOS,"KPI from->to",44,3.47
MOS,"KPI from->to",46,2.8
MOS,"KPI from->to",48,4.37
MOS,"KPI from->to",50,4.37
MOS,"KPI from->to",52,3.48
MOS,"KPI from->to",54,3.48
MOS,"KPI from->to",56,4.37
MOS,"KPI from->to",58,4.37
MOS,"KPI from->to",60,2.81
MOS,"KPI from->to",62,4.37
MOS,"KPI from->to",64,4.37
MOS,"KPI from->to",66,2.8
MOS,"KPI from->to",68,2.79
MOS,"KPI from->to",70,4.37
MOS,"KPI from->to",72,2.8
MOS,"KPI from->to",74,2.8
MOS,"KPI from->to",76,2.8
MOS,"KPI from->to",78,3.48
MOS,"KPI from->to",80,4.37
MOS,"KPI from->to",82,2.82
MOS,"KPI from->to",84,3.48
MOS,"KPI from->to",86,3.48
MOS,"KPI from->to",88,4.37
MOS,"KPI from->to",90,3.48
MOS,"KPI from->to",92,2.8
MOS,"KPI from->to",94,4.37
MOS,"KPI from->to",96,2.42
MOS,"KPI from->to",98,3.48
MOS,"KPI from->to",100,4.37


