"Test Information",Value
"RUN ID",498
"END EXECUTION TIME","2021-05-14 14:15:41"
"SOURCE PROBE NAME",raspberrypi-5G
"SOURCE PROBE TEST IP ADDRESS",raspberrypi-5G
"SOURCE PROBE MANAGEMENT IP ADDRESS",raspberrypi-5G
"SOURCE PROBE GROUP",Administrators
"DESTINATION PROBE NAME",raspberrypi-AAS
"DESTINATION PROBE TEST IP ADDRESS",raspberrypi-AAS
"DESTINATION PROBE MANAGEMENT IP ADDRESS",raspberrypi-AAS
"DESTINATION PROBE GROUP",Administrators
"DESTINATION PROBE LOCATION",
"TEST MODULE",MESH
"TEST TYPE","Network KPI"
"TEST ADDITIONAL INFORMATION"," DSCP Setting: Best Effort"
"TEST DURATION",120
"TEST STATUS",Failed
"FAIL OR ERROR REASON"," Threshold failed on KPI from->to Max Delay Variation (ms) 
"

Metric,"Pair Name",Value,"Threshold Type",Threshold,"Status KPI"
"Datagrams Out of Order","KPI from->to",0.0,0,>=,Passed
"Delay (ms)","KPI from->to",15.88,0,<=,Passed
"Jitter (ms)","KPI from->to",0.48,0,<=,Passed
"Jitter Max (ms)","KPI from->to",3.0,0,<=,Passed
Loss,"KPI from->to",0.0,0,<=,Passed
"Max Delay Variation (ms)","KPI from->to",40.0,0,<=,Failed
"Max loss burst","KPI from->to",0.0,0,<=,Passed
MOS,"KPI from->to",4.37,1,<=,Passed

Metric,"Pair Name",Timestamp,Value
"Delay (ms)","KPI from->to",102,16
"Delay (ms)","KPI from->to",104,16
"Delay (ms)","KPI from->to",106,16
"Delay (ms)","KPI from->to",108,15
"Delay (ms)","KPI from->to",110,16
"Delay (ms)","KPI from->to",112,18
"Delay (ms)","KPI from->to",114,17
"Delay (ms)","KPI from->to",116,17
"Delay (ms)","KPI from->to",118,17
"Delay (ms)","KPI from->to",120,17

Metric,"Pair Name",Timestamp,Value
"Delay (ms)","KPI from->to",2,14
"Delay (ms)","KPI from->to",4,14
"Delay (ms)","KPI from->to",6,14
"Delay (ms)","KPI from->to",8,13
"Delay (ms)","KPI from->to",10,13
"Delay (ms)","KPI from->to",12,14
"Delay (ms)","KPI from->to",14,14
"Delay (ms)","KPI from->to",16,14
"Delay (ms)","KPI from->to",18,14
"Delay (ms)","KPI from->to",20,13
"Delay (ms)","KPI from->to",22,13
"Delay (ms)","KPI from->to",24,15
"Delay (ms)","KPI from->to",26,15
"Delay (ms)","KPI from->to",28,15
"Delay (ms)","KPI from->to",30,15
"Delay (ms)","KPI from->to",32,15
"Delay (ms)","KPI from->to",34,15
"Delay (ms)","KPI from->to",36,15
"Delay (ms)","KPI from->to",38,15
"Delay (ms)","KPI from->to",40,15
"Delay (ms)","KPI from->to",42,15
"Delay (ms)","KPI from->to",44,14
"Delay (ms)","KPI from->to",46,17
"Delay (ms)","KPI from->to",48,17
"Delay (ms)","KPI from->to",50,16
"Delay (ms)","KPI from->to",52,16
"Delay (ms)","KPI from->to",54,16
"Delay (ms)","KPI from->to",56,17
"Delay (ms)","KPI from->to",58,18
"Delay (ms)","KPI from->to",60,18
"Delay (ms)","KPI from->to",62,18
"Delay (ms)","KPI from->to",64,17
"Delay (ms)","KPI from->to",66,17
"Delay (ms)","KPI from->to",68,16
"Delay (ms)","KPI from->to",70,16
"Delay (ms)","KPI from->to",72,16
"Delay (ms)","KPI from->to",74,15
"Delay (ms)","KPI from->to",76,15
"Delay (ms)","KPI from->to",78,16
"Delay (ms)","KPI from->to",80,18
"Delay (ms)","KPI from->to",82,17
"Delay (ms)","KPI from->to",84,17
"Delay (ms)","KPI from->to",86,17
"Delay (ms)","KPI from->to",88,17
"Delay (ms)","KPI from->to",90,18
"Delay (ms)","KPI from->to",92,18
"Delay (ms)","KPI from->to",94,17
"Delay (ms)","KPI from->to",96,18
"Delay (ms)","KPI from->to",98,19
"Delay (ms)","KPI from->to",100,17

Metric,"Pair Name",Timestamp,Value
Loss,"KPI from->to",102,0
Loss,"KPI from->to",104,0
Loss,"KPI from->to",106,0
Loss,"KPI from->to",108,0
Loss,"KPI from->to",110,0
Loss,"KPI from->to",112,0
Loss,"KPI from->to",114,0
Loss,"KPI from->to",116,0
Loss,"KPI from->to",118,0
Loss,"KPI from->to",120,0

Metric,"Pair Name",Timestamp,Value
"Jitter (ms)","KPI from->to",102,3
"Jitter (ms)","KPI from->to",104,1
"Jitter (ms)","KPI from->to",106,1
"Jitter (ms)","KPI from->to",108,2
"Jitter (ms)","KPI from->to",110,1
"Jitter (ms)","KPI from->to",112,3
"Jitter (ms)","KPI from->to",114,2
"Jitter (ms)","KPI from->to",116,2
"Jitter (ms)","KPI from->to",118,2
"Jitter (ms)","KPI from->to",120,1

Metric,"Pair Name",Timestamp,Value
"Max Delay Variation (ms)","KPI from->to",2,12
"Max Delay Variation (ms)","KPI from->to",4,4
"Max Delay Variation (ms)","KPI from->to",6,10
"Max Delay Variation (ms)","KPI from->to",8,6
"Max Delay Variation (ms)","KPI from->to",10,6
"Max Delay Variation (ms)","KPI from->to",12,8
"Max Delay Variation (ms)","KPI from->to",14,5
"Max Delay Variation (ms)","KPI from->to",16,5
"Max Delay Variation (ms)","KPI from->to",18,12
"Max Delay Variation (ms)","KPI from->to",20,10
"Max Delay Variation (ms)","KPI from->to",22,4
"Max Delay Variation (ms)","KPI from->to",24,5
"Max Delay Variation (ms)","KPI from->to",26,8
"Max Delay Variation (ms)","KPI from->to",28,4
"Max Delay Variation (ms)","KPI from->to",30,10
"Max Delay Variation (ms)","KPI from->to",32,6
"Max Delay Variation (ms)","KPI from->to",34,4
"Max Delay Variation (ms)","KPI from->to",36,6
"Max Delay Variation (ms)","KPI from->to",38,9
"Max Delay Variation (ms)","KPI from->to",40,12
"Max Delay Variation (ms)","KPI from->to",42,7
"Max Delay Variation (ms)","KPI from->to",44,3
"Max Delay Variation (ms)","KPI from->to",46,2
"Max Delay Variation (ms)","KPI from->to",48,3
"Max Delay Variation (ms)","KPI from->to",50,3
"Max Delay Variation (ms)","KPI from->to",52,3
"Max Delay Variation (ms)","KPI from->to",54,3
"Max Delay Variation (ms)","KPI from->to",56,3
"Max Delay Variation (ms)","KPI from->to",58,3
"Max Delay Variation (ms)","KPI from->to",60,3
"Max Delay Variation (ms)","KPI from->to",62,3
"Max Delay Variation (ms)","KPI from->to",64,10
"Max Delay Variation (ms)","KPI from->to",66,2
"Max Delay Variation (ms)","KPI from->to",68,3
"Max Delay Variation (ms)","KPI from->to",70,4
"Max Delay Variation (ms)","KPI from->to",72,3
"Max Delay Variation (ms)","KPI from->to",74,3
"Max Delay Variation (ms)","KPI from->to",76,3
"Max Delay Variation (ms)","KPI from->to",78,4
"Max Delay Variation (ms)","KPI from->to",80,3
"Max Delay Variation (ms)","KPI from->to",82,3
"Max Delay Variation (ms)","KPI from->to",84,2
"Max Delay Variation (ms)","KPI from->to",86,3
"Max Delay Variation (ms)","KPI from->to",88,4
"Max Delay Variation (ms)","KPI from->to",90,3
"Max Delay Variation (ms)","KPI from->to",92,3
"Max Delay Variation (ms)","KPI from->to",94,3
"Max Delay Variation (ms)","KPI from->to",96,12
"Max Delay Variation (ms)","KPI from->to",98,21
"Max Delay Variation (ms)","KPI from->to",100,22

Metric,"Pair Name",Timestamp,Value
MOS,"KPI from->to",102,4.37
MOS,"KPI from->to",104,4.37
MOS,"KPI from->to",106,4.37
MOS,"KPI from->to",108,4.37
MOS,"KPI from->to",110,4.37
MOS,"KPI from->to",112,4.36
MOS,"KPI from->to",114,4.37
MOS,"KPI from->to",116,4.37
MOS,"KPI from->to",118,4.37
MOS,"KPI from->to",120,4.37

Metric,"Pair Name",Timestamp,Value
"Jitter (ms)","KPI from->to",2,1
"Jitter (ms)","KPI from->to",4,0
"Jitter (ms)","KPI from->to",6,0
"Jitter (ms)","KPI from->to",8,0
"Jitter (ms)","KPI from->to",10,0
"Jitter (ms)","KPI from->to",12,1
"Jitter (ms)","KPI from->to",14,0
"Jitter (ms)","KPI from->to",16,0
"Jitter (ms)","KPI from->to",18,1
"Jitter (ms)","KPI from->to",20,0
"Jitter (ms)","KPI from->to",22,0
"Jitter (ms)","KPI from->to",24,0
"Jitter (ms)","KPI from->to",26,0
"Jitter (ms)","KPI from->to",28,0
"Jitter (ms)","KPI from->to",30,1
"Jitter (ms)","KPI from->to",32,0
"Jitter (ms)","KPI from->to",34,0
"Jitter (ms)","KPI from->to",36,0
"Jitter (ms)","KPI from->to",38,0
"Jitter (ms)","KPI from->to",40,1
"Jitter (ms)","KPI from->to",42,1
"Jitter (ms)","KPI from->to",44,0
"Jitter (ms)","KPI from->to",46,0
"Jitter (ms)","KPI from->to",48,0
"Jitter (ms)","KPI from->to",50,0
"Jitter (ms)","KPI from->to",52,0
"Jitter (ms)","KPI from->to",54,0
"Jitter (ms)","KPI from->to",56,0
"Jitter (ms)","KPI from->to",58,0
"Jitter (ms)","KPI from->to",60,0
"Jitter (ms)","KPI from->to",62,0
"Jitter (ms)","KPI from->to",64,0
"Jitter (ms)","KPI from->to",66,0
"Jitter (ms)","KPI from->to",68,0
"Jitter (ms)","KPI from->to",70,0
"Jitter (ms)","KPI from->to",72,0
"Jitter (ms)","KPI from->to",74,0
"Jitter (ms)","KPI from->to",76,0
"Jitter (ms)","KPI from->to",78,0
"Jitter (ms)","KPI from->to",80,0
"Jitter (ms)","KPI from->to",82,0
"Jitter (ms)","KPI from->to",84,0
"Jitter (ms)","KPI from->to",86,0
"Jitter (ms)","KPI from->to",88,0
"Jitter (ms)","KPI from->to",90,0
"Jitter (ms)","KPI from->to",92,0
"Jitter (ms)","KPI from->to",94,0
"Jitter (ms)","KPI from->to",96,2
"Jitter (ms)","KPI from->to",98,2
"Jitter (ms)","KPI from->to",100,1

Metric,"Pair Name",Timestamp,Value
Loss,"KPI from->to",2,0
Loss,"KPI from->to",4,0
Loss,"KPI from->to",6,0
Loss,"KPI from->to",8,0
Loss,"KPI from->to",10,0
Loss,"KPI from->to",12,0
Loss,"KPI from->to",14,0
Loss,"KPI from->to",16,0
Loss,"KPI from->to",18,0
Loss,"KPI from->to",20,0
Loss,"KPI from->to",22,0
Loss,"KPI from->to",24,0
Loss,"KPI from->to",26,0
Loss,"KPI from->to",28,0
Loss,"KPI from->to",30,0
Loss,"KPI from->to",32,0
Loss,"KPI from->to",34,0
Loss,"KPI from->to",36,0
Loss,"KPI from->to",38,0
Loss,"KPI from->to",40,0
Loss,"KPI from->to",42,0
Loss,"KPI from->to",44,0
Loss,"KPI from->to",46,0
Loss,"KPI from->to",48,0
Loss,"KPI from->to",50,0
Loss,"KPI from->to",52,0
Loss,"KPI from->to",54,0
Loss,"KPI from->to",56,0
Loss,"KPI from->to",58,0
Loss,"KPI from->to",60,0
Loss,"KPI from->to",62,0
Loss,"KPI from->to",64,0
Loss,"KPI from->to",66,0
Loss,"KPI from->to",68,0
Loss,"KPI from->to",70,0
Loss,"KPI from->to",72,0
Loss,"KPI from->to",74,0
Loss,"KPI from->to",76,0
Loss,"KPI from->to",78,0
Loss,"KPI from->to",80,0
Loss,"KPI from->to",82,0
Loss,"KPI from->to",84,0
Loss,"KPI from->to",86,0
Loss,"KPI from->to",88,0
Loss,"KPI from->to",90,0
Loss,"KPI from->to",92,0
Loss,"KPI from->to",94,0
Loss,"KPI from->to",96,0
Loss,"KPI from->to",98,0
Loss,"KPI from->to",100,0

Metric,"Pair Name",Timestamp,Value
"Max Delay Variation (ms)","KPI from->to",102,19
"Max Delay Variation (ms)","KPI from->to",104,12
"Max Delay Variation (ms)","KPI from->to",106,18
"Max Delay Variation (ms)","KPI from->to",108,16
"Max Delay Variation (ms)","KPI from->to",110,40
"Max Delay Variation (ms)","KPI from->to",112,25
"Max Delay Variation (ms)","KPI from->to",114,10
"Max Delay Variation (ms)","KPI from->to",116,24
"Max Delay Variation (ms)","KPI from->to",118,16
"Max Delay Variation (ms)","KPI from->to",120,13

Metric,"Pair Name",Timestamp,Value
MOS,"KPI from->to",2,4.37
MOS,"KPI from->to",4,4.37
MOS,"KPI from->to",6,4.37
MOS,"KPI from->to",8,4.37
MOS,"KPI from->to",10,4.37
MOS,"KPI from->to",12,4.37
MOS,"KPI from->to",14,4.37
MOS,"KPI from->to",16,4.37
MOS,"KPI from->to",18,4.37
MOS,"KPI from->to",20,4.37
MOS,"KPI from->to",22,4.37
MOS,"KPI from->to",24,4.37
MOS,"KPI from->to",26,4.37
MOS,"KPI from->to",28,4.37
MOS,"KPI from->to",30,4.37
MOS,"KPI from->to",32,4.37
MOS,"KPI from->to",34,4.37
MOS,"KPI from->to",36,4.37
MOS,"KPI from->to",38,4.37
MOS,"KPI from->to",40,4.37
MOS,"KPI from->to",42,4.37
MOS,"KPI from->to",44,4.37
MOS,"KPI from->to",46,4.37
MOS,"KPI from->to",48,4.37
MOS,"KPI from->to",50,4.37
MOS,"KPI from->to",52,4.37
MOS,"KPI from->to",54,4.37
MOS,"KPI from->to",56,4.37
MOS,"KPI from->to",58,4.36
MOS,"KPI from->to",60,4.36
MOS,"KPI from->to",62,4.36
MOS,"KPI from->to",64,4.37
MOS,"KPI from->to",66,4.37
MOS,"KPI from->to",68,4.37
MOS,"KPI from->to",70,4.37
MOS,"KPI from->to",72,4.37
MOS,"KPI from->to",74,4.37
MOS,"KPI from->to",76,4.37
MOS,"KPI from->to",78,4.37
MOS,"KPI from->to",80,4.36
MOS,"KPI from->to",82,4.37
MOS,"KPI from->to",84,4.37
MOS,"KPI from->to",86,4.37
MOS,"KPI from->to",88,4.37
MOS,"KPI from->to",90,4.36
MOS,"KPI from->to",92,4.36
MOS,"KPI from->to",94,4.37
MOS,"KPI from->to",96,4.36
MOS,"KPI from->to",98,4.36
MOS,"KPI from->to",100,4.37


