"Test Information",Value
"RUN ID",498
"END EXECUTION TIME","2021-05-14 14:04:36"
"SOURCE PROBE NAME",raspberrypi-AAS
"SOURCE PROBE TEST IP ADDRESS",raspberrypi-AAS
"SOURCE PROBE MANAGEMENT IP ADDRESS",raspberrypi-AAS
"SOURCE PROBE GROUP",Administrators
"DESTINATION PROBE NAME",raspberrypi-5G
"DESTINATION PROBE TEST IP ADDRESS",raspberrypi-5G
"DESTINATION PROBE MANAGEMENT IP ADDRESS",raspberrypi-5G
"DESTINATION PROBE GROUP",Administrators
"DESTINATION PROBE LOCATION",
"TEST MODULE",MESH
"TEST TYPE","Network KPI"
"TEST ADDITIONAL INFORMATION"," DSCP Setting: Best Effort"
"TEST DURATION",120
"TEST STATUS",Failed
"FAIL OR ERROR REASON"," Threshold failed on KPI from->to Jitter Max (ms) 
 Threshold failed on KPI from->to Max Delay Variation (ms) 
 Threshold failed on KPI from->to MOS 
"

Metric,"Pair Name",Value,"Threshold Type",Threshold,"Status KPI"
"Datagrams Out of Order","KPI from->to",0.0,0,>=,Passed
"Delay (ms)","KPI from->to",14.3,0,<=,Passed
"Jitter (ms)","KPI from->to",1.97,0,<=,Passed
"Jitter Max (ms)","KPI from->to",9.0,0,<=,Failed
Loss,"KPI from->to",0.0,0,<=,Passed
"Max Delay Variation (ms)","KPI from->to",103.0,0,<=,Failed
"Max loss burst","KPI from->to",0.0,0,<=,Passed
MOS,"KPI from->to",3.51,1,<=,Failed

Metric,"Pair Name",Timestamp,Value
Loss,"KPI from->to",102,0
Loss,"KPI from->to",104,0
Loss,"KPI from->to",106,0
Loss,"KPI from->to",108,0
Loss,"KPI from->to",110,0
Loss,"KPI from->to",112,0
Loss,"KPI from->to",114,0
Loss,"KPI from->to",116,0
Loss,"KPI from->to",118,0
Loss,"KPI from->to",120,0

Metric,"Pair Name",Timestamp,Value
MOS,"KPI from->to",2,3.48
MOS,"KPI from->to",4,4.37
MOS,"KPI from->to",6,2.43
MOS,"KPI from->to",8,2.17
MOS,"KPI from->to",10,4.37
MOS,"KPI from->to",12,4.37
MOS,"KPI from->to",14,3.47
MOS,"KPI from->to",16,4.37
MOS,"KPI from->to",18,3.49
MOS,"KPI from->to",20,2.79
MOS,"KPI from->to",22,3.48
MOS,"KPI from->to",24,2.81
MOS,"KPI from->to",26,2.79
MOS,"KPI from->to",28,2.8
MOS,"KPI from->to",30,4.37
MOS,"KPI from->to",32,2.42
MOS,"KPI from->to",34,3.48
MOS,"KPI from->to",36,3.48
MOS,"KPI from->to",38,4.37
MOS,"KPI from->to",40,4.37
MOS,"KPI from->to",42,3.48
MOS,"KPI from->to",44,3.48
MOS,"KPI from->to",46,3.48
MOS,"KPI from->to",48,3.48
MOS,"KPI from->to",50,3.47
MOS,"KPI from->to",52,2.81
MOS,"KPI from->to",54,2.8
MOS,"KPI from->to",56,4.37
MOS,"KPI from->to",58,3.48
MOS,"KPI from->to",60,3.48
MOS,"KPI from->to",62,4.37
MOS,"KPI from->to",64,3.48
MOS,"KPI from->to",66,4.37
MOS,"KPI from->to",68,2.8
MOS,"KPI from->to",70,4.37
MOS,"KPI from->to",72,4.37
MOS,"KPI from->to",74,4.37
MOS,"KPI from->to",76,2.8
MOS,"KPI from->to",78,2.43
MOS,"KPI from->to",80,2.43
MOS,"KPI from->to",82,2.77
MOS,"KPI from->to",84,2.21
MOS,"KPI from->to",86,2.42
MOS,"KPI from->to",88,4.37
MOS,"KPI from->to",90,2.8
MOS,"KPI from->to",92,2.8
MOS,"KPI from->to",94,3.48
MOS,"KPI from->to",96,2.8
MOS,"KPI from->to",98,2.8
MOS,"KPI from->to",100,4.37

Metric,"Pair Name",Timestamp,Value
"Max Delay Variation (ms)","KPI from->to",2,96
"Max Delay Variation (ms)","KPI from->to",4,33
"Max Delay Variation (ms)","KPI from->to",6,60
"Max Delay Variation (ms)","KPI from->to",8,54
"Max Delay Variation (ms)","KPI from->to",10,8
"Max Delay Variation (ms)","KPI from->to",12,35
"Max Delay Variation (ms)","KPI from->to",14,43
"Max Delay Variation (ms)","KPI from->to",16,5
"Max Delay Variation (ms)","KPI from->to",18,57
"Max Delay Variation (ms)","KPI from->to",20,55
"Max Delay Variation (ms)","KPI from->to",22,42
"Max Delay Variation (ms)","KPI from->to",24,62
"Max Delay Variation (ms)","KPI from->to",26,54
"Max Delay Variation (ms)","KPI from->to",28,54
"Max Delay Variation (ms)","KPI from->to",30,6
"Max Delay Variation (ms)","KPI from->to",32,54
"Max Delay Variation (ms)","KPI from->to",34,43
"Max Delay Variation (ms)","KPI from->to",36,58
"Max Delay Variation (ms)","KPI from->to",38,40
"Max Delay Variation (ms)","KPI from->to",40,40
"Max Delay Variation (ms)","KPI from->to",42,43
"Max Delay Variation (ms)","KPI from->to",44,43
"Max Delay Variation (ms)","KPI from->to",46,41
"Max Delay Variation (ms)","KPI from->to",48,42
"Max Delay Variation (ms)","KPI from->to",50,55
"Max Delay Variation (ms)","KPI from->to",52,42
"Max Delay Variation (ms)","KPI from->to",54,54
"Max Delay Variation (ms)","KPI from->to",56,16
"Max Delay Variation (ms)","KPI from->to",58,55
"Max Delay Variation (ms)","KPI from->to",60,55
"Max Delay Variation (ms)","KPI from->to",62,37
"Max Delay Variation (ms)","KPI from->to",64,55
"Max Delay Variation (ms)","KPI from->to",66,7
"Max Delay Variation (ms)","KPI from->to",68,63
"Max Delay Variation (ms)","KPI from->to",70,5
"Max Delay Variation (ms)","KPI from->to",72,7
"Max Delay Variation (ms)","KPI from->to",74,7
"Max Delay Variation (ms)","KPI from->to",76,64
"Max Delay Variation (ms)","KPI from->to",78,46
"Max Delay Variation (ms)","KPI from->to",80,58
"Max Delay Variation (ms)","KPI from->to",82,57
"Max Delay Variation (ms)","KPI from->to",84,50
"Max Delay Variation (ms)","KPI from->to",86,52
"Max Delay Variation (ms)","KPI from->to",88,23
"Max Delay Variation (ms)","KPI from->to",90,54
"Max Delay Variation (ms)","KPI from->to",92,42
"Max Delay Variation (ms)","KPI from->to",94,47
"Max Delay Variation (ms)","KPI from->to",96,43
"Max Delay Variation (ms)","KPI from->to",98,42
"Max Delay Variation (ms)","KPI from->to",100,38

Metric,"Pair Name",Timestamp,Value
MOS,"KPI from->to",102,4.37
MOS,"KPI from->to",104,4.37
MOS,"KPI from->to",106,3.48
MOS,"KPI from->to",108,3.48
MOS,"KPI from->to",110,4.37
MOS,"KPI from->to",112,4.37
MOS,"KPI from->to",114,2.18
MOS,"KPI from->to",116,4.37
MOS,"KPI from->to",118,4.37
MOS,"KPI from->to",120,4.37

Metric,"Pair Name",Timestamp,Value
"Jitter (ms)","KPI from->to",102,0
"Jitter (ms)","KPI from->to",104,0
"Jitter (ms)","KPI from->to",106,4
"Jitter (ms)","KPI from->to",108,1
"Jitter (ms)","KPI from->to",110,0
"Jitter (ms)","KPI from->to",112,1
"Jitter (ms)","KPI from->to",114,4
"Jitter (ms)","KPI from->to",116,0
"Jitter (ms)","KPI from->to",118,1
"Jitter (ms)","KPI from->to",120,1

Metric,"Pair Name",Timestamp,Value
Loss,"KPI from->to",2,0
Loss,"KPI from->to",4,0
Loss,"KPI from->to",6,0
Loss,"KPI from->to",8,0
Loss,"KPI from->to",10,0
Loss,"KPI from->to",12,0
Loss,"KPI from->to",14,0
Loss,"KPI from->to",16,0
Loss,"KPI from->to",18,0
Loss,"KPI from->to",20,0
Loss,"KPI from->to",22,0
Loss,"KPI from->to",24,0
Loss,"KPI from->to",26,0
Loss,"KPI from->to",28,0
Loss,"KPI from->to",30,0
Loss,"KPI from->to",32,0
Loss,"KPI from->to",34,0
Loss,"KPI from->to",36,0
Loss,"KPI from->to",38,0
Loss,"KPI from->to",40,0
Loss,"KPI from->to",42,0
Loss,"KPI from->to",44,0
Loss,"KPI from->to",46,0
Loss,"KPI from->to",48,0
Loss,"KPI from->to",50,0
Loss,"KPI from->to",52,0
Loss,"KPI from->to",54,0
Loss,"KPI from->to",56,0
Loss,"KPI from->to",58,0
Loss,"KPI from->to",60,0
Loss,"KPI from->to",62,0
Loss,"KPI from->to",64,0
Loss,"KPI from->to",66,0
Loss,"KPI from->to",68,0
Loss,"KPI from->to",70,0
Loss,"KPI from->to",72,0
Loss,"KPI from->to",74,0
Loss,"KPI from->to",76,0
Loss,"KPI from->to",78,0
Loss,"KPI from->to",80,0
Loss,"KPI from->to",82,0
Loss,"KPI from->to",84,0
Loss,"KPI from->to",86,0
Loss,"KPI from->to",88,0
Loss,"KPI from->to",90,0
Loss,"KPI from->to",92,0
Loss,"KPI from->to",94,0
Loss,"KPI from->to",96,0
Loss,"KPI from->to",98,0
Loss,"KPI from->to",100,0

Metric,"Pair Name",Timestamp,Value
"Max Delay Variation (ms)","KPI from->to",102,7
"Max Delay Variation (ms)","KPI from->to",104,8
"Max Delay Variation (ms)","KPI from->to",106,42
"Max Delay Variation (ms)","KPI from->to",108,43
"Max Delay Variation (ms)","KPI from->to",110,7
"Max Delay Variation (ms)","KPI from->to",112,8
"Max Delay Variation (ms)","KPI from->to",114,103
"Max Delay Variation (ms)","KPI from->to",116,10
"Max Delay Variation (ms)","KPI from->to",118,7
"Max Delay Variation (ms)","KPI from->to",120,37

Metric,"Pair Name",Timestamp,Value
"Delay (ms)","KPI from->to",2,17
"Delay (ms)","KPI from->to",4,14
"Delay (ms)","KPI from->to",6,16
"Delay (ms)","KPI from->to",8,17
"Delay (ms)","KPI from->to",10,13
"Delay (ms)","KPI from->to",12,14
"Delay (ms)","KPI from->to",14,14
"Delay (ms)","KPI from->to",16,13
"Delay (ms)","KPI from->to",18,15
"Delay (ms)","KPI from->to",20,15
"Delay (ms)","KPI from->to",22,14
"Delay (ms)","KPI from->to",24,16
"Delay (ms)","KPI from->to",26,16
"Delay (ms)","KPI from->to",28,15
"Delay (ms)","KPI from->to",30,13
"Delay (ms)","KPI from->to",32,16
"Delay (ms)","KPI from->to",34,14
"Delay (ms)","KPI from->to",36,15
"Delay (ms)","KPI from->to",38,14
"Delay (ms)","KPI from->to",40,14
"Delay (ms)","KPI from->to",42,13
"Delay (ms)","KPI from->to",44,14
"Delay (ms)","KPI from->to",46,15
"Delay (ms)","KPI from->to",48,14
"Delay (ms)","KPI from->to",50,15
"Delay (ms)","KPI from->to",52,15
"Delay (ms)","KPI from->to",54,17
"Delay (ms)","KPI from->to",56,14
"Delay (ms)","KPI from->to",58,16
"Delay (ms)","KPI from->to",60,16
"Delay (ms)","KPI from->to",62,14
"Delay (ms)","KPI from->to",64,15
"Delay (ms)","KPI from->to",66,11
"Delay (ms)","KPI from->to",68,13
"Delay (ms)","KPI from->to",70,10
"Delay (ms)","KPI from->to",72,10
"Delay (ms)","KPI from->to",74,10
"Delay (ms)","KPI from->to",76,13
"Delay (ms)","KPI from->to",78,13
"Delay (ms)","KPI from->to",80,14
"Delay (ms)","KPI from->to",82,14
"Delay (ms)","KPI from->to",84,17
"Delay (ms)","KPI from->to",86,15
"Delay (ms)","KPI from->to",88,13
"Delay (ms)","KPI from->to",90,15
"Delay (ms)","KPI from->to",92,14
"Delay (ms)","KPI from->to",94,14
"Delay (ms)","KPI from->to",96,15
"Delay (ms)","KPI from->to",98,16
"Delay (ms)","KPI from->to",100,14

Metric,"Pair Name",Timestamp,Value
"Delay (ms)","KPI from->to",102,13
"Delay (ms)","KPI from->to",104,13
"Delay (ms)","KPI from->to",106,16
"Delay (ms)","KPI from->to",108,14
"Delay (ms)","KPI from->to",110,13
"Delay (ms)","KPI from->to",112,13
"Delay (ms)","KPI from->to",114,20
"Delay (ms)","KPI from->to",116,14
"Delay (ms)","KPI from->to",118,14
"Delay (ms)","KPI from->to",120,14

Metric,"Pair Name",Timestamp,Value
"Jitter (ms)","KPI from->to",2,6
"Jitter (ms)","KPI from->to",4,2
"Jitter (ms)","KPI from->to",6,5
"Jitter (ms)","KPI from->to",8,2
"Jitter (ms)","KPI from->to",10,2
"Jitter (ms)","KPI from->to",12,2
"Jitter (ms)","KPI from->to",14,1
"Jitter (ms)","KPI from->to",16,1
"Jitter (ms)","KPI from->to",18,1
"Jitter (ms)","KPI from->to",20,1
"Jitter (ms)","KPI from->to",22,3
"Jitter (ms)","KPI from->to",24,2
"Jitter (ms)","KPI from->to",26,3
"Jitter (ms)","KPI from->to",28,2
"Jitter (ms)","KPI from->to",30,0
"Jitter (ms)","KPI from->to",32,1
"Jitter (ms)","KPI from->to",34,1
"Jitter (ms)","KPI from->to",36,5
"Jitter (ms)","KPI from->to",38,1
"Jitter (ms)","KPI from->to",40,0
"Jitter (ms)","KPI from->to",42,1
"Jitter (ms)","KPI from->to",44,1
"Jitter (ms)","KPI from->to",46,1
"Jitter (ms)","KPI from->to",48,1
"Jitter (ms)","KPI from->to",50,5
"Jitter (ms)","KPI from->to",52,2
"Jitter (ms)","KPI from->to",54,2
"Jitter (ms)","KPI from->to",56,2
"Jitter (ms)","KPI from->to",58,2
"Jitter (ms)","KPI from->to",60,0
"Jitter (ms)","KPI from->to",62,0
"Jitter (ms)","KPI from->to",64,6
"Jitter (ms)","KPI from->to",66,1
"Jitter (ms)","KPI from->to",68,3
"Jitter (ms)","KPI from->to",70,0
"Jitter (ms)","KPI from->to",72,1
"Jitter (ms)","KPI from->to",74,1
"Jitter (ms)","KPI from->to",76,2
"Jitter (ms)","KPI from->to",78,2
"Jitter (ms)","KPI from->to",80,2
"Jitter (ms)","KPI from->to",82,3
"Jitter (ms)","KPI from->to",84,9
"Jitter (ms)","KPI from->to",86,4
"Jitter (ms)","KPI from->to",88,1
"Jitter (ms)","KPI from->to",90,2
"Jitter (ms)","KPI from->to",92,1
"Jitter (ms)","KPI from->to",94,3
"Jitter (ms)","KPI from->to",96,5
"Jitter (ms)","KPI from->to",98,1
"Jitter (ms)","KPI from->to",100,1


