"Test Information",Value
"RUN ID",498
"END EXECUTION TIME","2021-05-14 14:17:55"
"SOURCE PROBE NAME",andreas
"SOURCE PROBE TEST IP ADDRESS",andreas
"SOURCE PROBE MANAGEMENT IP ADDRESS",andreas
"SOURCE PROBE GROUP",Administrators
"DESTINATION PROBE NAME",raspberrypi-AAS
"DESTINATION PROBE TEST IP ADDRESS",raspberrypi-AAS
"DESTINATION PROBE MANAGEMENT IP ADDRESS",raspberrypi-AAS
"DESTINATION PROBE GROUP",Administrators
"DESTINATION PROBE LOCATION",
"TEST MODULE",MESH
"TEST TYPE","Network KPI"
"TEST ADDITIONAL INFORMATION"," DSCP Setting: Best Effort"
"TEST DURATION",120
"TEST STATUS",Failed
"FAIL OR ERROR REASON"," Threshold failed on KPI from->to Jitter Max (ms) 
 Threshold failed on KPI from->to Max Delay Variation (ms) 
 Threshold failed on KPI from->to MOS 
"

Metric,"Pair Name",Value,"Threshold Type",Threshold,"Status KPI"
"Datagrams Out of Order","KPI from->to",0.0,0,>=,Passed
"Delay (ms)","KPI from->to",12.15,0,<=,Passed
"Jitter (ms)","KPI from->to",3.32,0,<=,Passed
"Jitter Max (ms)","KPI from->to",26.0,0,<=,Failed
Loss,"KPI from->to",0.02,0,<=,Passed
"Max Delay Variation (ms)","KPI from->to",120.0,0,<=,Failed
"Max loss burst","KPI from->to",1.0,0,<=,Passed
MOS,"KPI from->to",3.55,1,<=,Failed

Metric,"Pair Name",Timestamp,Value
"Delay (ms)","KPI from->to",102,39
"Delay (ms)","KPI from->to",104,21
"Delay (ms)","KPI from->to",106,44
"Delay (ms)","KPI from->to",108,40
"Delay (ms)","KPI from->to",110,39
"Delay (ms)","KPI from->to",112,19
"Delay (ms)","KPI from->to",114,1
"Delay (ms)","KPI from->to",116,1
"Delay (ms)","KPI from->to",118,1
"Delay (ms)","KPI from->to",120,2

Metric,"Pair Name",Timestamp,Value
"Max Delay Variation (ms)","KPI from->to",2,113
"Max Delay Variation (ms)","KPI from->to",4,117
"Max Delay Variation (ms)","KPI from->to",6,14
"Max Delay Variation (ms)","KPI from->to",8,43
"Max Delay Variation (ms)","KPI from->to",10,1
"Max Delay Variation (ms)","KPI from->to",12,1
"Max Delay Variation (ms)","KPI from->to",14,1
"Max Delay Variation (ms)","KPI from->to",16,1
"Max Delay Variation (ms)","KPI from->to",18,4
"Max Delay Variation (ms)","KPI from->to",20,52
"Max Delay Variation (ms)","KPI from->to",22,1
"Max Delay Variation (ms)","KPI from->to",24,1
"Max Delay Variation (ms)","KPI from->to",26,1
"Max Delay Variation (ms)","KPI from->to",28,13
"Max Delay Variation (ms)","KPI from->to",30,1
"Max Delay Variation (ms)","KPI from->to",32,28
"Max Delay Variation (ms)","KPI from->to",34,120
"Max Delay Variation (ms)","KPI from->to",36,117
"Max Delay Variation (ms)","KPI from->to",38,118
"Max Delay Variation (ms)","KPI from->to",40,7
"Max Delay Variation (ms)","KPI from->to",42,23
"Max Delay Variation (ms)","KPI from->to",44,1
"Max Delay Variation (ms)","KPI from->to",46,2
"Max Delay Variation (ms)","KPI from->to",48,1
"Max Delay Variation (ms)","KPI from->to",50,1
"Max Delay Variation (ms)","KPI from->to",52,4
"Max Delay Variation (ms)","KPI from->to",54,50
"Max Delay Variation (ms)","KPI from->to",56,2
"Max Delay Variation (ms)","KPI from->to",58,3
"Max Delay Variation (ms)","KPI from->to",60,1
"Max Delay Variation (ms)","KPI from->to",62,1
"Max Delay Variation (ms)","KPI from->to",64,42
"Max Delay Variation (ms)","KPI from->to",66,2
"Max Delay Variation (ms)","KPI from->to",68,1
"Max Delay Variation (ms)","KPI from->to",70,1
"Max Delay Variation (ms)","KPI from->to",72,1
"Max Delay Variation (ms)","KPI from->to",74,1
"Max Delay Variation (ms)","KPI from->to",76,43
"Max Delay Variation (ms)","KPI from->to",78,1
"Max Delay Variation (ms)","KPI from->to",80,1
"Max Delay Variation (ms)","KPI from->to",82,2
"Max Delay Variation (ms)","KPI from->to",84,1
"Max Delay Variation (ms)","KPI from->to",86,1
"Max Delay Variation (ms)","KPI from->to",88,46
"Max Delay Variation (ms)","KPI from->to",90,3
"Max Delay Variation (ms)","KPI from->to",92,2
"Max Delay Variation (ms)","KPI from->to",94,1
"Max Delay Variation (ms)","KPI from->to",96,113
"Max Delay Variation (ms)","KPI from->to",98,115
"Max Delay Variation (ms)","KPI from->to",100,113

Metric,"Pair Name",Timestamp,Value
"Delay (ms)","KPI from->to",2,52
"Delay (ms)","KPI from->to",4,48
"Delay (ms)","KPI from->to",6,23
"Delay (ms)","KPI from->to",8,24
"Delay (ms)","KPI from->to",10,23
"Delay (ms)","KPI from->to",12,23
"Delay (ms)","KPI from->to",14,23
"Delay (ms)","KPI from->to",16,23
"Delay (ms)","KPI from->to",18,23
"Delay (ms)","KPI from->to",20,21
"Delay (ms)","KPI from->to",22,1
"Delay (ms)","KPI from->to",24,1
"Delay (ms)","KPI from->to",26,1
"Delay (ms)","KPI from->to",28,1
"Delay (ms)","KPI from->to",30,1
"Delay (ms)","KPI from->to",32,2
"Delay (ms)","KPI from->to",34,19
"Delay (ms)","KPI from->to",36,35
"Delay (ms)","KPI from->to",38,13
"Delay (ms)","KPI from->to",40,2
"Delay (ms)","KPI from->to",42,2
"Delay (ms)","KPI from->to",44,2
"Delay (ms)","KPI from->to",46,2
"Delay (ms)","KPI from->to",48,2
"Delay (ms)","KPI from->to",50,2
"Delay (ms)","KPI from->to",52,2
"Delay (ms)","KPI from->to",54,2
"Delay (ms)","KPI from->to",56,1
"Delay (ms)","KPI from->to",58,1
"Delay (ms)","KPI from->to",60,1
"Delay (ms)","KPI from->to",62,1
"Delay (ms)","KPI from->to",64,2
"Delay (ms)","KPI from->to",66,1
"Delay (ms)","KPI from->to",68,1
"Delay (ms)","KPI from->to",70,1
"Delay (ms)","KPI from->to",72,2
"Delay (ms)","KPI from->to",74,2
"Delay (ms)","KPI from->to",76,3
"Delay (ms)","KPI from->to",78,2
"Delay (ms)","KPI from->to",80,2
"Delay (ms)","KPI from->to",82,2
"Delay (ms)","KPI from->to",84,2
"Delay (ms)","KPI from->to",86,2
"Delay (ms)","KPI from->to",88,3
"Delay (ms)","KPI from->to",90,3
"Delay (ms)","KPI from->to",92,7
"Delay (ms)","KPI from->to",94,7
"Delay (ms)","KPI from->to",96,42
"Delay (ms)","KPI from->to",98,35
"Delay (ms)","KPI from->to",100,26

Metric,"Pair Name",Timestamp,Value
Loss,"KPI from->to",102,0
Loss,"KPI from->to",104,0
Loss,"KPI from->to",106,0
Loss,"KPI from->to",108,0
Loss,"KPI from->to",110,0
Loss,"KPI from->to",112,0
Loss,"KPI from->to",114,0
Loss,"KPI from->to",116,0
Loss,"KPI from->to",118,0
Loss,"KPI from->to",120,0

Metric,"Pair Name",Timestamp,Value
"Jitter (ms)","KPI from->to",2,20
"Jitter (ms)","KPI from->to",4,4
"Jitter (ms)","KPI from->to",6,0
"Jitter (ms)","KPI from->to",8,3
"Jitter (ms)","KPI from->to",10,0
"Jitter (ms)","KPI from->to",12,0
"Jitter (ms)","KPI from->to",14,0
"Jitter (ms)","KPI from->to",16,0
"Jitter (ms)","KPI from->to",18,0
"Jitter (ms)","KPI from->to",20,0
"Jitter (ms)","KPI from->to",22,0
"Jitter (ms)","KPI from->to",24,0
"Jitter (ms)","KPI from->to",26,0
"Jitter (ms)","KPI from->to",28,0
"Jitter (ms)","KPI from->to",30,0
"Jitter (ms)","KPI from->to",32,0
"Jitter (ms)","KPI from->to",34,18
"Jitter (ms)","KPI from->to",36,16
"Jitter (ms)","KPI from->to",38,0
"Jitter (ms)","KPI from->to",40,0
"Jitter (ms)","KPI from->to",42,0
"Jitter (ms)","KPI from->to",44,0
"Jitter (ms)","KPI from->to",46,0
"Jitter (ms)","KPI from->to",48,0
"Jitter (ms)","KPI from->to",50,0
"Jitter (ms)","KPI from->to",52,0
"Jitter (ms)","KPI from->to",54,0
"Jitter (ms)","KPI from->to",56,0
"Jitter (ms)","KPI from->to",58,0
"Jitter (ms)","KPI from->to",60,0
"Jitter (ms)","KPI from->to",62,0
"Jitter (ms)","KPI from->to",64,2
"Jitter (ms)","KPI from->to",66,0
"Jitter (ms)","KPI from->to",68,0
"Jitter (ms)","KPI from->to",70,0
"Jitter (ms)","KPI from->to",72,0
"Jitter (ms)","KPI from->to",74,0
"Jitter (ms)","KPI from->to",76,0
"Jitter (ms)","KPI from->to",78,0
"Jitter (ms)","KPI from->to",80,0
"Jitter (ms)","KPI from->to",82,0
"Jitter (ms)","KPI from->to",84,0
"Jitter (ms)","KPI from->to",86,0
"Jitter (ms)","KPI from->to",88,0
"Jitter (ms)","KPI from->to",90,0
"Jitter (ms)","KPI from->to",92,0
"Jitter (ms)","KPI from->to",94,0
"Jitter (ms)","KPI from->to",96,20
"Jitter (ms)","KPI from->to",98,7
"Jitter (ms)","KPI from->to",100,26

Metric,"Pair Name",Timestamp,Value
"Max Delay Variation (ms)","KPI from->to",102,117
"Max Delay Variation (ms)","KPI from->to",104,117
"Max Delay Variation (ms)","KPI from->to",106,117
"Max Delay Variation (ms)","KPI from->to",108,115
"Max Delay Variation (ms)","KPI from->to",110,116
"Max Delay Variation (ms)","KPI from->to",112,114
"Max Delay Variation (ms)","KPI from->to",114,3
"Max Delay Variation (ms)","KPI from->to",116,1
"Max Delay Variation (ms)","KPI from->to",118,1
"Max Delay Variation (ms)","KPI from->to",120,35

Metric,"Pair Name",Timestamp,Value
"Jitter (ms)","KPI from->to",102,16
"Jitter (ms)","KPI from->to",104,0
"Jitter (ms)","KPI from->to",106,23
"Jitter (ms)","KPI from->to",108,22
"Jitter (ms)","KPI from->to",110,19
"Jitter (ms)","KPI from->to",112,1
"Jitter (ms)","KPI from->to",114,0
"Jitter (ms)","KPI from->to",116,0
"Jitter (ms)","KPI from->to",118,0
"Jitter (ms)","KPI from->to",120,2

Metric,"Pair Name",Timestamp,Value
Loss,"KPI from->to",2,0
Loss,"KPI from->to",4,0
Loss,"KPI from->to",6,0
Loss,"KPI from->to",8,0
Loss,"KPI from->to",10,0
Loss,"KPI from->to",12,0
Loss,"KPI from->to",14,0
Loss,"KPI from->to",16,0
Loss,"KPI from->to",18,0
Loss,"KPI from->to",20,0
Loss,"KPI from->to",22,0
Loss,"KPI from->to",24,0
Loss,"KPI from->to",26,0
Loss,"KPI from->to",28,0
Loss,"KPI from->to",30,0
Loss,"KPI from->to",32,1.010101010101
Loss,"KPI from->to",34,0
Loss,"KPI from->to",36,0
Loss,"KPI from->to",38,0
Loss,"KPI from->to",40,0
Loss,"KPI from->to",42,0
Loss,"KPI from->to",44,0
Loss,"KPI from->to",46,0
Loss,"KPI from->to",48,0
Loss,"KPI from->to",50,0
Loss,"KPI from->to",52,0
Loss,"KPI from->to",54,0
Loss,"KPI from->to",56,0
Loss,"KPI from->to",58,0
Loss,"KPI from->to",60,0
Loss,"KPI from->to",62,0
Loss,"KPI from->to",64,0
Loss,"KPI from->to",66,0
Loss,"KPI from->to",68,0
Loss,"KPI from->to",70,0
Loss,"KPI from->to",72,0
Loss,"KPI from->to",74,0
Loss,"KPI from->to",76,0
Loss,"KPI from->to",78,0
Loss,"KPI from->to",80,0
Loss,"KPI from->to",82,0
Loss,"KPI from->to",84,0
Loss,"KPI from->to",86,0
Loss,"KPI from->to",88,0
Loss,"KPI from->to",90,0
Loss,"KPI from->to",92,0
Loss,"KPI from->to",94,0
Loss,"KPI from->to",96,0
Loss,"KPI from->to",98,0
Loss,"KPI from->to",100,0

Metric,"Pair Name",Timestamp,Value
MOS,"KPI from->to",2,1
MOS,"KPI from->to",4,1
MOS,"KPI from->to",6,4.36
MOS,"KPI from->to",8,3.46
MOS,"KPI from->to",10,4.36
MOS,"KPI from->to",12,4.36
MOS,"KPI from->to",14,4.36
MOS,"KPI from->to",16,4.36
MOS,"KPI from->to",18,4.36
MOS,"KPI from->to",20,3.47
MOS,"KPI from->to",22,4.37
MOS,"KPI from->to",24,4.37
MOS,"KPI from->to",26,4.37
MOS,"KPI from->to",28,4.37
MOS,"KPI from->to",30,4.37
MOS,"KPI from->to",32,3.49
MOS,"KPI from->to",34,1.89
MOS,"KPI from->to",36,1
MOS,"KPI from->to",38,2.47
MOS,"KPI from->to",40,4.37
MOS,"KPI from->to",42,4.37
MOS,"KPI from->to",44,4.37
MOS,"KPI from->to",46,4.37
MOS,"KPI from->to",48,4.37
MOS,"KPI from->to",50,4.37
MOS,"KPI from->to",52,4.37
MOS,"KPI from->to",54,3.5
MOS,"KPI from->to",56,4.37
MOS,"KPI from->to",58,4.37
MOS,"KPI from->to",60,4.37
MOS,"KPI from->to",62,4.37
MOS,"KPI from->to",64,3.51
MOS,"KPI from->to",66,4.37
MOS,"KPI from->to",68,4.37
MOS,"KPI from->to",70,4.37
MOS,"KPI from->to",72,4.37
MOS,"KPI from->to",74,4.37
MOS,"KPI from->to",76,3.5
MOS,"KPI from->to",78,4.37
MOS,"KPI from->to",80,4.37
MOS,"KPI from->to",82,4.37
MOS,"KPI from->to",84,4.37
MOS,"KPI from->to",86,4.37
MOS,"KPI from->to",88,3.5
MOS,"KPI from->to",90,4.37
MOS,"KPI from->to",92,4.37
MOS,"KPI from->to",94,4.37
MOS,"KPI from->to",96,1
MOS,"KPI from->to",98,1
MOS,"KPI from->to",100,1

Metric,"Pair Name",Timestamp,Value
MOS,"KPI from->to",102,1
MOS,"KPI from->to",104,2.21
MOS,"KPI from->to",106,1
MOS,"KPI from->to",108,1
MOS,"KPI from->to",110,1
MOS,"KPI from->to",112,1.87
MOS,"KPI from->to",114,4.37
MOS,"KPI from->to",116,4.37
MOS,"KPI from->to",118,4.37
MOS,"KPI from->to",120,4.37


