"Test Information",Value
"RUN ID",498
"END EXECUTION TIME","2021-05-14 14:06:50"
"SOURCE PROBE NAME",raspberrypi-AAS
"SOURCE PROBE TEST IP ADDRESS",raspberrypi-AAS
"SOURCE PROBE MANAGEMENT IP ADDRESS",raspberrypi-AAS
"SOURCE PROBE GROUP",Administrators
"DESTINATION PROBE NAME",raspberrypi-5G
"DESTINATION PROBE TEST IP ADDRESS",raspberrypi-5G
"DESTINATION PROBE MANAGEMENT IP ADDRESS",raspberrypi-5G
"DESTINATION PROBE GROUP",Administrators
"DESTINATION PROBE LOCATION",
"TEST MODULE",MESH
"TEST TYPE","Network KPI"
"TEST ADDITIONAL INFORMATION"," DSCP Setting: Best Effort"
"TEST DURATION",120
"TEST STATUS",Failed
"FAIL OR ERROR REASON"," Threshold failed on KPI from->to Jitter Max (ms) 
 Threshold failed on KPI from->to Max Delay Variation (ms) 
 Threshold failed on KPI from->to MOS 
"

Metric,"Pair Name",Value,"Threshold Type",Threshold,"Status KPI"
"Datagrams Out of Order","KPI from->to",0.0,0,>=,Passed
"Delay (ms)","KPI from->to",13.88,0,<=,Passed
"Jitter (ms)","KPI from->to",2.17,0,<=,Passed
"Jitter Max (ms)","KPI from->to",7.0,0,<=,Failed
Loss,"KPI from->to",0.0,0,<=,Passed
"Max Delay Variation (ms)","KPI from->to",95.0,0,<=,Failed
"Max loss burst","KPI from->to",0.0,0,<=,Passed
MOS,"KPI from->to",3.52,1,<=,Failed

Metric,"Pair Name",Timestamp,Value
MOS,"KPI from->to",2,4.37
MOS,"KPI from->to",4,3.49
MOS,"KPI from->to",6,4.37
MOS,"KPI from->to",8,3.49
MOS,"KPI from->to",10,4.37
MOS,"KPI from->to",12,3.49
MOS,"KPI from->to",14,3.49
MOS,"KPI from->to",16,3.49
MOS,"KPI from->to",18,2.8
MOS,"KPI from->to",20,3.49
MOS,"KPI from->to",22,3.48
MOS,"KPI from->to",24,2.8
MOS,"KPI from->to",26,3.48
MOS,"KPI from->to",28,4.37
MOS,"KPI from->to",30,3.48
MOS,"KPI from->to",32,4.37
MOS,"KPI from->to",34,4.37
MOS,"KPI from->to",36,2.8
MOS,"KPI from->to",38,2.8
MOS,"KPI from->to",40,4.37
MOS,"KPI from->to",42,4.37
MOS,"KPI from->to",44,3.48
MOS,"KPI from->to",46,4.37
MOS,"KPI from->to",48,2.8
MOS,"KPI from->to",50,2.8
MOS,"KPI from->to",52,2.42
MOS,"KPI from->to",54,2.79
MOS,"KPI from->to",56,2.42
MOS,"KPI from->to",58,4.37
MOS,"KPI from->to",60,4.37
MOS,"KPI from->to",62,2.8
MOS,"KPI from->to",64,3.48
MOS,"KPI from->to",66,4.37
MOS,"KPI from->to",68,2.8
MOS,"KPI from->to",70,2.8
MOS,"KPI from->to",72,2.18
MOS,"KPI from->to",74,3.48
MOS,"KPI from->to",76,3.48
MOS,"KPI from->to",78,2.42
MOS,"KPI from->to",80,2.8
MOS,"KPI from->to",82,2.8
MOS,"KPI from->to",84,2.43
MOS,"KPI from->to",86,4.37
MOS,"KPI from->to",88,3.49
MOS,"KPI from->to",90,2.8
MOS,"KPI from->to",92,2.79
MOS,"KPI from->to",94,4.37
MOS,"KPI from->to",96,4.37
MOS,"KPI from->to",98,4.37
MOS,"KPI from->to",100,3.5

Metric,"Pair Name",Timestamp,Value
"Jitter (ms)","KPI from->to",2,5
"Jitter (ms)","KPI from->to",4,5
"Jitter (ms)","KPI from->to",6,7
"Jitter (ms)","KPI from->to",8,1
"Jitter (ms)","KPI from->to",10,1
"Jitter (ms)","KPI from->to",12,3
"Jitter (ms)","KPI from->to",14,3
"Jitter (ms)","KPI from->to",16,1
"Jitter (ms)","KPI from->to",18,1
"Jitter (ms)","KPI from->to",20,4
"Jitter (ms)","KPI from->to",22,2
"Jitter (ms)","KPI from->to",24,1
"Jitter (ms)","KPI from->to",26,1
"Jitter (ms)","KPI from->to",28,1
"Jitter (ms)","KPI from->to",30,1
"Jitter (ms)","KPI from->to",32,3
"Jitter (ms)","KPI from->to",34,1
"Jitter (ms)","KPI from->to",36,2
"Jitter (ms)","KPI from->to",38,5
"Jitter (ms)","KPI from->to",40,1
"Jitter (ms)","KPI from->to",42,3
"Jitter (ms)","KPI from->to",44,2
"Jitter (ms)","KPI from->to",46,2
"Jitter (ms)","KPI from->to",48,2
"Jitter (ms)","KPI from->to",50,1
"Jitter (ms)","KPI from->to",52,1
"Jitter (ms)","KPI from->to",54,1
"Jitter (ms)","KPI from->to",56,2
"Jitter (ms)","KPI from->to",58,0
"Jitter (ms)","KPI from->to",60,1
"Jitter (ms)","KPI from->to",62,2
"Jitter (ms)","KPI from->to",64,1
"Jitter (ms)","KPI from->to",66,1
"Jitter (ms)","KPI from->to",68,2
"Jitter (ms)","KPI from->to",70,3
"Jitter (ms)","KPI from->to",72,5
"Jitter (ms)","KPI from->to",74,2
"Jitter (ms)","KPI from->to",76,2
"Jitter (ms)","KPI from->to",78,2
"Jitter (ms)","KPI from->to",80,2
"Jitter (ms)","KPI from->to",82,3
"Jitter (ms)","KPI from->to",84,5
"Jitter (ms)","KPI from->to",86,1
"Jitter (ms)","KPI from->to",88,3
"Jitter (ms)","KPI from->to",90,2
"Jitter (ms)","KPI from->to",92,4
"Jitter (ms)","KPI from->to",94,1
"Jitter (ms)","KPI from->to",96,1
"Jitter (ms)","KPI from->to",98,2
"Jitter (ms)","KPI from->to",100,1

Metric,"Pair Name",Timestamp,Value
"Jitter (ms)","KPI from->to",102,1
"Jitter (ms)","KPI from->to",104,2
"Jitter (ms)","KPI from->to",106,3
"Jitter (ms)","KPI from->to",108,2
"Jitter (ms)","KPI from->to",110,4
"Jitter (ms)","KPI from->to",112,3
"Jitter (ms)","KPI from->to",114,2
"Jitter (ms)","KPI from->to",116,2
"Jitter (ms)","KPI from->to",118,1
"Jitter (ms)","KPI from->to",120,1

Metric,"Pair Name",Timestamp,Value
"Delay (ms)","KPI from->to",2,15
"Delay (ms)","KPI from->to",4,11
"Delay (ms)","KPI from->to",6,13
"Delay (ms)","KPI from->to",8,12
"Delay (ms)","KPI from->to",10,11
"Delay (ms)","KPI from->to",12,12
"Delay (ms)","KPI from->to",14,12
"Delay (ms)","KPI from->to",16,12
"Delay (ms)","KPI from->to",18,13
"Delay (ms)","KPI from->to",20,12
"Delay (ms)","KPI from->to",22,14
"Delay (ms)","KPI from->to",24,14
"Delay (ms)","KPI from->to",26,13
"Delay (ms)","KPI from->to",28,13
"Delay (ms)","KPI from->to",30,16
"Delay (ms)","KPI from->to",32,13
"Delay (ms)","KPI from->to",34,13
"Delay (ms)","KPI from->to",36,15
"Delay (ms)","KPI from->to",38,16
"Delay (ms)","KPI from->to",40,14
"Delay (ms)","KPI from->to",42,14
"Delay (ms)","KPI from->to",44,15
"Delay (ms)","KPI from->to",46,15
"Delay (ms)","KPI from->to",48,16
"Delay (ms)","KPI from->to",50,16
"Delay (ms)","KPI from->to",52,17
"Delay (ms)","KPI from->to",54,20
"Delay (ms)","KPI from->to",56,17
"Delay (ms)","KPI from->to",58,14
"Delay (ms)","KPI from->to",60,14
"Delay (ms)","KPI from->to",62,17
"Delay (ms)","KPI from->to",64,15
"Delay (ms)","KPI from->to",66,14
"Delay (ms)","KPI from->to",68,17
"Delay (ms)","KPI from->to",70,16
"Delay (ms)","KPI from->to",72,18
"Delay (ms)","KPI from->to",74,16
"Delay (ms)","KPI from->to",76,16
"Delay (ms)","KPI from->to",78,19
"Delay (ms)","KPI from->to",80,14
"Delay (ms)","KPI from->to",82,12
"Delay (ms)","KPI from->to",84,14
"Delay (ms)","KPI from->to",86,10
"Delay (ms)","KPI from->to",88,14
"Delay (ms)","KPI from->to",90,13
"Delay (ms)","KPI from->to",92,13
"Delay (ms)","KPI from->to",94,11
"Delay (ms)","KPI from->to",96,12
"Delay (ms)","KPI from->to",98,12
"Delay (ms)","KPI from->to",100,13

Metric,"Pair Name",Timestamp,Value
"Max Delay Variation (ms)","KPI from->to",102,43
"Max Delay Variation (ms)","KPI from->to",104,52
"Max Delay Variation (ms)","KPI from->to",106,42
"Max Delay Variation (ms)","KPI from->to",108,43
"Max Delay Variation (ms)","KPI from->to",110,57
"Max Delay Variation (ms)","KPI from->to",112,22
"Max Delay Variation (ms)","KPI from->to",114,40
"Max Delay Variation (ms)","KPI from->to",116,56
"Max Delay Variation (ms)","KPI from->to",118,10
"Max Delay Variation (ms)","KPI from->to",120,7

Metric,"Pair Name",Timestamp,Value
MOS,"KPI from->to",102,3.48
MOS,"KPI from->to",104,3.48
MOS,"KPI from->to",106,3.49
MOS,"KPI from->to",108,2.8
MOS,"KPI from->to",110,3.49
MOS,"KPI from->to",112,4.37
MOS,"KPI from->to",114,4.37
MOS,"KPI from->to",116,3.48
MOS,"KPI from->to",118,4.37
MOS,"KPI from->to",120,4.37

Metric,"Pair Name",Timestamp,Value
"Delay (ms)","KPI from->to",102,13
"Delay (ms)","KPI from->to",104,13
"Delay (ms)","KPI from->to",106,13
"Delay (ms)","KPI from->to",108,13
"Delay (ms)","KPI from->to",110,12
"Delay (ms)","KPI from->to",112,12
"Delay (ms)","KPI from->to",114,12
"Delay (ms)","KPI from->to",116,13
"Delay (ms)","KPI from->to",118,12
"Delay (ms)","KPI from->to",120,12

Metric,"Pair Name",Timestamp,Value
Loss,"KPI from->to",2,0
Loss,"KPI from->to",4,0
Loss,"KPI from->to",6,0
Loss,"KPI from->to",8,0
Loss,"KPI from->to",10,0
Loss,"KPI from->to",12,0
Loss,"KPI from->to",14,0
Loss,"KPI from->to",16,0
Loss,"KPI from->to",18,0
Loss,"KPI from->to",20,0
Loss,"KPI from->to",22,0
Loss,"KPI from->to",24,0
Loss,"KPI from->to",26,0
Loss,"KPI from->to",28,0
Loss,"KPI from->to",30,0
Loss,"KPI from->to",32,0
Loss,"KPI from->to",34,0
Loss,"KPI from->to",36,0
Loss,"KPI from->to",38,0
Loss,"KPI from->to",40,0
Loss,"KPI from->to",42,0
Loss,"KPI from->to",44,0
Loss,"KPI from->to",46,0
Loss,"KPI from->to",48,0
Loss,"KPI from->to",50,0
Loss,"KPI from->to",52,0
Loss,"KPI from->to",54,0
Loss,"KPI from->to",56,0
Loss,"KPI from->to",58,0
Loss,"KPI from->to",60,0
Loss,"KPI from->to",62,0
Loss,"KPI from->to",64,0
Loss,"KPI from->to",66,0
Loss,"KPI from->to",68,0
Loss,"KPI from->to",70,0
Loss,"KPI from->to",72,0
Loss,"KPI from->to",74,0
Loss,"KPI from->to",76,0
Loss,"KPI from->to",78,0
Loss,"KPI from->to",80,0
Loss,"KPI from->to",82,0
Loss,"KPI from->to",84,0
Loss,"KPI from->to",86,0
Loss,"KPI from->to",88,0
Loss,"KPI from->to",90,0
Loss,"KPI from->to",92,0
Loss,"KPI from->to",94,0
Loss,"KPI from->to",96,0
Loss,"KPI from->to",98,0
Loss,"KPI from->to",100,0

Metric,"Pair Name",Timestamp,Value
Loss,"KPI from->to",102,0
Loss,"KPI from->to",104,0
Loss,"KPI from->to",106,0
Loss,"KPI from->to",108,0
Loss,"KPI from->to",110,0
Loss,"KPI from->to",112,0
Loss,"KPI from->to",114,0
Loss,"KPI from->to",116,0
Loss,"KPI from->to",118,0
Loss,"KPI from->to",120,0

Metric,"Pair Name",Timestamp,Value
"Max Delay Variation (ms)","KPI from->to",2,38
"Max Delay Variation (ms)","KPI from->to",4,43
"Max Delay Variation (ms)","KPI from->to",6,37
"Max Delay Variation (ms)","KPI from->to",8,41
"Max Delay Variation (ms)","KPI from->to",10,6
"Max Delay Variation (ms)","KPI from->to",12,55
"Max Delay Variation (ms)","KPI from->to",14,41
"Max Delay Variation (ms)","KPI from->to",16,41
"Max Delay Variation (ms)","KPI from->to",18,42
"Max Delay Variation (ms)","KPI from->to",20,44
"Max Delay Variation (ms)","KPI from->to",22,42
"Max Delay Variation (ms)","KPI from->to",24,55
"Max Delay Variation (ms)","KPI from->to",26,41
"Max Delay Variation (ms)","KPI from->to",28,23
"Max Delay Variation (ms)","KPI from->to",30,95
"Max Delay Variation (ms)","KPI from->to",32,23
"Max Delay Variation (ms)","KPI from->to",34,17
"Max Delay Variation (ms)","KPI from->to",36,55
"Max Delay Variation (ms)","KPI from->to",38,56
"Max Delay Variation (ms)","KPI from->to",40,16
"Max Delay Variation (ms)","KPI from->to",42,16
"Max Delay Variation (ms)","KPI from->to",44,42
"Max Delay Variation (ms)","KPI from->to",46,28
"Max Delay Variation (ms)","KPI from->to",48,41
"Max Delay Variation (ms)","KPI from->to",50,55
"Max Delay Variation (ms)","KPI from->to",52,42
"Max Delay Variation (ms)","KPI from->to",54,56
"Max Delay Variation (ms)","KPI from->to",56,58
"Max Delay Variation (ms)","KPI from->to",58,7
"Max Delay Variation (ms)","KPI from->to",60,7
"Max Delay Variation (ms)","KPI from->to",62,63
"Max Delay Variation (ms)","KPI from->to",64,42
"Max Delay Variation (ms)","KPI from->to",66,7
"Max Delay Variation (ms)","KPI from->to",68,62
"Max Delay Variation (ms)","KPI from->to",70,43
"Max Delay Variation (ms)","KPI from->to",72,58
"Max Delay Variation (ms)","KPI from->to",74,57
"Max Delay Variation (ms)","KPI from->to",76,41
"Max Delay Variation (ms)","KPI from->to",78,57
"Max Delay Variation (ms)","KPI from->to",80,59
"Max Delay Variation (ms)","KPI from->to",82,55
"Max Delay Variation (ms)","KPI from->to",84,58
"Max Delay Variation (ms)","KPI from->to",86,7
"Max Delay Variation (ms)","KPI from->to",88,58
"Max Delay Variation (ms)","KPI from->to",90,58
"Max Delay Variation (ms)","KPI from->to",92,58
"Max Delay Variation (ms)","KPI from->to",94,9
"Max Delay Variation (ms)","KPI from->to",96,12
"Max Delay Variation (ms)","KPI from->to",98,10
"Max Delay Variation (ms)","KPI from->to",100,21


