"Test Information",Value
"RUN ID",498
"END EXECUTION TIME","2021-05-14 14:29:04"
"SOURCE PROBE NAME",raspberrypi-AAS
"SOURCE PROBE TEST IP ADDRESS",raspberrypi-AAS
"SOURCE PROBE MANAGEMENT IP ADDRESS",raspberrypi-AAS
"SOURCE PROBE GROUP",Administrators
"DESTINATION PROBE NAME",raspberrypi-5G
"DESTINATION PROBE TEST IP ADDRESS",raspberrypi-5G
"DESTINATION PROBE MANAGEMENT IP ADDRESS",raspberrypi-5G
"DESTINATION PROBE GROUP",Administrators
"DESTINATION PROBE LOCATION",
"TEST MODULE",MESH
"TEST TYPE","Network KPI"
"TEST ADDITIONAL INFORMATION"," DSCP Setting: Best Effort"
"TEST DURATION",120
"TEST STATUS",Failed
"FAIL OR ERROR REASON"," Threshold failed on KPI from->to Max Delay Variation (ms) 
"

Metric,"Pair Name",Value,"Threshold Type",Threshold,"Status KPI"
"Datagrams Out of Order","KPI from->to",0.0,0,>=,Passed
"Delay (ms)","KPI from->to",10.76,0,<=,Passed
"Jitter (ms)","KPI from->to",1.37,0,<=,Passed
"Jitter Max (ms)","KPI from->to",5.0,0,<=,Passed
Loss,"KPI from->to",0.0,0,<=,Passed
"Max Delay Variation (ms)","KPI from->to",76.0,0,<=,Failed
"Max loss burst","KPI from->to",0.0,0,<=,Passed
MOS,"KPI from->to",4.33,1,<=,Passed

Metric,"Pair Name",Timestamp,Value
MOS,"KPI from->to",102,4.37
MOS,"KPI from->to",104,4.37
MOS,"KPI from->to",106,4.37
MOS,"KPI from->to",108,4.37
MOS,"KPI from->to",110,4.37
MOS,"KPI from->to",112,4.37
MOS,"KPI from->to",114,4.37
MOS,"KPI from->to",116,4.37
MOS,"KPI from->to",118,3.48

Metric,"Pair Name",Timestamp,Value
"Jitter (ms)","KPI from->to",102,1
"Jitter (ms)","KPI from->to",104,5
"Jitter (ms)","KPI from->to",106,1
"Jitter (ms)","KPI from->to",108,2
"Jitter (ms)","KPI from->to",110,1
"Jitter (ms)","KPI from->to",112,2
"Jitter (ms)","KPI from->to",114,2
"Jitter (ms)","KPI from->to",116,1
"Jitter (ms)","KPI from->to",118,1

Metric,"Pair Name",Timestamp,Value
"Max Delay Variation (ms)","KPI from->to",2,9
"Max Delay Variation (ms)","KPI from->to",4,8
"Max Delay Variation (ms)","KPI from->to",6,8
"Max Delay Variation (ms)","KPI from->to",8,9
"Max Delay Variation (ms)","KPI from->to",10,11
"Max Delay Variation (ms)","KPI from->to",12,7
"Max Delay Variation (ms)","KPI from->to",14,7
"Max Delay Variation (ms)","KPI from->to",16,8
"Max Delay Variation (ms)","KPI from->to",18,6
"Max Delay Variation (ms)","KPI from->to",20,9
"Max Delay Variation (ms)","KPI from->to",22,9
"Max Delay Variation (ms)","KPI from->to",24,7
"Max Delay Variation (ms)","KPI from->to",26,7
"Max Delay Variation (ms)","KPI from->to",28,7
"Max Delay Variation (ms)","KPI from->to",30,8
"Max Delay Variation (ms)","KPI from->to",32,7
"Max Delay Variation (ms)","KPI from->to",34,8
"Max Delay Variation (ms)","KPI from->to",36,8
"Max Delay Variation (ms)","KPI from->to",38,7
"Max Delay Variation (ms)","KPI from->to",40,76
"Max Delay Variation (ms)","KPI from->to",42,8
"Max Delay Variation (ms)","KPI from->to",44,7
"Max Delay Variation (ms)","KPI from->to",46,7
"Max Delay Variation (ms)","KPI from->to",48,35
"Max Delay Variation (ms)","KPI from->to",50,8
"Max Delay Variation (ms)","KPI from->to",52,7
"Max Delay Variation (ms)","KPI from->to",54,14
"Max Delay Variation (ms)","KPI from->to",56,35
"Max Delay Variation (ms)","KPI from->to",58,7
"Max Delay Variation (ms)","KPI from->to",60,8
"Max Delay Variation (ms)","KPI from->to",62,7
"Max Delay Variation (ms)","KPI from->to",64,7
"Max Delay Variation (ms)","KPI from->to",66,32
"Max Delay Variation (ms)","KPI from->to",68,9
"Max Delay Variation (ms)","KPI from->to",70,7
"Max Delay Variation (ms)","KPI from->to",72,7
"Max Delay Variation (ms)","KPI from->to",74,8
"Max Delay Variation (ms)","KPI from->to",76,7
"Max Delay Variation (ms)","KPI from->to",78,7
"Max Delay Variation (ms)","KPI from->to",80,8
"Max Delay Variation (ms)","KPI from->to",82,8
"Max Delay Variation (ms)","KPI from->to",84,9
"Max Delay Variation (ms)","KPI from->to",86,36
"Max Delay Variation (ms)","KPI from->to",88,7
"Max Delay Variation (ms)","KPI from->to",90,9
"Max Delay Variation (ms)","KPI from->to",92,7
"Max Delay Variation (ms)","KPI from->to",94,36
"Max Delay Variation (ms)","KPI from->to",96,7
"Max Delay Variation (ms)","KPI from->to",98,38
"Max Delay Variation (ms)","KPI from->to",100,36

Metric,"Pair Name",Timestamp,Value
"Delay (ms)","KPI from->to",2,12
"Delay (ms)","KPI from->to",4,13
"Delay (ms)","KPI from->to",6,13
"Delay (ms)","KPI from->to",8,13
"Delay (ms)","KPI from->to",10,12
"Delay (ms)","KPI from->to",12,11
"Delay (ms)","KPI from->to",14,11
"Delay (ms)","KPI from->to",16,11
"Delay (ms)","KPI from->to",18,11
"Delay (ms)","KPI from->to",20,11
"Delay (ms)","KPI from->to",22,10
"Delay (ms)","KPI from->to",24,9
"Delay (ms)","KPI from->to",26,9
"Delay (ms)","KPI from->to",28,9
"Delay (ms)","KPI from->to",30,8
"Delay (ms)","KPI from->to",32,8
"Delay (ms)","KPI from->to",34,10
"Delay (ms)","KPI from->to",36,11
"Delay (ms)","KPI from->to",38,10
"Delay (ms)","KPI from->to",40,12
"Delay (ms)","KPI from->to",42,9
"Delay (ms)","KPI from->to",44,9
"Delay (ms)","KPI from->to",46,8
"Delay (ms)","KPI from->to",48,9
"Delay (ms)","KPI from->to",50,9
"Delay (ms)","KPI from->to",52,12
"Delay (ms)","KPI from->to",54,12
"Delay (ms)","KPI from->to",56,12
"Delay (ms)","KPI from->to",58,11
"Delay (ms)","KPI from->to",60,10
"Delay (ms)","KPI from->to",62,10
"Delay (ms)","KPI from->to",64,10
"Delay (ms)","KPI from->to",66,10
"Delay (ms)","KPI from->to",68,10
"Delay (ms)","KPI from->to",70,11
"Delay (ms)","KPI from->to",72,10
"Delay (ms)","KPI from->to",74,10
"Delay (ms)","KPI from->to",76,9
"Delay (ms)","KPI from->to",78,8
"Delay (ms)","KPI from->to",80,9
"Delay (ms)","KPI from->to",82,8
"Delay (ms)","KPI from->to",84,9
"Delay (ms)","KPI from->to",86,13
"Delay (ms)","KPI from->to",88,13
"Delay (ms)","KPI from->to",90,12
"Delay (ms)","KPI from->to",92,12
"Delay (ms)","KPI from->to",94,12
"Delay (ms)","KPI from->to",96,11
"Delay (ms)","KPI from->to",98,11
"Delay (ms)","KPI from->to",100,13

Metric,"Pair Name",Timestamp,Value
Loss,"KPI from->to",102,0
Loss,"KPI from->to",104,0
Loss,"KPI from->to",106,0
Loss,"KPI from->to",108,0
Loss,"KPI from->to",110,0
Loss,"KPI from->to",112,0
Loss,"KPI from->to",114,0
Loss,"KPI from->to",116,0
Loss,"KPI from->to",118,0

Metric,"Pair Name",Timestamp,Value
MOS,"KPI from->to",2,4.37
MOS,"KPI from->to",4,4.37
MOS,"KPI from->to",6,4.37
MOS,"KPI from->to",8,4.37
MOS,"KPI from->to",10,4.37
MOS,"KPI from->to",12,4.37
MOS,"KPI from->to",14,4.37
MOS,"KPI from->to",16,4.37
MOS,"KPI from->to",18,4.37
MOS,"KPI from->to",20,4.37
MOS,"KPI from->to",22,4.37
MOS,"KPI from->to",24,4.37
MOS,"KPI from->to",26,4.37
MOS,"KPI from->to",28,4.37
MOS,"KPI from->to",30,4.37
MOS,"KPI from->to",32,4.37
MOS,"KPI from->to",34,4.37
MOS,"KPI from->to",36,4.37
MOS,"KPI from->to",38,4.37
MOS,"KPI from->to",40,3.49
MOS,"KPI from->to",42,4.37
MOS,"KPI from->to",44,4.37
MOS,"KPI from->to",46,4.37
MOS,"KPI from->to",48,4.37
MOS,"KPI from->to",50,4.37
MOS,"KPI from->to",52,4.37
MOS,"KPI from->to",54,3.49
MOS,"KPI from->to",56,4.37
MOS,"KPI from->to",58,4.37
MOS,"KPI from->to",60,4.37
MOS,"KPI from->to",62,4.37
MOS,"KPI from->to",64,4.37
MOS,"KPI from->to",66,4.37
MOS,"KPI from->to",68,4.37
MOS,"KPI from->to",70,4.37
MOS,"KPI from->to",72,4.37
MOS,"KPI from->to",74,4.37
MOS,"KPI from->to",76,4.37
MOS,"KPI from->to",78,4.37
MOS,"KPI from->to",80,4.37
MOS,"KPI from->to",82,4.37
MOS,"KPI from->to",84,4.37
MOS,"KPI from->to",86,4.37
MOS,"KPI from->to",88,4.37
MOS,"KPI from->to",90,4.37
MOS,"KPI from->to",92,4.37
MOS,"KPI from->to",94,4.37
MOS,"KPI from->to",96,4.37
MOS,"KPI from->to",98,4.37
MOS,"KPI from->to",100,4.37

Metric,"Pair Name",Timestamp,Value
"Delay (ms)","KPI from->to",102,13
"Delay (ms)","KPI from->to",104,13
"Delay (ms)","KPI from->to",106,12
"Delay (ms)","KPI from->to",108,12
"Delay (ms)","KPI from->to",110,12
"Delay (ms)","KPI from->to",112,12
"Delay (ms)","KPI from->to",114,11
"Delay (ms)","KPI from->to",116,11
"Delay (ms)","KPI from->to",118,13

Metric,"Pair Name",Timestamp,Value
"Jitter (ms)","KPI from->to",2,1
"Jitter (ms)","KPI from->to",4,1
"Jitter (ms)","KPI from->to",6,2
"Jitter (ms)","KPI from->to",8,1
"Jitter (ms)","KPI from->to",10,3
"Jitter (ms)","KPI from->to",12,0
"Jitter (ms)","KPI from->to",14,1
"Jitter (ms)","KPI from->to",16,2
"Jitter (ms)","KPI from->to",18,1
"Jitter (ms)","KPI from->to",20,2
"Jitter (ms)","KPI from->to",22,1
"Jitter (ms)","KPI from->to",24,1
"Jitter (ms)","KPI from->to",26,0
"Jitter (ms)","KPI from->to",28,1
"Jitter (ms)","KPI from->to",30,1
"Jitter (ms)","KPI from->to",32,1
"Jitter (ms)","KPI from->to",34,0
"Jitter (ms)","KPI from->to",36,2
"Jitter (ms)","KPI from->to",38,1
"Jitter (ms)","KPI from->to",40,4
"Jitter (ms)","KPI from->to",42,1
"Jitter (ms)","KPI from->to",44,1
"Jitter (ms)","KPI from->to",46,1
"Jitter (ms)","KPI from->to",48,1
"Jitter (ms)","KPI from->to",50,2
"Jitter (ms)","KPI from->to",52,1
"Jitter (ms)","KPI from->to",54,2
"Jitter (ms)","KPI from->to",56,1
"Jitter (ms)","KPI from->to",58,2
"Jitter (ms)","KPI from->to",60,2
"Jitter (ms)","KPI from->to",62,1
"Jitter (ms)","KPI from->to",64,1
"Jitter (ms)","KPI from->to",66,1
"Jitter (ms)","KPI from->to",68,1
"Jitter (ms)","KPI from->to",70,1
"Jitter (ms)","KPI from->to",72,1
"Jitter (ms)","KPI from->to",74,1
"Jitter (ms)","KPI from->to",76,1
"Jitter (ms)","KPI from->to",78,1
"Jitter (ms)","KPI from->to",80,1
"Jitter (ms)","KPI from->to",82,1
"Jitter (ms)","KPI from->to",84,1
"Jitter (ms)","KPI from->to",86,3
"Jitter (ms)","KPI from->to",88,0
"Jitter (ms)","KPI from->to",90,1
"Jitter (ms)","KPI from->to",92,2
"Jitter (ms)","KPI from->to",94,3
"Jitter (ms)","KPI from->to",96,1
"Jitter (ms)","KPI from->to",98,2
"Jitter (ms)","KPI from->to",100,1

Metric,"Pair Name",Timestamp,Value
Loss,"KPI from->to",2,0
Loss,"KPI from->to",4,0
Loss,"KPI from->to",6,0
Loss,"KPI from->to",8,0
Loss,"KPI from->to",10,0
Loss,"KPI from->to",12,0
Loss,"KPI from->to",14,0
Loss,"KPI from->to",16,0
Loss,"KPI from->to",18,0
Loss,"KPI from->to",20,0
Loss,"KPI from->to",22,0
Loss,"KPI from->to",24,0
Loss,"KPI from->to",26,0
Loss,"KPI from->to",28,0
Loss,"KPI from->to",30,0
Loss,"KPI from->to",32,0
Loss,"KPI from->to",34,0
Loss,"KPI from->to",36,0
Loss,"KPI from->to",38,0
Loss,"KPI from->to",40,0
Loss,"KPI from->to",42,0
Loss,"KPI from->to",44,0
Loss,"KPI from->to",46,0
Loss,"KPI from->to",48,0
Loss,"KPI from->to",50,0
Loss,"KPI from->to",52,0
Loss,"KPI from->to",54,0
Loss,"KPI from->to",56,0
Loss,"KPI from->to",58,0
Loss,"KPI from->to",60,0
Loss,"KPI from->to",62,0
Loss,"KPI from->to",64,0
Loss,"KPI from->to",66,0
Loss,"KPI from->to",68,0
Loss,"KPI from->to",70,0
Loss,"KPI from->to",72,0
Loss,"KPI from->to",74,0
Loss,"KPI from->to",76,0
Loss,"KPI from->to",78,0
Loss,"KPI from->to",80,0
Loss,"KPI from->to",82,0
Loss,"KPI from->to",84,0
Loss,"KPI from->to",86,0
Loss,"KPI from->to",88,0
Loss,"KPI from->to",90,0
Loss,"KPI from->to",92,0
Loss,"KPI from->to",94,0
Loss,"KPI from->to",96,0
Loss,"KPI from->to",98,0
Loss,"KPI from->to",100,0

Metric,"Pair Name",Timestamp,Value
"Max Delay Variation (ms)","KPI from->to",102,7
"Max Delay Variation (ms)","KPI from->to",104,33
"Max Delay Variation (ms)","KPI from->to",106,8
"Max Delay Variation (ms)","KPI from->to",108,8
"Max Delay Variation (ms)","KPI from->to",110,7
"Max Delay Variation (ms)","KPI from->to",112,8
"Max Delay Variation (ms)","KPI from->to",114,7
"Max Delay Variation (ms)","KPI from->to",116,6
"Max Delay Variation (ms)","KPI from->to",118,41


