"Test Information",Value
"RUN ID",498
"END EXECUTION TIME","2021-05-14 14:15:40"
"SOURCE PROBE NAME",raspberrypi-AAS
"SOURCE PROBE TEST IP ADDRESS",raspberrypi-AAS
"SOURCE PROBE MANAGEMENT IP ADDRESS",raspberrypi-AAS
"SOURCE PROBE GROUP",Administrators
"DESTINATION PROBE NAME",raspberrypi-5G
"DESTINATION PROBE TEST IP ADDRESS",raspberrypi-5G
"DESTINATION PROBE MANAGEMENT IP ADDRESS",raspberrypi-5G
"DESTINATION PROBE GROUP",Administrators
"DESTINATION PROBE LOCATION",
"TEST MODULE",MESH
"TEST TYPE","Network KPI"
"TEST ADDITIONAL INFORMATION"," DSCP Setting: Best Effort"
"TEST DURATION",120
"TEST STATUS",Failed
"FAIL OR ERROR REASON"," Threshold failed on KPI from->to Max Delay Variation (ms) 
"

Metric,"Pair Name",Value,"Threshold Type",Threshold,"Status KPI"
"Datagrams Out of Order","KPI from->to",0.0,0,>=,Passed
"Delay (ms)","KPI from->to",13.17,0,<=,Passed
"Jitter (ms)","KPI from->to",1.47,0,<=,Passed
"Jitter Max (ms)","KPI from->to",5.0,0,<=,Passed
Loss,"KPI from->to",0.0,0,<=,Passed
"Max Delay Variation (ms)","KPI from->to",54.0,0,<=,Failed
"Max loss burst","KPI from->to",0.0,0,<=,Passed
MOS,"KPI from->to",4.19,1,<=,Passed

Metric,"Pair Name",Timestamp,Value
Loss,"KPI from->to",2,0
Loss,"KPI from->to",4,0
Loss,"KPI from->to",6,0
Loss,"KPI from->to",8,0
Loss,"KPI from->to",10,0
Loss,"KPI from->to",12,0
Loss,"KPI from->to",14,0
Loss,"KPI from->to",16,0
Loss,"KPI from->to",18,0
Loss,"KPI from->to",20,0
Loss,"KPI from->to",22,0
Loss,"KPI from->to",24,0
Loss,"KPI from->to",26,0
Loss,"KPI from->to",28,0
Loss,"KPI from->to",30,0
Loss,"KPI from->to",32,0
Loss,"KPI from->to",34,0
Loss,"KPI from->to",36,0
Loss,"KPI from->to",38,0
Loss,"KPI from->to",40,0
Loss,"KPI from->to",42,0
Loss,"KPI from->to",44,0
Loss,"KPI from->to",46,0
Loss,"KPI from->to",48,0
Loss,"KPI from->to",50,0
Loss,"KPI from->to",52,0
Loss,"KPI from->to",54,0
Loss,"KPI from->to",56,0
Loss,"KPI from->to",58,0
Loss,"KPI from->to",60,0
Loss,"KPI from->to",62,0
Loss,"KPI from->to",64,0
Loss,"KPI from->to",66,0
Loss,"KPI from->to",68,0
Loss,"KPI from->to",70,0
Loss,"KPI from->to",72,0
Loss,"KPI from->to",74,0
Loss,"KPI from->to",76,0
Loss,"KPI from->to",78,0
Loss,"KPI from->to",80,0
Loss,"KPI from->to",82,0
Loss,"KPI from->to",84,0
Loss,"KPI from->to",86,0
Loss,"KPI from->to",88,0
Loss,"KPI from->to",90,0
Loss,"KPI from->to",92,0
Loss,"KPI from->to",94,0
Loss,"KPI from->to",96,0
Loss,"KPI from->to",98,0
Loss,"KPI from->to",100,0

Metric,"Pair Name",Timestamp,Value
"Jitter (ms)","KPI from->to",102,4
"Jitter (ms)","KPI from->to",104,1
"Jitter (ms)","KPI from->to",106,3
"Jitter (ms)","KPI from->to",108,5
"Jitter (ms)","KPI from->to",110,1
"Jitter (ms)","KPI from->to",112,2
"Jitter (ms)","KPI from->to",114,4
"Jitter (ms)","KPI from->to",116,1
"Jitter (ms)","KPI from->to",118,4
"Jitter (ms)","KPI from->to",120,1

Metric,"Pair Name",Timestamp,Value
MOS,"KPI from->to",2,4.37
MOS,"KPI from->to",4,4.37
MOS,"KPI from->to",6,4.37
MOS,"KPI from->to",8,4.37
MOS,"KPI from->to",10,4.37
MOS,"KPI from->to",12,4.37
MOS,"KPI from->to",14,4.37
MOS,"KPI from->to",16,4.37
MOS,"KPI from->to",18,4.37
MOS,"KPI from->to",20,4.37
MOS,"KPI from->to",22,4.37
MOS,"KPI from->to",24,4.37
MOS,"KPI from->to",26,4.37
MOS,"KPI from->to",28,4.37
MOS,"KPI from->to",30,4.37
MOS,"KPI from->to",32,4.37
MOS,"KPI from->to",34,4.37
MOS,"KPI from->to",36,4.37
MOS,"KPI from->to",38,4.37
MOS,"KPI from->to",40,4.37
MOS,"KPI from->to",42,4.37
MOS,"KPI from->to",44,4.37
MOS,"KPI from->to",46,4.37
MOS,"KPI from->to",48,4.37
MOS,"KPI from->to",50,4.37
MOS,"KPI from->to",52,4.37
MOS,"KPI from->to",54,4.37
MOS,"KPI from->to",56,4.37
MOS,"KPI from->to",58,4.37
MOS,"KPI from->to",60,4.37
MOS,"KPI from->to",62,4.37
MOS,"KPI from->to",64,4.37
MOS,"KPI from->to",66,4.37
MOS,"KPI from->to",68,4.37
MOS,"KPI from->to",70,4.37
MOS,"KPI from->to",72,4.37
MOS,"KPI from->to",74,4.37
MOS,"KPI from->to",76,4.37
MOS,"KPI from->to",78,4.37
MOS,"KPI from->to",80,4.37
MOS,"KPI from->to",82,4.37
MOS,"KPI from->to",84,4.37
MOS,"KPI from->to",86,4.37
MOS,"KPI from->to",88,4.37
MOS,"KPI from->to",90,4.37
MOS,"KPI from->to",92,4.37
MOS,"KPI from->to",94,4.37
MOS,"KPI from->to",96,4.37
MOS,"KPI from->to",98,3.47
MOS,"KPI from->to",100,3.49

Metric,"Pair Name",Timestamp,Value
"Max Delay Variation (ms)","KPI from->to",2,9
"Max Delay Variation (ms)","KPI from->to",4,7
"Max Delay Variation (ms)","KPI from->to",6,7
"Max Delay Variation (ms)","KPI from->to",8,9
"Max Delay Variation (ms)","KPI from->to",10,7
"Max Delay Variation (ms)","KPI from->to",12,8
"Max Delay Variation (ms)","KPI from->to",14,7
"Max Delay Variation (ms)","KPI from->to",16,6
"Max Delay Variation (ms)","KPI from->to",18,7
"Max Delay Variation (ms)","KPI from->to",20,7
"Max Delay Variation (ms)","KPI from->to",22,7
"Max Delay Variation (ms)","KPI from->to",24,7
"Max Delay Variation (ms)","KPI from->to",26,9
"Max Delay Variation (ms)","KPI from->to",28,8
"Max Delay Variation (ms)","KPI from->to",30,9
"Max Delay Variation (ms)","KPI from->to",32,7
"Max Delay Variation (ms)","KPI from->to",34,8
"Max Delay Variation (ms)","KPI from->to",36,7
"Max Delay Variation (ms)","KPI from->to",38,7
"Max Delay Variation (ms)","KPI from->to",40,6
"Max Delay Variation (ms)","KPI from->to",42,8
"Max Delay Variation (ms)","KPI from->to",44,8
"Max Delay Variation (ms)","KPI from->to",46,7
"Max Delay Variation (ms)","KPI from->to",48,8
"Max Delay Variation (ms)","KPI from->to",50,37
"Max Delay Variation (ms)","KPI from->to",52,7
"Max Delay Variation (ms)","KPI from->to",54,7
"Max Delay Variation (ms)","KPI from->to",56,9
"Max Delay Variation (ms)","KPI from->to",58,10
"Max Delay Variation (ms)","KPI from->to",60,10
"Max Delay Variation (ms)","KPI from->to",62,10
"Max Delay Variation (ms)","KPI from->to",64,7
"Max Delay Variation (ms)","KPI from->to",66,10
"Max Delay Variation (ms)","KPI from->to",68,7
"Max Delay Variation (ms)","KPI from->to",70,9
"Max Delay Variation (ms)","KPI from->to",72,7
"Max Delay Variation (ms)","KPI from->to",74,7
"Max Delay Variation (ms)","KPI from->to",76,7
"Max Delay Variation (ms)","KPI from->to",78,7
"Max Delay Variation (ms)","KPI from->to",80,7
"Max Delay Variation (ms)","KPI from->to",82,11
"Max Delay Variation (ms)","KPI from->to",84,8
"Max Delay Variation (ms)","KPI from->to",86,8
"Max Delay Variation (ms)","KPI from->to",88,7
"Max Delay Variation (ms)","KPI from->to",90,8
"Max Delay Variation (ms)","KPI from->to",92,10
"Max Delay Variation (ms)","KPI from->to",94,7
"Max Delay Variation (ms)","KPI from->to",96,7
"Max Delay Variation (ms)","KPI from->to",98,42
"Max Delay Variation (ms)","KPI from->to",100,41

Metric,"Pair Name",Timestamp,Value
"Max Delay Variation (ms)","KPI from->to",102,38
"Max Delay Variation (ms)","KPI from->to",104,42
"Max Delay Variation (ms)","KPI from->to",106,41
"Max Delay Variation (ms)","KPI from->to",108,41
"Max Delay Variation (ms)","KPI from->to",110,40
"Max Delay Variation (ms)","KPI from->to",112,54
"Max Delay Variation (ms)","KPI from->to",114,39
"Max Delay Variation (ms)","KPI from->to",116,46
"Max Delay Variation (ms)","KPI from->to",118,41
"Max Delay Variation (ms)","KPI from->to",120,9

Metric,"Pair Name",Timestamp,Value
"Jitter (ms)","KPI from->to",2,1
"Jitter (ms)","KPI from->to",4,0
"Jitter (ms)","KPI from->to",6,1
"Jitter (ms)","KPI from->to",8,1
"Jitter (ms)","KPI from->to",10,1
"Jitter (ms)","KPI from->to",12,1
"Jitter (ms)","KPI from->to",14,1
"Jitter (ms)","KPI from->to",16,1
"Jitter (ms)","KPI from->to",18,2
"Jitter (ms)","KPI from->to",20,1
"Jitter (ms)","KPI from->to",22,1
"Jitter (ms)","KPI from->to",24,0
"Jitter (ms)","KPI from->to",26,1
"Jitter (ms)","KPI from->to",28,0
"Jitter (ms)","KPI from->to",30,1
"Jitter (ms)","KPI from->to",32,0
"Jitter (ms)","KPI from->to",34,1
"Jitter (ms)","KPI from->to",36,2
"Jitter (ms)","KPI from->to",38,1
"Jitter (ms)","KPI from->to",40,0
"Jitter (ms)","KPI from->to",42,1
"Jitter (ms)","KPI from->to",44,2
"Jitter (ms)","KPI from->to",46,1
"Jitter (ms)","KPI from->to",48,1
"Jitter (ms)","KPI from->to",50,2
"Jitter (ms)","KPI from->to",52,1
"Jitter (ms)","KPI from->to",54,1
"Jitter (ms)","KPI from->to",56,2
"Jitter (ms)","KPI from->to",58,1
"Jitter (ms)","KPI from->to",60,2
"Jitter (ms)","KPI from->to",62,1
"Jitter (ms)","KPI from->to",64,1
"Jitter (ms)","KPI from->to",66,2
"Jitter (ms)","KPI from->to",68,2
"Jitter (ms)","KPI from->to",70,1
"Jitter (ms)","KPI from->to",72,2
"Jitter (ms)","KPI from->to",74,2
"Jitter (ms)","KPI from->to",76,0
"Jitter (ms)","KPI from->to",78,1
"Jitter (ms)","KPI from->to",80,2
"Jitter (ms)","KPI from->to",82,2
"Jitter (ms)","KPI from->to",84,2
"Jitter (ms)","KPI from->to",86,1
"Jitter (ms)","KPI from->to",88,2
"Jitter (ms)","KPI from->to",90,1
"Jitter (ms)","KPI from->to",92,2
"Jitter (ms)","KPI from->to",94,1
"Jitter (ms)","KPI from->to",96,2
"Jitter (ms)","KPI from->to",98,1
"Jitter (ms)","KPI from->to",100,3

Metric,"Pair Name",Timestamp,Value
Loss,"KPI from->to",102,0
Loss,"KPI from->to",104,0
Loss,"KPI from->to",106,0
Loss,"KPI from->to",108,0
Loss,"KPI from->to",110,0
Loss,"KPI from->to",112,0
Loss,"KPI from->to",114,0
Loss,"KPI from->to",116,0
Loss,"KPI from->to",118,0
Loss,"KPI from->to",120,0

Metric,"Pair Name",Timestamp,Value
MOS,"KPI from->to",102,4.36
MOS,"KPI from->to",104,2.8
MOS,"KPI from->to",106,2.42
MOS,"KPI from->to",108,2.8
MOS,"KPI from->to",110,4.37
MOS,"KPI from->to",112,2.42
MOS,"KPI from->to",114,4.37
MOS,"KPI from->to",116,3.5
MOS,"KPI from->to",118,3.48
MOS,"KPI from->to",120,4.37

Metric,"Pair Name",Timestamp,Value
"Delay (ms)","KPI from->to",2,13
"Delay (ms)","KPI from->to",4,13
"Delay (ms)","KPI from->to",6,13
"Delay (ms)","KPI from->to",8,13
"Delay (ms)","KPI from->to",10,13
"Delay (ms)","KPI from->to",12,13
"Delay (ms)","KPI from->to",14,12
"Delay (ms)","KPI from->to",16,12
"Delay (ms)","KPI from->to",18,13
"Delay (ms)","KPI from->to",20,13
"Delay (ms)","KPI from->to",22,13
"Delay (ms)","KPI from->to",24,13
"Delay (ms)","KPI from->to",26,13
"Delay (ms)","KPI from->to",28,13
"Delay (ms)","KPI from->to",30,13
"Delay (ms)","KPI from->to",32,11
"Delay (ms)","KPI from->to",34,12
"Delay (ms)","KPI from->to",36,12
"Delay (ms)","KPI from->to",38,12
"Delay (ms)","KPI from->to",40,11
"Delay (ms)","KPI from->to",42,12
"Delay (ms)","KPI from->to",44,12
"Delay (ms)","KPI from->to",46,12
"Delay (ms)","KPI from->to",48,11
"Delay (ms)","KPI from->to",50,12
"Delay (ms)","KPI from->to",52,11
"Delay (ms)","KPI from->to",54,11
"Delay (ms)","KPI from->to",56,11
"Delay (ms)","KPI from->to",58,11
"Delay (ms)","KPI from->to",60,11
"Delay (ms)","KPI from->to",62,11
"Delay (ms)","KPI from->to",64,12
"Delay (ms)","KPI from->to",66,12
"Delay (ms)","KPI from->to",68,12
"Delay (ms)","KPI from->to",70,12
"Delay (ms)","KPI from->to",72,13
"Delay (ms)","KPI from->to",74,13
"Delay (ms)","KPI from->to",76,12
"Delay (ms)","KPI from->to",78,13
"Delay (ms)","KPI from->to",80,13
"Delay (ms)","KPI from->to",82,13
"Delay (ms)","KPI from->to",84,13
"Delay (ms)","KPI from->to",86,13
"Delay (ms)","KPI from->to",88,13
"Delay (ms)","KPI from->to",90,13
"Delay (ms)","KPI from->to",92,14
"Delay (ms)","KPI from->to",94,13
"Delay (ms)","KPI from->to",96,14
"Delay (ms)","KPI from->to",98,17
"Delay (ms)","KPI from->to",100,17

Metric,"Pair Name",Timestamp,Value
"Delay (ms)","KPI from->to",102,18
"Delay (ms)","KPI from->to",104,16
"Delay (ms)","KPI from->to",106,19
"Delay (ms)","KPI from->to",108,17
"Delay (ms)","KPI from->to",110,16
"Delay (ms)","KPI from->to",112,18
"Delay (ms)","KPI from->to",114,16
"Delay (ms)","KPI from->to",116,14
"Delay (ms)","KPI from->to",118,15
"Delay (ms)","KPI from->to",120,13


