"Test Information",Value
"RUN ID",498
"END EXECUTION TIME","2021-05-14 14:31:17"
"SOURCE PROBE NAME",raspberrypi-AAS
"SOURCE PROBE TEST IP ADDRESS",raspberrypi-AAS
"SOURCE PROBE MANAGEMENT IP ADDRESS",raspberrypi-AAS
"SOURCE PROBE GROUP",Administrators
"DESTINATION PROBE NAME",raspberrypi-5G
"DESTINATION PROBE TEST IP ADDRESS",raspberrypi-5G
"DESTINATION PROBE MANAGEMENT IP ADDRESS",raspberrypi-5G
"DESTINATION PROBE GROUP",Administrators
"DESTINATION PROBE LOCATION",
"TEST MODULE",MESH
"TEST TYPE","Network KPI"
"TEST ADDITIONAL INFORMATION"," DSCP Setting: Best Effort"
"TEST DURATION",120
"TEST STATUS",Failed
"FAIL OR ERROR REASON"," Threshold failed on KPI from->to Jitter Max (ms) 
 Threshold failed on KPI from->to Max Delay Variation (ms) 
 Threshold failed on KPI from->to MOS 
"

Metric,"Pair Name",Value,"Threshold Type",Threshold,"Status KPI"
"Datagrams Out of Order","KPI from->to",0.0,0,>=,Passed
"Delay (ms)","KPI from->to",11.98,0,<=,Passed
"Jitter (ms)","KPI from->to",2.24,0,<=,Passed
"Jitter Max (ms)","KPI from->to",8.0,0,<=,Failed
Loss,"KPI from->to",0.0,0,<=,Passed
"Max Delay Variation (ms)","KPI from->to",97.0,0,<=,Failed
"Max loss burst","KPI from->to",0.0,0,<=,Passed
MOS,"KPI from->to",3.56,1,<=,Failed

Metric,"Pair Name",Timestamp,Value
MOS,"KPI from->to",102,2.8
MOS,"KPI from->to",104,3.49
MOS,"KPI from->to",106,2.8
MOS,"KPI from->to",108,2.8
MOS,"KPI from->to",110,4.37
MOS,"KPI from->to",112,3.47
MOS,"KPI from->to",114,2.44
MOS,"KPI from->to",116,3.48
MOS,"KPI from->to",118,4.37

Metric,"Pair Name",Timestamp,Value
"Delay (ms)","KPI from->to",102,13
"Delay (ms)","KPI from->to",104,11
"Delay (ms)","KPI from->to",106,15
"Delay (ms)","KPI from->to",108,12
"Delay (ms)","KPI from->to",110,12
"Delay (ms)","KPI from->to",112,12
"Delay (ms)","KPI from->to",114,15
"Delay (ms)","KPI from->to",116,12
"Delay (ms)","KPI from->to",118,11

Metric,"Pair Name",Timestamp,Value
"Max Delay Variation (ms)","KPI from->to",2,41
"Max Delay Variation (ms)","KPI from->to",4,77
"Max Delay Variation (ms)","KPI from->to",6,39
"Max Delay Variation (ms)","KPI from->to",8,57
"Max Delay Variation (ms)","KPI from->to",10,22
"Max Delay Variation (ms)","KPI from->to",12,37
"Max Delay Variation (ms)","KPI from->to",14,38
"Max Delay Variation (ms)","KPI from->to",16,27
"Max Delay Variation (ms)","KPI from->to",18,36
"Max Delay Variation (ms)","KPI from->to",20,8
"Max Delay Variation (ms)","KPI from->to",22,10
"Max Delay Variation (ms)","KPI from->to",24,42
"Max Delay Variation (ms)","KPI from->to",26,9
"Max Delay Variation (ms)","KPI from->to",28,60
"Max Delay Variation (ms)","KPI from->to",30,42
"Max Delay Variation (ms)","KPI from->to",32,42
"Max Delay Variation (ms)","KPI from->to",34,39
"Max Delay Variation (ms)","KPI from->to",36,45
"Max Delay Variation (ms)","KPI from->to",38,24
"Max Delay Variation (ms)","KPI from->to",40,60
"Max Delay Variation (ms)","KPI from->to",42,56
"Max Delay Variation (ms)","KPI from->to",44,71
"Max Delay Variation (ms)","KPI from->to",46,57
"Max Delay Variation (ms)","KPI from->to",48,43
"Max Delay Variation (ms)","KPI from->to",50,42
"Max Delay Variation (ms)","KPI from->to",52,41
"Max Delay Variation (ms)","KPI from->to",54,42
"Max Delay Variation (ms)","KPI from->to",56,9
"Max Delay Variation (ms)","KPI from->to",58,39
"Max Delay Variation (ms)","KPI from->to",60,40
"Max Delay Variation (ms)","KPI from->to",62,38
"Max Delay Variation (ms)","KPI from->to",64,45
"Max Delay Variation (ms)","KPI from->to",66,79
"Max Delay Variation (ms)","KPI from->to",68,7
"Max Delay Variation (ms)","KPI from->to",70,57
"Max Delay Variation (ms)","KPI from->to",72,48
"Max Delay Variation (ms)","KPI from->to",74,41
"Max Delay Variation (ms)","KPI from->to",76,50
"Max Delay Variation (ms)","KPI from->to",78,7
"Max Delay Variation (ms)","KPI from->to",80,42
"Max Delay Variation (ms)","KPI from->to",82,61
"Max Delay Variation (ms)","KPI from->to",84,41
"Max Delay Variation (ms)","KPI from->to",86,42
"Max Delay Variation (ms)","KPI from->to",88,96
"Max Delay Variation (ms)","KPI from->to",90,56
"Max Delay Variation (ms)","KPI from->to",92,36
"Max Delay Variation (ms)","KPI from->to",94,65
"Max Delay Variation (ms)","KPI from->to",96,7
"Max Delay Variation (ms)","KPI from->to",98,42
"Max Delay Variation (ms)","KPI from->to",100,34

Metric,"Pair Name",Timestamp,Value
"Jitter (ms)","KPI from->to",102,8
"Jitter (ms)","KPI from->to",104,1
"Jitter (ms)","KPI from->to",106,6
"Jitter (ms)","KPI from->to",108,4
"Jitter (ms)","KPI from->to",110,2
"Jitter (ms)","KPI from->to",112,1
"Jitter (ms)","KPI from->to",114,1
"Jitter (ms)","KPI from->to",116,3
"Jitter (ms)","KPI from->to",118,1

Metric,"Pair Name",Timestamp,Value
Loss,"KPI from->to",102,0
Loss,"KPI from->to",104,0
Loss,"KPI from->to",106,0
Loss,"KPI from->to",108,0
Loss,"KPI from->to",110,0
Loss,"KPI from->to",112,0
Loss,"KPI from->to",114,0
Loss,"KPI from->to",116,0
Loss,"KPI from->to",118,0

Metric,"Pair Name",Timestamp,Value
MOS,"KPI from->to",2,3.48
MOS,"KPI from->to",4,2.81
MOS,"KPI from->to",6,4.37
MOS,"KPI from->to",8,3.47
MOS,"KPI from->to",10,4.37
MOS,"KPI from->to",12,4.37
MOS,"KPI from->to",14,4.37
MOS,"KPI from->to",16,4.37
MOS,"KPI from->to",18,4.37
MOS,"KPI from->to",20,4.37
MOS,"KPI from->to",22,4.37
MOS,"KPI from->to",24,3.49
MOS,"KPI from->to",26,4.37
MOS,"KPI from->to",28,2.8
MOS,"KPI from->to",30,2.81
MOS,"KPI from->to",32,3.48
MOS,"KPI from->to",34,4.37
MOS,"KPI from->to",36,2.8
MOS,"KPI from->to",38,4.37
MOS,"KPI from->to",40,3.48
MOS,"KPI from->to",42,2.8
MOS,"KPI from->to",44,2.42
MOS,"KPI from->to",46,2.43
MOS,"KPI from->to",48,2.18
MOS,"KPI from->to",50,3.48
MOS,"KPI from->to",52,3.5
MOS,"KPI from->to",54,2.43
MOS,"KPI from->to",56,4.37
MOS,"KPI from->to",58,4.37
MOS,"KPI from->to",60,4.37
MOS,"KPI from->to",62,4.37
MOS,"KPI from->to",64,3.49
MOS,"KPI from->to",66,3.49
MOS,"KPI from->to",68,4.37
MOS,"KPI from->to",70,3.49
MOS,"KPI from->to",72,2.8
MOS,"KPI from->to",74,2.79
MOS,"KPI from->to",76,3.49
MOS,"KPI from->to",78,4.37
MOS,"KPI from->to",80,3.48
MOS,"KPI from->to",82,2.19
MOS,"KPI from->to",84,3.48
MOS,"KPI from->to",86,3.49
MOS,"KPI from->to",88,3.48
MOS,"KPI from->to",90,2.8
MOS,"KPI from->to",92,4.37
MOS,"KPI from->to",94,2.8
MOS,"KPI from->to",96,4.37
MOS,"KPI from->to",98,3.49
MOS,"KPI from->to",100,4.37

Metric,"Pair Name",Timestamp,Value
"Delay (ms)","KPI from->to",2,14
"Delay (ms)","KPI from->to",4,14
"Delay (ms)","KPI from->to",6,12
"Delay (ms)","KPI from->to",8,13
"Delay (ms)","KPI from->to",10,10
"Delay (ms)","KPI from->to",12,11
"Delay (ms)","KPI from->to",14,10
"Delay (ms)","KPI from->to",16,11
"Delay (ms)","KPI from->to",18,12
"Delay (ms)","KPI from->to",20,10
"Delay (ms)","KPI from->to",22,10
"Delay (ms)","KPI from->to",24,10
"Delay (ms)","KPI from->to",26,9
"Delay (ms)","KPI from->to",28,11
"Delay (ms)","KPI from->to",30,11
"Delay (ms)","KPI from->to",32,9
"Delay (ms)","KPI from->to",34,9
"Delay (ms)","KPI from->to",36,14
"Delay (ms)","KPI from->to",38,12
"Delay (ms)","KPI from->to",40,13
"Delay (ms)","KPI from->to",42,14
"Delay (ms)","KPI from->to",44,15
"Delay (ms)","KPI from->to",46,14
"Delay (ms)","KPI from->to",48,13
"Delay (ms)","KPI from->to",50,12
"Delay (ms)","KPI from->to",52,10
"Delay (ms)","KPI from->to",54,11
"Delay (ms)","KPI from->to",56,10
"Delay (ms)","KPI from->to",58,12
"Delay (ms)","KPI from->to",60,11
"Delay (ms)","KPI from->to",62,12
"Delay (ms)","KPI from->to",64,12
"Delay (ms)","KPI from->to",66,12
"Delay (ms)","KPI from->to",68,10
"Delay (ms)","KPI from->to",70,10
"Delay (ms)","KPI from->to",72,13
"Delay (ms)","KPI from->to",74,14
"Delay (ms)","KPI from->to",76,14
"Delay (ms)","KPI from->to",78,12
"Delay (ms)","KPI from->to",80,12
"Delay (ms)","KPI from->to",82,17
"Delay (ms)","KPI from->to",84,13
"Delay (ms)","KPI from->to",86,12
"Delay (ms)","KPI from->to",88,14
"Delay (ms)","KPI from->to",90,13
"Delay (ms)","KPI from->to",92,11
"Delay (ms)","KPI from->to",94,13
"Delay (ms)","KPI from->to",96,10
"Delay (ms)","KPI from->to",98,12
"Delay (ms)","KPI from->to",100,11

Metric,"Pair Name",Timestamp,Value
"Jitter (ms)","KPI from->to",2,1
"Jitter (ms)","KPI from->to",4,4
"Jitter (ms)","KPI from->to",6,2
"Jitter (ms)","KPI from->to",8,7
"Jitter (ms)","KPI from->to",10,2
"Jitter (ms)","KPI from->to",12,2
"Jitter (ms)","KPI from->to",14,0
"Jitter (ms)","KPI from->to",16,2
"Jitter (ms)","KPI from->to",18,1
"Jitter (ms)","KPI from->to",20,0
"Jitter (ms)","KPI from->to",22,1
"Jitter (ms)","KPI from->to",24,2
"Jitter (ms)","KPI from->to",26,1
"Jitter (ms)","KPI from->to",28,4
"Jitter (ms)","KPI from->to",30,1
"Jitter (ms)","KPI from->to",32,1
"Jitter (ms)","KPI from->to",34,2
"Jitter (ms)","KPI from->to",36,2
"Jitter (ms)","KPI from->to",38,1
"Jitter (ms)","KPI from->to",40,1
"Jitter (ms)","KPI from->to",42,4
"Jitter (ms)","KPI from->to",44,2
"Jitter (ms)","KPI from->to",46,4
"Jitter (ms)","KPI from->to",48,2
"Jitter (ms)","KPI from->to",50,1
"Jitter (ms)","KPI from->to",52,0
"Jitter (ms)","KPI from->to",54,2
"Jitter (ms)","KPI from->to",56,1
"Jitter (ms)","KPI from->to",58,2
"Jitter (ms)","KPI from->to",60,3
"Jitter (ms)","KPI from->to",62,1
"Jitter (ms)","KPI from->to",64,3
"Jitter (ms)","KPI from->to",66,7
"Jitter (ms)","KPI from->to",68,1
"Jitter (ms)","KPI from->to",70,1
"Jitter (ms)","KPI from->to",72,4
"Jitter (ms)","KPI from->to",74,3
"Jitter (ms)","KPI from->to",76,3
"Jitter (ms)","KPI from->to",78,1
"Jitter (ms)","KPI from->to",80,1
"Jitter (ms)","KPI from->to",82,1
"Jitter (ms)","KPI from->to",84,3
"Jitter (ms)","KPI from->to",86,0
"Jitter (ms)","KPI from->to",88,5
"Jitter (ms)","KPI from->to",90,1
"Jitter (ms)","KPI from->to",92,2
"Jitter (ms)","KPI from->to",94,5
"Jitter (ms)","KPI from->to",96,1
"Jitter (ms)","KPI from->to",98,1
"Jitter (ms)","KPI from->to",100,3

Metric,"Pair Name",Timestamp,Value
Loss,"KPI from->to",2,0
Loss,"KPI from->to",4,0
Loss,"KPI from->to",6,0
Loss,"KPI from->to",8,0
Loss,"KPI from->to",10,0
Loss,"KPI from->to",12,0
Loss,"KPI from->to",14,0
Loss,"KPI from->to",16,0
Loss,"KPI from->to",18,0
Loss,"KPI from->to",20,0
Loss,"KPI from->to",22,0
Loss,"KPI from->to",24,0
Loss,"KPI from->to",26,0
Loss,"KPI from->to",28,0
Loss,"KPI from->to",30,0
Loss,"KPI from->to",32,0
Loss,"KPI from->to",34,0
Loss,"KPI from->to",36,0
Loss,"KPI from->to",38,0
Loss,"KPI from->to",40,0
Loss,"KPI from->to",42,0
Loss,"KPI from->to",44,0
Loss,"KPI from->to",46,0
Loss,"KPI from->to",48,0
Loss,"KPI from->to",50,0
Loss,"KPI from->to",52,0
Loss,"KPI from->to",54,0
Loss,"KPI from->to",56,0
Loss,"KPI from->to",58,0
Loss,"KPI from->to",60,0
Loss,"KPI from->to",62,0
Loss,"KPI from->to",64,0
Loss,"KPI from->to",66,0
Loss,"KPI from->to",68,0
Loss,"KPI from->to",70,0
Loss,"KPI from->to",72,0
Loss,"KPI from->to",74,0
Loss,"KPI from->to",76,0
Loss,"KPI from->to",78,0
Loss,"KPI from->to",80,0
Loss,"KPI from->to",82,0
Loss,"KPI from->to",84,0
Loss,"KPI from->to",86,0
Loss,"KPI from->to",88,0
Loss,"KPI from->to",90,0
Loss,"KPI from->to",92,0
Loss,"KPI from->to",94,0
Loss,"KPI from->to",96,0
Loss,"KPI from->to",98,0
Loss,"KPI from->to",100,0

Metric,"Pair Name",Timestamp,Value
"Max Delay Variation (ms)","KPI from->to",102,55
"Max Delay Variation (ms)","KPI from->to",104,42
"Max Delay Variation (ms)","KPI from->to",106,97
"Max Delay Variation (ms)","KPI from->to",108,42
"Max Delay Variation (ms)","KPI from->to",110,29
"Max Delay Variation (ms)","KPI from->to",112,41
"Max Delay Variation (ms)","KPI from->to",114,42
"Max Delay Variation (ms)","KPI from->to",116,57
"Max Delay Variation (ms)","KPI from->to",118,6


