"Test Information",Value
"RUN ID",498
"END EXECUTION TIME","2021-05-14 14:31:21"
"SOURCE PROBE NAME",andreas
"SOURCE PROBE TEST IP ADDRESS",andreas
"SOURCE PROBE MANAGEMENT IP ADDRESS",andreas
"SOURCE PROBE GROUP",Administrators
"DESTINATION PROBE NAME",raspberrypi-AAS
"DESTINATION PROBE TEST IP ADDRESS",raspberrypi-AAS
"DESTINATION PROBE MANAGEMENT IP ADDRESS",raspberrypi-AAS
"DESTINATION PROBE GROUP",Administrators
"DESTINATION PROBE LOCATION",
"TEST MODULE",MESH
"TEST TYPE","Network KPI"
"TEST ADDITIONAL INFORMATION"," DSCP Setting: Best Effort"
"TEST DURATION",120
"TEST STATUS",Failed
"FAIL OR ERROR REASON"," Threshold failed on KPI from->to Jitter Max (ms) 
 Threshold failed on KPI from->to Max Delay Variation (ms) 
 Threshold failed on KPI from->to MOS 
"

Metric,"Pair Name",Value,"Threshold Type",Threshold,"Status KPI"
"Datagrams Out of Order","KPI from->to",0.0,0,>=,Passed
"Delay (ms)","KPI from->to",9.13,0,<=,Passed
"Jitter (ms)","KPI from->to",4.17,0,<=,Passed
"Jitter Max (ms)","KPI from->to",25.0,0,<=,Failed
Loss,"KPI from->to",0.02,0,<=,Passed
"Max Delay Variation (ms)","KPI from->to",162.0,0,<=,Failed
"Max loss burst","KPI from->to",1.0,0,<=,Passed
MOS,"KPI from->to",3.53,1,<=,Failed

Metric,"Pair Name",Timestamp,Value
"Jitter (ms)","KPI from->to",102,2
"Jitter (ms)","KPI from->to",104,0
"Jitter (ms)","KPI from->to",106,2
"Jitter (ms)","KPI from->to",108,2
"Jitter (ms)","KPI from->to",110,12
"Jitter (ms)","KPI from->to",112,20
"Jitter (ms)","KPI from->to",114,7
"Jitter (ms)","KPI from->to",116,1
"Jitter (ms)","KPI from->to",118,1
"Jitter (ms)","KPI from->to",120,0

Metric,"Pair Name",Timestamp,Value
Loss,"KPI from->to",2,0
Loss,"KPI from->to",4,0
Loss,"KPI from->to",6,0
Loss,"KPI from->to",8,0
Loss,"KPI from->to",10,0
Loss,"KPI from->to",12,0
Loss,"KPI from->to",14,0
Loss,"KPI from->to",16,0
Loss,"KPI from->to",18,0
Loss,"KPI from->to",20,0
Loss,"KPI from->to",22,0
Loss,"KPI from->to",24,0
Loss,"KPI from->to",26,0
Loss,"KPI from->to",28,0
Loss,"KPI from->to",30,0
Loss,"KPI from->to",32,0
Loss,"KPI from->to",34,0
Loss,"KPI from->to",36,0
Loss,"KPI from->to",38,0
Loss,"KPI from->to",40,0
Loss,"KPI from->to",42,0
Loss,"KPI from->to",44,0
Loss,"KPI from->to",46,0
Loss,"KPI from->to",48,0
Loss,"KPI from->to",50,0
Loss,"KPI from->to",52,0
Loss,"KPI from->to",54,0
Loss,"KPI from->to",56,0
Loss,"KPI from->to",58,0
Loss,"KPI from->to",60,0
Loss,"KPI from->to",62,0
Loss,"KPI from->to",64,0
Loss,"KPI from->to",66,0
Loss,"KPI from->to",68,0
Loss,"KPI from->to",70,0
Loss,"KPI from->to",72,0
Loss,"KPI from->to",74,0
Loss,"KPI from->to",76,0
Loss,"KPI from->to",78,0
Loss,"KPI from->to",80,0
Loss,"KPI from->to",82,0
Loss,"KPI from->to",84,0
Loss,"KPI from->to",86,0
Loss,"KPI from->to",88,0
Loss,"KPI from->to",90,0
Loss,"KPI from->to",92,1.010101010101
Loss,"KPI from->to",94,0
Loss,"KPI from->to",96,0
Loss,"KPI from->to",98,0
Loss,"KPI from->to",100,0

Metric,"Pair Name",Timestamp,Value
Loss,"KPI from->to",102,0
Loss,"KPI from->to",104,0
Loss,"KPI from->to",106,0
Loss,"KPI from->to",108,0
Loss,"KPI from->to",110,0
Loss,"KPI from->to",112,0
Loss,"KPI from->to",114,0
Loss,"KPI from->to",116,0
Loss,"KPI from->to",118,0
Loss,"KPI from->to",120,0

Metric,"Pair Name",Timestamp,Value
"Delay (ms)","KPI from->to",2,5
"Delay (ms)","KPI from->to",4,2
"Delay (ms)","KPI from->to",6,1
"Delay (ms)","KPI from->to",8,1
"Delay (ms)","KPI from->to",10,1
"Delay (ms)","KPI from->to",12,5
"Delay (ms)","KPI from->to",14,37
"Delay (ms)","KPI from->to",16,38
"Delay (ms)","KPI from->to",18,40
"Delay (ms)","KPI from->to",20,28
"Delay (ms)","KPI from->to",22,5
"Delay (ms)","KPI from->to",24,5
"Delay (ms)","KPI from->to",26,3
"Delay (ms)","KPI from->to",28,2
"Delay (ms)","KPI from->to",30,1
"Delay (ms)","KPI from->to",32,1
"Delay (ms)","KPI from->to",34,1
"Delay (ms)","KPI from->to",36,2
"Delay (ms)","KPI from->to",38,3
"Delay (ms)","KPI from->to",40,1
"Delay (ms)","KPI from->to",42,1
"Delay (ms)","KPI from->to",44,24
"Delay (ms)","KPI from->to",46,36
"Delay (ms)","KPI from->to",48,9
"Delay (ms)","KPI from->to",50,1
"Delay (ms)","KPI from->to",52,2
"Delay (ms)","KPI from->to",54,1
"Delay (ms)","KPI from->to",56,1
"Delay (ms)","KPI from->to",58,2
"Delay (ms)","KPI from->to",60,2
"Delay (ms)","KPI from->to",62,2
"Delay (ms)","KPI from->to",64,2
"Delay (ms)","KPI from->to",66,1
"Delay (ms)","KPI from->to",68,1
"Delay (ms)","KPI from->to",70,3
"Delay (ms)","KPI from->to",72,1
"Delay (ms)","KPI from->to",74,1
"Delay (ms)","KPI from->to",76,5
"Delay (ms)","KPI from->to",78,39
"Delay (ms)","KPI from->to",80,27
"Delay (ms)","KPI from->to",82,25
"Delay (ms)","KPI from->to",84,34
"Delay (ms)","KPI from->to",86,9
"Delay (ms)","KPI from->to",88,5
"Delay (ms)","KPI from->to",90,5
"Delay (ms)","KPI from->to",92,6
"Delay (ms)","KPI from->to",94,5
"Delay (ms)","KPI from->to",96,5
"Delay (ms)","KPI from->to",98,5
"Delay (ms)","KPI from->to",100,6

Metric,"Pair Name",Timestamp,Value
"Max Delay Variation (ms)","KPI from->to",2,72
"Max Delay Variation (ms)","KPI from->to",4,10
"Max Delay Variation (ms)","KPI from->to",6,6
"Max Delay Variation (ms)","KPI from->to",8,2
"Max Delay Variation (ms)","KPI from->to",10,1
"Max Delay Variation (ms)","KPI from->to",12,106
"Max Delay Variation (ms)","KPI from->to",14,120
"Max Delay Variation (ms)","KPI from->to",16,116
"Max Delay Variation (ms)","KPI from->to",18,115
"Max Delay Variation (ms)","KPI from->to",20,115
"Max Delay Variation (ms)","KPI from->to",22,5
"Max Delay Variation (ms)","KPI from->to",24,43
"Max Delay Variation (ms)","KPI from->to",26,1
"Max Delay Variation (ms)","KPI from->to",28,16
"Max Delay Variation (ms)","KPI from->to",30,8
"Max Delay Variation (ms)","KPI from->to",32,11
"Max Delay Variation (ms)","KPI from->to",34,1
"Max Delay Variation (ms)","KPI from->to",36,37
"Max Delay Variation (ms)","KPI from->to",38,17
"Max Delay Variation (ms)","KPI from->to",40,3
"Max Delay Variation (ms)","KPI from->to",42,2
"Max Delay Variation (ms)","KPI from->to",44,123
"Max Delay Variation (ms)","KPI from->to",46,130
"Max Delay Variation (ms)","KPI from->to",48,116
"Max Delay Variation (ms)","KPI from->to",50,2
"Max Delay Variation (ms)","KPI from->to",52,10
"Max Delay Variation (ms)","KPI from->to",54,9
"Max Delay Variation (ms)","KPI from->to",56,1
"Max Delay Variation (ms)","KPI from->to",58,50
"Max Delay Variation (ms)","KPI from->to",60,9
"Max Delay Variation (ms)","KPI from->to",62,10
"Max Delay Variation (ms)","KPI from->to",64,3
"Max Delay Variation (ms)","KPI from->to",66,2
"Max Delay Variation (ms)","KPI from->to",68,5
"Max Delay Variation (ms)","KPI from->to",70,66
"Max Delay Variation (ms)","KPI from->to",72,1
"Max Delay Variation (ms)","KPI from->to",74,1
"Max Delay Variation (ms)","KPI from->to",76,112
"Max Delay Variation (ms)","KPI from->to",78,117
"Max Delay Variation (ms)","KPI from->to",80,116
"Max Delay Variation (ms)","KPI from->to",82,115
"Max Delay Variation (ms)","KPI from->to",84,114
"Max Delay Variation (ms)","KPI from->to",86,21
"Max Delay Variation (ms)","KPI from->to",88,12
"Max Delay Variation (ms)","KPI from->to",90,1
"Max Delay Variation (ms)","KPI from->to",92,20
"Max Delay Variation (ms)","KPI from->to",94,1
"Max Delay Variation (ms)","KPI from->to",96,1
"Max Delay Variation (ms)","KPI from->to",98,1
"Max Delay Variation (ms)","KPI from->to",100,6

Metric,"Pair Name",Timestamp,Value
"Max Delay Variation (ms)","KPI from->to",102,38
"Max Delay Variation (ms)","KPI from->to",104,14
"Max Delay Variation (ms)","KPI from->to",106,17
"Max Delay Variation (ms)","KPI from->to",108,13
"Max Delay Variation (ms)","KPI from->to",110,121
"Max Delay Variation (ms)","KPI from->to",112,123
"Max Delay Variation (ms)","KPI from->to",114,162
"Max Delay Variation (ms)","KPI from->to",116,6
"Max Delay Variation (ms)","KPI from->to",118,10
"Max Delay Variation (ms)","KPI from->to",120,1

Metric,"Pair Name",Timestamp,Value
MOS,"KPI from->to",102,4.37
MOS,"KPI from->to",104,4.37
MOS,"KPI from->to",106,4.37
MOS,"KPI from->to",108,4.37
MOS,"KPI from->to",110,3.48
MOS,"KPI from->to",112,1
MOS,"KPI from->to",114,1
MOS,"KPI from->to",116,4.37
MOS,"KPI from->to",118,4.37
MOS,"KPI from->to",120,4.37

Metric,"Pair Name",Timestamp,Value
"Delay (ms)","KPI from->to",102,5
"Delay (ms)","KPI from->to",104,2
"Delay (ms)","KPI from->to",106,2
"Delay (ms)","KPI from->to",108,3
"Delay (ms)","KPI from->to",110,7
"Delay (ms)","KPI from->to",112,39
"Delay (ms)","KPI from->to",114,35
"Delay (ms)","KPI from->to",116,3
"Delay (ms)","KPI from->to",118,3
"Delay (ms)","KPI from->to",120,1

Metric,"Pair Name",Timestamp,Value
"Jitter (ms)","KPI from->to",2,1
"Jitter (ms)","KPI from->to",4,2
"Jitter (ms)","KPI from->to",6,0
"Jitter (ms)","KPI from->to",8,0
"Jitter (ms)","KPI from->to",10,0
"Jitter (ms)","KPI from->to",12,10
"Jitter (ms)","KPI from->to",14,17
"Jitter (ms)","KPI from->to",16,20
"Jitter (ms)","KPI from->to",18,17
"Jitter (ms)","KPI from->to",20,4
"Jitter (ms)","KPI from->to",22,0
"Jitter (ms)","KPI from->to",24,1
"Jitter (ms)","KPI from->to",26,0
"Jitter (ms)","KPI from->to",28,2
"Jitter (ms)","KPI from->to",30,0
"Jitter (ms)","KPI from->to",32,0
"Jitter (ms)","KPI from->to",34,0
"Jitter (ms)","KPI from->to",36,3
"Jitter (ms)","KPI from->to",38,2
"Jitter (ms)","KPI from->to",40,0
"Jitter (ms)","KPI from->to",42,0
"Jitter (ms)","KPI from->to",44,22
"Jitter (ms)","KPI from->to",46,16
"Jitter (ms)","KPI from->to",48,0
"Jitter (ms)","KPI from->to",50,0
"Jitter (ms)","KPI from->to",52,1
"Jitter (ms)","KPI from->to",54,0
"Jitter (ms)","KPI from->to",56,0
"Jitter (ms)","KPI from->to",58,0
"Jitter (ms)","KPI from->to",60,2
"Jitter (ms)","KPI from->to",62,0
"Jitter (ms)","KPI from->to",64,0
"Jitter (ms)","KPI from->to",66,0
"Jitter (ms)","KPI from->to",68,1
"Jitter (ms)","KPI from->to",70,0
"Jitter (ms)","KPI from->to",72,0
"Jitter (ms)","KPI from->to",74,0
"Jitter (ms)","KPI from->to",76,11
"Jitter (ms)","KPI from->to",78,22
"Jitter (ms)","KPI from->to",80,5
"Jitter (ms)","KPI from->to",82,25
"Jitter (ms)","KPI from->to",84,17
"Jitter (ms)","KPI from->to",86,0
"Jitter (ms)","KPI from->to",88,1
"Jitter (ms)","KPI from->to",90,0
"Jitter (ms)","KPI from->to",92,1
"Jitter (ms)","KPI from->to",94,0
"Jitter (ms)","KPI from->to",96,0
"Jitter (ms)","KPI from->to",98,0
"Jitter (ms)","KPI from->to",100,0

Metric,"Pair Name",Timestamp,Value
MOS,"KPI from->to",2,3.48
MOS,"KPI from->to",4,4.37
MOS,"KPI from->to",6,4.37
MOS,"KPI from->to",8,4.37
MOS,"KPI from->to",10,4.37
MOS,"KPI from->to",12,3.5
MOS,"KPI from->to",14,1
MOS,"KPI from->to",16,1
MOS,"KPI from->to",18,1
MOS,"KPI from->to",20,1
MOS,"KPI from->to",22,4.37
MOS,"KPI from->to",24,3.5
MOS,"KPI from->to",26,4.37
MOS,"KPI from->to",28,4.37
MOS,"KPI from->to",30,4.37
MOS,"KPI from->to",32,4.37
MOS,"KPI from->to",34,4.37
MOS,"KPI from->to",36,4.37
MOS,"KPI from->to",38,4.37
MOS,"KPI from->to",40,4.37
MOS,"KPI from->to",42,4.37
MOS,"KPI from->to",44,1
MOS,"KPI from->to",46,1
MOS,"KPI from->to",48,2.46
MOS,"KPI from->to",50,4.37
MOS,"KPI from->to",52,4.37
MOS,"KPI from->to",54,4.37
MOS,"KPI from->to",56,4.37
MOS,"KPI from->to",58,3.5
MOS,"KPI from->to",60,4.37
MOS,"KPI from->to",62,4.37
MOS,"KPI from->to",64,4.37
MOS,"KPI from->to",66,4.37
MOS,"KPI from->to",68,4.37
MOS,"KPI from->to",70,3.5
MOS,"KPI from->to",72,4.37
MOS,"KPI from->to",74,4.37
MOS,"KPI from->to",76,3.49
MOS,"KPI from->to",78,1
MOS,"KPI from->to",80,1
MOS,"KPI from->to",82,1
MOS,"KPI from->to",84,1
MOS,"KPI from->to",86,3.51
MOS,"KPI from->to",88,4.37
MOS,"KPI from->to",90,4.37
MOS,"KPI from->to",92,3.48
MOS,"KPI from->to",94,4.37
MOS,"KPI from->to",96,4.37
MOS,"KPI from->to",98,4.37
MOS,"KPI from->to",100,4.37


