"Test Information",Value
"RUN ID",498
"END EXECUTION TIME","2021-05-14 14:55:43"
"SOURCE PROBE NAME",raspberrypi-AAS
"SOURCE PROBE TEST IP ADDRESS",raspberrypi-AAS
"SOURCE PROBE MANAGEMENT IP ADDRESS",raspberrypi-AAS
"SOURCE PROBE GROUP",Administrators
"DESTINATION PROBE NAME",raspberrypi-5G
"DESTINATION PROBE TEST IP ADDRESS",raspberrypi-5G
"DESTINATION PROBE MANAGEMENT IP ADDRESS",raspberrypi-5G
"DESTINATION PROBE GROUP",Administrators
"DESTINATION PROBE LOCATION",
"TEST MODULE",MESH
"TEST TYPE","Network KPI"
"TEST ADDITIONAL INFORMATION"," DSCP Setting: Best Effort"
"TEST DURATION",120
"TEST STATUS",Failed
"FAIL OR ERROR REASON"," Threshold failed on KPI from->to Jitter Max (ms) 
 Threshold failed on KPI from->to Max Delay Variation (ms) 
"

Metric,"Pair Name",Value,"Threshold Type",Threshold,"Status KPI"
"Datagrams Out of Order","KPI from->to",0.0,0,>=,Passed
"Delay (ms)","KPI from->to",13.93,0,<=,Passed
"Jitter (ms)","KPI from->to",2.13,0,<=,Passed
"Jitter Max (ms)","KPI from->to",8.0,0,<=,Failed
Loss,"KPI from->to",0.0,0,<=,Passed
"Max Delay Variation (ms)","KPI from->to",62.0,0,<=,Failed
"Max loss burst","KPI from->to",0.0,0,<=,Passed
MOS,"KPI from->to",3.8,1,<=,Passed

Metric,"Pair Name",Timestamp,Value
"Jitter (ms)","KPI from->to",2,1
"Jitter (ms)","KPI from->to",4,3
"Jitter (ms)","KPI from->to",6,1
"Jitter (ms)","KPI from->to",8,1
"Jitter (ms)","KPI from->to",10,5
"Jitter (ms)","KPI from->to",12,3
"Jitter (ms)","KPI from->to",14,2
"Jitter (ms)","KPI from->to",16,5
"Jitter (ms)","KPI from->to",18,2
"Jitter (ms)","KPI from->to",20,1
"Jitter (ms)","KPI from->to",22,6
"Jitter (ms)","KPI from->to",24,2
"Jitter (ms)","KPI from->to",26,1
"Jitter (ms)","KPI from->to",28,1
"Jitter (ms)","KPI from->to",30,3
"Jitter (ms)","KPI from->to",32,1
"Jitter (ms)","KPI from->to",34,1
"Jitter (ms)","KPI from->to",36,2
"Jitter (ms)","KPI from->to",38,2
"Jitter (ms)","KPI from->to",40,4
"Jitter (ms)","KPI from->to",42,1
"Jitter (ms)","KPI from->to",44,2
"Jitter (ms)","KPI from->to",46,2
"Jitter (ms)","KPI from->to",48,8
"Jitter (ms)","KPI from->to",50,6
"Jitter (ms)","KPI from->to",52,2
"Jitter (ms)","KPI from->to",54,4
"Jitter (ms)","KPI from->to",56,2
"Jitter (ms)","KPI from->to",58,3
"Jitter (ms)","KPI from->to",60,1
"Jitter (ms)","KPI from->to",62,0
"Jitter (ms)","KPI from->to",64,2
"Jitter (ms)","KPI from->to",66,1
"Jitter (ms)","KPI from->to",68,1
"Jitter (ms)","KPI from->to",70,2
"Jitter (ms)","KPI from->to",72,1
"Jitter (ms)","KPI from->to",74,1
"Jitter (ms)","KPI from->to",76,2
"Jitter (ms)","KPI from->to",78,2
"Jitter (ms)","KPI from->to",80,1
"Jitter (ms)","KPI from->to",82,2
"Jitter (ms)","KPI from->to",84,1
"Jitter (ms)","KPI from->to",86,1
"Jitter (ms)","KPI from->to",88,1
"Jitter (ms)","KPI from->to",90,1
"Jitter (ms)","KPI from->to",92,2
"Jitter (ms)","KPI from->to",94,1
"Jitter (ms)","KPI from->to",96,1
"Jitter (ms)","KPI from->to",98,4
"Jitter (ms)","KPI from->to",100,2

Metric,"Pair Name",Timestamp,Value
"Jitter (ms)","KPI from->to",102,2
"Jitter (ms)","KPI from->to",104,4
"Jitter (ms)","KPI from->to",106,5
"Jitter (ms)","KPI from->to",108,2
"Jitter (ms)","KPI from->to",110,1
"Jitter (ms)","KPI from->to",112,2
"Jitter (ms)","KPI from->to",114,3
"Jitter (ms)","KPI from->to",116,1
"Jitter (ms)","KPI from->to",118,1
"Jitter (ms)","KPI from->to",120,0

Metric,"Pair Name",Timestamp,Value
Loss,"KPI from->to",2,0
Loss,"KPI from->to",4,0
Loss,"KPI from->to",6,0
Loss,"KPI from->to",8,0
Loss,"KPI from->to",10,0
Loss,"KPI from->to",12,0
Loss,"KPI from->to",14,0
Loss,"KPI from->to",16,0
Loss,"KPI from->to",18,0
Loss,"KPI from->to",20,0
Loss,"KPI from->to",22,0
Loss,"KPI from->to",24,0
Loss,"KPI from->to",26,0
Loss,"KPI from->to",28,0
Loss,"KPI from->to",30,0
Loss,"KPI from->to",32,0
Loss,"KPI from->to",34,0
Loss,"KPI from->to",36,0
Loss,"KPI from->to",38,0
Loss,"KPI from->to",40,0
Loss,"KPI from->to",42,0
Loss,"KPI from->to",44,0
Loss,"KPI from->to",46,0
Loss,"KPI from->to",48,0
Loss,"KPI from->to",50,0
Loss,"KPI from->to",52,0
Loss,"KPI from->to",54,0
Loss,"KPI from->to",56,0
Loss,"KPI from->to",58,0
Loss,"KPI from->to",60,0
Loss,"KPI from->to",62,0
Loss,"KPI from->to",64,0
Loss,"KPI from->to",66,0
Loss,"KPI from->to",68,0
Loss,"KPI from->to",70,0
Loss,"KPI from->to",72,0
Loss,"KPI from->to",74,0
Loss,"KPI from->to",76,0
Loss,"KPI from->to",78,0
Loss,"KPI from->to",80,0
Loss,"KPI from->to",82,0
Loss,"KPI from->to",84,0
Loss,"KPI from->to",86,0
Loss,"KPI from->to",88,0
Loss,"KPI from->to",90,0
Loss,"KPI from->to",92,0
Loss,"KPI from->to",94,0
Loss,"KPI from->to",96,0
Loss,"KPI from->to",98,0
Loss,"KPI from->to",100,0

Metric,"Pair Name",Timestamp,Value
"Delay (ms)","KPI from->to",102,14
"Delay (ms)","KPI from->to",104,18
"Delay (ms)","KPI from->to",106,19
"Delay (ms)","KPI from->to",108,15
"Delay (ms)","KPI from->to",110,15
"Delay (ms)","KPI from->to",112,17
"Delay (ms)","KPI from->to",114,17
"Delay (ms)","KPI from->to",116,16
"Delay (ms)","KPI from->to",118,19
"Delay (ms)","KPI from->to",120,15

Metric,"Pair Name",Timestamp,Value
"Max Delay Variation (ms)","KPI from->to",2,40
"Max Delay Variation (ms)","KPI from->to",4,35
"Max Delay Variation (ms)","KPI from->to",6,16
"Max Delay Variation (ms)","KPI from->to",8,37
"Max Delay Variation (ms)","KPI from->to",10,41
"Max Delay Variation (ms)","KPI from->to",12,35
"Max Delay Variation (ms)","KPI from->to",14,7
"Max Delay Variation (ms)","KPI from->to",16,38
"Max Delay Variation (ms)","KPI from->to",18,16
"Max Delay Variation (ms)","KPI from->to",20,59
"Max Delay Variation (ms)","KPI from->to",22,46
"Max Delay Variation (ms)","KPI from->to",24,8
"Max Delay Variation (ms)","KPI from->to",26,13
"Max Delay Variation (ms)","KPI from->to",28,47
"Max Delay Variation (ms)","KPI from->to",30,43
"Max Delay Variation (ms)","KPI from->to",32,47
"Max Delay Variation (ms)","KPI from->to",34,7
"Max Delay Variation (ms)","KPI from->to",36,11
"Max Delay Variation (ms)","KPI from->to",38,43
"Max Delay Variation (ms)","KPI from->to",40,39
"Max Delay Variation (ms)","KPI from->to",42,9
"Max Delay Variation (ms)","KPI from->to",44,7
"Max Delay Variation (ms)","KPI from->to",46,40
"Max Delay Variation (ms)","KPI from->to",48,42
"Max Delay Variation (ms)","KPI from->to",50,58
"Max Delay Variation (ms)","KPI from->to",52,56
"Max Delay Variation (ms)","KPI from->to",54,42
"Max Delay Variation (ms)","KPI from->to",56,11
"Max Delay Variation (ms)","KPI from->to",58,42
"Max Delay Variation (ms)","KPI from->to",60,35
"Max Delay Variation (ms)","KPI from->to",62,42
"Max Delay Variation (ms)","KPI from->to",64,42
"Max Delay Variation (ms)","KPI from->to",66,15
"Max Delay Variation (ms)","KPI from->to",68,57
"Max Delay Variation (ms)","KPI from->to",70,7
"Max Delay Variation (ms)","KPI from->to",72,8
"Max Delay Variation (ms)","KPI from->to",74,42
"Max Delay Variation (ms)","KPI from->to",76,42
"Max Delay Variation (ms)","KPI from->to",78,9
"Max Delay Variation (ms)","KPI from->to",80,8
"Max Delay Variation (ms)","KPI from->to",82,52
"Max Delay Variation (ms)","KPI from->to",84,40
"Max Delay Variation (ms)","KPI from->to",86,42
"Max Delay Variation (ms)","KPI from->to",88,8
"Max Delay Variation (ms)","KPI from->to",90,7
"Max Delay Variation (ms)","KPI from->to",92,29
"Max Delay Variation (ms)","KPI from->to",94,39
"Max Delay Variation (ms)","KPI from->to",96,38
"Max Delay Variation (ms)","KPI from->to",98,42
"Max Delay Variation (ms)","KPI from->to",100,16

Metric,"Pair Name",Timestamp,Value
MOS,"KPI from->to",102,3.48
MOS,"KPI from->to",104,3.48
MOS,"KPI from->to",106,2.18
MOS,"KPI from->to",108,4.37
MOS,"KPI from->to",110,4.37
MOS,"KPI from->to",112,3.5
MOS,"KPI from->to",114,2.8
MOS,"KPI from->to",116,3.48
MOS,"KPI from->to",118,2.79
MOS,"KPI from->to",120,4.37

Metric,"Pair Name",Timestamp,Value
"Delay (ms)","KPI from->to",2,15
"Delay (ms)","KPI from->to",4,14
"Delay (ms)","KPI from->to",6,14
"Delay (ms)","KPI from->to",8,15
"Delay (ms)","KPI from->to",10,15
"Delay (ms)","KPI from->to",12,14
"Delay (ms)","KPI from->to",14,13
"Delay (ms)","KPI from->to",16,15
"Delay (ms)","KPI from->to",18,14
"Delay (ms)","KPI from->to",20,15
"Delay (ms)","KPI from->to",22,15
"Delay (ms)","KPI from->to",24,13
"Delay (ms)","KPI from->to",26,14
"Delay (ms)","KPI from->to",28,14
"Delay (ms)","KPI from->to",30,14
"Delay (ms)","KPI from->to",32,14
"Delay (ms)","KPI from->to",34,13
"Delay (ms)","KPI from->to",36,11
"Delay (ms)","KPI from->to",38,12
"Delay (ms)","KPI from->to",40,12
"Delay (ms)","KPI from->to",42,12
"Delay (ms)","KPI from->to",44,11
"Delay (ms)","KPI from->to",46,12
"Delay (ms)","KPI from->to",48,13
"Delay (ms)","KPI from->to",50,14
"Delay (ms)","KPI from->to",52,14
"Delay (ms)","KPI from->to",54,14
"Delay (ms)","KPI from->to",56,12
"Delay (ms)","KPI from->to",58,13
"Delay (ms)","KPI from->to",60,13
"Delay (ms)","KPI from->to",62,13
"Delay (ms)","KPI from->to",64,13
"Delay (ms)","KPI from->to",66,12
"Delay (ms)","KPI from->to",68,15
"Delay (ms)","KPI from->to",70,12
"Delay (ms)","KPI from->to",72,12
"Delay (ms)","KPI from->to",74,15
"Delay (ms)","KPI from->to",76,14
"Delay (ms)","KPI from->to",78,12
"Delay (ms)","KPI from->to",80,11
"Delay (ms)","KPI from->to",82,15
"Delay (ms)","KPI from->to",84,12
"Delay (ms)","KPI from->to",86,13
"Delay (ms)","KPI from->to",88,13
"Delay (ms)","KPI from->to",90,13
"Delay (ms)","KPI from->to",92,14
"Delay (ms)","KPI from->to",94,15
"Delay (ms)","KPI from->to",96,14
"Delay (ms)","KPI from->to",98,15
"Delay (ms)","KPI from->to",100,14

Metric,"Pair Name",Timestamp,Value
Loss,"KPI from->to",102,0
Loss,"KPI from->to",104,0
Loss,"KPI from->to",106,0
Loss,"KPI from->to",108,0
Loss,"KPI from->to",110,0
Loss,"KPI from->to",112,0
Loss,"KPI from->to",114,0
Loss,"KPI from->to",116,0
Loss,"KPI from->to",118,0
Loss,"KPI from->to",120,0

Metric,"Pair Name",Timestamp,Value
"Max Delay Variation (ms)","KPI from->to",102,43
"Max Delay Variation (ms)","KPI from->to",104,62
"Max Delay Variation (ms)","KPI from->to",106,42
"Max Delay Variation (ms)","KPI from->to",108,10
"Max Delay Variation (ms)","KPI from->to",110,13
"Max Delay Variation (ms)","KPI from->to",112,41
"Max Delay Variation (ms)","KPI from->to",114,46
"Max Delay Variation (ms)","KPI from->to",116,42
"Max Delay Variation (ms)","KPI from->to",118,47
"Max Delay Variation (ms)","KPI from->to",120,8

Metric,"Pair Name",Timestamp,Value
MOS,"KPI from->to",2,4.37
MOS,"KPI from->to",4,4.37
MOS,"KPI from->to",6,4.37
MOS,"KPI from->to",8,4.37
MOS,"KPI from->to",10,3.48
MOS,"KPI from->to",12,4.37
MOS,"KPI from->to",14,4.37
MOS,"KPI from->to",16,4.37
MOS,"KPI from->to",18,4.37
MOS,"KPI from->to",20,3.47
MOS,"KPI from->to",22,3.48
MOS,"KPI from->to",24,4.37
MOS,"KPI from->to",26,4.37
MOS,"KPI from->to",28,3.48
MOS,"KPI from->to",30,3.48
MOS,"KPI from->to",32,3.48
MOS,"KPI from->to",34,4.37
MOS,"KPI from->to",36,4.37
MOS,"KPI from->to",38,3.49
MOS,"KPI from->to",40,4.37
MOS,"KPI from->to",42,4.37
MOS,"KPI from->to",44,4.37
MOS,"KPI from->to",46,4.37
MOS,"KPI from->to",48,2.8
MOS,"KPI from->to",50,2.43
MOS,"KPI from->to",52,2.8
MOS,"KPI from->to",54,2.8
MOS,"KPI from->to",56,4.37
MOS,"KPI from->to",58,2.81
MOS,"KPI from->to",60,4.37
MOS,"KPI from->to",62,3.48
MOS,"KPI from->to",64,3.49
MOS,"KPI from->to",66,4.37
MOS,"KPI from->to",68,2.42
MOS,"KPI from->to",70,4.37
MOS,"KPI from->to",72,4.37
MOS,"KPI from->to",74,2.82
MOS,"KPI from->to",76,2.8
MOS,"KPI from->to",78,4.37
MOS,"KPI from->to",80,4.37
MOS,"KPI from->to",82,2.8
MOS,"KPI from->to",84,4.37
MOS,"KPI from->to",86,3.48
MOS,"KPI from->to",88,4.37
MOS,"KPI from->to",90,4.37
MOS,"KPI from->to",92,4.37
MOS,"KPI from->to",94,4.37
MOS,"KPI from->to",96,4.37
MOS,"KPI from->to",98,2.79
MOS,"KPI from->to",100,4.37


