"Test Information",Value
"RUN ID",498
"END EXECUTION TIME","2021-05-14 14:29:05"
"SOURCE PROBE NAME",raspberrypi-5G
"SOURCE PROBE TEST IP ADDRESS",raspberrypi-5G
"SOURCE PROBE MANAGEMENT IP ADDRESS",raspberrypi-5G
"SOURCE PROBE GROUP",Administrators
"DESTINATION PROBE NAME",raspberrypi-AAS
"DESTINATION PROBE TEST IP ADDRESS",raspberrypi-AAS
"DESTINATION PROBE MANAGEMENT IP ADDRESS",raspberrypi-AAS
"DESTINATION PROBE GROUP",Administrators
"DESTINATION PROBE LOCATION",
"TEST MODULE",MESH
"TEST TYPE","Network KPI"
"TEST ADDITIONAL INFORMATION"," DSCP Setting: Best Effort"
"TEST DURATION",120
"TEST STATUS",Passed
"FAIL OR ERROR REASON",

Metric,"Pair Name",Value,"Threshold Type",Threshold,"Status KPI"
"Datagrams Out of Order","KPI from->to",0.0,0,>=,Passed
"Delay (ms)","KPI from->to",16.5,0,<=,Passed
"Jitter (ms)","KPI from->to",0.4,0,<=,Passed
"Jitter Max (ms)","KPI from->to",2.0,0,<=,Passed
Loss,"KPI from->to",0.0,0,<=,Passed
"Max Delay Variation (ms)","KPI from->to",18.0,0,<=,Passed
"Max loss burst","KPI from->to",0.0,0,<=,Passed
MOS,"KPI from->to",4.37,1,<=,Passed

Metric,"Pair Name",Timestamp,Value
"Delay (ms)","KPI from->to",102,15
"Delay (ms)","KPI from->to",104,15
"Delay (ms)","KPI from->to",106,15
"Delay (ms)","KPI from->to",108,15
"Delay (ms)","KPI from->to",110,16
"Delay (ms)","KPI from->to",112,18
"Delay (ms)","KPI from->to",114,18
"Delay (ms)","KPI from->to",116,18
"Delay (ms)","KPI from->to",118,18
"Delay (ms)","KPI from->to",120,19

Metric,"Pair Name",Timestamp,Value
Loss,"KPI from->to",2,0
Loss,"KPI from->to",4,0
Loss,"KPI from->to",6,0
Loss,"KPI from->to",8,0
Loss,"KPI from->to",10,0
Loss,"KPI from->to",12,0
Loss,"KPI from->to",14,0
Loss,"KPI from->to",16,0
Loss,"KPI from->to",18,0
Loss,"KPI from->to",20,0
Loss,"KPI from->to",22,0
Loss,"KPI from->to",24,0
Loss,"KPI from->to",26,0
Loss,"KPI from->to",28,0
Loss,"KPI from->to",30,0
Loss,"KPI from->to",32,0
Loss,"KPI from->to",34,0
Loss,"KPI from->to",36,0
Loss,"KPI from->to",38,0
Loss,"KPI from->to",40,0
Loss,"KPI from->to",42,0
Loss,"KPI from->to",44,0
Loss,"KPI from->to",46,0
Loss,"KPI from->to",48,0
Loss,"KPI from->to",50,0
Loss,"KPI from->to",52,0
Loss,"KPI from->to",54,0
Loss,"KPI from->to",56,0
Loss,"KPI from->to",58,0
Loss,"KPI from->to",60,0
Loss,"KPI from->to",62,0
Loss,"KPI from->to",64,0
Loss,"KPI from->to",66,0
Loss,"KPI from->to",68,0
Loss,"KPI from->to",70,0
Loss,"KPI from->to",72,0
Loss,"KPI from->to",74,0
Loss,"KPI from->to",76,0
Loss,"KPI from->to",78,0
Loss,"KPI from->to",80,0
Loss,"KPI from->to",82,0
Loss,"KPI from->to",84,0
Loss,"KPI from->to",86,0
Loss,"KPI from->to",88,0
Loss,"KPI from->to",90,0
Loss,"KPI from->to",92,0
Loss,"KPI from->to",94,0
Loss,"KPI from->to",96,0
Loss,"KPI from->to",98,0
Loss,"KPI from->to",100,0

Metric,"Pair Name",Timestamp,Value
"Delay (ms)","KPI from->to",2,18
"Delay (ms)","KPI from->to",4,16
"Delay (ms)","KPI from->to",6,17
"Delay (ms)","KPI from->to",8,17
"Delay (ms)","KPI from->to",10,18
"Delay (ms)","KPI from->to",12,17
"Delay (ms)","KPI from->to",14,14
"Delay (ms)","KPI from->to",16,15
"Delay (ms)","KPI from->to",18,15
"Delay (ms)","KPI from->to",20,15
"Delay (ms)","KPI from->to",22,16
"Delay (ms)","KPI from->to",24,18
"Delay (ms)","KPI from->to",26,18
"Delay (ms)","KPI from->to",28,18
"Delay (ms)","KPI from->to",30,18
"Delay (ms)","KPI from->to",32,19
"Delay (ms)","KPI from->to",34,15
"Delay (ms)","KPI from->to",36,14
"Delay (ms)","KPI from->to",38,14
"Delay (ms)","KPI from->to",40,14
"Delay (ms)","KPI from->to",42,14
"Delay (ms)","KPI from->to",44,15
"Delay (ms)","KPI from->to",46,17
"Delay (ms)","KPI from->to",48,17
"Delay (ms)","KPI from->to",50,18
"Delay (ms)","KPI from->to",52,18
"Delay (ms)","KPI from->to",54,19
"Delay (ms)","KPI from->to",56,17
"Delay (ms)","KPI from->to",58,16
"Delay (ms)","KPI from->to",60,17
"Delay (ms)","KPI from->to",62,17
"Delay (ms)","KPI from->to",64,17
"Delay (ms)","KPI from->to",66,17
"Delay (ms)","KPI from->to",68,15
"Delay (ms)","KPI from->to",70,15
"Delay (ms)","KPI from->to",72,16
"Delay (ms)","KPI from->to",74,16
"Delay (ms)","KPI from->to",76,16
"Delay (ms)","KPI from->to",78,15
"Delay (ms)","KPI from->to",80,15
"Delay (ms)","KPI from->to",82,15
"Delay (ms)","KPI from->to",84,16
"Delay (ms)","KPI from->to",86,16
"Delay (ms)","KPI from->to",88,16
"Delay (ms)","KPI from->to",90,18
"Delay (ms)","KPI from->to",92,18
"Delay (ms)","KPI from->to",94,18
"Delay (ms)","KPI from->to",96,18
"Delay (ms)","KPI from->to",98,19
"Delay (ms)","KPI from->to",100,16

Metric,"Pair Name",Timestamp,Value
"Jitter (ms)","KPI from->to",102,1
"Jitter (ms)","KPI from->to",104,0
"Jitter (ms)","KPI from->to",106,1
"Jitter (ms)","KPI from->to",108,1
"Jitter (ms)","KPI from->to",110,1
"Jitter (ms)","KPI from->to",112,1
"Jitter (ms)","KPI from->to",114,2
"Jitter (ms)","KPI from->to",116,1
"Jitter (ms)","KPI from->to",118,1
"Jitter (ms)","KPI from->to",120,1

Metric,"Pair Name",Timestamp,Value
"Max Delay Variation (ms)","KPI from->to",2,6
"Max Delay Variation (ms)","KPI from->to",4,5
"Max Delay Variation (ms)","KPI from->to",6,10
"Max Delay Variation (ms)","KPI from->to",8,5
"Max Delay Variation (ms)","KPI from->to",10,9
"Max Delay Variation (ms)","KPI from->to",12,14
"Max Delay Variation (ms)","KPI from->to",14,17
"Max Delay Variation (ms)","KPI from->to",16,6
"Max Delay Variation (ms)","KPI from->to",18,18
"Max Delay Variation (ms)","KPI from->to",20,5
"Max Delay Variation (ms)","KPI from->to",22,11
"Max Delay Variation (ms)","KPI from->to",24,7
"Max Delay Variation (ms)","KPI from->to",26,7
"Max Delay Variation (ms)","KPI from->to",28,14
"Max Delay Variation (ms)","KPI from->to",30,14
"Max Delay Variation (ms)","KPI from->to",32,8
"Max Delay Variation (ms)","KPI from->to",34,14
"Max Delay Variation (ms)","KPI from->to",36,4
"Max Delay Variation (ms)","KPI from->to",38,9
"Max Delay Variation (ms)","KPI from->to",40,16
"Max Delay Variation (ms)","KPI from->to",42,3
"Max Delay Variation (ms)","KPI from->to",44,3
"Max Delay Variation (ms)","KPI from->to",46,3
"Max Delay Variation (ms)","KPI from->to",48,3
"Max Delay Variation (ms)","KPI from->to",50,3
"Max Delay Variation (ms)","KPI from->to",52,3
"Max Delay Variation (ms)","KPI from->to",54,3
"Max Delay Variation (ms)","KPI from->to",56,4
"Max Delay Variation (ms)","KPI from->to",58,4
"Max Delay Variation (ms)","KPI from->to",60,4
"Max Delay Variation (ms)","KPI from->to",62,3
"Max Delay Variation (ms)","KPI from->to",64,3
"Max Delay Variation (ms)","KPI from->to",66,5
"Max Delay Variation (ms)","KPI from->to",68,3
"Max Delay Variation (ms)","KPI from->to",70,4
"Max Delay Variation (ms)","KPI from->to",72,3
"Max Delay Variation (ms)","KPI from->to",74,3
"Max Delay Variation (ms)","KPI from->to",76,3
"Max Delay Variation (ms)","KPI from->to",78,4
"Max Delay Variation (ms)","KPI from->to",80,4
"Max Delay Variation (ms)","KPI from->to",82,3
"Max Delay Variation (ms)","KPI from->to",84,5
"Max Delay Variation (ms)","KPI from->to",86,3
"Max Delay Variation (ms)","KPI from->to",88,3
"Max Delay Variation (ms)","KPI from->to",90,7
"Max Delay Variation (ms)","KPI from->to",92,14
"Max Delay Variation (ms)","KPI from->to",94,8
"Max Delay Variation (ms)","KPI from->to",96,9
"Max Delay Variation (ms)","KPI from->to",98,6
"Max Delay Variation (ms)","KPI from->to",100,16

Metric,"Pair Name",Timestamp,Value
MOS,"KPI from->to",102,4.37
MOS,"KPI from->to",104,4.37
MOS,"KPI from->to",106,4.37
MOS,"KPI from->to",108,4.37
MOS,"KPI from->to",110,4.37
MOS,"KPI from->to",112,4.36
MOS,"KPI from->to",114,4.36
MOS,"KPI from->to",116,4.36
MOS,"KPI from->to",118,4.36
MOS,"KPI from->to",120,4.36

Metric,"Pair Name",Timestamp,Value
"Jitter (ms)","KPI from->to",2,0
"Jitter (ms)","KPI from->to",4,0
"Jitter (ms)","KPI from->to",6,1
"Jitter (ms)","KPI from->to",8,0
"Jitter (ms)","KPI from->to",10,1
"Jitter (ms)","KPI from->to",12,1
"Jitter (ms)","KPI from->to",14,1
"Jitter (ms)","KPI from->to",16,0
"Jitter (ms)","KPI from->to",18,1
"Jitter (ms)","KPI from->to",20,0
"Jitter (ms)","KPI from->to",22,0
"Jitter (ms)","KPI from->to",24,1
"Jitter (ms)","KPI from->to",26,0
"Jitter (ms)","KPI from->to",28,0
"Jitter (ms)","KPI from->to",30,1
"Jitter (ms)","KPI from->to",32,1
"Jitter (ms)","KPI from->to",34,1
"Jitter (ms)","KPI from->to",36,1
"Jitter (ms)","KPI from->to",38,1
"Jitter (ms)","KPI from->to",40,0
"Jitter (ms)","KPI from->to",42,0
"Jitter (ms)","KPI from->to",44,0
"Jitter (ms)","KPI from->to",46,0
"Jitter (ms)","KPI from->to",48,0
"Jitter (ms)","KPI from->to",50,0
"Jitter (ms)","KPI from->to",52,0
"Jitter (ms)","KPI from->to",54,0
"Jitter (ms)","KPI from->to",56,0
"Jitter (ms)","KPI from->to",58,0
"Jitter (ms)","KPI from->to",60,0
"Jitter (ms)","KPI from->to",62,0
"Jitter (ms)","KPI from->to",64,0
"Jitter (ms)","KPI from->to",66,0
"Jitter (ms)","KPI from->to",68,0
"Jitter (ms)","KPI from->to",70,0
"Jitter (ms)","KPI from->to",72,0
"Jitter (ms)","KPI from->to",74,0
"Jitter (ms)","KPI from->to",76,0
"Jitter (ms)","KPI from->to",78,0
"Jitter (ms)","KPI from->to",80,0
"Jitter (ms)","KPI from->to",82,0
"Jitter (ms)","KPI from->to",84,0
"Jitter (ms)","KPI from->to",86,0
"Jitter (ms)","KPI from->to",88,0
"Jitter (ms)","KPI from->to",90,0
"Jitter (ms)","KPI from->to",92,0
"Jitter (ms)","KPI from->to",94,1
"Jitter (ms)","KPI from->to",96,1
"Jitter (ms)","KPI from->to",98,0
"Jitter (ms)","KPI from->to",100,1

Metric,"Pair Name",Timestamp,Value
Loss,"KPI from->to",102,0
Loss,"KPI from->to",104,0
Loss,"KPI from->to",106,0
Loss,"KPI from->to",108,0
Loss,"KPI from->to",110,0
Loss,"KPI from->to",112,0
Loss,"KPI from->to",114,0
Loss,"KPI from->to",116,0
Loss,"KPI from->to",118,0
Loss,"KPI from->to",120,0

Metric,"Pair Name",Timestamp,Value
"Max Delay Variation (ms)","KPI from->to",102,7
"Max Delay Variation (ms)","KPI from->to",104,10
"Max Delay Variation (ms)","KPI from->to",106,5
"Max Delay Variation (ms)","KPI from->to",108,15
"Max Delay Variation (ms)","KPI from->to",110,13
"Max Delay Variation (ms)","KPI from->to",112,11
"Max Delay Variation (ms)","KPI from->to",114,16
"Max Delay Variation (ms)","KPI from->to",116,13
"Max Delay Variation (ms)","KPI from->to",118,10
"Max Delay Variation (ms)","KPI from->to",120,13

Metric,"Pair Name",Timestamp,Value
MOS,"KPI from->to",2,4.36
MOS,"KPI from->to",4,4.37
MOS,"KPI from->to",6,4.37
MOS,"KPI from->to",8,4.37
MOS,"KPI from->to",10,4.36
MOS,"KPI from->to",12,4.37
MOS,"KPI from->to",14,4.37
MOS,"KPI from->to",16,4.37
MOS,"KPI from->to",18,4.37
MOS,"KPI from->to",20,4.37
MOS,"KPI from->to",22,4.37
MOS,"KPI from->to",24,4.36
MOS,"KPI from->to",26,4.36
MOS,"KPI from->to",28,4.36
MOS,"KPI from->to",30,4.36
MOS,"KPI from->to",32,4.36
MOS,"KPI from->to",34,4.37
MOS,"KPI from->to",36,4.37
MOS,"KPI from->to",38,4.37
MOS,"KPI from->to",40,4.37
MOS,"KPI from->to",42,4.37
MOS,"KPI from->to",44,4.37
MOS,"KPI from->to",46,4.37
MOS,"KPI from->to",48,4.37
MOS,"KPI from->to",50,4.36
MOS,"KPI from->to",52,4.36
MOS,"KPI from->to",54,4.36
MOS,"KPI from->to",56,4.37
MOS,"KPI from->to",58,4.37
MOS,"KPI from->to",60,4.37
MOS,"KPI from->to",62,4.37
MOS,"KPI from->to",64,4.37
MOS,"KPI from->to",66,4.37
MOS,"KPI from->to",68,4.37
MOS,"KPI from->to",70,4.37
MOS,"KPI from->to",72,4.37
MOS,"KPI from->to",74,4.37
MOS,"KPI from->to",76,4.37
MOS,"KPI from->to",78,4.37
MOS,"KPI from->to",80,4.37
MOS,"KPI from->to",82,4.37
MOS,"KPI from->to",84,4.37
MOS,"KPI from->to",86,4.37
MOS,"KPI from->to",88,4.37
MOS,"KPI from->to",90,4.36
MOS,"KPI from->to",92,4.36
MOS,"KPI from->to",94,4.36
MOS,"KPI from->to",96,4.36
MOS,"KPI from->to",98,4.36
MOS,"KPI from->to",100,4.37


