"Test Information",Value
"RUN ID",498
"END EXECUTION TIME","2021-05-14 14:17:54"
"SOURCE PROBE NAME",raspberrypi-AAS
"SOURCE PROBE TEST IP ADDRESS",raspberrypi-AAS
"SOURCE PROBE MANAGEMENT IP ADDRESS",raspberrypi-AAS
"SOURCE PROBE GROUP",Administrators
"DESTINATION PROBE NAME",raspberrypi-5G
"DESTINATION PROBE TEST IP ADDRESS",raspberrypi-5G
"DESTINATION PROBE MANAGEMENT IP ADDRESS",raspberrypi-5G
"DESTINATION PROBE GROUP",Administrators
"DESTINATION PROBE LOCATION",
"TEST MODULE",MESH
"TEST TYPE","Network KPI"
"TEST ADDITIONAL INFORMATION"," DSCP Setting: Best Effort"
"TEST DURATION",120
"TEST STATUS",Failed
"FAIL OR ERROR REASON"," Threshold failed on KPI from->to Jitter Max (ms) 
 Threshold failed on KPI from->to Max Delay Variation (ms) 
"

Metric,"Pair Name",Value,"Threshold Type",Threshold,"Status KPI"
"Datagrams Out of Order","KPI from->to",0.0,0,>=,Passed
"Delay (ms)","KPI from->to",13.82,0,<=,Passed
"Jitter (ms)","KPI from->to",1.65,0,<=,Passed
"Jitter Max (ms)","KPI from->to",7.0,0,<=,Failed
Loss,"KPI from->to",0.0,0,<=,Passed
"Max Delay Variation (ms)","KPI from->to",94.0,0,<=,Failed
"Max loss burst","KPI from->to",0.0,0,<=,Passed
MOS,"KPI from->to",3.74,1,<=,Passed

Metric,"Pair Name",Timestamp,Value
MOS,"KPI from->to",2,4.37
MOS,"KPI from->to",4,3.48
MOS,"KPI from->to",6,4.37
MOS,"KPI from->to",8,2.79
MOS,"KPI from->to",10,3.48
MOS,"KPI from->to",12,3.49
MOS,"KPI from->to",14,3.47
MOS,"KPI from->to",16,3.48
MOS,"KPI from->to",18,4.37
MOS,"KPI from->to",20,3.47
MOS,"KPI from->to",22,3.48
MOS,"KPI from->to",24,4.37
MOS,"KPI from->to",26,2.8
MOS,"KPI from->to",28,4.37
MOS,"KPI from->to",30,2.42
MOS,"KPI from->to",32,4.37
MOS,"KPI from->to",34,4.37
MOS,"KPI from->to",36,3.48
MOS,"KPI from->to",38,4.37
MOS,"KPI from->to",40,4.37
MOS,"KPI from->to",42,4.37
MOS,"KPI from->to",44,3.47
MOS,"KPI from->to",46,2.81
MOS,"KPI from->to",48,4.37
MOS,"KPI from->to",50,3.48
MOS,"KPI from->to",52,3.48
MOS,"KPI from->to",54,3.48
MOS,"KPI from->to",56,3.48
MOS,"KPI from->to",58,2.8
MOS,"KPI from->to",60,3.48
MOS,"KPI from->to",62,3.47
MOS,"KPI from->to",64,2.79
MOS,"KPI from->to",66,4.37
MOS,"KPI from->to",68,3.48
MOS,"KPI from->to",70,3.49
MOS,"KPI from->to",72,3.48
MOS,"KPI from->to",74,4.37
MOS,"KPI from->to",76,4.37
MOS,"KPI from->to",78,3.49
MOS,"KPI from->to",80,4.37
MOS,"KPI from->to",82,4.37
MOS,"KPI from->to",84,3.49
MOS,"KPI from->to",86,4.37
MOS,"KPI from->to",88,3.49
MOS,"KPI from->to",90,3.48
MOS,"KPI from->to",92,3.47
MOS,"KPI from->to",94,4.37
MOS,"KPI from->to",96,3.48
MOS,"KPI from->to",98,2.8
MOS,"KPI from->to",100,4.37

Metric,"Pair Name",Timestamp,Value
"Max Delay Variation (ms)","KPI from->to",102,8
"Max Delay Variation (ms)","KPI from->to",104,6
"Max Delay Variation (ms)","KPI from->to",106,41
"Max Delay Variation (ms)","KPI from->to",108,8
"Max Delay Variation (ms)","KPI from->to",110,41
"Max Delay Variation (ms)","KPI from->to",112,41
"Max Delay Variation (ms)","KPI from->to",114,37
"Max Delay Variation (ms)","KPI from->to",116,42
"Max Delay Variation (ms)","KPI from->to",118,11
"Max Delay Variation (ms)","KPI from->to",120,42

Metric,"Pair Name",Timestamp,Value
"Jitter (ms)","KPI from->to",102,1
"Jitter (ms)","KPI from->to",104,0
"Jitter (ms)","KPI from->to",106,2
"Jitter (ms)","KPI from->to",108,1
"Jitter (ms)","KPI from->to",110,1
"Jitter (ms)","KPI from->to",112,5
"Jitter (ms)","KPI from->to",114,1
"Jitter (ms)","KPI from->to",116,2
"Jitter (ms)","KPI from->to",118,0
"Jitter (ms)","KPI from->to",120,1

Metric,"Pair Name",Timestamp,Value
Loss,"KPI from->to",102,0
Loss,"KPI from->to",104,0
Loss,"KPI from->to",106,0
Loss,"KPI from->to",108,0
Loss,"KPI from->to",110,0
Loss,"KPI from->to",112,0
Loss,"KPI from->to",114,0
Loss,"KPI from->to",116,0
Loss,"KPI from->to",118,0
Loss,"KPI from->to",120,0

Metric,"Pair Name",Timestamp,Value
"Jitter (ms)","KPI from->to",2,3
"Jitter (ms)","KPI from->to",4,1
"Jitter (ms)","KPI from->to",6,1
"Jitter (ms)","KPI from->to",8,0
"Jitter (ms)","KPI from->to",10,1
"Jitter (ms)","KPI from->to",12,2
"Jitter (ms)","KPI from->to",14,2
"Jitter (ms)","KPI from->to",16,1
"Jitter (ms)","KPI from->to",18,1
"Jitter (ms)","KPI from->to",20,2
"Jitter (ms)","KPI from->to",22,1
"Jitter (ms)","KPI from->to",24,2
"Jitter (ms)","KPI from->to",26,1
"Jitter (ms)","KPI from->to",28,1
"Jitter (ms)","KPI from->to",30,3
"Jitter (ms)","KPI from->to",32,2
"Jitter (ms)","KPI from->to",34,1
"Jitter (ms)","KPI from->to",36,4
"Jitter (ms)","KPI from->to",38,0
"Jitter (ms)","KPI from->to",40,0
"Jitter (ms)","KPI from->to",42,2
"Jitter (ms)","KPI from->to",44,2
"Jitter (ms)","KPI from->to",46,1
"Jitter (ms)","KPI from->to",48,1
"Jitter (ms)","KPI from->to",50,2
"Jitter (ms)","KPI from->to",52,1
"Jitter (ms)","KPI from->to",54,2
"Jitter (ms)","KPI from->to",56,1
"Jitter (ms)","KPI from->to",58,1
"Jitter (ms)","KPI from->to",60,1
"Jitter (ms)","KPI from->to",62,3
"Jitter (ms)","KPI from->to",64,7
"Jitter (ms)","KPI from->to",66,4
"Jitter (ms)","KPI from->to",68,1
"Jitter (ms)","KPI from->to",70,1
"Jitter (ms)","KPI from->to",72,3
"Jitter (ms)","KPI from->to",74,1
"Jitter (ms)","KPI from->to",76,0
"Jitter (ms)","KPI from->to",78,1
"Jitter (ms)","KPI from->to",80,3
"Jitter (ms)","KPI from->to",82,1
"Jitter (ms)","KPI from->to",84,3
"Jitter (ms)","KPI from->to",86,1
"Jitter (ms)","KPI from->to",88,2
"Jitter (ms)","KPI from->to",90,1
"Jitter (ms)","KPI from->to",92,3
"Jitter (ms)","KPI from->to",94,1
"Jitter (ms)","KPI from->to",96,0
"Jitter (ms)","KPI from->to",98,5
"Jitter (ms)","KPI from->to",100,1

Metric,"Pair Name",Timestamp,Value
"Max Delay Variation (ms)","KPI from->to",2,36
"Max Delay Variation (ms)","KPI from->to",4,42
"Max Delay Variation (ms)","KPI from->to",6,8
"Max Delay Variation (ms)","KPI from->to",8,42
"Max Delay Variation (ms)","KPI from->to",10,41
"Max Delay Variation (ms)","KPI from->to",12,46
"Max Delay Variation (ms)","KPI from->to",14,43
"Max Delay Variation (ms)","KPI from->to",16,41
"Max Delay Variation (ms)","KPI from->to",18,6
"Max Delay Variation (ms)","KPI from->to",20,42
"Max Delay Variation (ms)","KPI from->to",22,46
"Max Delay Variation (ms)","KPI from->to",24,7
"Max Delay Variation (ms)","KPI from->to",26,43
"Max Delay Variation (ms)","KPI from->to",28,9
"Max Delay Variation (ms)","KPI from->to",30,41
"Max Delay Variation (ms)","KPI from->to",32,40
"Max Delay Variation (ms)","KPI from->to",34,35
"Max Delay Variation (ms)","KPI from->to",36,43
"Max Delay Variation (ms)","KPI from->to",38,6
"Max Delay Variation (ms)","KPI from->to",40,6
"Max Delay Variation (ms)","KPI from->to",42,7
"Max Delay Variation (ms)","KPI from->to",44,42
"Max Delay Variation (ms)","KPI from->to",46,42
"Max Delay Variation (ms)","KPI from->to",48,8
"Max Delay Variation (ms)","KPI from->to",50,42
"Max Delay Variation (ms)","KPI from->to",52,41
"Max Delay Variation (ms)","KPI from->to",54,41
"Max Delay Variation (ms)","KPI from->to",56,42
"Max Delay Variation (ms)","KPI from->to",58,94
"Max Delay Variation (ms)","KPI from->to",60,42
"Max Delay Variation (ms)","KPI from->to",62,55
"Max Delay Variation (ms)","KPI from->to",64,45
"Max Delay Variation (ms)","KPI from->to",66,37
"Max Delay Variation (ms)","KPI from->to",68,41
"Max Delay Variation (ms)","KPI from->to",70,42
"Max Delay Variation (ms)","KPI from->to",72,55
"Max Delay Variation (ms)","KPI from->to",74,40
"Max Delay Variation (ms)","KPI from->to",76,9
"Max Delay Variation (ms)","KPI from->to",78,42
"Max Delay Variation (ms)","KPI from->to",80,40
"Max Delay Variation (ms)","KPI from->to",82,9
"Max Delay Variation (ms)","KPI from->to",84,41
"Max Delay Variation (ms)","KPI from->to",86,7
"Max Delay Variation (ms)","KPI from->to",88,42
"Max Delay Variation (ms)","KPI from->to",90,41
"Max Delay Variation (ms)","KPI from->to",92,47
"Max Delay Variation (ms)","KPI from->to",94,7
"Max Delay Variation (ms)","KPI from->to",96,45
"Max Delay Variation (ms)","KPI from->to",98,42
"Max Delay Variation (ms)","KPI from->to",100,10

Metric,"Pair Name",Timestamp,Value
MOS,"KPI from->to",102,4.37
MOS,"KPI from->to",104,4.37
MOS,"KPI from->to",106,3.49
MOS,"KPI from->to",108,4.37
MOS,"KPI from->to",110,3.48
MOS,"KPI from->to",112,3.49
MOS,"KPI from->to",114,4.37
MOS,"KPI from->to",116,2.8
MOS,"KPI from->to",118,4.37
MOS,"KPI from->to",120,3.48

Metric,"Pair Name",Timestamp,Value
"Delay (ms)","KPI from->to",2,15
"Delay (ms)","KPI from->to",4,16
"Delay (ms)","KPI from->to",6,14
"Delay (ms)","KPI from->to",8,15
"Delay (ms)","KPI from->to",10,15
"Delay (ms)","KPI from->to",12,15
"Delay (ms)","KPI from->to",14,16
"Delay (ms)","KPI from->to",16,15
"Delay (ms)","KPI from->to",18,14
"Delay (ms)","KPI from->to",20,14
"Delay (ms)","KPI from->to",22,15
"Delay (ms)","KPI from->to",24,13
"Delay (ms)","KPI from->to",26,15
"Delay (ms)","KPI from->to",28,13
"Delay (ms)","KPI from->to",30,16
"Delay (ms)","KPI from->to",32,16
"Delay (ms)","KPI from->to",34,14
"Delay (ms)","KPI from->to",36,16
"Delay (ms)","KPI from->to",38,13
"Delay (ms)","KPI from->to",40,13
"Delay (ms)","KPI from->to",42,13
"Delay (ms)","KPI from->to",44,14
"Delay (ms)","KPI from->to",46,15
"Delay (ms)","KPI from->to",48,14
"Delay (ms)","KPI from->to",50,15
"Delay (ms)","KPI from->to",52,14
"Delay (ms)","KPI from->to",54,14
"Delay (ms)","KPI from->to",56,14
"Delay (ms)","KPI from->to",58,17
"Delay (ms)","KPI from->to",60,14
"Delay (ms)","KPI from->to",62,15
"Delay (ms)","KPI from->to",64,15
"Delay (ms)","KPI from->to",66,15
"Delay (ms)","KPI from->to",68,14
"Delay (ms)","KPI from->to",70,12
"Delay (ms)","KPI from->to",72,14
"Delay (ms)","KPI from->to",74,12
"Delay (ms)","KPI from->to",76,10
"Delay (ms)","KPI from->to",78,11
"Delay (ms)","KPI from->to",80,12
"Delay (ms)","KPI from->to",82,11
"Delay (ms)","KPI from->to",84,12
"Delay (ms)","KPI from->to",86,11
"Delay (ms)","KPI from->to",88,14
"Delay (ms)","KPI from->to",90,15
"Delay (ms)","KPI from->to",92,15
"Delay (ms)","KPI from->to",94,13
"Delay (ms)","KPI from->to",96,15
"Delay (ms)","KPI from->to",98,16
"Delay (ms)","KPI from->to",100,14

Metric,"Pair Name",Timestamp,Value
"Delay (ms)","KPI from->to",102,14
"Delay (ms)","KPI from->to",104,12
"Delay (ms)","KPI from->to",106,12
"Delay (ms)","KPI from->to",108,12
"Delay (ms)","KPI from->to",110,12
"Delay (ms)","KPI from->to",112,13
"Delay (ms)","KPI from->to",114,13
"Delay (ms)","KPI from->to",116,13
"Delay (ms)","KPI from->to",118,12
"Delay (ms)","KPI from->to",120,13

Metric,"Pair Name",Timestamp,Value
Loss,"KPI from->to",2,0
Loss,"KPI from->to",4,0
Loss,"KPI from->to",6,0
Loss,"KPI from->to",8,0
Loss,"KPI from->to",10,0
Loss,"KPI from->to",12,0
Loss,"KPI from->to",14,0
Loss,"KPI from->to",16,0
Loss,"KPI from->to",18,0
Loss,"KPI from->to",20,0
Loss,"KPI from->to",22,0
Loss,"KPI from->to",24,0
Loss,"KPI from->to",26,0
Loss,"KPI from->to",28,0
Loss,"KPI from->to",30,0
Loss,"KPI from->to",32,0
Loss,"KPI from->to",34,0
Loss,"KPI from->to",36,0
Loss,"KPI from->to",38,0
Loss,"KPI from->to",40,0
Loss,"KPI from->to",42,0
Loss,"KPI from->to",44,0
Loss,"KPI from->to",46,0
Loss,"KPI from->to",48,0
Loss,"KPI from->to",50,0
Loss,"KPI from->to",52,0
Loss,"KPI from->to",54,0
Loss,"KPI from->to",56,0
Loss,"KPI from->to",58,0
Loss,"KPI from->to",60,0
Loss,"KPI from->to",62,0
Loss,"KPI from->to",64,0
Loss,"KPI from->to",66,0
Loss,"KPI from->to",68,0
Loss,"KPI from->to",70,0
Loss,"KPI from->to",72,0
Loss,"KPI from->to",74,0
Loss,"KPI from->to",76,0
Loss,"KPI from->to",78,0
Loss,"KPI from->to",80,0
Loss,"KPI from->to",82,0
Loss,"KPI from->to",84,0
Loss,"KPI from->to",86,0
Loss,"KPI from->to",88,0
Loss,"KPI from->to",90,0
Loss,"KPI from->to",92,0
Loss,"KPI from->to",94,0
Loss,"KPI from->to",96,0
Loss,"KPI from->to",98,0
Loss,"KPI from->to",100,0


