"Test Information",Value
"RUN ID",498
"END EXECUTION TIME","2021-05-14 14:22:21"
"SOURCE PROBE NAME",raspberrypi-AAS
"SOURCE PROBE TEST IP ADDRESS",raspberrypi-AAS
"SOURCE PROBE MANAGEMENT IP ADDRESS",raspberrypi-AAS
"SOURCE PROBE GROUP",Administrators
"DESTINATION PROBE NAME",raspberrypi-5G
"DESTINATION PROBE TEST IP ADDRESS",raspberrypi-5G
"DESTINATION PROBE MANAGEMENT IP ADDRESS",raspberrypi-5G
"DESTINATION PROBE GROUP",Administrators
"DESTINATION PROBE LOCATION",
"TEST MODULE",MESH
"TEST TYPE","Network KPI"
"TEST ADDITIONAL INFORMATION"," DSCP Setting: Best Effort"
"TEST DURATION",120
"TEST STATUS",Failed
"FAIL OR ERROR REASON"," Threshold failed on KPI from->to Jitter Max (ms) 
 Threshold failed on KPI from->to Max Delay Variation (ms) 
"

Metric,"Pair Name",Value,"Threshold Type",Threshold,"Status KPI"
"Datagrams Out of Order","KPI from->to",0.0,0,>=,Passed
"Delay (ms)","KPI from->to",13.12,0,<=,Passed
"Jitter (ms)","KPI from->to",1.77,0,<=,Passed
"Jitter Max (ms)","KPI from->to",8.0,0,<=,Failed
Loss,"KPI from->to",0.0,0,<=,Passed
"Max Delay Variation (ms)","KPI from->to",70.0,0,<=,Failed
"Max loss burst","KPI from->to",0.0,0,<=,Passed
MOS,"KPI from->to",3.85,1,<=,Passed

Metric,"Pair Name",Timestamp,Value
MOS,"KPI from->to",2,3.48
MOS,"KPI from->to",4,4.37
MOS,"KPI from->to",6,3.49
MOS,"KPI from->to",8,4.37
MOS,"KPI from->to",10,4.37
MOS,"KPI from->to",12,3.48
MOS,"KPI from->to",14,3.47
MOS,"KPI from->to",16,4.37
MOS,"KPI from->to",18,4.37
MOS,"KPI from->to",20,3.47
MOS,"KPI from->to",22,3.48
MOS,"KPI from->to",24,4.37
MOS,"KPI from->to",26,4.37
MOS,"KPI from->to",28,3.48
MOS,"KPI from->to",30,3.48
MOS,"KPI from->to",32,4.37
MOS,"KPI from->to",34,2.18
MOS,"KPI from->to",36,3.49
MOS,"KPI from->to",38,2.8
MOS,"KPI from->to",40,2.43
MOS,"KPI from->to",42,3.49
MOS,"KPI from->to",44,2.8
MOS,"KPI from->to",46,2.8
MOS,"KPI from->to",48,4.37
MOS,"KPI from->to",50,4.37
MOS,"KPI from->to",52,4.37
MOS,"KPI from->to",54,4.37
MOS,"KPI from->to",56,4.37
MOS,"KPI from->to",58,2.82
MOS,"KPI from->to",60,3.49
MOS,"KPI from->to",62,2.8
MOS,"KPI from->to",64,3.48
MOS,"KPI from->to",66,3.48
MOS,"KPI from->to",68,4.37
MOS,"KPI from->to",70,3.49
MOS,"KPI from->to",72,3.48
MOS,"KPI from->to",74,4.37
MOS,"KPI from->to",76,4.37
MOS,"KPI from->to",78,4.37
MOS,"KPI from->to",80,4.37
MOS,"KPI from->to",82,4.37
MOS,"KPI from->to",84,4.37
MOS,"KPI from->to",86,3.48
MOS,"KPI from->to",88,4.37
MOS,"KPI from->to",90,3.48
MOS,"KPI from->to",92,4.37
MOS,"KPI from->to",94,2.81
MOS,"KPI from->to",96,3.48
MOS,"KPI from->to",98,3.48
MOS,"KPI from->to",100,4.37

Metric,"Pair Name",Timestamp,Value
MOS,"KPI from->to",102,3.49
MOS,"KPI from->to",104,4.37
MOS,"KPI from->to",106,4.37
MOS,"KPI from->to",108,4.37
MOS,"KPI from->to",110,4.37
MOS,"KPI from->to",112,4.37
MOS,"KPI from->to",114,4.37
MOS,"KPI from->to",116,4.37
MOS,"KPI from->to",118,4.37
MOS,"KPI from->to",120,4.37

Metric,"Pair Name",Timestamp,Value
"Delay (ms)","KPI from->to",102,13
"Delay (ms)","KPI from->to",104,11
"Delay (ms)","KPI from->to",106,12
"Delay (ms)","KPI from->to",108,12
"Delay (ms)","KPI from->to",110,12
"Delay (ms)","KPI from->to",112,12
"Delay (ms)","KPI from->to",114,12
"Delay (ms)","KPI from->to",116,13
"Delay (ms)","KPI from->to",118,13
"Delay (ms)","KPI from->to",120,14

Metric,"Pair Name",Timestamp,Value
"Jitter (ms)","KPI from->to",102,2
"Jitter (ms)","KPI from->to",104,0
"Jitter (ms)","KPI from->to",106,1
"Jitter (ms)","KPI from->to",108,1
"Jitter (ms)","KPI from->to",110,0
"Jitter (ms)","KPI from->to",112,1
"Jitter (ms)","KPI from->to",114,1
"Jitter (ms)","KPI from->to",116,1
"Jitter (ms)","KPI from->to",118,1
"Jitter (ms)","KPI from->to",120,1

Metric,"Pair Name",Timestamp,Value
"Delay (ms)","KPI from->to",2,13
"Delay (ms)","KPI from->to",4,13
"Delay (ms)","KPI from->to",6,13
"Delay (ms)","KPI from->to",8,13
"Delay (ms)","KPI from->to",10,13
"Delay (ms)","KPI from->to",12,16
"Delay (ms)","KPI from->to",14,17
"Delay (ms)","KPI from->to",16,13
"Delay (ms)","KPI from->to",18,13
"Delay (ms)","KPI from->to",20,15
"Delay (ms)","KPI from->to",22,16
"Delay (ms)","KPI from->to",24,13
"Delay (ms)","KPI from->to",26,14
"Delay (ms)","KPI from->to",28,14
"Delay (ms)","KPI from->to",30,15
"Delay (ms)","KPI from->to",32,14
"Delay (ms)","KPI from->to",34,17
"Delay (ms)","KPI from->to",36,9
"Delay (ms)","KPI from->to",38,11
"Delay (ms)","KPI from->to",40,10
"Delay (ms)","KPI from->to",42,10
"Delay (ms)","KPI from->to",44,10
"Delay (ms)","KPI from->to",46,10
"Delay (ms)","KPI from->to",48,10
"Delay (ms)","KPI from->to",50,11
"Delay (ms)","KPI from->to",52,11
"Delay (ms)","KPI from->to",54,11
"Delay (ms)","KPI from->to",56,12
"Delay (ms)","KPI from->to",58,12
"Delay (ms)","KPI from->to",60,12
"Delay (ms)","KPI from->to",62,14
"Delay (ms)","KPI from->to",64,15
"Delay (ms)","KPI from->to",66,16
"Delay (ms)","KPI from->to",68,13
"Delay (ms)","KPI from->to",70,15
"Delay (ms)","KPI from->to",72,14
"Delay (ms)","KPI from->to",74,14
"Delay (ms)","KPI from->to",76,15
"Delay (ms)","KPI from->to",78,14
"Delay (ms)","KPI from->to",80,14
"Delay (ms)","KPI from->to",82,14
"Delay (ms)","KPI from->to",84,13
"Delay (ms)","KPI from->to",86,14
"Delay (ms)","KPI from->to",88,14
"Delay (ms)","KPI from->to",90,15
"Delay (ms)","KPI from->to",92,14
"Delay (ms)","KPI from->to",94,16
"Delay (ms)","KPI from->to",96,14
"Delay (ms)","KPI from->to",98,13
"Delay (ms)","KPI from->to",100,11

Metric,"Pair Name",Timestamp,Value
Loss,"KPI from->to",2,0
Loss,"KPI from->to",4,0
Loss,"KPI from->to",6,0
Loss,"KPI from->to",8,0
Loss,"KPI from->to",10,0
Loss,"KPI from->to",12,0
Loss,"KPI from->to",14,0
Loss,"KPI from->to",16,0
Loss,"KPI from->to",18,0
Loss,"KPI from->to",20,0
Loss,"KPI from->to",22,0
Loss,"KPI from->to",24,0
Loss,"KPI from->to",26,0
Loss,"KPI from->to",28,0
Loss,"KPI from->to",30,0
Loss,"KPI from->to",32,0
Loss,"KPI from->to",34,0
Loss,"KPI from->to",36,0
Loss,"KPI from->to",38,0
Loss,"KPI from->to",40,0
Loss,"KPI from->to",42,0
Loss,"KPI from->to",44,0
Loss,"KPI from->to",46,0
Loss,"KPI from->to",48,0
Loss,"KPI from->to",50,0
Loss,"KPI from->to",52,0
Loss,"KPI from->to",54,0
Loss,"KPI from->to",56,0
Loss,"KPI from->to",58,0
Loss,"KPI from->to",60,0
Loss,"KPI from->to",62,0
Loss,"KPI from->to",64,0
Loss,"KPI from->to",66,0
Loss,"KPI from->to",68,0
Loss,"KPI from->to",70,0
Loss,"KPI from->to",72,0
Loss,"KPI from->to",74,0
Loss,"KPI from->to",76,0
Loss,"KPI from->to",78,0
Loss,"KPI from->to",80,0
Loss,"KPI from->to",82,0
Loss,"KPI from->to",84,0
Loss,"KPI from->to",86,0
Loss,"KPI from->to",88,0
Loss,"KPI from->to",90,0
Loss,"KPI from->to",92,0
Loss,"KPI from->to",94,0
Loss,"KPI from->to",96,0
Loss,"KPI from->to",98,0
Loss,"KPI from->to",100,0

Metric,"Pair Name",Timestamp,Value
"Jitter (ms)","KPI from->to",2,5
"Jitter (ms)","KPI from->to",4,3
"Jitter (ms)","KPI from->to",6,1
"Jitter (ms)","KPI from->to",8,2
"Jitter (ms)","KPI from->to",10,1
"Jitter (ms)","KPI from->to",12,3
"Jitter (ms)","KPI from->to",14,6
"Jitter (ms)","KPI from->to",16,1
"Jitter (ms)","KPI from->to",18,1
"Jitter (ms)","KPI from->to",20,5
"Jitter (ms)","KPI from->to",22,3
"Jitter (ms)","KPI from->to",24,1
"Jitter (ms)","KPI from->to",26,3
"Jitter (ms)","KPI from->to",28,1
"Jitter (ms)","KPI from->to",30,4
"Jitter (ms)","KPI from->to",32,1
"Jitter (ms)","KPI from->to",34,2
"Jitter (ms)","KPI from->to",36,1
"Jitter (ms)","KPI from->to",38,3
"Jitter (ms)","KPI from->to",40,1
"Jitter (ms)","KPI from->to",42,1
"Jitter (ms)","KPI from->to",44,1
"Jitter (ms)","KPI from->to",46,2
"Jitter (ms)","KPI from->to",48,0
"Jitter (ms)","KPI from->to",50,0
"Jitter (ms)","KPI from->to",52,1
"Jitter (ms)","KPI from->to",54,0
"Jitter (ms)","KPI from->to",56,3
"Jitter (ms)","KPI from->to",58,0
"Jitter (ms)","KPI from->to",60,2
"Jitter (ms)","KPI from->to",62,6
"Jitter (ms)","KPI from->to",64,1
"Jitter (ms)","KPI from->to",66,8
"Jitter (ms)","KPI from->to",68,1
"Jitter (ms)","KPI from->to",70,5
"Jitter (ms)","KPI from->to",72,1
"Jitter (ms)","KPI from->to",74,1
"Jitter (ms)","KPI from->to",76,1
"Jitter (ms)","KPI from->to",78,2
"Jitter (ms)","KPI from->to",80,0
"Jitter (ms)","KPI from->to",82,1
"Jitter (ms)","KPI from->to",84,1
"Jitter (ms)","KPI from->to",86,1
"Jitter (ms)","KPI from->to",88,1
"Jitter (ms)","KPI from->to",90,1
"Jitter (ms)","KPI from->to",92,1
"Jitter (ms)","KPI from->to",94,2
"Jitter (ms)","KPI from->to",96,2
"Jitter (ms)","KPI from->to",98,2
"Jitter (ms)","KPI from->to",100,1

Metric,"Pair Name",Timestamp,Value
Loss,"KPI from->to",102,0
Loss,"KPI from->to",104,0
Loss,"KPI from->to",106,0
Loss,"KPI from->to",108,0
Loss,"KPI from->to",110,0
Loss,"KPI from->to",112,0
Loss,"KPI from->to",114,0
Loss,"KPI from->to",116,0
Loss,"KPI from->to",118,0
Loss,"KPI from->to",120,0

Metric,"Pair Name",Timestamp,Value
"Max Delay Variation (ms)","KPI from->to",2,51
"Max Delay Variation (ms)","KPI from->to",4,37
"Max Delay Variation (ms)","KPI from->to",6,41
"Max Delay Variation (ms)","KPI from->to",8,37
"Max Delay Variation (ms)","KPI from->to",10,36
"Max Delay Variation (ms)","KPI from->to",12,44
"Max Delay Variation (ms)","KPI from->to",14,70
"Max Delay Variation (ms)","KPI from->to",16,36
"Max Delay Variation (ms)","KPI from->to",18,15
"Max Delay Variation (ms)","KPI from->to",20,42
"Max Delay Variation (ms)","KPI from->to",22,41
"Max Delay Variation (ms)","KPI from->to",24,8
"Max Delay Variation (ms)","KPI from->to",26,39
"Max Delay Variation (ms)","KPI from->to",28,41
"Max Delay Variation (ms)","KPI from->to",30,42
"Max Delay Variation (ms)","KPI from->to",32,8
"Max Delay Variation (ms)","KPI from->to",34,47
"Max Delay Variation (ms)","KPI from->to",36,41
"Max Delay Variation (ms)","KPI from->to",38,42
"Max Delay Variation (ms)","KPI from->to",40,47
"Max Delay Variation (ms)","KPI from->to",42,57
"Max Delay Variation (ms)","KPI from->to",44,42
"Max Delay Variation (ms)","KPI from->to",46,42
"Max Delay Variation (ms)","KPI from->to",48,8
"Max Delay Variation (ms)","KPI from->to",50,7
"Max Delay Variation (ms)","KPI from->to",52,8
"Max Delay Variation (ms)","KPI from->to",54,7
"Max Delay Variation (ms)","KPI from->to",56,37
"Max Delay Variation (ms)","KPI from->to",58,41
"Max Delay Variation (ms)","KPI from->to",60,41
"Max Delay Variation (ms)","KPI from->to",62,42
"Max Delay Variation (ms)","KPI from->to",64,42
"Max Delay Variation (ms)","KPI from->to",66,64
"Max Delay Variation (ms)","KPI from->to",68,8
"Max Delay Variation (ms)","KPI from->to",70,41
"Max Delay Variation (ms)","KPI from->to",72,41
"Max Delay Variation (ms)","KPI from->to",74,7
"Max Delay Variation (ms)","KPI from->to",76,37
"Max Delay Variation (ms)","KPI from->to",78,13
"Max Delay Variation (ms)","KPI from->to",80,6
"Max Delay Variation (ms)","KPI from->to",82,40
"Max Delay Variation (ms)","KPI from->to",84,7
"Max Delay Variation (ms)","KPI from->to",86,45
"Max Delay Variation (ms)","KPI from->to",88,10
"Max Delay Variation (ms)","KPI from->to",90,47
"Max Delay Variation (ms)","KPI from->to",92,7
"Max Delay Variation (ms)","KPI from->to",94,42
"Max Delay Variation (ms)","KPI from->to",96,41
"Max Delay Variation (ms)","KPI from->to",98,42
"Max Delay Variation (ms)","KPI from->to",100,8

Metric,"Pair Name",Timestamp,Value
"Max Delay Variation (ms)","KPI from->to",102,41
"Max Delay Variation (ms)","KPI from->to",104,7
"Max Delay Variation (ms)","KPI from->to",106,8
"Max Delay Variation (ms)","KPI from->to",108,8
"Max Delay Variation (ms)","KPI from->to",110,7
"Max Delay Variation (ms)","KPI from->to",112,14
"Max Delay Variation (ms)","KPI from->to",114,6
"Max Delay Variation (ms)","KPI from->to",116,7
"Max Delay Variation (ms)","KPI from->to",118,9
"Max Delay Variation (ms)","KPI from->to",120,8


