"Test Information",Value
"RUN ID",499
"END EXECUTION TIME","2021-05-14 15:17:26"
"SOURCE PROBE NAME",raspberrypi-AAS
"SOURCE PROBE TEST IP ADDRESS",raspberrypi-AAS
"SOURCE PROBE MANAGEMENT IP ADDRESS",raspberrypi-AAS
"SOURCE PROBE GROUP",Administrators
"DESTINATION PROBE NAME",raspberrypi-5G
"DESTINATION PROBE TEST IP ADDRESS",raspberrypi-5G
"DESTINATION PROBE MANAGEMENT IP ADDRESS",raspberrypi-5G
"DESTINATION PROBE GROUP",Administrators
"DESTINATION PROBE LOCATION",
"TEST MODULE",MESH
"TEST TYPE","Network KPI"
"TEST ADDITIONAL INFORMATION"," DSCP Setting: Best Effort"
"TEST DURATION",120
"TEST STATUS",Failed
"FAIL OR ERROR REASON"," Threshold failed on KPI from->to Max Delay Variation (ms) 
"

Metric,"Pair Name",Value,"Threshold Type",Threshold,"Status KPI"
"Datagrams Out of Order","KPI from->to",0.0,0,>=,Passed
"Delay (ms)","KPI from->to",13.07,0,<=,Passed
"Jitter (ms)","KPI from->to",1.08,0,<=,Passed
"Jitter Max (ms)","KPI from->to",4.0,0,<=,Passed
Loss,"KPI from->to",0.0,0,<=,Passed
"Max Delay Variation (ms)","KPI from->to",58.0,0,<=,Failed
"Max loss burst","KPI from->to",0.0,0,<=,Passed
MOS,"KPI from->to",4.26,1,<=,Passed

Metric,"Pair Name",Timestamp,Value
Loss,"KPI from->to",2,0
Loss,"KPI from->to",4,0
Loss,"KPI from->to",6,0
Loss,"KPI from->to",8,0
Loss,"KPI from->to",10,0
Loss,"KPI from->to",12,0
Loss,"KPI from->to",14,0
Loss,"KPI from->to",16,0
Loss,"KPI from->to",18,0
Loss,"KPI from->to",20,0
Loss,"KPI from->to",22,0
Loss,"KPI from->to",24,0
Loss,"KPI from->to",26,0
Loss,"KPI from->to",28,0
Loss,"KPI from->to",30,0
Loss,"KPI from->to",32,0
Loss,"KPI from->to",34,0
Loss,"KPI from->to",36,0
Loss,"KPI from->to",38,0
Loss,"KPI from->to",40,0
Loss,"KPI from->to",42,0
Loss,"KPI from->to",44,0
Loss,"KPI from->to",46,0
Loss,"KPI from->to",48,0
Loss,"KPI from->to",50,0
Loss,"KPI from->to",52,0
Loss,"KPI from->to",54,0
Loss,"KPI from->to",56,0
Loss,"KPI from->to",58,0
Loss,"KPI from->to",60,0
Loss,"KPI from->to",62,0
Loss,"KPI from->to",64,0
Loss,"KPI from->to",66,0
Loss,"KPI from->to",68,0
Loss,"KPI from->to",70,0
Loss,"KPI from->to",72,0
Loss,"KPI from->to",74,0
Loss,"KPI from->to",76,0
Loss,"KPI from->to",78,0
Loss,"KPI from->to",80,0
Loss,"KPI from->to",82,0
Loss,"KPI from->to",84,0
Loss,"KPI from->to",86,0
Loss,"KPI from->to",88,0
Loss,"KPI from->to",90,0
Loss,"KPI from->to",92,0
Loss,"KPI from->to",94,0
Loss,"KPI from->to",96,0
Loss,"KPI from->to",98,0
Loss,"KPI from->to",100,0

Metric,"Pair Name",Timestamp,Value
"Delay (ms)","KPI from->to",2,15
"Delay (ms)","KPI from->to",4,17
"Delay (ms)","KPI from->to",6,13
"Delay (ms)","KPI from->to",8,13
"Delay (ms)","KPI from->to",10,13
"Delay (ms)","KPI from->to",12,13
"Delay (ms)","KPI from->to",14,13
"Delay (ms)","KPI from->to",16,13
"Delay (ms)","KPI from->to",18,15
"Delay (ms)","KPI from->to",20,14
"Delay (ms)","KPI from->to",22,14
"Delay (ms)","KPI from->to",24,13
"Delay (ms)","KPI from->to",26,14
"Delay (ms)","KPI from->to",28,14
"Delay (ms)","KPI from->to",30,13
"Delay (ms)","KPI from->to",32,13
"Delay (ms)","KPI from->to",34,13
"Delay (ms)","KPI from->to",36,13
"Delay (ms)","KPI from->to",38,13
"Delay (ms)","KPI from->to",40,13
"Delay (ms)","KPI from->to",42,13
"Delay (ms)","KPI from->to",44,13
"Delay (ms)","KPI from->to",46,12
"Delay (ms)","KPI from->to",48,12
"Delay (ms)","KPI from->to",50,12
"Delay (ms)","KPI from->to",52,13
"Delay (ms)","KPI from->to",54,12
"Delay (ms)","KPI from->to",56,12
"Delay (ms)","KPI from->to",58,13
"Delay (ms)","KPI from->to",60,13
"Delay (ms)","KPI from->to",62,13
"Delay (ms)","KPI from->to",64,13
"Delay (ms)","KPI from->to",66,14
"Delay (ms)","KPI from->to",68,13
"Delay (ms)","KPI from->to",70,13
"Delay (ms)","KPI from->to",72,14
"Delay (ms)","KPI from->to",74,14
"Delay (ms)","KPI from->to",76,14
"Delay (ms)","KPI from->to",78,14
"Delay (ms)","KPI from->to",80,14
"Delay (ms)","KPI from->to",82,14
"Delay (ms)","KPI from->to",84,14
"Delay (ms)","KPI from->to",86,13
"Delay (ms)","KPI from->to",88,12
"Delay (ms)","KPI from->to",90,12
"Delay (ms)","KPI from->to",92,12
"Delay (ms)","KPI from->to",94,12
"Delay (ms)","KPI from->to",96,12
"Delay (ms)","KPI from->to",98,14
"Delay (ms)","KPI from->to",100,12

Metric,"Pair Name",Timestamp,Value
MOS,"KPI from->to",102,4.37
MOS,"KPI from->to",104,4.37
MOS,"KPI from->to",106,4.37
MOS,"KPI from->to",108,4.37
MOS,"KPI from->to",110,4.37
MOS,"KPI from->to",112,4.37
MOS,"KPI from->to",114,4.37
MOS,"KPI from->to",116,4.37
MOS,"KPI from->to",118,4.37
MOS,"KPI from->to",120,4.37

Metric,"Pair Name",Timestamp,Value
"Delay (ms)","KPI from->to",102,12
"Delay (ms)","KPI from->to",104,12
"Delay (ms)","KPI from->to",106,12
"Delay (ms)","KPI from->to",108,12
"Delay (ms)","KPI from->to",110,12
"Delay (ms)","KPI from->to",112,12
"Delay (ms)","KPI from->to",114,13
"Delay (ms)","KPI from->to",116,13
"Delay (ms)","KPI from->to",118,13
"Delay (ms)","KPI from->to",120,13

Metric,"Pair Name",Timestamp,Value
"Jitter (ms)","KPI from->to",102,1
"Jitter (ms)","KPI from->to",104,1
"Jitter (ms)","KPI from->to",106,1
"Jitter (ms)","KPI from->to",108,1
"Jitter (ms)","KPI from->to",110,1
"Jitter (ms)","KPI from->to",112,1
"Jitter (ms)","KPI from->to",114,2
"Jitter (ms)","KPI from->to",116,1
"Jitter (ms)","KPI from->to",118,1
"Jitter (ms)","KPI from->to",120,1

Metric,"Pair Name",Timestamp,Value
"Max Delay Variation (ms)","KPI from->to",2,7
"Max Delay Variation (ms)","KPI from->to",4,42
"Max Delay Variation (ms)","KPI from->to",6,37
"Max Delay Variation (ms)","KPI from->to",8,15
"Max Delay Variation (ms)","KPI from->to",10,42
"Max Delay Variation (ms)","KPI from->to",12,42
"Max Delay Variation (ms)","KPI from->to",14,15
"Max Delay Variation (ms)","KPI from->to",16,15
"Max Delay Variation (ms)","KPI from->to",18,42
"Max Delay Variation (ms)","KPI from->to",20,14
"Max Delay Variation (ms)","KPI from->to",22,14
"Max Delay Variation (ms)","KPI from->to",24,10
"Max Delay Variation (ms)","KPI from->to",26,7
"Max Delay Variation (ms)","KPI from->to",28,41
"Max Delay Variation (ms)","KPI from->to",30,7
"Max Delay Variation (ms)","KPI from->to",32,6
"Max Delay Variation (ms)","KPI from->to",34,9
"Max Delay Variation (ms)","KPI from->to",36,7
"Max Delay Variation (ms)","KPI from->to",38,6
"Max Delay Variation (ms)","KPI from->to",40,6
"Max Delay Variation (ms)","KPI from->to",42,10
"Max Delay Variation (ms)","KPI from->to",44,8
"Max Delay Variation (ms)","KPI from->to",46,9
"Max Delay Variation (ms)","KPI from->to",48,7
"Max Delay Variation (ms)","KPI from->to",50,8
"Max Delay Variation (ms)","KPI from->to",52,32
"Max Delay Variation (ms)","KPI from->to",54,8
"Max Delay Variation (ms)","KPI from->to",56,6
"Max Delay Variation (ms)","KPI from->to",58,7
"Max Delay Variation (ms)","KPI from->to",60,8
"Max Delay Variation (ms)","KPI from->to",62,6
"Max Delay Variation (ms)","KPI from->to",64,5
"Max Delay Variation (ms)","KPI from->to",66,8
"Max Delay Variation (ms)","KPI from->to",68,7
"Max Delay Variation (ms)","KPI from->to",70,7
"Max Delay Variation (ms)","KPI from->to",72,10
"Max Delay Variation (ms)","KPI from->to",74,7
"Max Delay Variation (ms)","KPI from->to",76,7
"Max Delay Variation (ms)","KPI from->to",78,6
"Max Delay Variation (ms)","KPI from->to",80,7
"Max Delay Variation (ms)","KPI from->to",82,8
"Max Delay Variation (ms)","KPI from->to",84,8
"Max Delay Variation (ms)","KPI from->to",86,7
"Max Delay Variation (ms)","KPI from->to",88,8
"Max Delay Variation (ms)","KPI from->to",90,7
"Max Delay Variation (ms)","KPI from->to",92,7
"Max Delay Variation (ms)","KPI from->to",94,9
"Max Delay Variation (ms)","KPI from->to",96,7
"Max Delay Variation (ms)","KPI from->to",98,58
"Max Delay Variation (ms)","KPI from->to",100,7

Metric,"Pair Name",Timestamp,Value
"Jitter (ms)","KPI from->to",2,1
"Jitter (ms)","KPI from->to",4,4
"Jitter (ms)","KPI from->to",6,2
"Jitter (ms)","KPI from->to",8,0
"Jitter (ms)","KPI from->to",10,2
"Jitter (ms)","KPI from->to",12,1
"Jitter (ms)","KPI from->to",14,1
"Jitter (ms)","KPI from->to",16,1
"Jitter (ms)","KPI from->to",18,4
"Jitter (ms)","KPI from->to",20,2
"Jitter (ms)","KPI from->to",22,1
"Jitter (ms)","KPI from->to",24,1
"Jitter (ms)","KPI from->to",26,1
"Jitter (ms)","KPI from->to",28,1
"Jitter (ms)","KPI from->to",30,2
"Jitter (ms)","KPI from->to",32,1
"Jitter (ms)","KPI from->to",34,0
"Jitter (ms)","KPI from->to",36,1
"Jitter (ms)","KPI from->to",38,0
"Jitter (ms)","KPI from->to",40,0
"Jitter (ms)","KPI from->to",42,1
"Jitter (ms)","KPI from->to",44,2
"Jitter (ms)","KPI from->to",46,1
"Jitter (ms)","KPI from->to",48,1
"Jitter (ms)","KPI from->to",50,1
"Jitter (ms)","KPI from->to",52,1
"Jitter (ms)","KPI from->to",54,1
"Jitter (ms)","KPI from->to",56,1
"Jitter (ms)","KPI from->to",58,2
"Jitter (ms)","KPI from->to",60,1
"Jitter (ms)","KPI from->to",62,0
"Jitter (ms)","KPI from->to",64,0
"Jitter (ms)","KPI from->to",66,1
"Jitter (ms)","KPI from->to",68,1
"Jitter (ms)","KPI from->to",70,1
"Jitter (ms)","KPI from->to",72,1
"Jitter (ms)","KPI from->to",74,0
"Jitter (ms)","KPI from->to",76,0
"Jitter (ms)","KPI from->to",78,1
"Jitter (ms)","KPI from->to",80,2
"Jitter (ms)","KPI from->to",82,1
"Jitter (ms)","KPI from->to",84,1
"Jitter (ms)","KPI from->to",86,1
"Jitter (ms)","KPI from->to",88,1
"Jitter (ms)","KPI from->to",90,1
"Jitter (ms)","KPI from->to",92,1
"Jitter (ms)","KPI from->to",94,1
"Jitter (ms)","KPI from->to",96,1
"Jitter (ms)","KPI from->to",98,1
"Jitter (ms)","KPI from->to",100,0

Metric,"Pair Name",Timestamp,Value
Loss,"KPI from->to",102,0
Loss,"KPI from->to",104,0
Loss,"KPI from->to",106,0
Loss,"KPI from->to",108,0
Loss,"KPI from->to",110,0
Loss,"KPI from->to",112,0
Loss,"KPI from->to",114,0
Loss,"KPI from->to",116,0
Loss,"KPI from->to",118,0
Loss,"KPI from->to",120,0

Metric,"Pair Name",Timestamp,Value
"Max Delay Variation (ms)","KPI from->to",102,7
"Max Delay Variation (ms)","KPI from->to",104,7
"Max Delay Variation (ms)","KPI from->to",106,10
"Max Delay Variation (ms)","KPI from->to",108,7
"Max Delay Variation (ms)","KPI from->to",110,7
"Max Delay Variation (ms)","KPI from->to",112,7
"Max Delay Variation (ms)","KPI from->to",114,7
"Max Delay Variation (ms)","KPI from->to",116,7
"Max Delay Variation (ms)","KPI from->to",118,7
"Max Delay Variation (ms)","KPI from->to",120,7

Metric,"Pair Name",Timestamp,Value
MOS,"KPI from->to",2,4.37
MOS,"KPI from->to",4,2.42
MOS,"KPI from->to",6,4.37
MOS,"KPI from->to",8,4.37
MOS,"KPI from->to",10,3.48
MOS,"KPI from->to",12,3.48
MOS,"KPI from->to",14,4.37
MOS,"KPI from->to",16,4.37
MOS,"KPI from->to",18,3.48
MOS,"KPI from->to",20,4.37
MOS,"KPI from->to",22,4.37
MOS,"KPI from->to",24,4.37
MOS,"KPI from->to",26,4.37
MOS,"KPI from->to",28,3.48
MOS,"KPI from->to",30,4.37
MOS,"KPI from->to",32,4.37
MOS,"KPI from->to",34,4.37
MOS,"KPI from->to",36,4.37
MOS,"KPI from->to",38,4.37
MOS,"KPI from->to",40,4.37
MOS,"KPI from->to",42,4.37
MOS,"KPI from->to",44,4.37
MOS,"KPI from->to",46,4.37
MOS,"KPI from->to",48,4.37
MOS,"KPI from->to",50,4.37
MOS,"KPI from->to",52,4.37
MOS,"KPI from->to",54,4.37
MOS,"KPI from->to",56,4.37
MOS,"KPI from->to",58,4.37
MOS,"KPI from->to",60,4.37
MOS,"KPI from->to",62,4.37
MOS,"KPI from->to",64,4.37
MOS,"KPI from->to",66,4.37
MOS,"KPI from->to",68,4.37
MOS,"KPI from->to",70,4.37
MOS,"KPI from->to",72,4.37
MOS,"KPI from->to",74,4.37
MOS,"KPI from->to",76,4.37
MOS,"KPI from->to",78,4.37
MOS,"KPI from->to",80,4.37
MOS,"KPI from->to",82,4.37
MOS,"KPI from->to",84,4.37
MOS,"KPI from->to",86,4.37
MOS,"KPI from->to",88,4.37
MOS,"KPI from->to",90,4.37
MOS,"KPI from->to",92,4.37
MOS,"KPI from->to",94,4.37
MOS,"KPI from->to",96,4.37
MOS,"KPI from->to",98,3.47
MOS,"KPI from->to",100,4.37


