"Test Information",Value
"RUN ID",499
"END EXECUTION TIME","2021-05-14 15:48:33"
"SOURCE PROBE NAME",raspberrypi-5G
"SOURCE PROBE TEST IP ADDRESS",raspberrypi-5G
"SOURCE PROBE MANAGEMENT IP ADDRESS",raspberrypi-5G
"SOURCE PROBE GROUP",Administrators
"DESTINATION PROBE NAME",raspberrypi-AAS
"DESTINATION PROBE TEST IP ADDRESS",raspberrypi-AAS
"DESTINATION PROBE MANAGEMENT IP ADDRESS",raspberrypi-AAS
"DESTINATION PROBE GROUP",Administrators
"DESTINATION PROBE LOCATION",
"TEST MODULE",MESH
"TEST TYPE","Network KPI"
"TEST ADDITIONAL INFORMATION"," DSCP Setting: Best Effort"
"TEST DURATION",120
"TEST STATUS",Passed
"FAIL OR ERROR REASON",

Metric,"Pair Name",Value,"Threshold Type",Threshold,"Status KPI"
"Datagrams Out of Order","KPI from->to",0.0,0,>=,Passed
"Delay (ms)","KPI from->to",15.4,0,<=,Passed
"Jitter (ms)","KPI from->to",0.0,0,<=,Passed
"Jitter Max (ms)","KPI from->to",0.0,0,<=,Passed
Loss,"KPI from->to",0.0,0,<=,Passed
"Max Delay Variation (ms)","KPI from->to",6.0,0,<=,Passed
"Max loss burst","KPI from->to",0.0,0,<=,Passed
MOS,"KPI from->to",4.37,1,<=,Passed

Metric,"Pair Name",Timestamp,Value
MOS,"KPI from->to",102,4.36
MOS,"KPI from->to",104,4.36
MOS,"KPI from->to",106,4.37
MOS,"KPI from->to",108,4.37
MOS,"KPI from->to",110,4.36
MOS,"KPI from->to",112,4.37
MOS,"KPI from->to",114,4.37
MOS,"KPI from->to",116,4.37
MOS,"KPI from->to",118,4.37
MOS,"KPI from->to",120,4.37

Metric,"Pair Name",Timestamp,Value
"Max Delay Variation (ms)","KPI from->to",102,3
"Max Delay Variation (ms)","KPI from->to",104,3
"Max Delay Variation (ms)","KPI from->to",106,4
"Max Delay Variation (ms)","KPI from->to",108,4
"Max Delay Variation (ms)","KPI from->to",110,3
"Max Delay Variation (ms)","KPI from->to",112,3
"Max Delay Variation (ms)","KPI from->to",114,3
"Max Delay Variation (ms)","KPI from->to",116,4
"Max Delay Variation (ms)","KPI from->to",118,3
"Max Delay Variation (ms)","KPI from->to",120,3

Metric,"Pair Name",Timestamp,Value
"Jitter (ms)","KPI from->to",102,0
"Jitter (ms)","KPI from->to",104,0
"Jitter (ms)","KPI from->to",106,0
"Jitter (ms)","KPI from->to",108,0
"Jitter (ms)","KPI from->to",110,0
"Jitter (ms)","KPI from->to",112,0
"Jitter (ms)","KPI from->to",114,0
"Jitter (ms)","KPI from->to",116,0
"Jitter (ms)","KPI from->to",118,0
"Jitter (ms)","KPI from->to",120,0

Metric,"Pair Name",Timestamp,Value
"Jitter (ms)","KPI from->to",2,0
"Jitter (ms)","KPI from->to",4,0
"Jitter (ms)","KPI from->to",6,0
"Jitter (ms)","KPI from->to",8,0
"Jitter (ms)","KPI from->to",10,0
"Jitter (ms)","KPI from->to",12,0
"Jitter (ms)","KPI from->to",14,0
"Jitter (ms)","KPI from->to",16,0
"Jitter (ms)","KPI from->to",18,0
"Jitter (ms)","KPI from->to",20,0
"Jitter (ms)","KPI from->to",22,0
"Jitter (ms)","KPI from->to",24,0
"Jitter (ms)","KPI from->to",26,0
"Jitter (ms)","KPI from->to",28,0
"Jitter (ms)","KPI from->to",30,0
"Jitter (ms)","KPI from->to",32,0
"Jitter (ms)","KPI from->to",34,0
"Jitter (ms)","KPI from->to",36,0
"Jitter (ms)","KPI from->to",38,0
"Jitter (ms)","KPI from->to",40,0
"Jitter (ms)","KPI from->to",42,0
"Jitter (ms)","KPI from->to",44,0
"Jitter (ms)","KPI from->to",46,0
"Jitter (ms)","KPI from->to",48,0
"Jitter (ms)","KPI from->to",50,0
"Jitter (ms)","KPI from->to",52,0
"Jitter (ms)","KPI from->to",54,0
"Jitter (ms)","KPI from->to",56,0
"Jitter (ms)","KPI from->to",58,0
"Jitter (ms)","KPI from->to",60,0
"Jitter (ms)","KPI from->to",62,0
"Jitter (ms)","KPI from->to",64,0
"Jitter (ms)","KPI from->to",66,0
"Jitter (ms)","KPI from->to",68,0
"Jitter (ms)","KPI from->to",70,0
"Jitter (ms)","KPI from->to",72,0
"Jitter (ms)","KPI from->to",74,0
"Jitter (ms)","KPI from->to",76,0
"Jitter (ms)","KPI from->to",78,0
"Jitter (ms)","KPI from->to",80,0
"Jitter (ms)","KPI from->to",82,0
"Jitter (ms)","KPI from->to",84,0
"Jitter (ms)","KPI from->to",86,0
"Jitter (ms)","KPI from->to",88,0
"Jitter (ms)","KPI from->to",90,0
"Jitter (ms)","KPI from->to",92,0
"Jitter (ms)","KPI from->to",94,0
"Jitter (ms)","KPI from->to",96,0
"Jitter (ms)","KPI from->to",98,0
"Jitter (ms)","KPI from->to",100,0

Metric,"Pair Name",Timestamp,Value
MOS,"KPI from->to",2,4.37
MOS,"KPI from->to",4,4.37
MOS,"KPI from->to",6,4.37
MOS,"KPI from->to",8,4.37
MOS,"KPI from->to",10,4.37
MOS,"KPI from->to",12,4.37
MOS,"KPI from->to",14,4.37
MOS,"KPI from->to",16,4.37
MOS,"KPI from->to",18,4.37
MOS,"KPI from->to",20,4.37
MOS,"KPI from->to",22,4.37
MOS,"KPI from->to",24,4.37
MOS,"KPI from->to",26,4.37
MOS,"KPI from->to",28,4.37
MOS,"KPI from->to",30,4.37
MOS,"KPI from->to",32,4.37
MOS,"KPI from->to",34,4.37
MOS,"KPI from->to",36,4.37
MOS,"KPI from->to",38,4.37
MOS,"KPI from->to",40,4.37
MOS,"KPI from->to",42,4.37
MOS,"KPI from->to",44,4.37
MOS,"KPI from->to",46,4.37
MOS,"KPI from->to",48,4.37
MOS,"KPI from->to",50,4.37
MOS,"KPI from->to",52,4.37
MOS,"KPI from->to",54,4.37
MOS,"KPI from->to",56,4.37
MOS,"KPI from->to",58,4.37
MOS,"KPI from->to",60,4.37
MOS,"KPI from->to",62,4.37
MOS,"KPI from->to",64,4.37
MOS,"KPI from->to",66,4.37
MOS,"KPI from->to",68,4.37
MOS,"KPI from->to",70,4.37
MOS,"KPI from->to",72,4.37
MOS,"KPI from->to",74,4.37
MOS,"KPI from->to",76,4.37
MOS,"KPI from->to",78,4.37
MOS,"KPI from->to",80,4.37
MOS,"KPI from->to",82,4.37
MOS,"KPI from->to",84,4.37
MOS,"KPI from->to",86,4.37
MOS,"KPI from->to",88,4.37
MOS,"KPI from->to",90,4.37
MOS,"KPI from->to",92,4.37
MOS,"KPI from->to",94,4.37
MOS,"KPI from->to",96,4.37
MOS,"KPI from->to",98,4.37
MOS,"KPI from->to",100,4.37

Metric,"Pair Name",Timestamp,Value
"Delay (ms)","KPI from->to",2,16
"Delay (ms)","KPI from->to",4,15
"Delay (ms)","KPI from->to",6,16
"Delay (ms)","KPI from->to",8,15
"Delay (ms)","KPI from->to",10,15
"Delay (ms)","KPI from->to",12,14
"Delay (ms)","KPI from->to",14,17
"Delay (ms)","KPI from->to",16,17
"Delay (ms)","KPI from->to",18,17
"Delay (ms)","KPI from->to",20,17
"Delay (ms)","KPI from->to",22,17
"Delay (ms)","KPI from->to",24,17
"Delay (ms)","KPI from->to",26,17
"Delay (ms)","KPI from->to",28,17
"Delay (ms)","KPI from->to",30,17
"Delay (ms)","KPI from->to",32,17
"Delay (ms)","KPI from->to",34,16
"Delay (ms)","KPI from->to",36,16
"Delay (ms)","KPI from->to",38,15
"Delay (ms)","KPI from->to",40,15
"Delay (ms)","KPI from->to",42,15
"Delay (ms)","KPI from->to",44,15
"Delay (ms)","KPI from->to",46,15
"Delay (ms)","KPI from->to",48,15
"Delay (ms)","KPI from->to",50,15
"Delay (ms)","KPI from->to",52,14
"Delay (ms)","KPI from->to",54,14
"Delay (ms)","KPI from->to",56,14
"Delay (ms)","KPI from->to",58,14
"Delay (ms)","KPI from->to",60,14
"Delay (ms)","KPI from->to",62,15
"Delay (ms)","KPI from->to",64,14
"Delay (ms)","KPI from->to",66,14
"Delay (ms)","KPI from->to",68,14
"Delay (ms)","KPI from->to",70,14
"Delay (ms)","KPI from->to",72,14
"Delay (ms)","KPI from->to",74,15
"Delay (ms)","KPI from->to",76,14
"Delay (ms)","KPI from->to",78,16
"Delay (ms)","KPI from->to",80,15
"Delay (ms)","KPI from->to",82,15
"Delay (ms)","KPI from->to",84,15
"Delay (ms)","KPI from->to",86,15
"Delay (ms)","KPI from->to",88,14
"Delay (ms)","KPI from->to",90,15
"Delay (ms)","KPI from->to",92,15
"Delay (ms)","KPI from->to",94,15
"Delay (ms)","KPI from->to",96,15
"Delay (ms)","KPI from->to",98,15
"Delay (ms)","KPI from->to",100,15

Metric,"Pair Name",Timestamp,Value
"Delay (ms)","KPI from->to",102,18
"Delay (ms)","KPI from->to",104,18
"Delay (ms)","KPI from->to",106,14
"Delay (ms)","KPI from->to",108,14
"Delay (ms)","KPI from->to",110,18
"Delay (ms)","KPI from->to",112,17
"Delay (ms)","KPI from->to",114,16
"Delay (ms)","KPI from->to",116,16
"Delay (ms)","KPI from->to",118,16
"Delay (ms)","KPI from->to",120,15

Metric,"Pair Name",Timestamp,Value
Loss,"KPI from->to",2,0
Loss,"KPI from->to",4,0
Loss,"KPI from->to",6,0
Loss,"KPI from->to",8,0
Loss,"KPI from->to",10,0
Loss,"KPI from->to",12,0
Loss,"KPI from->to",14,0
Loss,"KPI from->to",16,0
Loss,"KPI from->to",18,0
Loss,"KPI from->to",20,0
Loss,"KPI from->to",22,0
Loss,"KPI from->to",24,0
Loss,"KPI from->to",26,0
Loss,"KPI from->to",28,0
Loss,"KPI from->to",30,0
Loss,"KPI from->to",32,0
Loss,"KPI from->to",34,0
Loss,"KPI from->to",36,0
Loss,"KPI from->to",38,0
Loss,"KPI from->to",40,0
Loss,"KPI from->to",42,0
Loss,"KPI from->to",44,0
Loss,"KPI from->to",46,0
Loss,"KPI from->to",48,0
Loss,"KPI from->to",50,0
Loss,"KPI from->to",52,0
Loss,"KPI from->to",54,0
Loss,"KPI from->to",56,0
Loss,"KPI from->to",58,0
Loss,"KPI from->to",60,0
Loss,"KPI from->to",62,0
Loss,"KPI from->to",64,0
Loss,"KPI from->to",66,0
Loss,"KPI from->to",68,0
Loss,"KPI from->to",70,0
Loss,"KPI from->to",72,0
Loss,"KPI from->to",74,0
Loss,"KPI from->to",76,0
Loss,"KPI from->to",78,0
Loss,"KPI from->to",80,0
Loss,"KPI from->to",82,0
Loss,"KPI from->to",84,0
Loss,"KPI from->to",86,0
Loss,"KPI from->to",88,0
Loss,"KPI from->to",90,0
Loss,"KPI from->to",92,0
Loss,"KPI from->to",94,0
Loss,"KPI from->to",96,0
Loss,"KPI from->to",98,0
Loss,"KPI from->to",100,0

Metric,"Pair Name",Timestamp,Value
Loss,"KPI from->to",102,0
Loss,"KPI from->to",104,0
Loss,"KPI from->to",106,0
Loss,"KPI from->to",108,0
Loss,"KPI from->to",110,0
Loss,"KPI from->to",112,0
Loss,"KPI from->to",114,0
Loss,"KPI from->to",116,0
Loss,"KPI from->to",118,0
Loss,"KPI from->to",120,0

Metric,"Pair Name",Timestamp,Value
"Max Delay Variation (ms)","KPI from->to",2,3
"Max Delay Variation (ms)","KPI from->to",4,3
"Max Delay Variation (ms)","KPI from->to",6,3
"Max Delay Variation (ms)","KPI from->to",8,3
"Max Delay Variation (ms)","KPI from->to",10,5
"Max Delay Variation (ms)","KPI from->to",12,3
"Max Delay Variation (ms)","KPI from->to",14,3
"Max Delay Variation (ms)","KPI from->to",16,4
"Max Delay Variation (ms)","KPI from->to",18,3
"Max Delay Variation (ms)","KPI from->to",20,3
"Max Delay Variation (ms)","KPI from->to",22,4
"Max Delay Variation (ms)","KPI from->to",24,3
"Max Delay Variation (ms)","KPI from->to",26,3
"Max Delay Variation (ms)","KPI from->to",28,3
"Max Delay Variation (ms)","KPI from->to",30,3
"Max Delay Variation (ms)","KPI from->to",32,3
"Max Delay Variation (ms)","KPI from->to",34,4
"Max Delay Variation (ms)","KPI from->to",36,3
"Max Delay Variation (ms)","KPI from->to",38,3
"Max Delay Variation (ms)","KPI from->to",40,4
"Max Delay Variation (ms)","KPI from->to",42,3
"Max Delay Variation (ms)","KPI from->to",44,4
"Max Delay Variation (ms)","KPI from->to",46,6
"Max Delay Variation (ms)","KPI from->to",48,3
"Max Delay Variation (ms)","KPI from->to",50,3
"Max Delay Variation (ms)","KPI from->to",52,3
"Max Delay Variation (ms)","KPI from->to",54,3
"Max Delay Variation (ms)","KPI from->to",56,3
"Max Delay Variation (ms)","KPI from->to",58,3
"Max Delay Variation (ms)","KPI from->to",60,4
"Max Delay Variation (ms)","KPI from->to",62,3
"Max Delay Variation (ms)","KPI from->to",64,3
"Max Delay Variation (ms)","KPI from->to",66,3
"Max Delay Variation (ms)","KPI from->to",68,3
"Max Delay Variation (ms)","KPI from->to",70,4
"Max Delay Variation (ms)","KPI from->to",72,4
"Max Delay Variation (ms)","KPI from->to",74,3
"Max Delay Variation (ms)","KPI from->to",76,3
"Max Delay Variation (ms)","KPI from->to",78,3
"Max Delay Variation (ms)","KPI from->to",80,3
"Max Delay Variation (ms)","KPI from->to",82,3
"Max Delay Variation (ms)","KPI from->to",84,3
"Max Delay Variation (ms)","KPI from->to",86,3
"Max Delay Variation (ms)","KPI from->to",88,3
"Max Delay Variation (ms)","KPI from->to",90,3
"Max Delay Variation (ms)","KPI from->to",92,3
"Max Delay Variation (ms)","KPI from->to",94,3
"Max Delay Variation (ms)","KPI from->to",96,5
"Max Delay Variation (ms)","KPI from->to",98,3
"Max Delay Variation (ms)","KPI from->to",100,3


