"Test Information",Value
"RUN ID",499
"END EXECUTION TIME","2021-05-14 15:33:02"
"SOURCE PROBE NAME",andreas
"SOURCE PROBE TEST IP ADDRESS",andreas
"SOURCE PROBE MANAGEMENT IP ADDRESS",andreas
"SOURCE PROBE GROUP",Administrators
"DESTINATION PROBE NAME",raspberrypi-AAS
"DESTINATION PROBE TEST IP ADDRESS",raspberrypi-AAS
"DESTINATION PROBE MANAGEMENT IP ADDRESS",raspberrypi-AAS
"DESTINATION PROBE GROUP",Administrators
"DESTINATION PROBE LOCATION",
"TEST MODULE",MESH
"TEST TYPE","Network KPI"
"TEST ADDITIONAL INFORMATION"," DSCP Setting: Best Effort"
"TEST DURATION",120
"TEST STATUS",Failed
"FAIL OR ERROR REASON"," Threshold failed on KPI from->to Jitter Max (ms) 
 Threshold failed on KPI from->to Max Delay Variation (ms) 
"

Metric,"Pair Name",Value,"Threshold Type",Threshold,"Status KPI"
"Datagrams Out of Order","KPI from->to",0.0,0,>=,Passed
"Delay (ms)","KPI from->to",4.77,0,<=,Passed
"Jitter (ms)","KPI from->to",1.97,0,<=,Passed
"Jitter Max (ms)","KPI from->to",21.0,0,<=,Failed
Loss,"KPI from->to",0.0,0,<=,Passed
"Max Delay Variation (ms)","KPI from->to",125.0,0,<=,Failed
"Max loss burst","KPI from->to",0.0,0,<=,Passed
MOS,"KPI from->to",3.86,1,<=,Passed

Metric,"Pair Name",Timestamp,Value
"Max Delay Variation (ms)","KPI from->to",2,1
"Max Delay Variation (ms)","KPI from->to",4,45
"Max Delay Variation (ms)","KPI from->to",6,1
"Max Delay Variation (ms)","KPI from->to",8,1
"Max Delay Variation (ms)","KPI from->to",10,21
"Max Delay Variation (ms)","KPI from->to",12,1
"Max Delay Variation (ms)","KPI from->to",14,1
"Max Delay Variation (ms)","KPI from->to",16,31
"Max Delay Variation (ms)","KPI from->to",18,1
"Max Delay Variation (ms)","KPI from->to",20,111
"Max Delay Variation (ms)","KPI from->to",22,125
"Max Delay Variation (ms)","KPI from->to",24,115
"Max Delay Variation (ms)","KPI from->to",26,124
"Max Delay Variation (ms)","KPI from->to",28,112
"Max Delay Variation (ms)","KPI from->to",30,1
"Max Delay Variation (ms)","KPI from->to",32,1
"Max Delay Variation (ms)","KPI from->to",34,1
"Max Delay Variation (ms)","KPI from->to",36,1
"Max Delay Variation (ms)","KPI from->to",38,45
"Max Delay Variation (ms)","KPI from->to",40,1
"Max Delay Variation (ms)","KPI from->to",42,1
"Max Delay Variation (ms)","KPI from->to",44,1
"Max Delay Variation (ms)","KPI from->to",46,1
"Max Delay Variation (ms)","KPI from->to",48,1
"Max Delay Variation (ms)","KPI from->to",50,43
"Max Delay Variation (ms)","KPI from->to",52,1
"Max Delay Variation (ms)","KPI from->to",54,112
"Max Delay Variation (ms)","KPI from->to",56,118
"Max Delay Variation (ms)","KPI from->to",58,120
"Max Delay Variation (ms)","KPI from->to",60,47
"Max Delay Variation (ms)","KPI from->to",62,1
"Max Delay Variation (ms)","KPI from->to",64,1
"Max Delay Variation (ms)","KPI from->to",66,4
"Max Delay Variation (ms)","KPI from->to",68,1
"Max Delay Variation (ms)","KPI from->to",70,1
"Max Delay Variation (ms)","KPI from->to",72,51
"Max Delay Variation (ms)","KPI from->to",74,1
"Max Delay Variation (ms)","KPI from->to",76,1
"Max Delay Variation (ms)","KPI from->to",78,1
"Max Delay Variation (ms)","KPI from->to",80,2
"Max Delay Variation (ms)","KPI from->to",82,45
"Max Delay Variation (ms)","KPI from->to",84,1
"Max Delay Variation (ms)","KPI from->to",86,1
"Max Delay Variation (ms)","KPI from->to",88,1
"Max Delay Variation (ms)","KPI from->to",90,1
"Max Delay Variation (ms)","KPI from->to",92,1
"Max Delay Variation (ms)","KPI from->to",94,46
"Max Delay Variation (ms)","KPI from->to",96,1
"Max Delay Variation (ms)","KPI from->to",98,1
"Max Delay Variation (ms)","KPI from->to",100,1

Metric,"Pair Name",Timestamp,Value
"Delay (ms)","KPI from->to",2,1
"Delay (ms)","KPI from->to",4,2
"Delay (ms)","KPI from->to",6,1
"Delay (ms)","KPI from->to",8,1
"Delay (ms)","KPI from->to",10,2
"Delay (ms)","KPI from->to",12,1
"Delay (ms)","KPI from->to",14,1
"Delay (ms)","KPI from->to",16,2
"Delay (ms)","KPI from->to",18,2
"Delay (ms)","KPI from->to",20,13
"Delay (ms)","KPI from->to",22,39
"Delay (ms)","KPI from->to",24,26
"Delay (ms)","KPI from->to",26,37
"Delay (ms)","KPI from->to",28,22
"Delay (ms)","KPI from->to",30,2
"Delay (ms)","KPI from->to",32,2
"Delay (ms)","KPI from->to",34,2
"Delay (ms)","KPI from->to",36,2
"Delay (ms)","KPI from->to",38,3
"Delay (ms)","KPI from->to",40,2
"Delay (ms)","KPI from->to",42,2
"Delay (ms)","KPI from->to",44,2
"Delay (ms)","KPI from->to",46,2
"Delay (ms)","KPI from->to",48,2
"Delay (ms)","KPI from->to",50,3
"Delay (ms)","KPI from->to",52,2
"Delay (ms)","KPI from->to",54,11
"Delay (ms)","KPI from->to",56,34
"Delay (ms)","KPI from->to",58,21
"Delay (ms)","KPI from->to",60,2
"Delay (ms)","KPI from->to",62,1
"Delay (ms)","KPI from->to",64,1
"Delay (ms)","KPI from->to",66,1
"Delay (ms)","KPI from->to",68,1
"Delay (ms)","KPI from->to",70,2
"Delay (ms)","KPI from->to",72,3
"Delay (ms)","KPI from->to",74,2
"Delay (ms)","KPI from->to",76,2
"Delay (ms)","KPI from->to",78,1
"Delay (ms)","KPI from->to",80,1
"Delay (ms)","KPI from->to",82,2
"Delay (ms)","KPI from->to",84,1
"Delay (ms)","KPI from->to",86,1
"Delay (ms)","KPI from->to",88,1
"Delay (ms)","KPI from->to",90,1
"Delay (ms)","KPI from->to",92,1
"Delay (ms)","KPI from->to",94,2
"Delay (ms)","KPI from->to",96,1
"Delay (ms)","KPI from->to",98,1
"Delay (ms)","KPI from->to",100,1

Metric,"Pair Name",Timestamp,Value
"Jitter (ms)","KPI from->to",2,0
"Jitter (ms)","KPI from->to",4,2
"Jitter (ms)","KPI from->to",6,0
"Jitter (ms)","KPI from->to",8,0
"Jitter (ms)","KPI from->to",10,0
"Jitter (ms)","KPI from->to",12,0
"Jitter (ms)","KPI from->to",14,0
"Jitter (ms)","KPI from->to",16,0
"Jitter (ms)","KPI from->to",18,0
"Jitter (ms)","KPI from->to",20,21
"Jitter (ms)","KPI from->to",22,17
"Jitter (ms)","KPI from->to",24,15
"Jitter (ms)","KPI from->to",26,18
"Jitter (ms)","KPI from->to",28,1
"Jitter (ms)","KPI from->to",30,0
"Jitter (ms)","KPI from->to",32,0
"Jitter (ms)","KPI from->to",34,0
"Jitter (ms)","KPI from->to",36,0
"Jitter (ms)","KPI from->to",38,0
"Jitter (ms)","KPI from->to",40,0
"Jitter (ms)","KPI from->to",42,0
"Jitter (ms)","KPI from->to",44,0
"Jitter (ms)","KPI from->to",46,0
"Jitter (ms)","KPI from->to",48,0
"Jitter (ms)","KPI from->to",50,0
"Jitter (ms)","KPI from->to",52,0
"Jitter (ms)","KPI from->to",54,18
"Jitter (ms)","KPI from->to",56,17
"Jitter (ms)","KPI from->to",58,1
"Jitter (ms)","KPI from->to",60,1
"Jitter (ms)","KPI from->to",62,0
"Jitter (ms)","KPI from->to",64,0
"Jitter (ms)","KPI from->to",66,0
"Jitter (ms)","KPI from->to",68,0
"Jitter (ms)","KPI from->to",70,0
"Jitter (ms)","KPI from->to",72,0
"Jitter (ms)","KPI from->to",74,0
"Jitter (ms)","KPI from->to",76,0
"Jitter (ms)","KPI from->to",78,0
"Jitter (ms)","KPI from->to",80,0
"Jitter (ms)","KPI from->to",82,4
"Jitter (ms)","KPI from->to",84,0
"Jitter (ms)","KPI from->to",86,0
"Jitter (ms)","KPI from->to",88,0
"Jitter (ms)","KPI from->to",90,0
"Jitter (ms)","KPI from->to",92,0
"Jitter (ms)","KPI from->to",94,1
"Jitter (ms)","KPI from->to",96,0
"Jitter (ms)","KPI from->to",98,0
"Jitter (ms)","KPI from->to",100,0

Metric,"Pair Name",Timestamp,Value
Loss,"KPI from->to",2,0
Loss,"KPI from->to",4,0
Loss,"KPI from->to",6,0
Loss,"KPI from->to",8,0
Loss,"KPI from->to",10,0
Loss,"KPI from->to",12,0
Loss,"KPI from->to",14,0
Loss,"KPI from->to",16,0
Loss,"KPI from->to",18,0
Loss,"KPI from->to",20,0
Loss,"KPI from->to",22,0
Loss,"KPI from->to",24,0
Loss,"KPI from->to",26,0
Loss,"KPI from->to",28,0
Loss,"KPI from->to",30,0
Loss,"KPI from->to",32,0
Loss,"KPI from->to",34,0
Loss,"KPI from->to",36,0
Loss,"KPI from->to",38,0
Loss,"KPI from->to",40,0
Loss,"KPI from->to",42,0
Loss,"KPI from->to",44,0
Loss,"KPI from->to",46,0
Loss,"KPI from->to",48,0
Loss,"KPI from->to",50,0
Loss,"KPI from->to",52,0
Loss,"KPI from->to",54,0
Loss,"KPI from->to",56,0
Loss,"KPI from->to",58,0
Loss,"KPI from->to",60,0
Loss,"KPI from->to",62,0
Loss,"KPI from->to",64,0
Loss,"KPI from->to",66,0
Loss,"KPI from->to",68,0
Loss,"KPI from->to",70,0
Loss,"KPI from->to",72,0
Loss,"KPI from->to",74,0
Loss,"KPI from->to",76,0
Loss,"KPI from->to",78,0
Loss,"KPI from->to",80,0
Loss,"KPI from->to",82,0
Loss,"KPI from->to",84,0
Loss,"KPI from->to",86,0
Loss,"KPI from->to",88,0
Loss,"KPI from->to",90,0
Loss,"KPI from->to",92,0
Loss,"KPI from->to",94,0
Loss,"KPI from->to",96,0
Loss,"KPI from->to",98,0
Loss,"KPI from->to",100,0

Metric,"Pair Name",Timestamp,Value
"Max Delay Variation (ms)","KPI from->to",102,3
"Max Delay Variation (ms)","KPI from->to",104,2
"Max Delay Variation (ms)","KPI from->to",106,52
"Max Delay Variation (ms)","KPI from->to",108,1
"Max Delay Variation (ms)","KPI from->to",110,5
"Max Delay Variation (ms)","KPI from->to",112,1
"Max Delay Variation (ms)","KPI from->to",114,1
"Max Delay Variation (ms)","KPI from->to",116,47
"Max Delay Variation (ms)","KPI from->to",118,2
"Max Delay Variation (ms)","KPI from->to",120,6

Metric,"Pair Name",Timestamp,Value
MOS,"KPI from->to",2,4.37
MOS,"KPI from->to",4,3.5
MOS,"KPI from->to",6,4.37
MOS,"KPI from->to",8,4.37
MOS,"KPI from->to",10,4.37
MOS,"KPI from->to",12,4.37
MOS,"KPI from->to",14,4.37
MOS,"KPI from->to",16,4.37
MOS,"KPI from->to",18,4.37
MOS,"KPI from->to",20,2.39
MOS,"KPI from->to",22,1
MOS,"KPI from->to",24,1
MOS,"KPI from->to",26,1
MOS,"KPI from->to",28,1.51
MOS,"KPI from->to",30,4.37
MOS,"KPI from->to",32,4.37
MOS,"KPI from->to",34,4.37
MOS,"KPI from->to",36,4.37
MOS,"KPI from->to",38,3.49
MOS,"KPI from->to",40,4.37
MOS,"KPI from->to",42,4.37
MOS,"KPI from->to",44,4.37
MOS,"KPI from->to",46,4.37
MOS,"KPI from->to",48,4.37
MOS,"KPI from->to",50,3.49
MOS,"KPI from->to",52,4.37
MOS,"KPI from->to",54,2.2
MOS,"KPI from->to",56,1
MOS,"KPI from->to",58,1.87
MOS,"KPI from->to",60,3.51
MOS,"KPI from->to",62,4.37
MOS,"KPI from->to",64,4.37
MOS,"KPI from->to",66,4.37
MOS,"KPI from->to",68,4.37
MOS,"KPI from->to",70,4.37
MOS,"KPI from->to",72,3.5
MOS,"KPI from->to",74,4.37
MOS,"KPI from->to",76,4.37
MOS,"KPI from->to",78,4.37
MOS,"KPI from->to",80,4.37
MOS,"KPI from->to",82,3.5
MOS,"KPI from->to",84,4.37
MOS,"KPI from->to",86,4.37
MOS,"KPI from->to",88,4.37
MOS,"KPI from->to",90,4.37
MOS,"KPI from->to",92,4.37
MOS,"KPI from->to",94,3.5
MOS,"KPI from->to",96,4.37
MOS,"KPI from->to",98,4.37
MOS,"KPI from->to",100,4.37

Metric,"Pair Name",Timestamp,Value
MOS,"KPI from->to",102,4.37
MOS,"KPI from->to",104,4.37
MOS,"KPI from->to",106,3.5
MOS,"KPI from->to",108,4.37
MOS,"KPI from->to",110,4.37
MOS,"KPI from->to",112,4.37
MOS,"KPI from->to",114,4.37
MOS,"KPI from->to",116,3.49
MOS,"KPI from->to",118,4.37
MOS,"KPI from->to",120,4.37

Metric,"Pair Name",Timestamp,Value
"Delay (ms)","KPI from->to",102,1
"Delay (ms)","KPI from->to",104,1
"Delay (ms)","KPI from->to",106,2
"Delay (ms)","KPI from->to",108,1
"Delay (ms)","KPI from->to",110,2
"Delay (ms)","KPI from->to",112,2
"Delay (ms)","KPI from->to",114,2
"Delay (ms)","KPI from->to",116,2
"Delay (ms)","KPI from->to",118,1
"Delay (ms)","KPI from->to",120,1

Metric,"Pair Name",Timestamp,Value
"Jitter (ms)","KPI from->to",102,0
"Jitter (ms)","KPI from->to",104,0
"Jitter (ms)","KPI from->to",106,0
"Jitter (ms)","KPI from->to",108,0
"Jitter (ms)","KPI from->to",110,0
"Jitter (ms)","KPI from->to",112,0
"Jitter (ms)","KPI from->to",114,0
"Jitter (ms)","KPI from->to",116,1
"Jitter (ms)","KPI from->to",118,0
"Jitter (ms)","KPI from->to",120,1

Metric,"Pair Name",Timestamp,Value
Loss,"KPI from->to",102,0
Loss,"KPI from->to",104,0
Loss,"KPI from->to",106,0
Loss,"KPI from->to",108,0
Loss,"KPI from->to",110,0
Loss,"KPI from->to",112,0
Loss,"KPI from->to",114,0
Loss,"KPI from->to",116,0
Loss,"KPI from->to",118,0
Loss,"KPI from->to",120,0


