"Test Information",Value
"RUN ID",499
"END EXECUTION TIME","2021-05-14 15:26:20"
"SOURCE PROBE NAME",raspberrypi-AAS
"SOURCE PROBE TEST IP ADDRESS",raspberrypi-AAS
"SOURCE PROBE MANAGEMENT IP ADDRESS",raspberrypi-AAS
"SOURCE PROBE GROUP",Administrators
"DESTINATION PROBE NAME",raspberrypi-5G
"DESTINATION PROBE TEST IP ADDRESS",raspberrypi-5G
"DESTINATION PROBE MANAGEMENT IP ADDRESS",raspberrypi-5G
"DESTINATION PROBE GROUP",Administrators
"DESTINATION PROBE LOCATION",
"TEST MODULE",MESH
"TEST TYPE","Network KPI"
"TEST ADDITIONAL INFORMATION"," DSCP Setting: Best Effort"
"TEST DURATION",120
"TEST STATUS",Failed
"FAIL OR ERROR REASON"," Threshold failed on KPI from->to Max Delay Variation (ms) 
"

Metric,"Pair Name",Value,"Threshold Type",Threshold,"Status KPI"
"Datagrams Out of Order","KPI from->to",0.0,0,>=,Passed
"Delay (ms)","KPI from->to",11.62,0,<=,Passed
"Jitter (ms)","KPI from->to",1.12,0,<=,Passed
"Jitter Max (ms)","KPI from->to",4.0,0,<=,Passed
Loss,"KPI from->to",0.0,0,<=,Passed
"Max Delay Variation (ms)","KPI from->to",44.0,0,<=,Failed
"Max loss burst","KPI from->to",0.0,0,<=,Passed
MOS,"KPI from->to",4.36,1,<=,Passed

Metric,"Pair Name",Timestamp,Value
"Delay (ms)","KPI from->to",2,12
"Delay (ms)","KPI from->to",4,11
"Delay (ms)","KPI from->to",6,11
"Delay (ms)","KPI from->to",8,12
"Delay (ms)","KPI from->to",10,11
"Delay (ms)","KPI from->to",12,10
"Delay (ms)","KPI from->to",14,10
"Delay (ms)","KPI from->to",16,10
"Delay (ms)","KPI from->to",18,12
"Delay (ms)","KPI from->to",20,13
"Delay (ms)","KPI from->to",22,13
"Delay (ms)","KPI from->to",24,13
"Delay (ms)","KPI from->to",26,13
"Delay (ms)","KPI from->to",28,13
"Delay (ms)","KPI from->to",30,13
"Delay (ms)","KPI from->to",32,12
"Delay (ms)","KPI from->to",34,11
"Delay (ms)","KPI from->to",36,11
"Delay (ms)","KPI from->to",38,11
"Delay (ms)","KPI from->to",40,10
"Delay (ms)","KPI from->to",42,10
"Delay (ms)","KPI from->to",44,10
"Delay (ms)","KPI from->to",46,10
"Delay (ms)","KPI from->to",48,10
"Delay (ms)","KPI from->to",50,10
"Delay (ms)","KPI from->to",52,10
"Delay (ms)","KPI from->to",54,10
"Delay (ms)","KPI from->to",56,11
"Delay (ms)","KPI from->to",58,10
"Delay (ms)","KPI from->to",60,10
"Delay (ms)","KPI from->to",62,10
"Delay (ms)","KPI from->to",64,10
"Delay (ms)","KPI from->to",66,11
"Delay (ms)","KPI from->to",68,11
"Delay (ms)","KPI from->to",70,14
"Delay (ms)","KPI from->to",72,13
"Delay (ms)","KPI from->to",74,14
"Delay (ms)","KPI from->to",76,14
"Delay (ms)","KPI from->to",78,13
"Delay (ms)","KPI from->to",80,13
"Delay (ms)","KPI from->to",82,13
"Delay (ms)","KPI from->to",84,13
"Delay (ms)","KPI from->to",86,13
"Delay (ms)","KPI from->to",88,13
"Delay (ms)","KPI from->to",90,12
"Delay (ms)","KPI from->to",92,13
"Delay (ms)","KPI from->to",94,13
"Delay (ms)","KPI from->to",96,12
"Delay (ms)","KPI from->to",98,12
"Delay (ms)","KPI from->to",100,12

Metric,"Pair Name",Timestamp,Value
"Delay (ms)","KPI from->to",102,12
"Delay (ms)","KPI from->to",104,13
"Delay (ms)","KPI from->to",106,12
"Delay (ms)","KPI from->to",108,12
"Delay (ms)","KPI from->to",110,11
"Delay (ms)","KPI from->to",112,11
"Delay (ms)","KPI from->to",114,11
"Delay (ms)","KPI from->to",116,11
"Delay (ms)","KPI from->to",118,11
"Delay (ms)","KPI from->to",120,11

Metric,"Pair Name",Timestamp,Value
"Jitter (ms)","KPI from->to",102,1
"Jitter (ms)","KPI from->to",104,3
"Jitter (ms)","KPI from->to",106,1
"Jitter (ms)","KPI from->to",108,1
"Jitter (ms)","KPI from->to",110,0
"Jitter (ms)","KPI from->to",112,0
"Jitter (ms)","KPI from->to",114,1
"Jitter (ms)","KPI from->to",116,0
"Jitter (ms)","KPI from->to",118,1
"Jitter (ms)","KPI from->to",120,2

Metric,"Pair Name",Timestamp,Value
Loss,"KPI from->to",2,0
Loss,"KPI from->to",4,0
Loss,"KPI from->to",6,0
Loss,"KPI from->to",8,0
Loss,"KPI from->to",10,0
Loss,"KPI from->to",12,0
Loss,"KPI from->to",14,0
Loss,"KPI from->to",16,0
Loss,"KPI from->to",18,0
Loss,"KPI from->to",20,0
Loss,"KPI from->to",22,0
Loss,"KPI from->to",24,0
Loss,"KPI from->to",26,0
Loss,"KPI from->to",28,0
Loss,"KPI from->to",30,0
Loss,"KPI from->to",32,0
Loss,"KPI from->to",34,0
Loss,"KPI from->to",36,0
Loss,"KPI from->to",38,0
Loss,"KPI from->to",40,0
Loss,"KPI from->to",42,0
Loss,"KPI from->to",44,0
Loss,"KPI from->to",46,0
Loss,"KPI from->to",48,0
Loss,"KPI from->to",50,0
Loss,"KPI from->to",52,0
Loss,"KPI from->to",54,0
Loss,"KPI from->to",56,0
Loss,"KPI from->to",58,0
Loss,"KPI from->to",60,0
Loss,"KPI from->to",62,0
Loss,"KPI from->to",64,0
Loss,"KPI from->to",66,0
Loss,"KPI from->to",68,0
Loss,"KPI from->to",70,0
Loss,"KPI from->to",72,0
Loss,"KPI from->to",74,0
Loss,"KPI from->to",76,0
Loss,"KPI from->to",78,0
Loss,"KPI from->to",80,0
Loss,"KPI from->to",82,0
Loss,"KPI from->to",84,0
Loss,"KPI from->to",86,0
Loss,"KPI from->to",88,0
Loss,"KPI from->to",90,0
Loss,"KPI from->to",92,0
Loss,"KPI from->to",94,0
Loss,"KPI from->to",96,0
Loss,"KPI from->to",98,0
Loss,"KPI from->to",100,0

Metric,"Pair Name",Timestamp,Value
"Jitter (ms)","KPI from->to",2,1
"Jitter (ms)","KPI from->to",4,3
"Jitter (ms)","KPI from->to",6,1
"Jitter (ms)","KPI from->to",8,1
"Jitter (ms)","KPI from->to",10,0
"Jitter (ms)","KPI from->to",12,0
"Jitter (ms)","KPI from->to",14,2
"Jitter (ms)","KPI from->to",16,1
"Jitter (ms)","KPI from->to",18,1
"Jitter (ms)","KPI from->to",20,1
"Jitter (ms)","KPI from->to",22,1
"Jitter (ms)","KPI from->to",24,1
"Jitter (ms)","KPI from->to",26,1
"Jitter (ms)","KPI from->to",28,1
"Jitter (ms)","KPI from->to",30,1
"Jitter (ms)","KPI from->to",32,1
"Jitter (ms)","KPI from->to",34,2
"Jitter (ms)","KPI from->to",36,4
"Jitter (ms)","KPI from->to",38,1
"Jitter (ms)","KPI from->to",40,1
"Jitter (ms)","KPI from->to",42,1
"Jitter (ms)","KPI from->to",44,1
"Jitter (ms)","KPI from->to",46,1
"Jitter (ms)","KPI from->to",48,2
"Jitter (ms)","KPI from->to",50,1
"Jitter (ms)","KPI from->to",52,0
"Jitter (ms)","KPI from->to",54,1
"Jitter (ms)","KPI from->to",56,2
"Jitter (ms)","KPI from->to",58,1
"Jitter (ms)","KPI from->to",60,1
"Jitter (ms)","KPI from->to",62,1
"Jitter (ms)","KPI from->to",64,1
"Jitter (ms)","KPI from->to",66,2
"Jitter (ms)","KPI from->to",68,1
"Jitter (ms)","KPI from->to",70,1
"Jitter (ms)","KPI from->to",72,2
"Jitter (ms)","KPI from->to",74,2
"Jitter (ms)","KPI from->to",76,2
"Jitter (ms)","KPI from->to",78,0
"Jitter (ms)","KPI from->to",80,0
"Jitter (ms)","KPI from->to",82,1
"Jitter (ms)","KPI from->to",84,1
"Jitter (ms)","KPI from->to",86,1
"Jitter (ms)","KPI from->to",88,1
"Jitter (ms)","KPI from->to",90,0
"Jitter (ms)","KPI from->to",92,1
"Jitter (ms)","KPI from->to",94,1
"Jitter (ms)","KPI from->to",96,1
"Jitter (ms)","KPI from->to",98,1
"Jitter (ms)","KPI from->to",100,1

Metric,"Pair Name",Timestamp,Value
MOS,"KPI from->to",2,4.37
MOS,"KPI from->to",4,4.37
MOS,"KPI from->to",6,4.37
MOS,"KPI from->to",8,4.37
MOS,"KPI from->to",10,4.37
MOS,"KPI from->to",12,4.37
MOS,"KPI from->to",14,4.37
MOS,"KPI from->to",16,4.37
MOS,"KPI from->to",18,4.37
MOS,"KPI from->to",20,4.37
MOS,"KPI from->to",22,4.37
MOS,"KPI from->to",24,4.37
MOS,"KPI from->to",26,4.37
MOS,"KPI from->to",28,4.37
MOS,"KPI from->to",30,4.37
MOS,"KPI from->to",32,4.37
MOS,"KPI from->to",34,4.37
MOS,"KPI from->to",36,4.37
MOS,"KPI from->to",38,3.49
MOS,"KPI from->to",40,4.37
MOS,"KPI from->to",42,4.37
MOS,"KPI from->to",44,4.37
MOS,"KPI from->to",46,4.37
MOS,"KPI from->to",48,4.37
MOS,"KPI from->to",50,4.37
MOS,"KPI from->to",52,4.37
MOS,"KPI from->to",54,4.37
MOS,"KPI from->to",56,4.37
MOS,"KPI from->to",58,4.37
MOS,"KPI from->to",60,4.37
MOS,"KPI from->to",62,4.37
MOS,"KPI from->to",64,4.37
MOS,"KPI from->to",66,4.37
MOS,"KPI from->to",68,4.37
MOS,"KPI from->to",70,4.37
MOS,"KPI from->to",72,4.37
MOS,"KPI from->to",74,4.37
MOS,"KPI from->to",76,4.37
MOS,"KPI from->to",78,4.37
MOS,"KPI from->to",80,4.37
MOS,"KPI from->to",82,4.37
MOS,"KPI from->to",84,4.37
MOS,"KPI from->to",86,4.37
MOS,"KPI from->to",88,4.37
MOS,"KPI from->to",90,4.37
MOS,"KPI from->to",92,4.37
MOS,"KPI from->to",94,4.37
MOS,"KPI from->to",96,4.37
MOS,"KPI from->to",98,4.37
MOS,"KPI from->to",100,4.37

Metric,"Pair Name",Timestamp,Value
MOS,"KPI from->to",102,4.37
MOS,"KPI from->to",104,4.37
MOS,"KPI from->to",106,4.37
MOS,"KPI from->to",108,4.37
MOS,"KPI from->to",110,4.37
MOS,"KPI from->to",112,4.37
MOS,"KPI from->to",114,4.37
MOS,"KPI from->to",116,4.37
MOS,"KPI from->to",118,4.37
MOS,"KPI from->to",120,4.37

Metric,"Pair Name",Timestamp,Value
Loss,"KPI from->to",102,0
Loss,"KPI from->to",104,0
Loss,"KPI from->to",106,0
Loss,"KPI from->to",108,0
Loss,"KPI from->to",110,0
Loss,"KPI from->to",112,0
Loss,"KPI from->to",114,0
Loss,"KPI from->to",116,0
Loss,"KPI from->to",118,0
Loss,"KPI from->to",120,0

Metric,"Pair Name",Timestamp,Value
"Max Delay Variation (ms)","KPI from->to",2,32
"Max Delay Variation (ms)","KPI from->to",4,37
"Max Delay Variation (ms)","KPI from->to",6,20
"Max Delay Variation (ms)","KPI from->to",8,36
"Max Delay Variation (ms)","KPI from->to",10,38
"Max Delay Variation (ms)","KPI from->to",12,7
"Max Delay Variation (ms)","KPI from->to",14,7
"Max Delay Variation (ms)","KPI from->to",16,7
"Max Delay Variation (ms)","KPI from->to",18,7
"Max Delay Variation (ms)","KPI from->to",20,7
"Max Delay Variation (ms)","KPI from->to",22,7
"Max Delay Variation (ms)","KPI from->to",24,7
"Max Delay Variation (ms)","KPI from->to",26,7
"Max Delay Variation (ms)","KPI from->to",28,8
"Max Delay Variation (ms)","KPI from->to",30,7
"Max Delay Variation (ms)","KPI from->to",32,7
"Max Delay Variation (ms)","KPI from->to",34,8
"Max Delay Variation (ms)","KPI from->to",36,36
"Max Delay Variation (ms)","KPI from->to",38,44
"Max Delay Variation (ms)","KPI from->to",40,11
"Max Delay Variation (ms)","KPI from->to",42,7
"Max Delay Variation (ms)","KPI from->to",44,9
"Max Delay Variation (ms)","KPI from->to",46,8
"Max Delay Variation (ms)","KPI from->to",48,7
"Max Delay Variation (ms)","KPI from->to",50,7
"Max Delay Variation (ms)","KPI from->to",52,7
"Max Delay Variation (ms)","KPI from->to",54,7
"Max Delay Variation (ms)","KPI from->to",56,15
"Max Delay Variation (ms)","KPI from->to",58,14
"Max Delay Variation (ms)","KPI from->to",60,14
"Max Delay Variation (ms)","KPI from->to",62,18
"Max Delay Variation (ms)","KPI from->to",64,11
"Max Delay Variation (ms)","KPI from->to",66,13
"Max Delay Variation (ms)","KPI from->to",68,17
"Max Delay Variation (ms)","KPI from->to",70,36
"Max Delay Variation (ms)","KPI from->to",72,8
"Max Delay Variation (ms)","KPI from->to",74,22
"Max Delay Variation (ms)","KPI from->to",76,30
"Max Delay Variation (ms)","KPI from->to",78,7
"Max Delay Variation (ms)","KPI from->to",80,7
"Max Delay Variation (ms)","KPI from->to",82,7
"Max Delay Variation (ms)","KPI from->to",84,7
"Max Delay Variation (ms)","KPI from->to",86,8
"Max Delay Variation (ms)","KPI from->to",88,11
"Max Delay Variation (ms)","KPI from->to",90,7
"Max Delay Variation (ms)","KPI from->to",92,40
"Max Delay Variation (ms)","KPI from->to",94,36
"Max Delay Variation (ms)","KPI from->to",96,9
"Max Delay Variation (ms)","KPI from->to",98,10
"Max Delay Variation (ms)","KPI from->to",100,8

Metric,"Pair Name",Timestamp,Value
"Max Delay Variation (ms)","KPI from->to",102,8
"Max Delay Variation (ms)","KPI from->to",104,38
"Max Delay Variation (ms)","KPI from->to",106,7
"Max Delay Variation (ms)","KPI from->to",108,7
"Max Delay Variation (ms)","KPI from->to",110,9
"Max Delay Variation (ms)","KPI from->to",112,8
"Max Delay Variation (ms)","KPI from->to",114,6
"Max Delay Variation (ms)","KPI from->to",116,7
"Max Delay Variation (ms)","KPI from->to",118,7
"Max Delay Variation (ms)","KPI from->to",120,7


