"Test Information",Value
"RUN ID",499
"END EXECUTION TIME","2021-05-14 15:46:20"
"SOURCE PROBE NAME",raspberrypi-5G
"SOURCE PROBE TEST IP ADDRESS",raspberrypi-5G
"SOURCE PROBE MANAGEMENT IP ADDRESS",raspberrypi-5G
"SOURCE PROBE GROUP",Administrators
"DESTINATION PROBE NAME",raspberrypi-AAS
"DESTINATION PROBE TEST IP ADDRESS",raspberrypi-AAS
"DESTINATION PROBE MANAGEMENT IP ADDRESS",raspberrypi-AAS
"DESTINATION PROBE GROUP",Administrators
"DESTINATION PROBE LOCATION",
"TEST MODULE",MESH
"TEST TYPE","Network KPI"
"TEST ADDITIONAL INFORMATION"," DSCP Setting: Best Effort"
"TEST DURATION",120
"TEST STATUS",Failed
"FAIL OR ERROR REASON"," Threshold failed on KPI from->to Jitter Max (ms) 
"

Metric,"Pair Name",Value,"Threshold Type",Threshold,"Status KPI"
"Datagrams Out of Order","KPI from->to",0.0,0,>=,Passed
"Delay (ms)","KPI from->to",15.27,0,<=,Passed
"Jitter (ms)","KPI from->to",0.33,0,<=,Passed
"Jitter Max (ms)","KPI from->to",7.0,0,<=,Failed
Loss,"KPI from->to",0.0,0,<=,Passed
"Max Delay Variation (ms)","KPI from->to",20.0,0,<=,Passed
"Max loss burst","KPI from->to",0.0,0,<=,Passed
MOS,"KPI from->to",4.37,1,<=,Passed

Metric,"Pair Name",Timestamp,Value
"Delay (ms)","KPI from->to",102,14
"Delay (ms)","KPI from->to",104,15
"Delay (ms)","KPI from->to",106,14
"Delay (ms)","KPI from->to",108,14
"Delay (ms)","KPI from->to",110,14
"Delay (ms)","KPI from->to",112,16
"Delay (ms)","KPI from->to",114,15
"Delay (ms)","KPI from->to",116,15
"Delay (ms)","KPI from->to",118,15
"Delay (ms)","KPI from->to",120,17

Metric,"Pair Name",Timestamp,Value
"Jitter (ms)","KPI from->to",102,0
"Jitter (ms)","KPI from->to",104,0
"Jitter (ms)","KPI from->to",106,0
"Jitter (ms)","KPI from->to",108,0
"Jitter (ms)","KPI from->to",110,0
"Jitter (ms)","KPI from->to",112,0
"Jitter (ms)","KPI from->to",114,1
"Jitter (ms)","KPI from->to",116,0
"Jitter (ms)","KPI from->to",118,0
"Jitter (ms)","KPI from->to",120,0

Metric,"Pair Name",Timestamp,Value
"Delay (ms)","KPI from->to",2,15
"Delay (ms)","KPI from->to",4,15
"Delay (ms)","KPI from->to",6,14
"Delay (ms)","KPI from->to",8,14
"Delay (ms)","KPI from->to",10,15
"Delay (ms)","KPI from->to",12,17
"Delay (ms)","KPI from->to",14,16
"Delay (ms)","KPI from->to",16,14
"Delay (ms)","KPI from->to",18,14
"Delay (ms)","KPI from->to",20,14
"Delay (ms)","KPI from->to",22,14
"Delay (ms)","KPI from->to",24,16
"Delay (ms)","KPI from->to",26,16
"Delay (ms)","KPI from->to",28,15
"Delay (ms)","KPI from->to",30,15
"Delay (ms)","KPI from->to",32,15
"Delay (ms)","KPI from->to",34,15
"Delay (ms)","KPI from->to",36,6
"Delay (ms)","KPI from->to",38,8
"Delay (ms)","KPI from->to",40,16
"Delay (ms)","KPI from->to",42,16
"Delay (ms)","KPI from->to",44,14
"Delay (ms)","KPI from->to",46,14
"Delay (ms)","KPI from->to",48,13
"Delay (ms)","KPI from->to",50,15
"Delay (ms)","KPI from->to",52,21
"Delay (ms)","KPI from->to",54,20
"Delay (ms)","KPI from->to",56,17
"Delay (ms)","KPI from->to",58,16
"Delay (ms)","KPI from->to",60,14
"Delay (ms)","KPI from->to",62,15
"Delay (ms)","KPI from->to",64,17
"Delay (ms)","KPI from->to",66,16
"Delay (ms)","KPI from->to",68,14
"Delay (ms)","KPI from->to",70,14
"Delay (ms)","KPI from->to",72,18
"Delay (ms)","KPI from->to",74,18
"Delay (ms)","KPI from->to",76,18
"Delay (ms)","KPI from->to",78,17
"Delay (ms)","KPI from->to",80,17
"Delay (ms)","KPI from->to",82,16
"Delay (ms)","KPI from->to",84,17
"Delay (ms)","KPI from->to",86,16
"Delay (ms)","KPI from->to",88,17
"Delay (ms)","KPI from->to",90,16
"Delay (ms)","KPI from->to",92,15
"Delay (ms)","KPI from->to",94,15
"Delay (ms)","KPI from->to",96,17
"Delay (ms)","KPI from->to",98,16
"Delay (ms)","KPI from->to",100,14

Metric,"Pair Name",Timestamp,Value
"Jitter (ms)","KPI from->to",2,0
"Jitter (ms)","KPI from->to",4,0
"Jitter (ms)","KPI from->to",6,0
"Jitter (ms)","KPI from->to",8,0
"Jitter (ms)","KPI from->to",10,0
"Jitter (ms)","KPI from->to",12,0
"Jitter (ms)","KPI from->to",14,0
"Jitter (ms)","KPI from->to",16,0
"Jitter (ms)","KPI from->to",18,0
"Jitter (ms)","KPI from->to",20,0
"Jitter (ms)","KPI from->to",22,0
"Jitter (ms)","KPI from->to",24,0
"Jitter (ms)","KPI from->to",26,0
"Jitter (ms)","KPI from->to",28,0
"Jitter (ms)","KPI from->to",30,0
"Jitter (ms)","KPI from->to",32,0
"Jitter (ms)","KPI from->to",34,7
"Jitter (ms)","KPI from->to",36,0
"Jitter (ms)","KPI from->to",38,0
"Jitter (ms)","KPI from->to",40,0
"Jitter (ms)","KPI from->to",42,0
"Jitter (ms)","KPI from->to",44,0
"Jitter (ms)","KPI from->to",46,0
"Jitter (ms)","KPI from->to",48,0
"Jitter (ms)","KPI from->to",50,0
"Jitter (ms)","KPI from->to",52,0
"Jitter (ms)","KPI from->to",54,0
"Jitter (ms)","KPI from->to",56,1
"Jitter (ms)","KPI from->to",58,0
"Jitter (ms)","KPI from->to",60,1
"Jitter (ms)","KPI from->to",62,1
"Jitter (ms)","KPI from->to",64,1
"Jitter (ms)","KPI from->to",66,1
"Jitter (ms)","KPI from->to",68,0
"Jitter (ms)","KPI from->to",70,0
"Jitter (ms)","KPI from->to",72,2
"Jitter (ms)","KPI from->to",74,1
"Jitter (ms)","KPI from->to",76,2
"Jitter (ms)","KPI from->to",78,1
"Jitter (ms)","KPI from->to",80,0
"Jitter (ms)","KPI from->to",82,0
"Jitter (ms)","KPI from->to",84,0
"Jitter (ms)","KPI from->to",86,0
"Jitter (ms)","KPI from->to",88,0
"Jitter (ms)","KPI from->to",90,0
"Jitter (ms)","KPI from->to",92,0
"Jitter (ms)","KPI from->to",94,0
"Jitter (ms)","KPI from->to",96,1
"Jitter (ms)","KPI from->to",98,0
"Jitter (ms)","KPI from->to",100,0

Metric,"Pair Name",Timestamp,Value
"Max Delay Variation (ms)","KPI from->to",2,2
"Max Delay Variation (ms)","KPI from->to",4,2
"Max Delay Variation (ms)","KPI from->to",6,3
"Max Delay Variation (ms)","KPI from->to",8,3
"Max Delay Variation (ms)","KPI from->to",10,3
"Max Delay Variation (ms)","KPI from->to",12,3
"Max Delay Variation (ms)","KPI from->to",14,3
"Max Delay Variation (ms)","KPI from->to",16,3
"Max Delay Variation (ms)","KPI from->to",18,4
"Max Delay Variation (ms)","KPI from->to",20,3
"Max Delay Variation (ms)","KPI from->to",22,3
"Max Delay Variation (ms)","KPI from->to",24,3
"Max Delay Variation (ms)","KPI from->to",26,3
"Max Delay Variation (ms)","KPI from->to",28,3
"Max Delay Variation (ms)","KPI from->to",30,3
"Max Delay Variation (ms)","KPI from->to",32,3
"Max Delay Variation (ms)","KPI from->to",34,15
"Max Delay Variation (ms)","KPI from->to",36,5
"Max Delay Variation (ms)","KPI from->to",38,3
"Max Delay Variation (ms)","KPI from->to",40,3
"Max Delay Variation (ms)","KPI from->to",42,3
"Max Delay Variation (ms)","KPI from->to",44,3
"Max Delay Variation (ms)","KPI from->to",46,4
"Max Delay Variation (ms)","KPI from->to",48,3
"Max Delay Variation (ms)","KPI from->to",50,3
"Max Delay Variation (ms)","KPI from->to",52,3
"Max Delay Variation (ms)","KPI from->to",54,3
"Max Delay Variation (ms)","KPI from->to",56,9
"Max Delay Variation (ms)","KPI from->to",58,6
"Max Delay Variation (ms)","KPI from->to",60,15
"Max Delay Variation (ms)","KPI from->to",62,15
"Max Delay Variation (ms)","KPI from->to",64,19
"Max Delay Variation (ms)","KPI from->to",66,10
"Max Delay Variation (ms)","KPI from->to",68,8
"Max Delay Variation (ms)","KPI from->to",70,4
"Max Delay Variation (ms)","KPI from->to",72,13
"Max Delay Variation (ms)","KPI from->to",74,19
"Max Delay Variation (ms)","KPI from->to",76,20
"Max Delay Variation (ms)","KPI from->to",78,11
"Max Delay Variation (ms)","KPI from->to",80,13
"Max Delay Variation (ms)","KPI from->to",82,3
"Max Delay Variation (ms)","KPI from->to",84,5
"Max Delay Variation (ms)","KPI from->to",86,4
"Max Delay Variation (ms)","KPI from->to",88,3
"Max Delay Variation (ms)","KPI from->to",90,3
"Max Delay Variation (ms)","KPI from->to",92,3
"Max Delay Variation (ms)","KPI from->to",94,3
"Max Delay Variation (ms)","KPI from->to",96,4
"Max Delay Variation (ms)","KPI from->to",98,3
"Max Delay Variation (ms)","KPI from->to",100,3

Metric,"Pair Name",Timestamp,Value
"Max Delay Variation (ms)","KPI from->to",102,3
"Max Delay Variation (ms)","KPI from->to",104,3
"Max Delay Variation (ms)","KPI from->to",106,3
"Max Delay Variation (ms)","KPI from->to",108,3
"Max Delay Variation (ms)","KPI from->to",110,2
"Max Delay Variation (ms)","KPI from->to",112,2
"Max Delay Variation (ms)","KPI from->to",114,5
"Max Delay Variation (ms)","KPI from->to",116,3
"Max Delay Variation (ms)","KPI from->to",118,3
"Max Delay Variation (ms)","KPI from->to",120,4

Metric,"Pair Name",Timestamp,Value
MOS,"KPI from->to",102,4.37
MOS,"KPI from->to",104,4.37
MOS,"KPI from->to",106,4.37
MOS,"KPI from->to",108,4.37
MOS,"KPI from->to",110,4.37
MOS,"KPI from->to",112,4.37
MOS,"KPI from->to",114,4.37
MOS,"KPI from->to",116,4.37
MOS,"KPI from->to",118,4.37
MOS,"KPI from->to",120,4.37

Metric,"Pair Name",Timestamp,Value
Loss,"KPI from->to",2,0
Loss,"KPI from->to",4,0
Loss,"KPI from->to",6,0
Loss,"KPI from->to",8,0
Loss,"KPI from->to",10,0
Loss,"KPI from->to",12,0
Loss,"KPI from->to",14,0
Loss,"KPI from->to",16,0
Loss,"KPI from->to",18,0
Loss,"KPI from->to",20,0
Loss,"KPI from->to",22,0
Loss,"KPI from->to",24,0
Loss,"KPI from->to",26,0
Loss,"KPI from->to",28,0
Loss,"KPI from->to",30,0
Loss,"KPI from->to",32,0
Loss,"KPI from->to",34,0
Loss,"KPI from->to",36,0
Loss,"KPI from->to",38,0
Loss,"KPI from->to",40,0
Loss,"KPI from->to",42,0
Loss,"KPI from->to",44,0
Loss,"KPI from->to",46,0
Loss,"KPI from->to",48,0
Loss,"KPI from->to",50,0
Loss,"KPI from->to",52,0
Loss,"KPI from->to",54,0
Loss,"KPI from->to",56,0
Loss,"KPI from->to",58,0
Loss,"KPI from->to",60,0
Loss,"KPI from->to",62,0
Loss,"KPI from->to",64,0
Loss,"KPI from->to",66,0
Loss,"KPI from->to",68,0
Loss,"KPI from->to",70,0
Loss,"KPI from->to",72,0
Loss,"KPI from->to",74,0
Loss,"KPI from->to",76,0
Loss,"KPI from->to",78,0
Loss,"KPI from->to",80,0
Loss,"KPI from->to",82,0
Loss,"KPI from->to",84,0
Loss,"KPI from->to",86,0
Loss,"KPI from->to",88,0
Loss,"KPI from->to",90,0
Loss,"KPI from->to",92,0
Loss,"KPI from->to",94,0
Loss,"KPI from->to",96,0
Loss,"KPI from->to",98,0
Loss,"KPI from->to",100,0

Metric,"Pair Name",Timestamp,Value
Loss,"KPI from->to",102,0
Loss,"KPI from->to",104,0
Loss,"KPI from->to",106,0
Loss,"KPI from->to",108,0
Loss,"KPI from->to",110,0
Loss,"KPI from->to",112,0
Loss,"KPI from->to",114,0
Loss,"KPI from->to",116,0
Loss,"KPI from->to",118,0
Loss,"KPI from->to",120,0

Metric,"Pair Name",Timestamp,Value
MOS,"KPI from->to",2,4.37
MOS,"KPI from->to",4,4.37
MOS,"KPI from->to",6,4.37
MOS,"KPI from->to",8,4.37
MOS,"KPI from->to",10,4.37
MOS,"KPI from->to",12,4.37
MOS,"KPI from->to",14,4.37
MOS,"KPI from->to",16,4.37
MOS,"KPI from->to",18,4.37
MOS,"KPI from->to",20,4.37
MOS,"KPI from->to",22,4.37
MOS,"KPI from->to",24,4.37
MOS,"KPI from->to",26,4.37
MOS,"KPI from->to",28,4.37
MOS,"KPI from->to",30,4.37
MOS,"KPI from->to",32,4.37
MOS,"KPI from->to",34,4.37
MOS,"KPI from->to",36,4.37
MOS,"KPI from->to",38,4.37
MOS,"KPI from->to",40,4.37
MOS,"KPI from->to",42,4.37
MOS,"KPI from->to",44,4.37
MOS,"KPI from->to",46,4.37
MOS,"KPI from->to",48,4.37
MOS,"KPI from->to",50,4.37
MOS,"KPI from->to",52,4.36
MOS,"KPI from->to",54,4.36
MOS,"KPI from->to",56,4.37
MOS,"KPI from->to",58,4.37
MOS,"KPI from->to",60,4.37
MOS,"KPI from->to",62,4.37
MOS,"KPI from->to",64,4.37
MOS,"KPI from->to",66,4.37
MOS,"KPI from->to",68,4.37
MOS,"KPI from->to",70,4.37
MOS,"KPI from->to",72,4.36
MOS,"KPI from->to",74,4.36
MOS,"KPI from->to",76,4.36
MOS,"KPI from->to",78,4.37
MOS,"KPI from->to",80,4.37
MOS,"KPI from->to",82,4.37
MOS,"KPI from->to",84,4.37
MOS,"KPI from->to",86,4.37
MOS,"KPI from->to",88,4.37
MOS,"KPI from->to",90,4.37
MOS,"KPI from->to",92,4.37
MOS,"KPI from->to",94,4.37
MOS,"KPI from->to",96,4.37
MOS,"KPI from->to",98,4.37
MOS,"KPI from->to",100,4.37


