"Test Information",Value
"RUN ID",499
"END EXECUTION TIME","2021-05-14 15:21:52"
"SOURCE PROBE NAME",raspberrypi-AAS
"SOURCE PROBE TEST IP ADDRESS",raspberrypi-AAS
"SOURCE PROBE MANAGEMENT IP ADDRESS",raspberrypi-AAS
"SOURCE PROBE GROUP",Administrators
"DESTINATION PROBE NAME",raspberrypi-5G
"DESTINATION PROBE TEST IP ADDRESS",raspberrypi-5G
"DESTINATION PROBE MANAGEMENT IP ADDRESS",raspberrypi-5G
"DESTINATION PROBE GROUP",Administrators
"DESTINATION PROBE LOCATION",
"TEST MODULE",MESH
"TEST TYPE","Network KPI"
"TEST ADDITIONAL INFORMATION"," DSCP Setting: Best Effort"
"TEST DURATION",120
"TEST STATUS",Failed
"FAIL OR ERROR REASON"," Threshold failed on KPI from->to Max Delay Variation (ms) 
"

Metric,"Pair Name",Value,"Threshold Type",Threshold,"Status KPI"
"Datagrams Out of Order","KPI from->to",0.0,0,>=,Passed
"Delay (ms)","KPI from->to",12.12,0,<=,Passed
"Jitter (ms)","KPI from->to",1.23,0,<=,Passed
"Jitter Max (ms)","KPI from->to",5.0,0,<=,Passed
Loss,"KPI from->to",0.0,0,<=,Passed
"Max Delay Variation (ms)","KPI from->to",102.0,0,<=,Failed
"Max loss burst","KPI from->to",0.0,0,<=,Passed
MOS,"KPI from->to",4.25,1,<=,Passed

Metric,"Pair Name",Timestamp,Value
Loss,"KPI from->to",2,0
Loss,"KPI from->to",4,0
Loss,"KPI from->to",6,0
Loss,"KPI from->to",8,0
Loss,"KPI from->to",10,0
Loss,"KPI from->to",12,0
Loss,"KPI from->to",14,0
Loss,"KPI from->to",16,0
Loss,"KPI from->to",18,0
Loss,"KPI from->to",20,0
Loss,"KPI from->to",22,0
Loss,"KPI from->to",24,0
Loss,"KPI from->to",26,0
Loss,"KPI from->to",28,0
Loss,"KPI from->to",30,0
Loss,"KPI from->to",32,0
Loss,"KPI from->to",34,0
Loss,"KPI from->to",36,0
Loss,"KPI from->to",38,0
Loss,"KPI from->to",40,0
Loss,"KPI from->to",42,0
Loss,"KPI from->to",44,0
Loss,"KPI from->to",46,0
Loss,"KPI from->to",48,0
Loss,"KPI from->to",50,0
Loss,"KPI from->to",52,0
Loss,"KPI from->to",54,0
Loss,"KPI from->to",56,0
Loss,"KPI from->to",58,0
Loss,"KPI from->to",60,0
Loss,"KPI from->to",62,0
Loss,"KPI from->to",64,0
Loss,"KPI from->to",66,0
Loss,"KPI from->to",68,0
Loss,"KPI from->to",70,0
Loss,"KPI from->to",72,0
Loss,"KPI from->to",74,0
Loss,"KPI from->to",76,0
Loss,"KPI from->to",78,0
Loss,"KPI from->to",80,0
Loss,"KPI from->to",82,0
Loss,"KPI from->to",84,0
Loss,"KPI from->to",86,0
Loss,"KPI from->to",88,0
Loss,"KPI from->to",90,0
Loss,"KPI from->to",92,0
Loss,"KPI from->to",94,0
Loss,"KPI from->to",96,0
Loss,"KPI from->to",98,0
Loss,"KPI from->to",100,0

Metric,"Pair Name",Timestamp,Value
"Max Delay Variation (ms)","KPI from->to",102,44
"Max Delay Variation (ms)","KPI from->to",104,39
"Max Delay Variation (ms)","KPI from->to",106,55
"Max Delay Variation (ms)","KPI from->to",108,37
"Max Delay Variation (ms)","KPI from->to",110,38
"Max Delay Variation (ms)","KPI from->to",112,8
"Max Delay Variation (ms)","KPI from->to",114,37
"Max Delay Variation (ms)","KPI from->to",116,36
"Max Delay Variation (ms)","KPI from->to",118,37
"Max Delay Variation (ms)","KPI from->to",120,102

Metric,"Pair Name",Timestamp,Value
Loss,"KPI from->to",102,0
Loss,"KPI from->to",104,0
Loss,"KPI from->to",106,0
Loss,"KPI from->to",108,0
Loss,"KPI from->to",110,0
Loss,"KPI from->to",112,0
Loss,"KPI from->to",114,0
Loss,"KPI from->to",116,0
Loss,"KPI from->to",118,0
Loss,"KPI from->to",120,0

Metric,"Pair Name",Timestamp,Value
"Delay (ms)","KPI from->to",102,13
"Delay (ms)","KPI from->to",104,14
"Delay (ms)","KPI from->to",106,16
"Delay (ms)","KPI from->to",108,13
"Delay (ms)","KPI from->to",110,14
"Delay (ms)","KPI from->to",112,12
"Delay (ms)","KPI from->to",114,13
"Delay (ms)","KPI from->to",116,13
"Delay (ms)","KPI from->to",118,13
"Delay (ms)","KPI from->to",120,18

Metric,"Pair Name",Timestamp,Value
"Max Delay Variation (ms)","KPI from->to",2,37
"Max Delay Variation (ms)","KPI from->to",4,35
"Max Delay Variation (ms)","KPI from->to",6,7
"Max Delay Variation (ms)","KPI from->to",8,8
"Max Delay Variation (ms)","KPI from->to",10,7
"Max Delay Variation (ms)","KPI from->to",12,8
"Max Delay Variation (ms)","KPI from->to",14,7
"Max Delay Variation (ms)","KPI from->to",16,8
"Max Delay Variation (ms)","KPI from->to",18,7
"Max Delay Variation (ms)","KPI from->to",20,8
"Max Delay Variation (ms)","KPI from->to",22,44
"Max Delay Variation (ms)","KPI from->to",24,11
"Max Delay Variation (ms)","KPI from->to",26,31
"Max Delay Variation (ms)","KPI from->to",28,14
"Max Delay Variation (ms)","KPI from->to",30,8
"Max Delay Variation (ms)","KPI from->to",32,15
"Max Delay Variation (ms)","KPI from->to",34,11
"Max Delay Variation (ms)","KPI from->to",36,16
"Max Delay Variation (ms)","KPI from->to",38,7
"Max Delay Variation (ms)","KPI from->to",40,15
"Max Delay Variation (ms)","KPI from->to",42,27
"Max Delay Variation (ms)","KPI from->to",44,16
"Max Delay Variation (ms)","KPI from->to",46,8
"Max Delay Variation (ms)","KPI from->to",48,7
"Max Delay Variation (ms)","KPI from->to",50,8
"Max Delay Variation (ms)","KPI from->to",52,39
"Max Delay Variation (ms)","KPI from->to",54,8
"Max Delay Variation (ms)","KPI from->to",56,9
"Max Delay Variation (ms)","KPI from->to",58,7
"Max Delay Variation (ms)","KPI from->to",60,8
"Max Delay Variation (ms)","KPI from->to",62,8
"Max Delay Variation (ms)","KPI from->to",64,8
"Max Delay Variation (ms)","KPI from->to",66,8
"Max Delay Variation (ms)","KPI from->to",68,7
"Max Delay Variation (ms)","KPI from->to",70,6
"Max Delay Variation (ms)","KPI from->to",72,8
"Max Delay Variation (ms)","KPI from->to",74,8
"Max Delay Variation (ms)","KPI from->to",76,8
"Max Delay Variation (ms)","KPI from->to",78,9
"Max Delay Variation (ms)","KPI from->to",80,8
"Max Delay Variation (ms)","KPI from->to",82,8
"Max Delay Variation (ms)","KPI from->to",84,44
"Max Delay Variation (ms)","KPI from->to",86,8
"Max Delay Variation (ms)","KPI from->to",88,10
"Max Delay Variation (ms)","KPI from->to",90,7
"Max Delay Variation (ms)","KPI from->to",92,7
"Max Delay Variation (ms)","KPI from->to",94,37
"Max Delay Variation (ms)","KPI from->to",96,9
"Max Delay Variation (ms)","KPI from->to",98,8
"Max Delay Variation (ms)","KPI from->to",100,75

Metric,"Pair Name",Timestamp,Value
"Delay (ms)","KPI from->to",2,13
"Delay (ms)","KPI from->to",4,13
"Delay (ms)","KPI from->to",6,12
"Delay (ms)","KPI from->to",8,12
"Delay (ms)","KPI from->to",10,12
"Delay (ms)","KPI from->to",12,12
"Delay (ms)","KPI from->to",14,11
"Delay (ms)","KPI from->to",16,11
"Delay (ms)","KPI from->to",18,12
"Delay (ms)","KPI from->to",20,12
"Delay (ms)","KPI from->to",22,12
"Delay (ms)","KPI from->to",24,12
"Delay (ms)","KPI from->to",26,12
"Delay (ms)","KPI from->to",28,12
"Delay (ms)","KPI from->to",30,11
"Delay (ms)","KPI from->to",32,12
"Delay (ms)","KPI from->to",34,13
"Delay (ms)","KPI from->to",36,13
"Delay (ms)","KPI from->to",38,12
"Delay (ms)","KPI from->to",40,13
"Delay (ms)","KPI from->to",42,13
"Delay (ms)","KPI from->to",44,13
"Delay (ms)","KPI from->to",46,13
"Delay (ms)","KPI from->to",48,12
"Delay (ms)","KPI from->to",50,12
"Delay (ms)","KPI from->to",52,13
"Delay (ms)","KPI from->to",54,13
"Delay (ms)","KPI from->to",56,13
"Delay (ms)","KPI from->to",58,13
"Delay (ms)","KPI from->to",60,13
"Delay (ms)","KPI from->to",62,13
"Delay (ms)","KPI from->to",64,13
"Delay (ms)","KPI from->to",66,13
"Delay (ms)","KPI from->to",68,13
"Delay (ms)","KPI from->to",70,12
"Delay (ms)","KPI from->to",72,13
"Delay (ms)","KPI from->to",74,9
"Delay (ms)","KPI from->to",76,9
"Delay (ms)","KPI from->to",78,9
"Delay (ms)","KPI from->to",80,9
"Delay (ms)","KPI from->to",82,8
"Delay (ms)","KPI from->to",84,9
"Delay (ms)","KPI from->to",86,9
"Delay (ms)","KPI from->to",88,9
"Delay (ms)","KPI from->to",90,8
"Delay (ms)","KPI from->to",92,8
"Delay (ms)","KPI from->to",94,12
"Delay (ms)","KPI from->to",96,13
"Delay (ms)","KPI from->to",98,13
"Delay (ms)","KPI from->to",100,16

Metric,"Pair Name",Timestamp,Value
"Jitter (ms)","KPI from->to",2,2
"Jitter (ms)","KPI from->to",4,0
"Jitter (ms)","KPI from->to",6,1
"Jitter (ms)","KPI from->to",8,1
"Jitter (ms)","KPI from->to",10,2
"Jitter (ms)","KPI from->to",12,0
"Jitter (ms)","KPI from->to",14,0
"Jitter (ms)","KPI from->to",16,1
"Jitter (ms)","KPI from->to",18,0
"Jitter (ms)","KPI from->to",20,1
"Jitter (ms)","KPI from->to",22,1
"Jitter (ms)","KPI from->to",24,2
"Jitter (ms)","KPI from->to",26,1
"Jitter (ms)","KPI from->to",28,3
"Jitter (ms)","KPI from->to",30,1
"Jitter (ms)","KPI from->to",32,1
"Jitter (ms)","KPI from->to",34,1
"Jitter (ms)","KPI from->to",36,2
"Jitter (ms)","KPI from->to",38,0
"Jitter (ms)","KPI from->to",40,3
"Jitter (ms)","KPI from->to",42,1
"Jitter (ms)","KPI from->to",44,0
"Jitter (ms)","KPI from->to",46,1
"Jitter (ms)","KPI from->to",48,1
"Jitter (ms)","KPI from->to",50,1
"Jitter (ms)","KPI from->to",52,0
"Jitter (ms)","KPI from->to",54,0
"Jitter (ms)","KPI from->to",56,1
"Jitter (ms)","KPI from->to",58,1
"Jitter (ms)","KPI from->to",60,1
"Jitter (ms)","KPI from->to",62,1
"Jitter (ms)","KPI from->to",64,1
"Jitter (ms)","KPI from->to",66,1
"Jitter (ms)","KPI from->to",68,1
"Jitter (ms)","KPI from->to",70,1
"Jitter (ms)","KPI from->to",72,2
"Jitter (ms)","KPI from->to",74,1
"Jitter (ms)","KPI from->to",76,1
"Jitter (ms)","KPI from->to",78,1
"Jitter (ms)","KPI from->to",80,0
"Jitter (ms)","KPI from->to",82,0
"Jitter (ms)","KPI from->to",84,1
"Jitter (ms)","KPI from->to",86,1
"Jitter (ms)","KPI from->to",88,2
"Jitter (ms)","KPI from->to",90,1
"Jitter (ms)","KPI from->to",92,1
"Jitter (ms)","KPI from->to",94,1
"Jitter (ms)","KPI from->to",96,1
"Jitter (ms)","KPI from->to",98,1
"Jitter (ms)","KPI from->to",100,3

Metric,"Pair Name",Timestamp,Value
"Jitter (ms)","KPI from->to",102,1
"Jitter (ms)","KPI from->to",104,1
"Jitter (ms)","KPI from->to",106,3
"Jitter (ms)","KPI from->to",108,0
"Jitter (ms)","KPI from->to",110,1
"Jitter (ms)","KPI from->to",112,1
"Jitter (ms)","KPI from->to",114,4
"Jitter (ms)","KPI from->to",116,5
"Jitter (ms)","KPI from->to",118,1
"Jitter (ms)","KPI from->to",120,5

Metric,"Pair Name",Timestamp,Value
MOS,"KPI from->to",2,4.37
MOS,"KPI from->to",4,4.37
MOS,"KPI from->to",6,4.37
MOS,"KPI from->to",8,4.37
MOS,"KPI from->to",10,4.37
MOS,"KPI from->to",12,4.37
MOS,"KPI from->to",14,4.37
MOS,"KPI from->to",16,4.37
MOS,"KPI from->to",18,4.37
MOS,"KPI from->to",20,4.37
MOS,"KPI from->to",22,3.49
MOS,"KPI from->to",24,4.37
MOS,"KPI from->to",26,4.37
MOS,"KPI from->to",28,4.37
MOS,"KPI from->to",30,4.37
MOS,"KPI from->to",32,4.37
MOS,"KPI from->to",34,4.37
MOS,"KPI from->to",36,4.37
MOS,"KPI from->to",38,4.37
MOS,"KPI from->to",40,4.37
MOS,"KPI from->to",42,4.37
MOS,"KPI from->to",44,4.37
MOS,"KPI from->to",46,4.37
MOS,"KPI from->to",48,4.37
MOS,"KPI from->to",50,4.37
MOS,"KPI from->to",52,4.37
MOS,"KPI from->to",54,4.37
MOS,"KPI from->to",56,4.37
MOS,"KPI from->to",58,4.37
MOS,"KPI from->to",60,4.37
MOS,"KPI from->to",62,4.37
MOS,"KPI from->to",64,4.37
MOS,"KPI from->to",66,4.37
MOS,"KPI from->to",68,4.37
MOS,"KPI from->to",70,4.37
MOS,"KPI from->to",72,4.37
MOS,"KPI from->to",74,4.37
MOS,"KPI from->to",76,4.37
MOS,"KPI from->to",78,4.37
MOS,"KPI from->to",80,4.37
MOS,"KPI from->to",82,4.37
MOS,"KPI from->to",84,3.49
MOS,"KPI from->to",86,4.37
MOS,"KPI from->to",88,4.37
MOS,"KPI from->to",90,4.37
MOS,"KPI from->to",92,4.37
MOS,"KPI from->to",94,4.37
MOS,"KPI from->to",96,4.37
MOS,"KPI from->to",98,4.37
MOS,"KPI from->to",100,2.8

Metric,"Pair Name",Timestamp,Value
MOS,"KPI from->to",102,3.48
MOS,"KPI from->to",104,4.37
MOS,"KPI from->to",106,2.8
MOS,"KPI from->to",108,4.37
MOS,"KPI from->to",110,4.37
MOS,"KPI from->to",112,4.37
MOS,"KPI from->to",114,4.37
MOS,"KPI from->to",116,4.37
MOS,"KPI from->to",118,4.37
MOS,"KPI from->to",120,2.79


