"Test Information",Value
"RUN ID",499
"END EXECUTION TIME","2021-05-14 16:10:43"
"SOURCE PROBE NAME",raspberrypi-5G
"SOURCE PROBE TEST IP ADDRESS",raspberrypi-5G
"SOURCE PROBE MANAGEMENT IP ADDRESS",raspberrypi-5G
"SOURCE PROBE GROUP",Administrators
"DESTINATION PROBE NAME",raspberrypi-AAS
"DESTINATION PROBE TEST IP ADDRESS",raspberrypi-AAS
"DESTINATION PROBE MANAGEMENT IP ADDRESS",raspberrypi-AAS
"DESTINATION PROBE GROUP",Administrators
"DESTINATION PROBE LOCATION",
"TEST MODULE",MESH
"TEST TYPE","Network KPI"
"TEST ADDITIONAL INFORMATION"," DSCP Setting: Best Effort"
"TEST DURATION",120
"TEST STATUS",Passed
"FAIL OR ERROR REASON",

Metric,"Pair Name",Value,"Threshold Type",Threshold,"Status KPI"
"Datagrams Out of Order","KPI from->to",0.0,0,>=,Passed
"Delay (ms)","KPI from->to",15.15,0,<=,Passed
"Jitter (ms)","KPI from->to",0.22,0,<=,Passed
"Jitter Max (ms)","KPI from->to",2.0,0,<=,Passed
Loss,"KPI from->to",0.0,0,<=,Passed
"Max Delay Variation (ms)","KPI from->to",20.0,0,<=,Passed
"Max loss burst","KPI from->to",0.0,0,<=,Passed
MOS,"KPI from->to",4.37,1,<=,Passed

Metric,"Pair Name",Timestamp,Value
Loss,"KPI from->to",102,0
Loss,"KPI from->to",104,0
Loss,"KPI from->to",106,0
Loss,"KPI from->to",108,0
Loss,"KPI from->to",110,0
Loss,"KPI from->to",112,0
Loss,"KPI from->to",114,0
Loss,"KPI from->to",116,0
Loss,"KPI from->to",118,0
Loss,"KPI from->to",120,0

Metric,"Pair Name",Timestamp,Value
"Jitter (ms)","KPI from->to",102,1
"Jitter (ms)","KPI from->to",104,0
"Jitter (ms)","KPI from->to",106,1
"Jitter (ms)","KPI from->to",108,2
"Jitter (ms)","KPI from->to",110,1
"Jitter (ms)","KPI from->to",112,0
"Jitter (ms)","KPI from->to",114,1
"Jitter (ms)","KPI from->to",116,0
"Jitter (ms)","KPI from->to",118,0
"Jitter (ms)","KPI from->to",120,0

Metric,"Pair Name",Timestamp,Value
"Jitter (ms)","KPI from->to",2,0
"Jitter (ms)","KPI from->to",4,0
"Jitter (ms)","KPI from->to",6,0
"Jitter (ms)","KPI from->to",8,0
"Jitter (ms)","KPI from->to",10,0
"Jitter (ms)","KPI from->to",12,0
"Jitter (ms)","KPI from->to",14,0
"Jitter (ms)","KPI from->to",16,0
"Jitter (ms)","KPI from->to",18,0
"Jitter (ms)","KPI from->to",20,0
"Jitter (ms)","KPI from->to",22,0
"Jitter (ms)","KPI from->to",24,0
"Jitter (ms)","KPI from->to",26,0
"Jitter (ms)","KPI from->to",28,0
"Jitter (ms)","KPI from->to",30,0
"Jitter (ms)","KPI from->to",32,0
"Jitter (ms)","KPI from->to",34,0
"Jitter (ms)","KPI from->to",36,0
"Jitter (ms)","KPI from->to",38,0
"Jitter (ms)","KPI from->to",40,0
"Jitter (ms)","KPI from->to",42,0
"Jitter (ms)","KPI from->to",44,0
"Jitter (ms)","KPI from->to",46,0
"Jitter (ms)","KPI from->to",48,0
"Jitter (ms)","KPI from->to",50,0
"Jitter (ms)","KPI from->to",52,0
"Jitter (ms)","KPI from->to",54,0
"Jitter (ms)","KPI from->to",56,0
"Jitter (ms)","KPI from->to",58,0
"Jitter (ms)","KPI from->to",60,0
"Jitter (ms)","KPI from->to",62,0
"Jitter (ms)","KPI from->to",64,0
"Jitter (ms)","KPI from->to",66,0
"Jitter (ms)","KPI from->to",68,0
"Jitter (ms)","KPI from->to",70,0
"Jitter (ms)","KPI from->to",72,0
"Jitter (ms)","KPI from->to",74,0
"Jitter (ms)","KPI from->to",76,0
"Jitter (ms)","KPI from->to",78,0
"Jitter (ms)","KPI from->to",80,0
"Jitter (ms)","KPI from->to",82,0
"Jitter (ms)","KPI from->to",84,1
"Jitter (ms)","KPI from->to",86,0
"Jitter (ms)","KPI from->to",88,0
"Jitter (ms)","KPI from->to",90,0
"Jitter (ms)","KPI from->to",92,0
"Jitter (ms)","KPI from->to",94,1
"Jitter (ms)","KPI from->to",96,1
"Jitter (ms)","KPI from->to",98,2
"Jitter (ms)","KPI from->to",100,2

Metric,"Pair Name",Timestamp,Value
Loss,"KPI from->to",2,0
Loss,"KPI from->to",4,0
Loss,"KPI from->to",6,0
Loss,"KPI from->to",8,0
Loss,"KPI from->to",10,0
Loss,"KPI from->to",12,0
Loss,"KPI from->to",14,0
Loss,"KPI from->to",16,0
Loss,"KPI from->to",18,0
Loss,"KPI from->to",20,0
Loss,"KPI from->to",22,0
Loss,"KPI from->to",24,0
Loss,"KPI from->to",26,0
Loss,"KPI from->to",28,0
Loss,"KPI from->to",30,0
Loss,"KPI from->to",32,0
Loss,"KPI from->to",34,0
Loss,"KPI from->to",36,0
Loss,"KPI from->to",38,0
Loss,"KPI from->to",40,0
Loss,"KPI from->to",42,0
Loss,"KPI from->to",44,0
Loss,"KPI from->to",46,0
Loss,"KPI from->to",48,0
Loss,"KPI from->to",50,0
Loss,"KPI from->to",52,0
Loss,"KPI from->to",54,0
Loss,"KPI from->to",56,0
Loss,"KPI from->to",58,0
Loss,"KPI from->to",60,0
Loss,"KPI from->to",62,0
Loss,"KPI from->to",64,0
Loss,"KPI from->to",66,0
Loss,"KPI from->to",68,0
Loss,"KPI from->to",70,0
Loss,"KPI from->to",72,0
Loss,"KPI from->to",74,0
Loss,"KPI from->to",76,0
Loss,"KPI from->to",78,0
Loss,"KPI from->to",80,0
Loss,"KPI from->to",82,0
Loss,"KPI from->to",84,0
Loss,"KPI from->to",86,0
Loss,"KPI from->to",88,0
Loss,"KPI from->to",90,0
Loss,"KPI from->to",92,0
Loss,"KPI from->to",94,0
Loss,"KPI from->to",96,0
Loss,"KPI from->to",98,0
Loss,"KPI from->to",100,0

Metric,"Pair Name",Timestamp,Value
"Max Delay Variation (ms)","KPI from->to",2,3
"Max Delay Variation (ms)","KPI from->to",4,3
"Max Delay Variation (ms)","KPI from->to",6,3
"Max Delay Variation (ms)","KPI from->to",8,3
"Max Delay Variation (ms)","KPI from->to",10,4
"Max Delay Variation (ms)","KPI from->to",12,3
"Max Delay Variation (ms)","KPI from->to",14,3
"Max Delay Variation (ms)","KPI from->to",16,3
"Max Delay Variation (ms)","KPI from->to",18,3
"Max Delay Variation (ms)","KPI from->to",20,3
"Max Delay Variation (ms)","KPI from->to",22,3
"Max Delay Variation (ms)","KPI from->to",24,4
"Max Delay Variation (ms)","KPI from->to",26,3
"Max Delay Variation (ms)","KPI from->to",28,3
"Max Delay Variation (ms)","KPI from->to",30,3
"Max Delay Variation (ms)","KPI from->to",32,2
"Max Delay Variation (ms)","KPI from->to",34,3
"Max Delay Variation (ms)","KPI from->to",36,3
"Max Delay Variation (ms)","KPI from->to",38,3
"Max Delay Variation (ms)","KPI from->to",40,3
"Max Delay Variation (ms)","KPI from->to",42,4
"Max Delay Variation (ms)","KPI from->to",44,4
"Max Delay Variation (ms)","KPI from->to",46,3
"Max Delay Variation (ms)","KPI from->to",48,3
"Max Delay Variation (ms)","KPI from->to",50,3
"Max Delay Variation (ms)","KPI from->to",52,6
"Max Delay Variation (ms)","KPI from->to",54,3
"Max Delay Variation (ms)","KPI from->to",56,3
"Max Delay Variation (ms)","KPI from->to",58,3
"Max Delay Variation (ms)","KPI from->to",60,4
"Max Delay Variation (ms)","KPI from->to",62,3
"Max Delay Variation (ms)","KPI from->to",64,3
"Max Delay Variation (ms)","KPI from->to",66,2
"Max Delay Variation (ms)","KPI from->to",68,4
"Max Delay Variation (ms)","KPI from->to",70,3
"Max Delay Variation (ms)","KPI from->to",72,4
"Max Delay Variation (ms)","KPI from->to",74,3
"Max Delay Variation (ms)","KPI from->to",76,3
"Max Delay Variation (ms)","KPI from->to",78,3
"Max Delay Variation (ms)","KPI from->to",80,3
"Max Delay Variation (ms)","KPI from->to",82,4
"Max Delay Variation (ms)","KPI from->to",84,4
"Max Delay Variation (ms)","KPI from->to",86,3
"Max Delay Variation (ms)","KPI from->to",88,3
"Max Delay Variation (ms)","KPI from->to",90,3
"Max Delay Variation (ms)","KPI from->to",92,3
"Max Delay Variation (ms)","KPI from->to",94,8
"Max Delay Variation (ms)","KPI from->to",96,20
"Max Delay Variation (ms)","KPI from->to",98,19
"Max Delay Variation (ms)","KPI from->to",100,16

Metric,"Pair Name",Timestamp,Value
MOS,"KPI from->to",102,4.37
MOS,"KPI from->to",104,4.37
MOS,"KPI from->to",106,4.37
MOS,"KPI from->to",108,4.37
MOS,"KPI from->to",110,4.37
MOS,"KPI from->to",112,4.37
MOS,"KPI from->to",114,4.37
MOS,"KPI from->to",116,4.37
MOS,"KPI from->to",118,4.37
MOS,"KPI from->to",120,4.37

Metric,"Pair Name",Timestamp,Value
"Delay (ms)","KPI from->to",2,14
"Delay (ms)","KPI from->to",4,15
"Delay (ms)","KPI from->to",6,14
"Delay (ms)","KPI from->to",8,14
"Delay (ms)","KPI from->to",10,18
"Delay (ms)","KPI from->to",12,19
"Delay (ms)","KPI from->to",14,19
"Delay (ms)","KPI from->to",16,17
"Delay (ms)","KPI from->to",18,16
"Delay (ms)","KPI from->to",20,16
"Delay (ms)","KPI from->to",22,16
"Delay (ms)","KPI from->to",24,15
"Delay (ms)","KPI from->to",26,15
"Delay (ms)","KPI from->to",28,15
"Delay (ms)","KPI from->to",30,16
"Delay (ms)","KPI from->to",32,17
"Delay (ms)","KPI from->to",34,17
"Delay (ms)","KPI from->to",36,17
"Delay (ms)","KPI from->to",38,15
"Delay (ms)","KPI from->to",40,15
"Delay (ms)","KPI from->to",42,15
"Delay (ms)","KPI from->to",44,16
"Delay (ms)","KPI from->to",46,15
"Delay (ms)","KPI from->to",48,15
"Delay (ms)","KPI from->to",50,15
"Delay (ms)","KPI from->to",52,16
"Delay (ms)","KPI from->to",54,16
"Delay (ms)","KPI from->to",56,16
"Delay (ms)","KPI from->to",58,15
"Delay (ms)","KPI from->to",60,17
"Delay (ms)","KPI from->to",62,17
"Delay (ms)","KPI from->to",64,17
"Delay (ms)","KPI from->to",66,17
"Delay (ms)","KPI from->to",68,17
"Delay (ms)","KPI from->to",70,17
"Delay (ms)","KPI from->to",72,16
"Delay (ms)","KPI from->to",74,15
"Delay (ms)","KPI from->to",76,15
"Delay (ms)","KPI from->to",78,15
"Delay (ms)","KPI from->to",80,15
"Delay (ms)","KPI from->to",82,15
"Delay (ms)","KPI from->to",84,16
"Delay (ms)","KPI from->to",86,16
"Delay (ms)","KPI from->to",88,16
"Delay (ms)","KPI from->to",90,15
"Delay (ms)","KPI from->to",92,15
"Delay (ms)","KPI from->to",94,16
"Delay (ms)","KPI from->to",96,10
"Delay (ms)","KPI from->to",98,8
"Delay (ms)","KPI from->to",100,8

Metric,"Pair Name",Timestamp,Value
"Delay (ms)","KPI from->to",102,9
"Delay (ms)","KPI from->to",104,9
"Delay (ms)","KPI from->to",106,14
"Delay (ms)","KPI from->to",108,15
"Delay (ms)","KPI from->to",110,15
"Delay (ms)","KPI from->to",112,16
"Delay (ms)","KPI from->to",114,15
"Delay (ms)","KPI from->to",116,15
"Delay (ms)","KPI from->to",118,14
"Delay (ms)","KPI from->to",120,15

Metric,"Pair Name",Timestamp,Value
"Max Delay Variation (ms)","KPI from->to",102,18
"Max Delay Variation (ms)","KPI from->to",104,14
"Max Delay Variation (ms)","KPI from->to",106,18
"Max Delay Variation (ms)","KPI from->to",108,12
"Max Delay Variation (ms)","KPI from->to",110,11
"Max Delay Variation (ms)","KPI from->to",112,18
"Max Delay Variation (ms)","KPI from->to",114,13
"Max Delay Variation (ms)","KPI from->to",116,15
"Max Delay Variation (ms)","KPI from->to",118,3
"Max Delay Variation (ms)","KPI from->to",120,3

Metric,"Pair Name",Timestamp,Value
MOS,"KPI from->to",2,4.37
MOS,"KPI from->to",4,4.37
MOS,"KPI from->to",6,4.37
MOS,"KPI from->to",8,4.37
MOS,"KPI from->to",10,4.36
MOS,"KPI from->to",12,4.36
MOS,"KPI from->to",14,4.36
MOS,"KPI from->to",16,4.37
MOS,"KPI from->to",18,4.37
MOS,"KPI from->to",20,4.37
MOS,"KPI from->to",22,4.37
MOS,"KPI from->to",24,4.37
MOS,"KPI from->to",26,4.37
MOS,"KPI from->to",28,4.37
MOS,"KPI from->to",30,4.37
MOS,"KPI from->to",32,4.37
MOS,"KPI from->to",34,4.37
MOS,"KPI from->to",36,4.37
MOS,"KPI from->to",38,4.37
MOS,"KPI from->to",40,4.37
MOS,"KPI from->to",42,4.37
MOS,"KPI from->to",44,4.37
MOS,"KPI from->to",46,4.37
MOS,"KPI from->to",48,4.37
MOS,"KPI from->to",50,4.37
MOS,"KPI from->to",52,4.37
MOS,"KPI from->to",54,4.37
MOS,"KPI from->to",56,4.37
MOS,"KPI from->to",58,4.37
MOS,"KPI from->to",60,4.37
MOS,"KPI from->to",62,4.37
MOS,"KPI from->to",64,4.37
MOS,"KPI from->to",66,4.37
MOS,"KPI from->to",68,4.37
MOS,"KPI from->to",70,4.37
MOS,"KPI from->to",72,4.37
MOS,"KPI from->to",74,4.37
MOS,"KPI from->to",76,4.37
MOS,"KPI from->to",78,4.37
MOS,"KPI from->to",80,4.37
MOS,"KPI from->to",82,4.37
MOS,"KPI from->to",84,4.37
MOS,"KPI from->to",86,4.37
MOS,"KPI from->to",88,4.37
MOS,"KPI from->to",90,4.37
MOS,"KPI from->to",92,4.37
MOS,"KPI from->to",94,4.37
MOS,"KPI from->to",96,4.37
MOS,"KPI from->to",98,4.37
MOS,"KPI from->to",100,4.37


