"Test Information",Value
"RUN ID",499
"END EXECUTION TIME","2021-05-14 15:26:22"
"SOURCE PROBE NAME",andreas
"SOURCE PROBE TEST IP ADDRESS",andreas
"SOURCE PROBE MANAGEMENT IP ADDRESS",andreas
"SOURCE PROBE GROUP",Administrators
"DESTINATION PROBE NAME",raspberrypi-AAS
"DESTINATION PROBE TEST IP ADDRESS",raspberrypi-AAS
"DESTINATION PROBE MANAGEMENT IP ADDRESS",raspberrypi-AAS
"DESTINATION PROBE GROUP",Administrators
"DESTINATION PROBE LOCATION",
"TEST MODULE",MESH
"TEST TYPE","Network KPI"
"TEST ADDITIONAL INFORMATION"," DSCP Setting: Best Effort"
"TEST DURATION",120
"TEST STATUS",Failed
"FAIL OR ERROR REASON"," Threshold failed on KPI from->to Jitter Max (ms) 
 Threshold failed on KPI from->to Max Delay Variation (ms) 
 Threshold failed on KPI from->to MOS 
"

Metric,"Pair Name",Value,"Threshold Type",Threshold,"Status KPI"
"Datagrams Out of Order","KPI from->to",0.0,0,>=,Passed
"Delay (ms)","KPI from->to",8.05,0,<=,Passed
"Jitter (ms)","KPI from->to",3.22,0,<=,Passed
"Jitter Max (ms)","KPI from->to",21.0,0,<=,Failed
Loss,"KPI from->to",0.0,0,<=,Passed
"Max Delay Variation (ms)","KPI from->to",122.0,0,<=,Failed
"Max loss burst","KPI from->to",0.0,0,<=,Passed
MOS,"KPI from->to",3.64,1,<=,Failed

Metric,"Pair Name",Timestamp,Value
Loss,"KPI from->to",102,0
Loss,"KPI from->to",104,0
Loss,"KPI from->to",106,0
Loss,"KPI from->to",108,0
Loss,"KPI from->to",110,0
Loss,"KPI from->to",112,0
Loss,"KPI from->to",114,0
Loss,"KPI from->to",116,0
Loss,"KPI from->to",118,0
Loss,"KPI from->to",120,0

Metric,"Pair Name",Timestamp,Value
"Delay (ms)","KPI from->to",102,1
"Delay (ms)","KPI from->to",104,2
"Delay (ms)","KPI from->to",106,1
"Delay (ms)","KPI from->to",108,1
"Delay (ms)","KPI from->to",110,1
"Delay (ms)","KPI from->to",112,1
"Delay (ms)","KPI from->to",114,2
"Delay (ms)","KPI from->to",116,1
"Delay (ms)","KPI from->to",118,27
"Delay (ms)","KPI from->to",120,35

Metric,"Pair Name",Timestamp,Value
"Delay (ms)","KPI from->to",2,2
"Delay (ms)","KPI from->to",4,1
"Delay (ms)","KPI from->to",6,1
"Delay (ms)","KPI from->to",8,1
"Delay (ms)","KPI from->to",10,1
"Delay (ms)","KPI from->to",12,1
"Delay (ms)","KPI from->to",14,2
"Delay (ms)","KPI from->to",16,1
"Delay (ms)","KPI from->to",18,9
"Delay (ms)","KPI from->to",20,33
"Delay (ms)","KPI from->to",22,24
"Delay (ms)","KPI from->to",24,2
"Delay (ms)","KPI from->to",26,3
"Delay (ms)","KPI from->to",28,2
"Delay (ms)","KPI from->to",30,2
"Delay (ms)","KPI from->to",32,2
"Delay (ms)","KPI from->to",34,2
"Delay (ms)","KPI from->to",36,3
"Delay (ms)","KPI from->to",38,3
"Delay (ms)","KPI from->to",40,2
"Delay (ms)","KPI from->to",42,1
"Delay (ms)","KPI from->to",44,1
"Delay (ms)","KPI from->to",46,1
"Delay (ms)","KPI from->to",48,2
"Delay (ms)","KPI from->to",50,1
"Delay (ms)","KPI from->to",52,2
"Delay (ms)","KPI from->to",54,24
"Delay (ms)","KPI from->to",56,37
"Delay (ms)","KPI from->to",58,32
"Delay (ms)","KPI from->to",60,45
"Delay (ms)","KPI from->to",62,14
"Delay (ms)","KPI from->to",64,10
"Delay (ms)","KPI from->to",66,10
"Delay (ms)","KPI from->to",68,10
"Delay (ms)","KPI from->to",70,11
"Delay (ms)","KPI from->to",72,10
"Delay (ms)","KPI from->to",74,11
"Delay (ms)","KPI from->to",76,10
"Delay (ms)","KPI from->to",78,4
"Delay (ms)","KPI from->to",80,3
"Delay (ms)","KPI from->to",82,2
"Delay (ms)","KPI from->to",84,8
"Delay (ms)","KPI from->to",86,34
"Delay (ms)","KPI from->to",88,23
"Delay (ms)","KPI from->to",90,2
"Delay (ms)","KPI from->to",92,2
"Delay (ms)","KPI from->to",94,1
"Delay (ms)","KPI from->to",96,1
"Delay (ms)","KPI from->to",98,1
"Delay (ms)","KPI from->to",100,1

Metric,"Pair Name",Timestamp,Value
MOS,"KPI from->to",2,3.48
MOS,"KPI from->to",4,4.37
MOS,"KPI from->to",6,4.37
MOS,"KPI from->to",8,4.37
MOS,"KPI from->to",10,4.37
MOS,"KPI from->to",12,4.37
MOS,"KPI from->to",14,3.5
MOS,"KPI from->to",16,4.37
MOS,"KPI from->to",18,2.8
MOS,"KPI from->to",20,1
MOS,"KPI from->to",22,1.51
MOS,"KPI from->to",24,4.37
MOS,"KPI from->to",26,4.37
MOS,"KPI from->to",28,4.37
MOS,"KPI from->to",30,4.37
MOS,"KPI from->to",32,4.37
MOS,"KPI from->to",34,4.37
MOS,"KPI from->to",36,4.37
MOS,"KPI from->to",38,4.37
MOS,"KPI from->to",40,4.37
MOS,"KPI from->to",42,4.37
MOS,"KPI from->to",44,4.37
MOS,"KPI from->to",46,4.37
MOS,"KPI from->to",48,3.5
MOS,"KPI from->to",50,4.37
MOS,"KPI from->to",52,4.37
MOS,"KPI from->to",54,1
MOS,"KPI from->to",56,1
MOS,"KPI from->to",58,1
MOS,"KPI from->to",60,1
MOS,"KPI from->to",62,3.47
MOS,"KPI from->to",64,4.37
MOS,"KPI from->to",66,4.37
MOS,"KPI from->to",68,4.37
MOS,"KPI from->to",70,3.49
MOS,"KPI from->to",72,4.37
MOS,"KPI from->to",74,4.37
MOS,"KPI from->to",76,4.37
MOS,"KPI from->to",78,4.37
MOS,"KPI from->to",80,3.49
MOS,"KPI from->to",82,4.37
MOS,"KPI from->to",84,2.82
MOS,"KPI from->to",86,1
MOS,"KPI from->to",88,1.51
MOS,"KPI from->to",90,4.37
MOS,"KPI from->to",92,3.49
MOS,"KPI from->to",94,4.37
MOS,"KPI from->to",96,4.37
MOS,"KPI from->to",98,4.37
MOS,"KPI from->to",100,4.37

Metric,"Pair Name",Timestamp,Value
"Jitter (ms)","KPI from->to",2,2
"Jitter (ms)","KPI from->to",4,0
"Jitter (ms)","KPI from->to",6,0
"Jitter (ms)","KPI from->to",8,0
"Jitter (ms)","KPI from->to",10,0
"Jitter (ms)","KPI from->to",12,0
"Jitter (ms)","KPI from->to",14,0
"Jitter (ms)","KPI from->to",16,0
"Jitter (ms)","KPI from->to",18,16
"Jitter (ms)","KPI from->to",20,17
"Jitter (ms)","KPI from->to",22,1
"Jitter (ms)","KPI from->to",24,0
"Jitter (ms)","KPI from->to",26,0
"Jitter (ms)","KPI from->to",28,0
"Jitter (ms)","KPI from->to",30,0
"Jitter (ms)","KPI from->to",32,0
"Jitter (ms)","KPI from->to",34,0
"Jitter (ms)","KPI from->to",36,0
"Jitter (ms)","KPI from->to",38,0
"Jitter (ms)","KPI from->to",40,0
"Jitter (ms)","KPI from->to",42,0
"Jitter (ms)","KPI from->to",44,0
"Jitter (ms)","KPI from->to",46,0
"Jitter (ms)","KPI from->to",48,0
"Jitter (ms)","KPI from->to",50,0
"Jitter (ms)","KPI from->to",52,0
"Jitter (ms)","KPI from->to",54,20
"Jitter (ms)","KPI from->to",56,21
"Jitter (ms)","KPI from->to",58,20
"Jitter (ms)","KPI from->to",60,19
"Jitter (ms)","KPI from->to",62,0
"Jitter (ms)","KPI from->to",64,0
"Jitter (ms)","KPI from->to",66,0
"Jitter (ms)","KPI from->to",68,0
"Jitter (ms)","KPI from->to",70,0
"Jitter (ms)","KPI from->to",72,0
"Jitter (ms)","KPI from->to",74,0
"Jitter (ms)","KPI from->to",76,0
"Jitter (ms)","KPI from->to",78,0
"Jitter (ms)","KPI from->to",80,4
"Jitter (ms)","KPI from->to",82,0
"Jitter (ms)","KPI from->to",84,15
"Jitter (ms)","KPI from->to",86,17
"Jitter (ms)","KPI from->to",88,1
"Jitter (ms)","KPI from->to",90,0
"Jitter (ms)","KPI from->to",92,0
"Jitter (ms)","KPI from->to",94,0
"Jitter (ms)","KPI from->to",96,0
"Jitter (ms)","KPI from->to",98,0
"Jitter (ms)","KPI from->to",100,0

Metric,"Pair Name",Timestamp,Value
"Jitter (ms)","KPI from->to",102,0
"Jitter (ms)","KPI from->to",104,0
"Jitter (ms)","KPI from->to",106,0
"Jitter (ms)","KPI from->to",108,0
"Jitter (ms)","KPI from->to",110,0
"Jitter (ms)","KPI from->to",112,0
"Jitter (ms)","KPI from->to",114,1
"Jitter (ms)","KPI from->to",116,0
"Jitter (ms)","KPI from->to",118,21
"Jitter (ms)","KPI from->to",120,18

Metric,"Pair Name",Timestamp,Value
MOS,"KPI from->to",102,4.37
MOS,"KPI from->to",104,3.49
MOS,"KPI from->to",106,4.37
MOS,"KPI from->to",108,4.37
MOS,"KPI from->to",110,4.37
MOS,"KPI from->to",112,4.37
MOS,"KPI from->to",114,3.51
MOS,"KPI from->to",116,4.37
MOS,"KPI from->to",118,1
MOS,"KPI from->to",120,1

Metric,"Pair Name",Timestamp,Value
Loss,"KPI from->to",2,0
Loss,"KPI from->to",4,0
Loss,"KPI from->to",6,0
Loss,"KPI from->to",8,0
Loss,"KPI from->to",10,0
Loss,"KPI from->to",12,0
Loss,"KPI from->to",14,0
Loss,"KPI from->to",16,0
Loss,"KPI from->to",18,0
Loss,"KPI from->to",20,0
Loss,"KPI from->to",22,0
Loss,"KPI from->to",24,0
Loss,"KPI from->to",26,0
Loss,"KPI from->to",28,0
Loss,"KPI from->to",30,0
Loss,"KPI from->to",32,0
Loss,"KPI from->to",34,0
Loss,"KPI from->to",36,0
Loss,"KPI from->to",38,0
Loss,"KPI from->to",40,0
Loss,"KPI from->to",42,0
Loss,"KPI from->to",44,0
Loss,"KPI from->to",46,0
Loss,"KPI from->to",48,0
Loss,"KPI from->to",50,0
Loss,"KPI from->to",52,0
Loss,"KPI from->to",54,0
Loss,"KPI from->to",56,0
Loss,"KPI from->to",58,0
Loss,"KPI from->to",60,0
Loss,"KPI from->to",62,0
Loss,"KPI from->to",64,0
Loss,"KPI from->to",66,0
Loss,"KPI from->to",68,0
Loss,"KPI from->to",70,0
Loss,"KPI from->to",72,0
Loss,"KPI from->to",74,0
Loss,"KPI from->to",76,0
Loss,"KPI from->to",78,0
Loss,"KPI from->to",80,0
Loss,"KPI from->to",82,0
Loss,"KPI from->to",84,0
Loss,"KPI from->to",86,0
Loss,"KPI from->to",88,0
Loss,"KPI from->to",90,0
Loss,"KPI from->to",92,0
Loss,"KPI from->to",94,0
Loss,"KPI from->to",96,0
Loss,"KPI from->to",98,0
Loss,"KPI from->to",100,0

Metric,"Pair Name",Timestamp,Value
"Max Delay Variation (ms)","KPI from->to",2,56
"Max Delay Variation (ms)","KPI from->to",4,1
"Max Delay Variation (ms)","KPI from->to",6,1
"Max Delay Variation (ms)","KPI from->to",8,2
"Max Delay Variation (ms)","KPI from->to",10,2
"Max Delay Variation (ms)","KPI from->to",12,2
"Max Delay Variation (ms)","KPI from->to",14,51
"Max Delay Variation (ms)","KPI from->to",16,1
"Max Delay Variation (ms)","KPI from->to",18,118
"Max Delay Variation (ms)","KPI from->to",20,116
"Max Delay Variation (ms)","KPI from->to",22,122
"Max Delay Variation (ms)","KPI from->to",24,1
"Max Delay Variation (ms)","KPI from->to",26,40
"Max Delay Variation (ms)","KPI from->to",28,1
"Max Delay Variation (ms)","KPI from->to",30,1
"Max Delay Variation (ms)","KPI from->to",32,2
"Max Delay Variation (ms)","KPI from->to",34,1
"Max Delay Variation (ms)","KPI from->to",36,37
"Max Delay Variation (ms)","KPI from->to",38,3
"Max Delay Variation (ms)","KPI from->to",40,2
"Max Delay Variation (ms)","KPI from->to",42,1
"Max Delay Variation (ms)","KPI from->to",44,1
"Max Delay Variation (ms)","KPI from->to",46,2
"Max Delay Variation (ms)","KPI from->to",48,50
"Max Delay Variation (ms)","KPI from->to",50,1
"Max Delay Variation (ms)","KPI from->to",52,4
"Max Delay Variation (ms)","KPI from->to",54,110
"Max Delay Variation (ms)","KPI from->to",56,116
"Max Delay Variation (ms)","KPI from->to",58,118
"Max Delay Variation (ms)","KPI from->to",60,117
"Max Delay Variation (ms)","KPI from->to",62,116
"Max Delay Variation (ms)","KPI from->to",64,17
"Max Delay Variation (ms)","KPI from->to",66,2
"Max Delay Variation (ms)","KPI from->to",68,1
"Max Delay Variation (ms)","KPI from->to",70,50
"Max Delay Variation (ms)","KPI from->to",72,1
"Max Delay Variation (ms)","KPI from->to",74,13
"Max Delay Variation (ms)","KPI from->to",76,1
"Max Delay Variation (ms)","KPI from->to",78,1
"Max Delay Variation (ms)","KPI from->to",80,47
"Max Delay Variation (ms)","KPI from->to",82,1
"Max Delay Variation (ms)","KPI from->to",84,104
"Max Delay Variation (ms)","KPI from->to",86,113
"Max Delay Variation (ms)","KPI from->to",88,117
"Max Delay Variation (ms)","KPI from->to",90,1
"Max Delay Variation (ms)","KPI from->to",92,47
"Max Delay Variation (ms)","KPI from->to",94,21
"Max Delay Variation (ms)","KPI from->to",96,1
"Max Delay Variation (ms)","KPI from->to",98,1
"Max Delay Variation (ms)","KPI from->to",100,2

Metric,"Pair Name",Timestamp,Value
"Max Delay Variation (ms)","KPI from->to",102,1
"Max Delay Variation (ms)","KPI from->to",104,42
"Max Delay Variation (ms)","KPI from->to",106,1
"Max Delay Variation (ms)","KPI from->to",108,1
"Max Delay Variation (ms)","KPI from->to",110,5
"Max Delay Variation (ms)","KPI from->to",112,1
"Max Delay Variation (ms)","KPI from->to",114,54
"Max Delay Variation (ms)","KPI from->to",116,1
"Max Delay Variation (ms)","KPI from->to",118,114
"Max Delay Variation (ms)","KPI from->to",120,117


