"Test Information",Value
"RUN ID",499
"END EXECUTION TIME","2021-05-14 16:04:05"
"SOURCE PROBE NAME",andreas
"SOURCE PROBE TEST IP ADDRESS",andreas
"SOURCE PROBE MANAGEMENT IP ADDRESS",andreas
"SOURCE PROBE GROUP",Administrators
"DESTINATION PROBE NAME",raspberrypi-AAS
"DESTINATION PROBE TEST IP ADDRESS",raspberrypi-AAS
"DESTINATION PROBE MANAGEMENT IP ADDRESS",raspberrypi-AAS
"DESTINATION PROBE GROUP",Administrators
"DESTINATION PROBE LOCATION",
"TEST MODULE",MESH
"TEST TYPE","Network KPI"
"TEST ADDITIONAL INFORMATION"," DSCP Setting: Best Effort"
"TEST DURATION",120
"TEST STATUS",Failed
"FAIL OR ERROR REASON"," Threshold failed on KPI from->to Jitter Max (ms) 
 Threshold failed on KPI from->to Max Delay Variation (ms) 
"

Metric,"Pair Name",Value,"Threshold Type",Threshold,"Status KPI"
"Datagrams Out of Order","KPI from->to",0.0,0,>=,Passed
"Delay (ms)","KPI from->to",5.47,0,<=,Passed
"Jitter (ms)","KPI from->to",2.12,0,<=,Passed
"Jitter Max (ms)","KPI from->to",22.0,0,<=,Failed
Loss,"KPI from->to",0.02,0,<=,Passed
"Max Delay Variation (ms)","KPI from->to",155.0,0,<=,Failed
"Max loss burst","KPI from->to",1.0,0,<=,Passed
MOS,"KPI from->to",3.87,1,<=,Passed

Metric,"Pair Name",Timestamp,Value
MOS,"KPI from->to",102,4.37
MOS,"KPI from->to",104,4.37
MOS,"KPI from->to",106,4.37
MOS,"KPI from->to",108,4.37
MOS,"KPI from->to",110,3.48
MOS,"KPI from->to",112,1
MOS,"KPI from->to",114,1
MOS,"KPI from->to",116,1
MOS,"KPI from->to",118,1
MOS,"KPI from->to",120,2.46

Metric,"Pair Name",Timestamp,Value
"Jitter (ms)","KPI from->to",2,0
"Jitter (ms)","KPI from->to",4,0
"Jitter (ms)","KPI from->to",6,0
"Jitter (ms)","KPI from->to",8,0
"Jitter (ms)","KPI from->to",10,0
"Jitter (ms)","KPI from->to",12,0
"Jitter (ms)","KPI from->to",14,0
"Jitter (ms)","KPI from->to",16,19
"Jitter (ms)","KPI from->to",18,3
"Jitter (ms)","KPI from->to",20,0
"Jitter (ms)","KPI from->to",22,1
"Jitter (ms)","KPI from->to",24,0
"Jitter (ms)","KPI from->to",26,0
"Jitter (ms)","KPI from->to",28,0
"Jitter (ms)","KPI from->to",30,0
"Jitter (ms)","KPI from->to",32,0
"Jitter (ms)","KPI from->to",34,1
"Jitter (ms)","KPI from->to",36,0
"Jitter (ms)","KPI from->to",38,0
"Jitter (ms)","KPI from->to",40,0
"Jitter (ms)","KPI from->to",42,0
"Jitter (ms)","KPI from->to",44,4
"Jitter (ms)","KPI from->to",46,0
"Jitter (ms)","KPI from->to",48,0
"Jitter (ms)","KPI from->to",50,0
"Jitter (ms)","KPI from->to",52,0
"Jitter (ms)","KPI from->to",54,0
"Jitter (ms)","KPI from->to",56,1
"Jitter (ms)","KPI from->to",58,0
"Jitter (ms)","KPI from->to",60,0
"Jitter (ms)","KPI from->to",62,0
"Jitter (ms)","KPI from->to",64,0
"Jitter (ms)","KPI from->to",66,0
"Jitter (ms)","KPI from->to",68,0
"Jitter (ms)","KPI from->to",70,0
"Jitter (ms)","KPI from->to",72,0
"Jitter (ms)","KPI from->to",74,0
"Jitter (ms)","KPI from->to",76,0
"Jitter (ms)","KPI from->to",78,2
"Jitter (ms)","KPI from->to",80,0
"Jitter (ms)","KPI from->to",82,0
"Jitter (ms)","KPI from->to",84,0
"Jitter (ms)","KPI from->to",86,0
"Jitter (ms)","KPI from->to",88,0
"Jitter (ms)","KPI from->to",90,1
"Jitter (ms)","KPI from->to",92,0
"Jitter (ms)","KPI from->to",94,0
"Jitter (ms)","KPI from->to",96,0
"Jitter (ms)","KPI from->to",98,0
"Jitter (ms)","KPI from->to",100,4

Metric,"Pair Name",Timestamp,Value
Loss,"KPI from->to",2,0
Loss,"KPI from->to",4,0
Loss,"KPI from->to",6,0
Loss,"KPI from->to",8,0
Loss,"KPI from->to",10,0
Loss,"KPI from->to",12,0
Loss,"KPI from->to",14,0
Loss,"KPI from->to",16,0
Loss,"KPI from->to",18,0
Loss,"KPI from->to",20,0
Loss,"KPI from->to",22,0
Loss,"KPI from->to",24,0
Loss,"KPI from->to",26,0
Loss,"KPI from->to",28,0
Loss,"KPI from->to",30,0
Loss,"KPI from->to",32,0
Loss,"KPI from->to",34,0
Loss,"KPI from->to",36,0
Loss,"KPI from->to",38,0
Loss,"KPI from->to",40,0
Loss,"KPI from->to",42,0
Loss,"KPI from->to",44,0
Loss,"KPI from->to",46,0
Loss,"KPI from->to",48,0
Loss,"KPI from->to",50,0
Loss,"KPI from->to",52,0
Loss,"KPI from->to",54,0
Loss,"KPI from->to",56,0
Loss,"KPI from->to",58,0
Loss,"KPI from->to",60,0
Loss,"KPI from->to",62,0
Loss,"KPI from->to",64,0
Loss,"KPI from->to",66,0
Loss,"KPI from->to",68,0
Loss,"KPI from->to",70,0
Loss,"KPI from->to",72,0
Loss,"KPI from->to",74,0
Loss,"KPI from->to",76,0
Loss,"KPI from->to",78,0
Loss,"KPI from->to",80,0
Loss,"KPI from->to",82,0
Loss,"KPI from->to",84,0
Loss,"KPI from->to",86,0
Loss,"KPI from->to",88,0
Loss,"KPI from->to",90,0.99009900990099
Loss,"KPI from->to",92,0
Loss,"KPI from->to",94,0
Loss,"KPI from->to",96,0
Loss,"KPI from->to",98,0
Loss,"KPI from->to",100,0

Metric,"Pair Name",Timestamp,Value
"Jitter (ms)","KPI from->to",102,0
"Jitter (ms)","KPI from->to",104,0
"Jitter (ms)","KPI from->to",106,0
"Jitter (ms)","KPI from->to",108,0
"Jitter (ms)","KPI from->to",110,10
"Jitter (ms)","KPI from->to",112,17
"Jitter (ms)","KPI from->to",114,16
"Jitter (ms)","KPI from->to",116,22
"Jitter (ms)","KPI from->to",118,17
"Jitter (ms)","KPI from->to",120,9

Metric,"Pair Name",Timestamp,Value
"Max Delay Variation (ms)","KPI from->to",2,4
"Max Delay Variation (ms)","KPI from->to",4,1
"Max Delay Variation (ms)","KPI from->to",6,2
"Max Delay Variation (ms)","KPI from->to",8,2
"Max Delay Variation (ms)","KPI from->to",10,2
"Max Delay Variation (ms)","KPI from->to",12,46
"Max Delay Variation (ms)","KPI from->to",14,2
"Max Delay Variation (ms)","KPI from->to",16,117
"Max Delay Variation (ms)","KPI from->to",18,117
"Max Delay Variation (ms)","KPI from->to",20,3
"Max Delay Variation (ms)","KPI from->to",22,35
"Max Delay Variation (ms)","KPI from->to",24,1
"Max Delay Variation (ms)","KPI from->to",26,3
"Max Delay Variation (ms)","KPI from->to",28,2
"Max Delay Variation (ms)","KPI from->to",30,3
"Max Delay Variation (ms)","KPI from->to",32,2
"Max Delay Variation (ms)","KPI from->to",34,59
"Max Delay Variation (ms)","KPI from->to",36,2
"Max Delay Variation (ms)","KPI from->to",38,1
"Max Delay Variation (ms)","KPI from->to",40,4
"Max Delay Variation (ms)","KPI from->to",42,1
"Max Delay Variation (ms)","KPI from->to",44,48
"Max Delay Variation (ms)","KPI from->to",46,2
"Max Delay Variation (ms)","KPI from->to",48,2
"Max Delay Variation (ms)","KPI from->to",50,22
"Max Delay Variation (ms)","KPI from->to",52,3
"Max Delay Variation (ms)","KPI from->to",54,2
"Max Delay Variation (ms)","KPI from->to",56,60
"Max Delay Variation (ms)","KPI from->to",58,3
"Max Delay Variation (ms)","KPI from->to",60,2
"Max Delay Variation (ms)","KPI from->to",62,2
"Max Delay Variation (ms)","KPI from->to",64,2
"Max Delay Variation (ms)","KPI from->to",66,3
"Max Delay Variation (ms)","KPI from->to",68,57
"Max Delay Variation (ms)","KPI from->to",70,2
"Max Delay Variation (ms)","KPI from->to",72,3
"Max Delay Variation (ms)","KPI from->to",74,3
"Max Delay Variation (ms)","KPI from->to",76,2
"Max Delay Variation (ms)","KPI from->to",78,52
"Max Delay Variation (ms)","KPI from->to",80,1
"Max Delay Variation (ms)","KPI from->to",82,3
"Max Delay Variation (ms)","KPI from->to",84,3
"Max Delay Variation (ms)","KPI from->to",86,2
"Max Delay Variation (ms)","KPI from->to",88,2
"Max Delay Variation (ms)","KPI from->to",90,33
"Max Delay Variation (ms)","KPI from->to",92,2
"Max Delay Variation (ms)","KPI from->to",94,2
"Max Delay Variation (ms)","KPI from->to",96,1
"Max Delay Variation (ms)","KPI from->to",98,3
"Max Delay Variation (ms)","KPI from->to",100,42

Metric,"Pair Name",Timestamp,Value
"Max Delay Variation (ms)","KPI from->to",102,3
"Max Delay Variation (ms)","KPI from->to",104,2
"Max Delay Variation (ms)","KPI from->to",106,2
"Max Delay Variation (ms)","KPI from->to",108,1
"Max Delay Variation (ms)","KPI from->to",110,111
"Max Delay Variation (ms)","KPI from->to",112,155
"Max Delay Variation (ms)","KPI from->to",114,118
"Max Delay Variation (ms)","KPI from->to",116,114
"Max Delay Variation (ms)","KPI from->to",118,128
"Max Delay Variation (ms)","KPI from->to",120,113

Metric,"Pair Name",Timestamp,Value
"Delay (ms)","KPI from->to",2,4
"Delay (ms)","KPI from->to",4,3
"Delay (ms)","KPI from->to",6,4
"Delay (ms)","KPI from->to",8,4
"Delay (ms)","KPI from->to",10,4
"Delay (ms)","KPI from->to",12,5
"Delay (ms)","KPI from->to",14,4
"Delay (ms)","KPI from->to",16,39
"Delay (ms)","KPI from->to",18,29
"Delay (ms)","KPI from->to",20,3
"Delay (ms)","KPI from->to",22,2
"Delay (ms)","KPI from->to",24,1
"Delay (ms)","KPI from->to",26,1
"Delay (ms)","KPI from->to",28,1
"Delay (ms)","KPI from->to",30,2
"Delay (ms)","KPI from->to",32,2
"Delay (ms)","KPI from->to",34,3
"Delay (ms)","KPI from->to",36,2
"Delay (ms)","KPI from->to",38,2
"Delay (ms)","KPI from->to",40,1
"Delay (ms)","KPI from->to",42,1
"Delay (ms)","KPI from->to",44,2
"Delay (ms)","KPI from->to",46,1
"Delay (ms)","KPI from->to",48,1
"Delay (ms)","KPI from->to",50,2
"Delay (ms)","KPI from->to",52,1
"Delay (ms)","KPI from->to",54,2
"Delay (ms)","KPI from->to",56,3
"Delay (ms)","KPI from->to",58,2
"Delay (ms)","KPI from->to",60,2
"Delay (ms)","KPI from->to",62,2
"Delay (ms)","KPI from->to",64,2
"Delay (ms)","KPI from->to",66,2
"Delay (ms)","KPI from->to",68,4
"Delay (ms)","KPI from->to",70,3
"Delay (ms)","KPI from->to",72,3
"Delay (ms)","KPI from->to",74,3
"Delay (ms)","KPI from->to",76,3
"Delay (ms)","KPI from->to",78,2
"Delay (ms)","KPI from->to",80,1
"Delay (ms)","KPI from->to",82,1
"Delay (ms)","KPI from->to",84,1
"Delay (ms)","KPI from->to",86,1
"Delay (ms)","KPI from->to",88,2
"Delay (ms)","KPI from->to",90,2
"Delay (ms)","KPI from->to",92,2
"Delay (ms)","KPI from->to",94,2
"Delay (ms)","KPI from->to",96,1
"Delay (ms)","KPI from->to",98,1
"Delay (ms)","KPI from->to",100,2

Metric,"Pair Name",Timestamp,Value
"Delay (ms)","KPI from->to",102,1
"Delay (ms)","KPI from->to",104,1
"Delay (ms)","KPI from->to",106,1
"Delay (ms)","KPI from->to",108,1
"Delay (ms)","KPI from->to",110,5
"Delay (ms)","KPI from->to",112,37
"Delay (ms)","KPI from->to",114,36
"Delay (ms)","KPI from->to",116,27
"Delay (ms)","KPI from->to",118,35
"Delay (ms)","KPI from->to",120,11

Metric,"Pair Name",Timestamp,Value
Loss,"KPI from->to",102,0
Loss,"KPI from->to",104,0
Loss,"KPI from->to",106,0
Loss,"KPI from->to",108,0
Loss,"KPI from->to",110,0
Loss,"KPI from->to",112,0
Loss,"KPI from->to",114,0
Loss,"KPI from->to",116,0
Loss,"KPI from->to",118,0
Loss,"KPI from->to",120,0

Metric,"Pair Name",Timestamp,Value
MOS,"KPI from->to",2,4.37
MOS,"KPI from->to",4,4.37
MOS,"KPI from->to",6,4.37
MOS,"KPI from->to",8,4.37
MOS,"KPI from->to",10,4.37
MOS,"KPI from->to",12,3.5
MOS,"KPI from->to",14,4.37
MOS,"KPI from->to",16,1
MOS,"KPI from->to",18,1
MOS,"KPI from->to",20,4.37
MOS,"KPI from->to",22,4.37
MOS,"KPI from->to",24,4.37
MOS,"KPI from->to",26,4.37
MOS,"KPI from->to",28,4.37
MOS,"KPI from->to",30,4.37
MOS,"KPI from->to",32,4.37
MOS,"KPI from->to",34,3.5
MOS,"KPI from->to",36,4.37
MOS,"KPI from->to",38,4.37
MOS,"KPI from->to",40,4.37
MOS,"KPI from->to",42,4.37
MOS,"KPI from->to",44,3.49
MOS,"KPI from->to",46,4.37
MOS,"KPI from->to",48,4.37
MOS,"KPI from->to",50,4.37
MOS,"KPI from->to",52,4.37
MOS,"KPI from->to",54,4.37
MOS,"KPI from->to",56,3.49
MOS,"KPI from->to",58,4.37
MOS,"KPI from->to",60,4.37
MOS,"KPI from->to",62,4.37
MOS,"KPI from->to",64,4.37
MOS,"KPI from->to",66,4.37
MOS,"KPI from->to",68,3.49
MOS,"KPI from->to",70,4.37
MOS,"KPI from->to",72,4.37
MOS,"KPI from->to",74,4.37
MOS,"KPI from->to",76,4.37
MOS,"KPI from->to",78,3.51
MOS,"KPI from->to",80,4.37
MOS,"KPI from->to",82,4.37
MOS,"KPI from->to",84,4.37
MOS,"KPI from->to",86,4.37
MOS,"KPI from->to",88,4.37
MOS,"KPI from->to",90,3.51
MOS,"KPI from->to",92,4.37
MOS,"KPI from->to",94,4.37
MOS,"KPI from->to",96,4.37
MOS,"KPI from->to",98,4.37
MOS,"KPI from->to",100,3.5


