"Test Information",Value
"RUN ID",499
"END EXECUTION TIME","2021-05-14 16:15:08"
"SOURCE PROBE NAME",andreas
"SOURCE PROBE TEST IP ADDRESS",andreas
"SOURCE PROBE MANAGEMENT IP ADDRESS",andreas
"SOURCE PROBE GROUP",Administrators
"DESTINATION PROBE NAME",raspberrypi-AAS
"DESTINATION PROBE TEST IP ADDRESS",raspberrypi-AAS
"DESTINATION PROBE MANAGEMENT IP ADDRESS",raspberrypi-AAS
"DESTINATION PROBE GROUP",Administrators
"DESTINATION PROBE LOCATION",
"TEST MODULE",MESH
"TEST TYPE","Network KPI"
"TEST ADDITIONAL INFORMATION"," DSCP Setting: Best Effort"
"TEST DURATION",120
"TEST STATUS",Failed
"FAIL OR ERROR REASON"," Threshold failed on KPI from->to Jitter Max (ms) 
 Threshold failed on KPI from->to Max Delay Variation (ms) 
"

Metric,"Pair Name",Value,"Threshold Type",Threshold,"Status KPI"
"Datagrams Out of Order","KPI from->to",0.0,0,>=,Passed
"Delay (ms)","KPI from->to",11.33,0,<=,Passed
"Jitter (ms)","KPI from->to",2.88,0,<=,Passed
"Jitter Max (ms)","KPI from->to",20.0,0,<=,Failed
Loss,"KPI from->to",0.02,0,<=,Passed
"Max Delay Variation (ms)","KPI from->to",122.0,0,<=,Failed
"Max loss burst","KPI from->to",1.0,0,<=,Passed
MOS,"KPI from->to",3.7,1,<=,Passed

Metric,"Pair Name",Timestamp,Value
"Delay (ms)","KPI from->to",102,2
"Delay (ms)","KPI from->to",104,2
"Delay (ms)","KPI from->to",106,2
"Delay (ms)","KPI from->to",108,2
"Delay (ms)","KPI from->to",110,3
"Delay (ms)","KPI from->to",112,1
"Delay (ms)","KPI from->to",114,1
"Delay (ms)","KPI from->to",116,1
"Delay (ms)","KPI from->to",118,1
"Delay (ms)","KPI from->to",120,1

Metric,"Pair Name",Timestamp,Value
Loss,"KPI from->to",2,0
Loss,"KPI from->to",4,0
Loss,"KPI from->to",6,0
Loss,"KPI from->to",8,0
Loss,"KPI from->to",10,0.99009900990099
Loss,"KPI from->to",12,0
Loss,"KPI from->to",14,0
Loss,"KPI from->to",16,0
Loss,"KPI from->to",18,0
Loss,"KPI from->to",20,0
Loss,"KPI from->to",22,0
Loss,"KPI from->to",24,0
Loss,"KPI from->to",26,0
Loss,"KPI from->to",28,0
Loss,"KPI from->to",30,0
Loss,"KPI from->to",32,0
Loss,"KPI from->to",34,0
Loss,"KPI from->to",36,0
Loss,"KPI from->to",38,0
Loss,"KPI from->to",40,0
Loss,"KPI from->to",42,0
Loss,"KPI from->to",44,0
Loss,"KPI from->to",46,0
Loss,"KPI from->to",48,0
Loss,"KPI from->to",50,0
Loss,"KPI from->to",52,0
Loss,"KPI from->to",54,0
Loss,"KPI from->to",56,0
Loss,"KPI from->to",58,0
Loss,"KPI from->to",60,0
Loss,"KPI from->to",62,0
Loss,"KPI from->to",64,0
Loss,"KPI from->to",66,0
Loss,"KPI from->to",68,0
Loss,"KPI from->to",70,0
Loss,"KPI from->to",72,0
Loss,"KPI from->to",74,0
Loss,"KPI from->to",76,0
Loss,"KPI from->to",78,0
Loss,"KPI from->to",80,0
Loss,"KPI from->to",82,0
Loss,"KPI from->to",84,0
Loss,"KPI from->to",86,0
Loss,"KPI from->to",88,0
Loss,"KPI from->to",90,0
Loss,"KPI from->to",92,0
Loss,"KPI from->to",94,0
Loss,"KPI from->to",96,0
Loss,"KPI from->to",98,0
Loss,"KPI from->to",100,0

Metric,"Pair Name",Timestamp,Value
"Max Delay Variation (ms)","KPI from->to",2,2
"Max Delay Variation (ms)","KPI from->to",4,12
"Max Delay Variation (ms)","KPI from->to",6,1
"Max Delay Variation (ms)","KPI from->to",8,2
"Max Delay Variation (ms)","KPI from->to",10,28
"Max Delay Variation (ms)","KPI from->to",12,1
"Max Delay Variation (ms)","KPI from->to",14,1
"Max Delay Variation (ms)","KPI from->to",16,1
"Max Delay Variation (ms)","KPI from->to",18,1
"Max Delay Variation (ms)","KPI from->to",20,51
"Max Delay Variation (ms)","KPI from->to",22,2
"Max Delay Variation (ms)","KPI from->to",24,2
"Max Delay Variation (ms)","KPI from->to",26,17
"Max Delay Variation (ms)","KPI from->to",28,1
"Max Delay Variation (ms)","KPI from->to",30,1
"Max Delay Variation (ms)","KPI from->to",32,39
"Max Delay Variation (ms)","KPI from->to",34,2
"Max Delay Variation (ms)","KPI from->to",36,1
"Max Delay Variation (ms)","KPI from->to",38,1
"Max Delay Variation (ms)","KPI from->to",40,2
"Max Delay Variation (ms)","KPI from->to",42,45
"Max Delay Variation (ms)","KPI from->to",44,1
"Max Delay Variation (ms)","KPI from->to",46,4
"Max Delay Variation (ms)","KPI from->to",48,2
"Max Delay Variation (ms)","KPI from->to",50,1
"Max Delay Variation (ms)","KPI from->to",52,2
"Max Delay Variation (ms)","KPI from->to",54,38
"Max Delay Variation (ms)","KPI from->to",56,2
"Max Delay Variation (ms)","KPI from->to",58,121
"Max Delay Variation (ms)","KPI from->to",60,115
"Max Delay Variation (ms)","KPI from->to",62,115
"Max Delay Variation (ms)","KPI from->to",64,115
"Max Delay Variation (ms)","KPI from->to",66,115
"Max Delay Variation (ms)","KPI from->to",68,116
"Max Delay Variation (ms)","KPI from->to",70,116
"Max Delay Variation (ms)","KPI from->to",72,115
"Max Delay Variation (ms)","KPI from->to",74,119
"Max Delay Variation (ms)","KPI from->to",76,55
"Max Delay Variation (ms)","KPI from->to",78,1
"Max Delay Variation (ms)","KPI from->to",80,1
"Max Delay Variation (ms)","KPI from->to",82,2
"Max Delay Variation (ms)","KPI from->to",84,2
"Max Delay Variation (ms)","KPI from->to",86,1
"Max Delay Variation (ms)","KPI from->to",88,39
"Max Delay Variation (ms)","KPI from->to",90,2
"Max Delay Variation (ms)","KPI from->to",92,2
"Max Delay Variation (ms)","KPI from->to",94,1
"Max Delay Variation (ms)","KPI from->to",96,122
"Max Delay Variation (ms)","KPI from->to",98,119
"Max Delay Variation (ms)","KPI from->to",100,17

Metric,"Pair Name",Timestamp,Value
"Jitter (ms)","KPI from->to",2,0
"Jitter (ms)","KPI from->to",4,0
"Jitter (ms)","KPI from->to",6,0
"Jitter (ms)","KPI from->to",8,0
"Jitter (ms)","KPI from->to",10,0
"Jitter (ms)","KPI from->to",12,0
"Jitter (ms)","KPI from->to",14,0
"Jitter (ms)","KPI from->to",16,0
"Jitter (ms)","KPI from->to",18,0
"Jitter (ms)","KPI from->to",20,0
"Jitter (ms)","KPI from->to",22,0
"Jitter (ms)","KPI from->to",24,0
"Jitter (ms)","KPI from->to",26,1
"Jitter (ms)","KPI from->to",28,0
"Jitter (ms)","KPI from->to",30,0
"Jitter (ms)","KPI from->to",32,0
"Jitter (ms)","KPI from->to",34,0
"Jitter (ms)","KPI from->to",36,0
"Jitter (ms)","KPI from->to",38,0
"Jitter (ms)","KPI from->to",40,0
"Jitter (ms)","KPI from->to",42,1
"Jitter (ms)","KPI from->to",44,0
"Jitter (ms)","KPI from->to",46,0
"Jitter (ms)","KPI from->to",48,0
"Jitter (ms)","KPI from->to",50,0
"Jitter (ms)","KPI from->to",52,0
"Jitter (ms)","KPI from->to",54,0
"Jitter (ms)","KPI from->to",56,0
"Jitter (ms)","KPI from->to",58,16
"Jitter (ms)","KPI from->to",60,20
"Jitter (ms)","KPI from->to",62,13
"Jitter (ms)","KPI from->to",64,20
"Jitter (ms)","KPI from->to",66,13
"Jitter (ms)","KPI from->to",68,18
"Jitter (ms)","KPI from->to",70,12
"Jitter (ms)","KPI from->to",72,17
"Jitter (ms)","KPI from->to",74,5
"Jitter (ms)","KPI from->to",76,0
"Jitter (ms)","KPI from->to",78,0
"Jitter (ms)","KPI from->to",80,0
"Jitter (ms)","KPI from->to",82,0
"Jitter (ms)","KPI from->to",84,0
"Jitter (ms)","KPI from->to",86,0
"Jitter (ms)","KPI from->to",88,0
"Jitter (ms)","KPI from->to",90,0
"Jitter (ms)","KPI from->to",92,0
"Jitter (ms)","KPI from->to",94,0
"Jitter (ms)","KPI from->to",96,17
"Jitter (ms)","KPI from->to",98,20
"Jitter (ms)","KPI from->to",100,0

Metric,"Pair Name",Timestamp,Value
"Max Delay Variation (ms)","KPI from->to",102,1
"Max Delay Variation (ms)","KPI from->to",104,2
"Max Delay Variation (ms)","KPI from->to",106,3
"Max Delay Variation (ms)","KPI from->to",108,2
"Max Delay Variation (ms)","KPI from->to",110,37
"Max Delay Variation (ms)","KPI from->to",112,3
"Max Delay Variation (ms)","KPI from->to",114,2
"Max Delay Variation (ms)","KPI from->to",116,2
"Max Delay Variation (ms)","KPI from->to",118,2
"Max Delay Variation (ms)","KPI from->to",120,3

Metric,"Pair Name",Timestamp,Value
MOS,"KPI from->to",2,4.37
MOS,"KPI from->to",4,4.37
MOS,"KPI from->to",6,4.37
MOS,"KPI from->to",8,4.37
MOS,"KPI from->to",10,3.5
MOS,"KPI from->to",12,4.37
MOS,"KPI from->to",14,4.37
MOS,"KPI from->to",16,4.37
MOS,"KPI from->to",18,4.37
MOS,"KPI from->to",20,3.49
MOS,"KPI from->to",22,4.37
MOS,"KPI from->to",24,4.37
MOS,"KPI from->to",26,4.37
MOS,"KPI from->to",28,4.37
MOS,"KPI from->to",30,4.37
MOS,"KPI from->to",32,4.37
MOS,"KPI from->to",34,4.37
MOS,"KPI from->to",36,4.37
MOS,"KPI from->to",38,4.37
MOS,"KPI from->to",40,4.37
MOS,"KPI from->to",42,3.5
MOS,"KPI from->to",44,4.37
MOS,"KPI from->to",46,4.37
MOS,"KPI from->to",48,4.37
MOS,"KPI from->to",50,4.37
MOS,"KPI from->to",52,4.37
MOS,"KPI from->to",54,4.37
MOS,"KPI from->to",56,4.37
MOS,"KPI from->to",58,1.32
MOS,"KPI from->to",60,1
MOS,"KPI from->to",62,1
MOS,"KPI from->to",64,1
MOS,"KPI from->to",66,1
MOS,"KPI from->to",68,1
MOS,"KPI from->to",70,1
MOS,"KPI from->to",72,1
MOS,"KPI from->to",74,1
MOS,"KPI from->to",76,3.48
MOS,"KPI from->to",78,4.36
MOS,"KPI from->to",80,4.36
MOS,"KPI from->to",82,4.37
MOS,"KPI from->to",84,4.37
MOS,"KPI from->to",86,4.37
MOS,"KPI from->to",88,4.37
MOS,"KPI from->to",90,4.37
MOS,"KPI from->to",92,4.37
MOS,"KPI from->to",94,4.37
MOS,"KPI from->to",96,1
MOS,"KPI from->to",98,1
MOS,"KPI from->to",100,4.37

Metric,"Pair Name",Timestamp,Value
"Delay (ms)","KPI from->to",2,2
"Delay (ms)","KPI from->to",4,2
"Delay (ms)","KPI from->to",6,2
"Delay (ms)","KPI from->to",8,2
"Delay (ms)","KPI from->to",10,3
"Delay (ms)","KPI from->to",12,2
"Delay (ms)","KPI from->to",14,2
"Delay (ms)","KPI from->to",16,2
"Delay (ms)","KPI from->to",18,2
"Delay (ms)","KPI from->to",20,3
"Delay (ms)","KPI from->to",22,2
"Delay (ms)","KPI from->to",24,2
"Delay (ms)","KPI from->to",26,2
"Delay (ms)","KPI from->to",28,2
"Delay (ms)","KPI from->to",30,2
"Delay (ms)","KPI from->to",32,3
"Delay (ms)","KPI from->to",34,2
"Delay (ms)","KPI from->to",36,2
"Delay (ms)","KPI from->to",38,2
"Delay (ms)","KPI from->to",40,2
"Delay (ms)","KPI from->to",42,3
"Delay (ms)","KPI from->to",44,1
"Delay (ms)","KPI from->to",46,1
"Delay (ms)","KPI from->to",48,1
"Delay (ms)","KPI from->to",50,1
"Delay (ms)","KPI from->to",52,1
"Delay (ms)","KPI from->to",54,2
"Delay (ms)","KPI from->to",56,1
"Delay (ms)","KPI from->to",58,17
"Delay (ms)","KPI from->to",60,36
"Delay (ms)","KPI from->to",62,32
"Delay (ms)","KPI from->to",64,58
"Delay (ms)","KPI from->to",66,57
"Delay (ms)","KPI from->to",68,62
"Delay (ms)","KPI from->to",70,57
"Delay (ms)","KPI from->to",72,59
"Delay (ms)","KPI from->to",74,56
"Delay (ms)","KPI from->to",76,30
"Delay (ms)","KPI from->to",78,29
"Delay (ms)","KPI from->to",80,29
"Delay (ms)","KPI from->to",82,17
"Delay (ms)","KPI from->to",84,1
"Delay (ms)","KPI from->to",86,1
"Delay (ms)","KPI from->to",88,2
"Delay (ms)","KPI from->to",90,1
"Delay (ms)","KPI from->to",92,1
"Delay (ms)","KPI from->to",94,2
"Delay (ms)","KPI from->to",96,24
"Delay (ms)","KPI from->to",98,37
"Delay (ms)","KPI from->to",100,2

Metric,"Pair Name",Timestamp,Value
"Jitter (ms)","KPI from->to",102,0
"Jitter (ms)","KPI from->to",104,0
"Jitter (ms)","KPI from->to",106,0
"Jitter (ms)","KPI from->to",108,0
"Jitter (ms)","KPI from->to",110,0
"Jitter (ms)","KPI from->to",112,0
"Jitter (ms)","KPI from->to",114,0
"Jitter (ms)","KPI from->to",116,0
"Jitter (ms)","KPI from->to",118,0
"Jitter (ms)","KPI from->to",120,0

Metric,"Pair Name",Timestamp,Value
Loss,"KPI from->to",102,0
Loss,"KPI from->to",104,0
Loss,"KPI from->to",106,0
Loss,"KPI from->to",108,0
Loss,"KPI from->to",110,0
Loss,"KPI from->to",112,0
Loss,"KPI from->to",114,0
Loss,"KPI from->to",116,0
Loss,"KPI from->to",118,0
Loss,"KPI from->to",120,0

Metric,"Pair Name",Timestamp,Value
MOS,"KPI from->to",102,4.37
MOS,"KPI from->to",104,4.37
MOS,"KPI from->to",106,4.37
MOS,"KPI from->to",108,4.37
MOS,"KPI from->to",110,4.37
MOS,"KPI from->to",112,4.37
MOS,"KPI from->to",114,4.37
MOS,"KPI from->to",116,4.37
MOS,"KPI from->to",118,4.37
MOS,"KPI from->to",120,4.37


