"Test Information",Value
"RUN ID",499
"END EXECUTION TIME","2021-05-14 16:01:52"
"SOURCE PROBE NAME",raspberrypi-AAS
"SOURCE PROBE TEST IP ADDRESS",raspberrypi-AAS
"SOURCE PROBE MANAGEMENT IP ADDRESS",raspberrypi-AAS
"SOURCE PROBE GROUP",Administrators
"DESTINATION PROBE NAME",raspberrypi-5G
"DESTINATION PROBE TEST IP ADDRESS",raspberrypi-5G
"DESTINATION PROBE MANAGEMENT IP ADDRESS",raspberrypi-5G
"DESTINATION PROBE GROUP",Administrators
"DESTINATION PROBE LOCATION",
"TEST MODULE",MESH
"TEST TYPE","Network KPI"
"TEST ADDITIONAL INFORMATION"," DSCP Setting: Best Effort"
"TEST DURATION",120
"TEST STATUS",Failed
"FAIL OR ERROR REASON"," Threshold failed on KPI from->to Max Delay Variation (ms) 
"

Metric,"Pair Name",Value,"Threshold Type",Threshold,"Status KPI"
"Datagrams Out of Order","KPI from->to",0.0,0,>=,Passed
"Delay (ms)","KPI from->to",10.92,0,<=,Passed
"Jitter (ms)","KPI from->to",1.27,0,<=,Passed
"Jitter Max (ms)","KPI from->to",5.0,0,<=,Passed
Loss,"KPI from->to",0.0,0,<=,Passed
"Max Delay Variation (ms)","KPI from->to",78.0,0,<=,Failed
"Max loss burst","KPI from->to",0.0,0,<=,Passed
MOS,"KPI from->to",4.26,1,<=,Passed

Metric,"Pair Name",Timestamp,Value
MOS,"KPI from->to",102,4.37
MOS,"KPI from->to",104,4.37
MOS,"KPI from->to",106,4.37
MOS,"KPI from->to",108,4.37
MOS,"KPI from->to",110,4.37
MOS,"KPI from->to",112,4.37
MOS,"KPI from->to",114,4.37
MOS,"KPI from->to",116,4.37
MOS,"KPI from->to",118,4.37
MOS,"KPI from->to",120,4.37

Metric,"Pair Name",Timestamp,Value
"Delay (ms)","KPI from->to",2,11
"Delay (ms)","KPI from->to",4,11
"Delay (ms)","KPI from->to",6,11
"Delay (ms)","KPI from->to",8,10
"Delay (ms)","KPI from->to",10,10
"Delay (ms)","KPI from->to",12,10
"Delay (ms)","KPI from->to",14,11
"Delay (ms)","KPI from->to",16,12
"Delay (ms)","KPI from->to",18,12
"Delay (ms)","KPI from->to",20,12
"Delay (ms)","KPI from->to",22,13
"Delay (ms)","KPI from->to",24,12
"Delay (ms)","KPI from->to",26,12
"Delay (ms)","KPI from->to",28,9
"Delay (ms)","KPI from->to",30,7
"Delay (ms)","KPI from->to",32,7
"Delay (ms)","KPI from->to",34,7
"Delay (ms)","KPI from->to",36,7
"Delay (ms)","KPI from->to",38,6
"Delay (ms)","KPI from->to",40,7
"Delay (ms)","KPI from->to",42,12
"Delay (ms)","KPI from->to",44,11
"Delay (ms)","KPI from->to",46,11
"Delay (ms)","KPI from->to",48,10
"Delay (ms)","KPI from->to",50,10
"Delay (ms)","KPI from->to",52,12
"Delay (ms)","KPI from->to",54,16
"Delay (ms)","KPI from->to",56,15
"Delay (ms)","KPI from->to",58,11
"Delay (ms)","KPI from->to",60,14
"Delay (ms)","KPI from->to",62,12
"Delay (ms)","KPI from->to",64,11
"Delay (ms)","KPI from->to",66,12
"Delay (ms)","KPI from->to",68,13
"Delay (ms)","KPI from->to",70,13
"Delay (ms)","KPI from->to",72,12
"Delay (ms)","KPI from->to",74,14
"Delay (ms)","KPI from->to",76,13
"Delay (ms)","KPI from->to",78,10
"Delay (ms)","KPI from->to",80,11
"Delay (ms)","KPI from->to",82,11
"Delay (ms)","KPI from->to",84,11
"Delay (ms)","KPI from->to",86,10
"Delay (ms)","KPI from->to",88,10
"Delay (ms)","KPI from->to",90,11
"Delay (ms)","KPI from->to",92,11
"Delay (ms)","KPI from->to",94,11
"Delay (ms)","KPI from->to",96,11
"Delay (ms)","KPI from->to",98,11
"Delay (ms)","KPI from->to",100,11

Metric,"Pair Name",Timestamp,Value
"Delay (ms)","KPI from->to",102,10
"Delay (ms)","KPI from->to",104,11
"Delay (ms)","KPI from->to",106,11
"Delay (ms)","KPI from->to",108,11
"Delay (ms)","KPI from->to",110,10
"Delay (ms)","KPI from->to",112,10
"Delay (ms)","KPI from->to",114,10
"Delay (ms)","KPI from->to",116,11
"Delay (ms)","KPI from->to",118,11
"Delay (ms)","KPI from->to",120,12

Metric,"Pair Name",Timestamp,Value
"Max Delay Variation (ms)","KPI from->to",2,8
"Max Delay Variation (ms)","KPI from->to",4,7
"Max Delay Variation (ms)","KPI from->to",6,7
"Max Delay Variation (ms)","KPI from->to",8,6
"Max Delay Variation (ms)","KPI from->to",10,7
"Max Delay Variation (ms)","KPI from->to",12,7
"Max Delay Variation (ms)","KPI from->to",14,10
"Max Delay Variation (ms)","KPI from->to",16,7
"Max Delay Variation (ms)","KPI from->to",18,7
"Max Delay Variation (ms)","KPI from->to",20,7
"Max Delay Variation (ms)","KPI from->to",22,8
"Max Delay Variation (ms)","KPI from->to",24,9
"Max Delay Variation (ms)","KPI from->to",26,10
"Max Delay Variation (ms)","KPI from->to",28,14
"Max Delay Variation (ms)","KPI from->to",30,19
"Max Delay Variation (ms)","KPI from->to",32,16
"Max Delay Variation (ms)","KPI from->to",34,13
"Max Delay Variation (ms)","KPI from->to",36,13
"Max Delay Variation (ms)","KPI from->to",38,12
"Max Delay Variation (ms)","KPI from->to",40,7
"Max Delay Variation (ms)","KPI from->to",42,35
"Max Delay Variation (ms)","KPI from->to",44,13
"Max Delay Variation (ms)","KPI from->to",46,16
"Max Delay Variation (ms)","KPI from->to",48,8
"Max Delay Variation (ms)","KPI from->to",50,6
"Max Delay Variation (ms)","KPI from->to",52,8
"Max Delay Variation (ms)","KPI from->to",54,78
"Max Delay Variation (ms)","KPI from->to",56,75
"Max Delay Variation (ms)","KPI from->to",58,7
"Max Delay Variation (ms)","KPI from->to",60,47
"Max Delay Variation (ms)","KPI from->to",62,35
"Max Delay Variation (ms)","KPI from->to",64,6
"Max Delay Variation (ms)","KPI from->to",66,8
"Max Delay Variation (ms)","KPI from->to",68,37
"Max Delay Variation (ms)","KPI from->to",70,44
"Max Delay Variation (ms)","KPI from->to",72,34
"Max Delay Variation (ms)","KPI from->to",74,77
"Max Delay Variation (ms)","KPI from->to",76,65
"Max Delay Variation (ms)","KPI from->to",78,8
"Max Delay Variation (ms)","KPI from->to",80,7
"Max Delay Variation (ms)","KPI from->to",82,6
"Max Delay Variation (ms)","KPI from->to",84,42
"Max Delay Variation (ms)","KPI from->to",86,7
"Max Delay Variation (ms)","KPI from->to",88,10
"Max Delay Variation (ms)","KPI from->to",90,8
"Max Delay Variation (ms)","KPI from->to",92,9
"Max Delay Variation (ms)","KPI from->to",94,7
"Max Delay Variation (ms)","KPI from->to",96,8
"Max Delay Variation (ms)","KPI from->to",98,9
"Max Delay Variation (ms)","KPI from->to",100,7

Metric,"Pair Name",Timestamp,Value
Loss,"KPI from->to",102,0
Loss,"KPI from->to",104,0
Loss,"KPI from->to",106,0
Loss,"KPI from->to",108,0
Loss,"KPI from->to",110,0
Loss,"KPI from->to",112,0
Loss,"KPI from->to",114,0
Loss,"KPI from->to",116,0
Loss,"KPI from->to",118,0
Loss,"KPI from->to",120,0

Metric,"Pair Name",Timestamp,Value
MOS,"KPI from->to",2,4.37
MOS,"KPI from->to",4,4.37
MOS,"KPI from->to",6,4.37
MOS,"KPI from->to",8,4.37
MOS,"KPI from->to",10,4.37
MOS,"KPI from->to",12,4.37
MOS,"KPI from->to",14,4.37
MOS,"KPI from->to",16,4.37
MOS,"KPI from->to",18,4.37
MOS,"KPI from->to",20,4.37
MOS,"KPI from->to",22,4.37
MOS,"KPI from->to",24,4.37
MOS,"KPI from->to",26,4.37
MOS,"KPI from->to",28,4.37
MOS,"KPI from->to",30,4.37
MOS,"KPI from->to",32,4.37
MOS,"KPI from->to",34,4.37
MOS,"KPI from->to",36,4.37
MOS,"KPI from->to",38,4.37
MOS,"KPI from->to",40,4.37
MOS,"KPI from->to",42,4.37
MOS,"KPI from->to",44,4.37
MOS,"KPI from->to",46,4.37
MOS,"KPI from->to",48,4.37
MOS,"KPI from->to",50,4.37
MOS,"KPI from->to",52,4.37
MOS,"KPI from->to",54,2.8
MOS,"KPI from->to",56,3.48
MOS,"KPI from->to",58,4.37
MOS,"KPI from->to",60,3.48
MOS,"KPI from->to",62,4.37
MOS,"KPI from->to",64,4.37
MOS,"KPI from->to",66,4.37
MOS,"KPI from->to",68,4.37
MOS,"KPI from->to",70,3.48
MOS,"KPI from->to",72,4.37
MOS,"KPI from->to",74,3.48
MOS,"KPI from->to",76,3.48
MOS,"KPI from->to",78,4.37
MOS,"KPI from->to",80,4.37
MOS,"KPI from->to",82,4.37
MOS,"KPI from->to",84,3.49
MOS,"KPI from->to",86,4.37
MOS,"KPI from->to",88,4.37
MOS,"KPI from->to",90,4.37
MOS,"KPI from->to",92,4.37
MOS,"KPI from->to",94,4.37
MOS,"KPI from->to",96,4.37
MOS,"KPI from->to",98,4.37
MOS,"KPI from->to",100,4.37

Metric,"Pair Name",Timestamp,Value
"Jitter (ms)","KPI from->to",2,0
"Jitter (ms)","KPI from->to",4,2
"Jitter (ms)","KPI from->to",6,1
"Jitter (ms)","KPI from->to",8,1
"Jitter (ms)","KPI from->to",10,0
"Jitter (ms)","KPI from->to",12,2
"Jitter (ms)","KPI from->to",14,1
"Jitter (ms)","KPI from->to",16,0
"Jitter (ms)","KPI from->to",18,0
"Jitter (ms)","KPI from->to",20,1
"Jitter (ms)","KPI from->to",22,1
"Jitter (ms)","KPI from->to",24,0
"Jitter (ms)","KPI from->to",26,1
"Jitter (ms)","KPI from->to",28,1
"Jitter (ms)","KPI from->to",30,1
"Jitter (ms)","KPI from->to",32,1
"Jitter (ms)","KPI from->to",34,2
"Jitter (ms)","KPI from->to",36,2
"Jitter (ms)","KPI from->to",38,1
"Jitter (ms)","KPI from->to",40,1
"Jitter (ms)","KPI from->to",42,4
"Jitter (ms)","KPI from->to",44,1
"Jitter (ms)","KPI from->to",46,1
"Jitter (ms)","KPI from->to",48,1
"Jitter (ms)","KPI from->to",50,1
"Jitter (ms)","KPI from->to",52,2
"Jitter (ms)","KPI from->to",54,4
"Jitter (ms)","KPI from->to",56,2
"Jitter (ms)","KPI from->to",58,0
"Jitter (ms)","KPI from->to",60,5
"Jitter (ms)","KPI from->to",62,1
"Jitter (ms)","KPI from->to",64,0
"Jitter (ms)","KPI from->to",66,1
"Jitter (ms)","KPI from->to",68,5
"Jitter (ms)","KPI from->to",70,1
"Jitter (ms)","KPI from->to",72,1
"Jitter (ms)","KPI from->to",74,1
"Jitter (ms)","KPI from->to",76,1
"Jitter (ms)","KPI from->to",78,0
"Jitter (ms)","KPI from->to",80,1
"Jitter (ms)","KPI from->to",82,0
"Jitter (ms)","KPI from->to",84,1
"Jitter (ms)","KPI from->to",86,1
"Jitter (ms)","KPI from->to",88,2
"Jitter (ms)","KPI from->to",90,1
"Jitter (ms)","KPI from->to",92,2
"Jitter (ms)","KPI from->to",94,2
"Jitter (ms)","KPI from->to",96,1
"Jitter (ms)","KPI from->to",98,2
"Jitter (ms)","KPI from->to",100,1

Metric,"Pair Name",Timestamp,Value
"Jitter (ms)","KPI from->to",102,1
"Jitter (ms)","KPI from->to",104,2
"Jitter (ms)","KPI from->to",106,1
"Jitter (ms)","KPI from->to",108,1
"Jitter (ms)","KPI from->to",110,1
"Jitter (ms)","KPI from->to",112,1
"Jitter (ms)","KPI from->to",114,2
"Jitter (ms)","KPI from->to",116,1
"Jitter (ms)","KPI from->to",118,0
"Jitter (ms)","KPI from->to",120,1

Metric,"Pair Name",Timestamp,Value
Loss,"KPI from->to",2,0
Loss,"KPI from->to",4,0
Loss,"KPI from->to",6,0
Loss,"KPI from->to",8,0
Loss,"KPI from->to",10,0
Loss,"KPI from->to",12,0
Loss,"KPI from->to",14,0
Loss,"KPI from->to",16,0
Loss,"KPI from->to",18,0
Loss,"KPI from->to",20,0
Loss,"KPI from->to",22,0
Loss,"KPI from->to",24,0
Loss,"KPI from->to",26,0
Loss,"KPI from->to",28,0
Loss,"KPI from->to",30,0
Loss,"KPI from->to",32,0
Loss,"KPI from->to",34,0
Loss,"KPI from->to",36,0
Loss,"KPI from->to",38,0
Loss,"KPI from->to",40,0
Loss,"KPI from->to",42,0
Loss,"KPI from->to",44,0
Loss,"KPI from->to",46,0
Loss,"KPI from->to",48,0
Loss,"KPI from->to",50,0
Loss,"KPI from->to",52,0
Loss,"KPI from->to",54,0
Loss,"KPI from->to",56,0
Loss,"KPI from->to",58,0
Loss,"KPI from->to",60,0
Loss,"KPI from->to",62,0
Loss,"KPI from->to",64,0
Loss,"KPI from->to",66,0
Loss,"KPI from->to",68,0
Loss,"KPI from->to",70,0
Loss,"KPI from->to",72,0
Loss,"KPI from->to",74,0
Loss,"KPI from->to",76,0
Loss,"KPI from->to",78,0
Loss,"KPI from->to",80,0
Loss,"KPI from->to",82,0
Loss,"KPI from->to",84,0
Loss,"KPI from->to",86,0
Loss,"KPI from->to",88,0
Loss,"KPI from->to",90,0
Loss,"KPI from->to",92,0
Loss,"KPI from->to",94,0
Loss,"KPI from->to",96,0
Loss,"KPI from->to",98,0
Loss,"KPI from->to",100,0

Metric,"Pair Name",Timestamp,Value
"Max Delay Variation (ms)","KPI from->to",102,7
"Max Delay Variation (ms)","KPI from->to",104,8
"Max Delay Variation (ms)","KPI from->to",106,10
"Max Delay Variation (ms)","KPI from->to",108,7
"Max Delay Variation (ms)","KPI from->to",110,8
"Max Delay Variation (ms)","KPI from->to",112,8
"Max Delay Variation (ms)","KPI from->to",114,8
"Max Delay Variation (ms)","KPI from->to",116,8
"Max Delay Variation (ms)","KPI from->to",118,7
"Max Delay Variation (ms)","KPI from->to",120,8


