"Test Information",Value
"RUN ID",499
"END EXECUTION TIME","2021-05-14 16:12:57"
"SOURCE PROBE NAME",raspberrypi-AAS
"SOURCE PROBE TEST IP ADDRESS",raspberrypi-AAS
"SOURCE PROBE MANAGEMENT IP ADDRESS",raspberrypi-AAS
"SOURCE PROBE GROUP",Administrators
"DESTINATION PROBE NAME",raspberrypi-5G
"DESTINATION PROBE TEST IP ADDRESS",raspberrypi-5G
"DESTINATION PROBE MANAGEMENT IP ADDRESS",raspberrypi-5G
"DESTINATION PROBE GROUP",Administrators
"DESTINATION PROBE LOCATION",
"TEST MODULE",MESH
"TEST TYPE","Network KPI"
"TEST ADDITIONAL INFORMATION"," DSCP Setting: Best Effort"
"TEST DURATION",120
"TEST STATUS",Passed
"FAIL OR ERROR REASON",

Metric,"Pair Name",Value,"Threshold Type",Threshold,"Status KPI"
"Datagrams Out of Order","KPI from->to",0.0,0,>=,Passed
"Delay (ms)","KPI from->to",11.93,0,<=,Passed
"Jitter (ms)","KPI from->to",0.86,0,<=,Passed
"Jitter Max (ms)","KPI from->to",2.0,0,<=,Passed
Loss,"KPI from->to",0.0,0,<=,Passed
"Max Delay Variation (ms)","KPI from->to",20.0,0,<=,Passed
"Max loss burst","KPI from->to",0.0,0,<=,Passed
MOS,"KPI from->to",4.37,1,<=,Passed

Metric,"Pair Name",Timestamp,Value
MOS,"KPI from->to",2,4.37
MOS,"KPI from->to",4,4.37
MOS,"KPI from->to",6,4.37
MOS,"KPI from->to",8,4.37
MOS,"KPI from->to",10,4.37
MOS,"KPI from->to",12,4.37
MOS,"KPI from->to",14,4.37
MOS,"KPI from->to",16,4.37
MOS,"KPI from->to",18,4.37
MOS,"KPI from->to",20,4.37
MOS,"KPI from->to",22,4.37
MOS,"KPI from->to",24,4.37
MOS,"KPI from->to",26,4.37
MOS,"KPI from->to",28,4.37
MOS,"KPI from->to",30,4.37
MOS,"KPI from->to",32,4.37
MOS,"KPI from->to",34,4.37
MOS,"KPI from->to",36,4.37
MOS,"KPI from->to",38,4.37
MOS,"KPI from->to",40,4.37
MOS,"KPI from->to",42,4.37
MOS,"KPI from->to",44,4.37
MOS,"KPI from->to",46,4.37
MOS,"KPI from->to",48,4.37
MOS,"KPI from->to",50,4.37
MOS,"KPI from->to",52,4.37
MOS,"KPI from->to",54,4.37
MOS,"KPI from->to",56,4.37
MOS,"KPI from->to",58,4.37
MOS,"KPI from->to",60,4.37
MOS,"KPI from->to",62,4.37
MOS,"KPI from->to",64,4.37
MOS,"KPI from->to",66,4.37
MOS,"KPI from->to",68,4.37
MOS,"KPI from->to",70,4.37
MOS,"KPI from->to",72,4.37
MOS,"KPI from->to",74,4.37
MOS,"KPI from->to",76,4.37
MOS,"KPI from->to",78,4.37
MOS,"KPI from->to",80,4.37
MOS,"KPI from->to",82,4.37
MOS,"KPI from->to",84,4.37
MOS,"KPI from->to",86,4.37
MOS,"KPI from->to",88,4.37
MOS,"KPI from->to",90,4.37
MOS,"KPI from->to",92,4.37
MOS,"KPI from->to",94,4.37
MOS,"KPI from->to",96,4.37
MOS,"KPI from->to",98,4.37
MOS,"KPI from->to",100,4.37

Metric,"Pair Name",Timestamp,Value
"Max Delay Variation (ms)","KPI from->to",102,7
"Max Delay Variation (ms)","KPI from->to",104,15
"Max Delay Variation (ms)","KPI from->to",106,8
"Max Delay Variation (ms)","KPI from->to",108,7
"Max Delay Variation (ms)","KPI from->to",110,7
"Max Delay Variation (ms)","KPI from->to",112,7
"Max Delay Variation (ms)","KPI from->to",114,8
"Max Delay Variation (ms)","KPI from->to",116,8
"Max Delay Variation (ms)","KPI from->to",118,8

Metric,"Pair Name",Timestamp,Value
Loss,"KPI from->to",102,0
Loss,"KPI from->to",104,0
Loss,"KPI from->to",106,0
Loss,"KPI from->to",108,0
Loss,"KPI from->to",110,0
Loss,"KPI from->to",112,0
Loss,"KPI from->to",114,0
Loss,"KPI from->to",116,0
Loss,"KPI from->to",118,0

Metric,"Pair Name",Timestamp,Value
MOS,"KPI from->to",102,4.37
MOS,"KPI from->to",104,4.37
MOS,"KPI from->to",106,4.37
MOS,"KPI from->to",108,4.37
MOS,"KPI from->to",110,4.37
MOS,"KPI from->to",112,4.37
MOS,"KPI from->to",114,4.37
MOS,"KPI from->to",116,4.37
MOS,"KPI from->to",118,4.37

Metric,"Pair Name",Timestamp,Value
"Delay (ms)","KPI from->to",2,17
"Delay (ms)","KPI from->to",4,16
"Delay (ms)","KPI from->to",6,16
"Delay (ms)","KPI from->to",8,15
"Delay (ms)","KPI from->to",10,10
"Delay (ms)","KPI from->to",12,11
"Delay (ms)","KPI from->to",14,10
"Delay (ms)","KPI from->to",16,10
"Delay (ms)","KPI from->to",18,11
"Delay (ms)","KPI from->to",20,13
"Delay (ms)","KPI from->to",22,13
"Delay (ms)","KPI from->to",24,13
"Delay (ms)","KPI from->to",26,13
"Delay (ms)","KPI from->to",28,13
"Delay (ms)","KPI from->to",30,13
"Delay (ms)","KPI from->to",32,12
"Delay (ms)","KPI from->to",34,13
"Delay (ms)","KPI from->to",36,12
"Delay (ms)","KPI from->to",38,13
"Delay (ms)","KPI from->to",40,13
"Delay (ms)","KPI from->to",42,12
"Delay (ms)","KPI from->to",44,12
"Delay (ms)","KPI from->to",46,13
"Delay (ms)","KPI from->to",48,13
"Delay (ms)","KPI from->to",50,13
"Delay (ms)","KPI from->to",52,13
"Delay (ms)","KPI from->to",54,12
"Delay (ms)","KPI from->to",56,11
"Delay (ms)","KPI from->to",58,11
"Delay (ms)","KPI from->to",60,10
"Delay (ms)","KPI from->to",62,10
"Delay (ms)","KPI from->to",64,12
"Delay (ms)","KPI from->to",66,12
"Delay (ms)","KPI from->to",68,12
"Delay (ms)","KPI from->to",70,11
"Delay (ms)","KPI from->to",72,10
"Delay (ms)","KPI from->to",74,10
"Delay (ms)","KPI from->to",76,10
"Delay (ms)","KPI from->to",78,10
"Delay (ms)","KPI from->to",80,10
"Delay (ms)","KPI from->to",82,11
"Delay (ms)","KPI from->to",84,11
"Delay (ms)","KPI from->to",86,11
"Delay (ms)","KPI from->to",88,11
"Delay (ms)","KPI from->to",90,10
"Delay (ms)","KPI from->to",92,9
"Delay (ms)","KPI from->to",94,9
"Delay (ms)","KPI from->to",96,9
"Delay (ms)","KPI from->to",98,9
"Delay (ms)","KPI from->to",100,13

Metric,"Pair Name",Timestamp,Value
"Delay (ms)","KPI from->to",102,12
"Delay (ms)","KPI from->to",104,12
"Delay (ms)","KPI from->to",106,12
"Delay (ms)","KPI from->to",108,13
"Delay (ms)","KPI from->to",110,14
"Delay (ms)","KPI from->to",112,14
"Delay (ms)","KPI from->to",114,14
"Delay (ms)","KPI from->to",116,13
"Delay (ms)","KPI from->to",118,13

Metric,"Pair Name",Timestamp,Value
"Jitter (ms)","KPI from->to",102,1
"Jitter (ms)","KPI from->to",104,1
"Jitter (ms)","KPI from->to",106,1
"Jitter (ms)","KPI from->to",108,1
"Jitter (ms)","KPI from->to",110,1
"Jitter (ms)","KPI from->to",112,0
"Jitter (ms)","KPI from->to",114,1
"Jitter (ms)","KPI from->to",116,2
"Jitter (ms)","KPI from->to",118,1

Metric,"Pair Name",Timestamp,Value
"Jitter (ms)","KPI from->to",2,1
"Jitter (ms)","KPI from->to",4,1
"Jitter (ms)","KPI from->to",6,1
"Jitter (ms)","KPI from->to",8,1
"Jitter (ms)","KPI from->to",10,1
"Jitter (ms)","KPI from->to",12,1
"Jitter (ms)","KPI from->to",14,0
"Jitter (ms)","KPI from->to",16,1
"Jitter (ms)","KPI from->to",18,1
"Jitter (ms)","KPI from->to",20,0
"Jitter (ms)","KPI from->to",22,1
"Jitter (ms)","KPI from->to",24,0
"Jitter (ms)","KPI from->to",26,1
"Jitter (ms)","KPI from->to",28,1
"Jitter (ms)","KPI from->to",30,1
"Jitter (ms)","KPI from->to",32,1
"Jitter (ms)","KPI from->to",34,1
"Jitter (ms)","KPI from->to",36,1
"Jitter (ms)","KPI from->to",38,1
"Jitter (ms)","KPI from->to",40,1
"Jitter (ms)","KPI from->to",42,0
"Jitter (ms)","KPI from->to",44,0
"Jitter (ms)","KPI from->to",46,1
"Jitter (ms)","KPI from->to",48,1
"Jitter (ms)","KPI from->to",50,2
"Jitter (ms)","KPI from->to",52,1
"Jitter (ms)","KPI from->to",54,2
"Jitter (ms)","KPI from->to",56,1
"Jitter (ms)","KPI from->to",58,1
"Jitter (ms)","KPI from->to",60,0
"Jitter (ms)","KPI from->to",62,1
"Jitter (ms)","KPI from->to",64,1
"Jitter (ms)","KPI from->to",66,1
"Jitter (ms)","KPI from->to",68,0
"Jitter (ms)","KPI from->to",70,2
"Jitter (ms)","KPI from->to",72,1
"Jitter (ms)","KPI from->to",74,1
"Jitter (ms)","KPI from->to",76,1
"Jitter (ms)","KPI from->to",78,0
"Jitter (ms)","KPI from->to",80,0
"Jitter (ms)","KPI from->to",82,1
"Jitter (ms)","KPI from->to",84,1
"Jitter (ms)","KPI from->to",86,2
"Jitter (ms)","KPI from->to",88,0
"Jitter (ms)","KPI from->to",90,0
"Jitter (ms)","KPI from->to",92,1
"Jitter (ms)","KPI from->to",94,0
"Jitter (ms)","KPI from->to",96,1
"Jitter (ms)","KPI from->to",98,0
"Jitter (ms)","KPI from->to",100,2

Metric,"Pair Name",Timestamp,Value
Loss,"KPI from->to",2,0
Loss,"KPI from->to",4,0
Loss,"KPI from->to",6,0
Loss,"KPI from->to",8,0
Loss,"KPI from->to",10,0
Loss,"KPI from->to",12,0
Loss,"KPI from->to",14,0
Loss,"KPI from->to",16,0
Loss,"KPI from->to",18,0
Loss,"KPI from->to",20,0
Loss,"KPI from->to",22,0
Loss,"KPI from->to",24,0
Loss,"KPI from->to",26,0
Loss,"KPI from->to",28,0
Loss,"KPI from->to",30,0
Loss,"KPI from->to",32,0
Loss,"KPI from->to",34,0
Loss,"KPI from->to",36,0
Loss,"KPI from->to",38,0
Loss,"KPI from->to",40,0
Loss,"KPI from->to",42,0
Loss,"KPI from->to",44,0
Loss,"KPI from->to",46,0
Loss,"KPI from->to",48,0
Loss,"KPI from->to",50,0
Loss,"KPI from->to",52,0
Loss,"KPI from->to",54,0
Loss,"KPI from->to",56,0
Loss,"KPI from->to",58,0
Loss,"KPI from->to",60,0
Loss,"KPI from->to",62,0
Loss,"KPI from->to",64,0
Loss,"KPI from->to",66,0
Loss,"KPI from->to",68,0
Loss,"KPI from->to",70,0
Loss,"KPI from->to",72,0
Loss,"KPI from->to",74,0
Loss,"KPI from->to",76,0
Loss,"KPI from->to",78,0
Loss,"KPI from->to",80,0
Loss,"KPI from->to",82,0
Loss,"KPI from->to",84,0
Loss,"KPI from->to",86,0
Loss,"KPI from->to",88,0
Loss,"KPI from->to",90,0
Loss,"KPI from->to",92,0
Loss,"KPI from->to",94,0
Loss,"KPI from->to",96,0
Loss,"KPI from->to",98,0
Loss,"KPI from->to",100,0

Metric,"Pair Name",Timestamp,Value
"Max Delay Variation (ms)","KPI from->to",2,20
"Max Delay Variation (ms)","KPI from->to",4,7
"Max Delay Variation (ms)","KPI from->to",6,7
"Max Delay Variation (ms)","KPI from->to",8,7
"Max Delay Variation (ms)","KPI from->to",10,8
"Max Delay Variation (ms)","KPI from->to",12,8
"Max Delay Variation (ms)","KPI from->to",14,7
"Max Delay Variation (ms)","KPI from->to",16,8
"Max Delay Variation (ms)","KPI from->to",18,6
"Max Delay Variation (ms)","KPI from->to",20,7
"Max Delay Variation (ms)","KPI from->to",22,9
"Max Delay Variation (ms)","KPI from->to",24,11
"Max Delay Variation (ms)","KPI from->to",26,8
"Max Delay Variation (ms)","KPI from->to",28,8
"Max Delay Variation (ms)","KPI from->to",30,7
"Max Delay Variation (ms)","KPI from->to",32,7
"Max Delay Variation (ms)","KPI from->to",34,7
"Max Delay Variation (ms)","KPI from->to",36,7
"Max Delay Variation (ms)","KPI from->to",38,7
"Max Delay Variation (ms)","KPI from->to",40,9
"Max Delay Variation (ms)","KPI from->to",42,8
"Max Delay Variation (ms)","KPI from->to",44,11
"Max Delay Variation (ms)","KPI from->to",46,7
"Max Delay Variation (ms)","KPI from->to",48,7
"Max Delay Variation (ms)","KPI from->to",50,9
"Max Delay Variation (ms)","KPI from->to",52,7
"Max Delay Variation (ms)","KPI from->to",54,9
"Max Delay Variation (ms)","KPI from->to",56,7
"Max Delay Variation (ms)","KPI from->to",58,9
"Max Delay Variation (ms)","KPI from->to",60,7
"Max Delay Variation (ms)","KPI from->to",62,7
"Max Delay Variation (ms)","KPI from->to",64,9
"Max Delay Variation (ms)","KPI from->to",66,7
"Max Delay Variation (ms)","KPI from->to",68,7
"Max Delay Variation (ms)","KPI from->to",70,7
"Max Delay Variation (ms)","KPI from->to",72,7
"Max Delay Variation (ms)","KPI from->to",74,8
"Max Delay Variation (ms)","KPI from->to",76,8
"Max Delay Variation (ms)","KPI from->to",78,7
"Max Delay Variation (ms)","KPI from->to",80,7
"Max Delay Variation (ms)","KPI from->to",82,8
"Max Delay Variation (ms)","KPI from->to",84,7
"Max Delay Variation (ms)","KPI from->to",86,7
"Max Delay Variation (ms)","KPI from->to",88,7
"Max Delay Variation (ms)","KPI from->to",90,8
"Max Delay Variation (ms)","KPI from->to",92,7
"Max Delay Variation (ms)","KPI from->to",94,8
"Max Delay Variation (ms)","KPI from->to",96,7
"Max Delay Variation (ms)","KPI from->to",98,6
"Max Delay Variation (ms)","KPI from->to",100,8


