"Test Information",Value
"RUN ID",499
"END EXECUTION TIME","2021-05-14 15:35:14"
"SOURCE PROBE NAME",andreas
"SOURCE PROBE TEST IP ADDRESS",andreas
"SOURCE PROBE MANAGEMENT IP ADDRESS",andreas
"SOURCE PROBE GROUP",Administrators
"DESTINATION PROBE NAME",raspberrypi-AAS
"DESTINATION PROBE TEST IP ADDRESS",raspberrypi-AAS
"DESTINATION PROBE MANAGEMENT IP ADDRESS",raspberrypi-AAS
"DESTINATION PROBE GROUP",Administrators
"DESTINATION PROBE LOCATION",
"TEST MODULE",MESH
"TEST TYPE","Network KPI"
"TEST ADDITIONAL INFORMATION"," DSCP Setting: Best Effort"
"TEST DURATION",120
"TEST STATUS",Failed
"FAIL OR ERROR REASON"," Threshold failed on KPI from->to Jitter Max (ms) 
 Threshold failed on KPI from->to Max Delay Variation (ms) 
 Threshold failed on KPI from->to MOS 
"

Metric,"Pair Name",Value,"Threshold Type",Threshold,"Status KPI"
"Datagrams Out of Order","KPI from->to",0.0,0,>=,Passed
"Delay (ms)","KPI from->to",12.73,0,<=,Passed
"Jitter (ms)","KPI from->to",3.5,0,<=,Passed
"Jitter Max (ms)","KPI from->to",24.0,0,<=,Failed
Loss,"KPI from->to",0.0,0,<=,Passed
"Max Delay Variation (ms)","KPI from->to",171.0,0,<=,Failed
"Max loss burst","KPI from->to",0.0,0,<=,Passed
MOS,"KPI from->to",3.57,1,<=,Failed

Metric,"Pair Name",Timestamp,Value
"Jitter (ms)","KPI from->to",2,0
"Jitter (ms)","KPI from->to",4,0
"Jitter (ms)","KPI from->to",6,0
"Jitter (ms)","KPI from->to",8,0
"Jitter (ms)","KPI from->to",10,0
"Jitter (ms)","KPI from->to",12,0
"Jitter (ms)","KPI from->to",14,0
"Jitter (ms)","KPI from->to",16,0
"Jitter (ms)","KPI from->to",18,20
"Jitter (ms)","KPI from->to",20,5
"Jitter (ms)","KPI from->to",22,24
"Jitter (ms)","KPI from->to",24,17
"Jitter (ms)","KPI from->to",26,18
"Jitter (ms)","KPI from->to",28,17
"Jitter (ms)","KPI from->to",30,21
"Jitter (ms)","KPI from->to",32,16
"Jitter (ms)","KPI from->to",34,0
"Jitter (ms)","KPI from->to",36,0
"Jitter (ms)","KPI from->to",38,0
"Jitter (ms)","KPI from->to",40,0
"Jitter (ms)","KPI from->to",42,0
"Jitter (ms)","KPI from->to",44,0
"Jitter (ms)","KPI from->to",46,0
"Jitter (ms)","KPI from->to",48,0
"Jitter (ms)","KPI from->to",50,0
"Jitter (ms)","KPI from->to",52,1
"Jitter (ms)","KPI from->to",54,0
"Jitter (ms)","KPI from->to",56,0
"Jitter (ms)","KPI from->to",58,0
"Jitter (ms)","KPI from->to",60,19
"Jitter (ms)","KPI from->to",62,5
"Jitter (ms)","KPI from->to",64,0
"Jitter (ms)","KPI from->to",66,0
"Jitter (ms)","KPI from->to",68,0
"Jitter (ms)","KPI from->to",70,1
"Jitter (ms)","KPI from->to",72,0
"Jitter (ms)","KPI from->to",74,2
"Jitter (ms)","KPI from->to",76,0
"Jitter (ms)","KPI from->to",78,0
"Jitter (ms)","KPI from->to",80,0
"Jitter (ms)","KPI from->to",82,0
"Jitter (ms)","KPI from->to",84,0
"Jitter (ms)","KPI from->to",86,0
"Jitter (ms)","KPI from->to",88,0
"Jitter (ms)","KPI from->to",90,0
"Jitter (ms)","KPI from->to",92,0
"Jitter (ms)","KPI from->to",94,23
"Jitter (ms)","KPI from->to",96,20
"Jitter (ms)","KPI from->to",98,0
"Jitter (ms)","KPI from->to",100,0

Metric,"Pair Name",Timestamp,Value
Loss,"KPI from->to",102,0
Loss,"KPI from->to",104,0
Loss,"KPI from->to",106,0
Loss,"KPI from->to",108,0
Loss,"KPI from->to",110,0
Loss,"KPI from->to",112,0
Loss,"KPI from->to",114,0
Loss,"KPI from->to",116,0
Loss,"KPI from->to",118,0
Loss,"KPI from->to",120,0

Metric,"Pair Name",Timestamp,Value
"Delay (ms)","KPI from->to",102,1
"Delay (ms)","KPI from->to",104,1
"Delay (ms)","KPI from->to",106,2
"Delay (ms)","KPI from->to",108,2
"Delay (ms)","KPI from->to",110,2
"Delay (ms)","KPI from->to",112,2
"Delay (ms)","KPI from->to",114,2
"Delay (ms)","KPI from->to",116,2
"Delay (ms)","KPI from->to",118,2
"Delay (ms)","KPI from->to",120,3

Metric,"Pair Name",Timestamp,Value
"Max Delay Variation (ms)","KPI from->to",2,1
"Max Delay Variation (ms)","KPI from->to",4,1
"Max Delay Variation (ms)","KPI from->to",6,1
"Max Delay Variation (ms)","KPI from->to",8,55
"Max Delay Variation (ms)","KPI from->to",10,2
"Max Delay Variation (ms)","KPI from->to",12,1
"Max Delay Variation (ms)","KPI from->to",14,1
"Max Delay Variation (ms)","KPI from->to",16,3
"Max Delay Variation (ms)","KPI from->to",18,171
"Max Delay Variation (ms)","KPI from->to",20,116
"Max Delay Variation (ms)","KPI from->to",22,115
"Max Delay Variation (ms)","KPI from->to",24,117
"Max Delay Variation (ms)","KPI from->to",26,115
"Max Delay Variation (ms)","KPI from->to",28,115
"Max Delay Variation (ms)","KPI from->to",30,120
"Max Delay Variation (ms)","KPI from->to",32,115
"Max Delay Variation (ms)","KPI from->to",34,113
"Max Delay Variation (ms)","KPI from->to",36,1
"Max Delay Variation (ms)","KPI from->to",38,1
"Max Delay Variation (ms)","KPI from->to",40,1
"Max Delay Variation (ms)","KPI from->to",42,42
"Max Delay Variation (ms)","KPI from->to",44,2
"Max Delay Variation (ms)","KPI from->to",46,1
"Max Delay Variation (ms)","KPI from->to",48,1
"Max Delay Variation (ms)","KPI from->to",50,1
"Max Delay Variation (ms)","KPI from->to",52,56
"Max Delay Variation (ms)","KPI from->to",54,1
"Max Delay Variation (ms)","KPI from->to",56,1
"Max Delay Variation (ms)","KPI from->to",58,2
"Max Delay Variation (ms)","KPI from->to",60,116
"Max Delay Variation (ms)","KPI from->to",62,112
"Max Delay Variation (ms)","KPI from->to",64,21
"Max Delay Variation (ms)","KPI from->to",66,2
"Max Delay Variation (ms)","KPI from->to",68,1
"Max Delay Variation (ms)","KPI from->to",70,19
"Max Delay Variation (ms)","KPI from->to",72,1
"Max Delay Variation (ms)","KPI from->to",74,43
"Max Delay Variation (ms)","KPI from->to",76,1
"Max Delay Variation (ms)","KPI from->to",78,2
"Max Delay Variation (ms)","KPI from->to",80,1
"Max Delay Variation (ms)","KPI from->to",82,12
"Max Delay Variation (ms)","KPI from->to",84,1
"Max Delay Variation (ms)","KPI from->to",86,40
"Max Delay Variation (ms)","KPI from->to",88,1
"Max Delay Variation (ms)","KPI from->to",90,3
"Max Delay Variation (ms)","KPI from->to",92,3
"Max Delay Variation (ms)","KPI from->to",94,111
"Max Delay Variation (ms)","KPI from->to",96,117
"Max Delay Variation (ms)","KPI from->to",98,113
"Max Delay Variation (ms)","KPI from->to",100,1

Metric,"Pair Name",Timestamp,Value
"Delay (ms)","KPI from->to",2,1
"Delay (ms)","KPI from->to",4,1
"Delay (ms)","KPI from->to",6,1
"Delay (ms)","KPI from->to",8,2
"Delay (ms)","KPI from->to",10,1
"Delay (ms)","KPI from->to",12,1
"Delay (ms)","KPI from->to",14,2
"Delay (ms)","KPI from->to",16,2
"Delay (ms)","KPI from->to",18,41
"Delay (ms)","KPI from->to",20,28
"Delay (ms)","KPI from->to",22,18
"Delay (ms)","KPI from->to",24,36
"Delay (ms)","KPI from->to",26,27
"Delay (ms)","KPI from->to",28,33
"Delay (ms)","KPI from->to",30,32
"Delay (ms)","KPI from->to",32,34
"Delay (ms)","KPI from->to",34,9
"Delay (ms)","KPI from->to",36,1
"Delay (ms)","KPI from->to",38,2
"Delay (ms)","KPI from->to",40,2
"Delay (ms)","KPI from->to",42,2
"Delay (ms)","KPI from->to",44,2
"Delay (ms)","KPI from->to",46,2
"Delay (ms)","KPI from->to",48,2
"Delay (ms)","KPI from->to",50,2
"Delay (ms)","KPI from->to",52,3
"Delay (ms)","KPI from->to",54,2
"Delay (ms)","KPI from->to",56,2
"Delay (ms)","KPI from->to",58,2
"Delay (ms)","KPI from->to",60,51
"Delay (ms)","KPI from->to",62,59
"Delay (ms)","KPI from->to",64,33
"Delay (ms)","KPI from->to",66,33
"Delay (ms)","KPI from->to",68,33
"Delay (ms)","KPI from->to",70,33
"Delay (ms)","KPI from->to",72,33
"Delay (ms)","KPI from->to",74,33
"Delay (ms)","KPI from->to",76,33
"Delay (ms)","KPI from->to",78,33
"Delay (ms)","KPI from->to",80,2
"Delay (ms)","KPI from->to",82,1
"Delay (ms)","KPI from->to",84,1
"Delay (ms)","KPI from->to",86,2
"Delay (ms)","KPI from->to",88,1
"Delay (ms)","KPI from->to",90,1
"Delay (ms)","KPI from->to",92,1
"Delay (ms)","KPI from->to",94,16
"Delay (ms)","KPI from->to",96,36
"Delay (ms)","KPI from->to",98,16
"Delay (ms)","KPI from->to",100,1

Metric,"Pair Name",Timestamp,Value
MOS,"KPI from->to",2,4.37
MOS,"KPI from->to",4,4.37
MOS,"KPI from->to",6,4.37
MOS,"KPI from->to",8,3.49
MOS,"KPI from->to",10,4.37
MOS,"KPI from->to",12,4.37
MOS,"KPI from->to",14,4.37
MOS,"KPI from->to",16,4.37
MOS,"KPI from->to",18,1
MOS,"KPI from->to",20,1
MOS,"KPI from->to",22,1.85
MOS,"KPI from->to",24,1
MOS,"KPI from->to",26,1
MOS,"KPI from->to",28,1
MOS,"KPI from->to",30,1
MOS,"KPI from->to",32,1
MOS,"KPI from->to",34,2.83
MOS,"KPI from->to",36,4.37
MOS,"KPI from->to",38,4.37
MOS,"KPI from->to",40,4.37
MOS,"KPI from->to",42,3.51
MOS,"KPI from->to",44,4.37
MOS,"KPI from->to",46,4.37
MOS,"KPI from->to",48,4.37
MOS,"KPI from->to",50,4.37
MOS,"KPI from->to",52,3.5
MOS,"KPI from->to",54,4.37
MOS,"KPI from->to",56,4.37
MOS,"KPI from->to",58,4.37
MOS,"KPI from->to",60,1
MOS,"KPI from->to",62,1
MOS,"KPI from->to",64,4.36
MOS,"KPI from->to",66,4.36
MOS,"KPI from->to",68,4.36
MOS,"KPI from->to",70,4.36
MOS,"KPI from->to",72,4.36
MOS,"KPI from->to",74,3.46
MOS,"KPI from->to",76,4.36
MOS,"KPI from->to",78,4.36
MOS,"KPI from->to",80,4.37
MOS,"KPI from->to",82,4.37
MOS,"KPI from->to",84,4.37
MOS,"KPI from->to",86,4.37
MOS,"KPI from->to",88,4.37
MOS,"KPI from->to",90,4.37
MOS,"KPI from->to",92,4.37
MOS,"KPI from->to",94,1
MOS,"KPI from->to",96,1
MOS,"KPI from->to",98,1.85
MOS,"KPI from->to",100,4.37

Metric,"Pair Name",Timestamp,Value
MOS,"KPI from->to",102,4.37
MOS,"KPI from->to",104,4.37
MOS,"KPI from->to",106,4.37
MOS,"KPI from->to",108,4.37
MOS,"KPI from->to",110,4.37
MOS,"KPI from->to",112,4.37
MOS,"KPI from->to",114,4.37
MOS,"KPI from->to",116,4.37
MOS,"KPI from->to",118,4.37
MOS,"KPI from->to",120,3.5

Metric,"Pair Name",Timestamp,Value
"Jitter (ms)","KPI from->to",102,0
"Jitter (ms)","KPI from->to",104,0
"Jitter (ms)","KPI from->to",106,0
"Jitter (ms)","KPI from->to",108,1
"Jitter (ms)","KPI from->to",110,0
"Jitter (ms)","KPI from->to",112,0
"Jitter (ms)","KPI from->to",114,0
"Jitter (ms)","KPI from->to",116,0
"Jitter (ms)","KPI from->to",118,0
"Jitter (ms)","KPI from->to",120,0

Metric,"Pair Name",Timestamp,Value
Loss,"KPI from->to",2,0
Loss,"KPI from->to",4,0
Loss,"KPI from->to",6,0
Loss,"KPI from->to",8,0
Loss,"KPI from->to",10,0
Loss,"KPI from->to",12,0
Loss,"KPI from->to",14,0
Loss,"KPI from->to",16,0
Loss,"KPI from->to",18,0
Loss,"KPI from->to",20,0
Loss,"KPI from->to",22,0
Loss,"KPI from->to",24,0
Loss,"KPI from->to",26,0
Loss,"KPI from->to",28,0
Loss,"KPI from->to",30,0
Loss,"KPI from->to",32,0
Loss,"KPI from->to",34,0
Loss,"KPI from->to",36,0
Loss,"KPI from->to",38,0
Loss,"KPI from->to",40,0
Loss,"KPI from->to",42,0
Loss,"KPI from->to",44,0
Loss,"KPI from->to",46,0
Loss,"KPI from->to",48,0
Loss,"KPI from->to",50,0
Loss,"KPI from->to",52,0
Loss,"KPI from->to",54,0
Loss,"KPI from->to",56,0
Loss,"KPI from->to",58,0
Loss,"KPI from->to",60,0
Loss,"KPI from->to",62,0
Loss,"KPI from->to",64,0
Loss,"KPI from->to",66,0
Loss,"KPI from->to",68,0
Loss,"KPI from->to",70,0
Loss,"KPI from->to",72,0
Loss,"KPI from->to",74,0
Loss,"KPI from->to",76,0
Loss,"KPI from->to",78,0
Loss,"KPI from->to",80,0
Loss,"KPI from->to",82,0
Loss,"KPI from->to",84,0
Loss,"KPI from->to",86,0
Loss,"KPI from->to",88,0
Loss,"KPI from->to",90,0
Loss,"KPI from->to",92,0
Loss,"KPI from->to",94,0
Loss,"KPI from->to",96,0
Loss,"KPI from->to",98,0
Loss,"KPI from->to",100,0

Metric,"Pair Name",Timestamp,Value
"Max Delay Variation (ms)","KPI from->to",102,1
"Max Delay Variation (ms)","KPI from->to",104,1
"Max Delay Variation (ms)","KPI from->to",106,1
"Max Delay Variation (ms)","KPI from->to",108,39
"Max Delay Variation (ms)","KPI from->to",110,1
"Max Delay Variation (ms)","KPI from->to",112,1
"Max Delay Variation (ms)","KPI from->to",114,2
"Max Delay Variation (ms)","KPI from->to",116,1
"Max Delay Variation (ms)","KPI from->to",118,2
"Max Delay Variation (ms)","KPI from->to",120,51


