"Test Information",Value
"RUN ID",499
"END EXECUTION TIME","2021-05-14 16:10:44"
"SOURCE PROBE NAME",andreas
"SOURCE PROBE TEST IP ADDRESS",andreas
"SOURCE PROBE MANAGEMENT IP ADDRESS",andreas
"SOURCE PROBE GROUP",Administrators
"DESTINATION PROBE NAME",raspberrypi-AAS
"DESTINATION PROBE TEST IP ADDRESS",raspberrypi-AAS
"DESTINATION PROBE MANAGEMENT IP ADDRESS",raspberrypi-AAS
"DESTINATION PROBE GROUP",Administrators
"DESTINATION PROBE LOCATION",
"TEST MODULE",MESH
"TEST TYPE","Network KPI"
"TEST ADDITIONAL INFORMATION"," DSCP Setting: Best Effort"
"TEST DURATION",120
"TEST STATUS",Failed
"FAIL OR ERROR REASON"," Threshold failed on KPI from->to Jitter Max (ms) 
 Threshold failed on KPI from->to Max Delay Variation (ms) 
 Threshold failed on KPI from->to MOS 
"

Metric,"Pair Name",Value,"Threshold Type",Threshold,"Status KPI"
"Datagrams Out of Order","KPI from->to",0.0,0,>=,Passed
"Delay (ms)","KPI from->to",8.22,0,<=,Passed
"Jitter (ms)","KPI from->to",3.17,0,<=,Passed
"Jitter Max (ms)","KPI from->to",24.0,0,<=,Failed
Loss,"KPI from->to",0.03,0,<=,Passed
"Max Delay Variation (ms)","KPI from->to",169.0,0,<=,Failed
"Max loss burst","KPI from->to",1.0,0,<=,Passed
MOS,"KPI from->to",3.52,1,<=,Failed

Metric,"Pair Name",Timestamp,Value
"Delay (ms)","KPI from->to",102,1
"Delay (ms)","KPI from->to",104,1
"Delay (ms)","KPI from->to",106,2
"Delay (ms)","KPI from->to",108,1
"Delay (ms)","KPI from->to",110,1
"Delay (ms)","KPI from->to",112,2
"Delay (ms)","KPI from->to",114,1
"Delay (ms)","KPI from->to",116,2
"Delay (ms)","KPI from->to",118,2
"Delay (ms)","KPI from->to",120,1

Metric,"Pair Name",Timestamp,Value
MOS,"KPI from->to",2,4.37
MOS,"KPI from->to",4,4.37
MOS,"KPI from->to",6,3.5
MOS,"KPI from->to",8,4.37
MOS,"KPI from->to",10,4.37
MOS,"KPI from->to",12,4.37
MOS,"KPI from->to",14,4.37
MOS,"KPI from->to",16,3.5
MOS,"KPI from->to",18,1.29
MOS,"KPI from->to",20,1
MOS,"KPI from->to",22,1
MOS,"KPI from->to",24,1
MOS,"KPI from->to",26,1
MOS,"KPI from->to",28,1
MOS,"KPI from->to",30,1
MOS,"KPI from->to",32,1
MOS,"KPI from->to",34,1
MOS,"KPI from->to",36,4.37
MOS,"KPI from->to",38,4.37
MOS,"KPI from->to",40,3.5
MOS,"KPI from->to",42,4.37
MOS,"KPI from->to",44,4.37
MOS,"KPI from->to",46,4.37
MOS,"KPI from->to",48,4.37
MOS,"KPI from->to",50,4.37
MOS,"KPI from->to",52,4.37
MOS,"KPI from->to",54,4.37
MOS,"KPI from->to",56,4.37
MOS,"KPI from->to",58,1
MOS,"KPI from->to",60,1
MOS,"KPI from->to",62,3.49
MOS,"KPI from->to",64,4.37
MOS,"KPI from->to",66,4.37
MOS,"KPI from->to",68,4.37
MOS,"KPI from->to",70,4.37
MOS,"KPI from->to",72,3.5
MOS,"KPI from->to",74,4.37
MOS,"KPI from->to",76,4.37
MOS,"KPI from->to",78,4.37
MOS,"KPI from->to",80,4.37
MOS,"KPI from->to",82,4.37
MOS,"KPI from->to",84,4.37
MOS,"KPI from->to",86,4.37
MOS,"KPI from->to",88,4.37
MOS,"KPI from->to",90,4.37
MOS,"KPI from->to",92,1.85
MOS,"KPI from->to",94,1
MOS,"KPI from->to",96,1.95
MOS,"KPI from->to",98,4.37
MOS,"KPI from->to",100,4.37

Metric,"Pair Name",Timestamp,Value
Loss,"KPI from->to",2,0
Loss,"KPI from->to",4,0
Loss,"KPI from->to",6,0
Loss,"KPI from->to",8,0
Loss,"KPI from->to",10,0
Loss,"KPI from->to",12,0
Loss,"KPI from->to",14,0
Loss,"KPI from->to",16,0
Loss,"KPI from->to",18,0
Loss,"KPI from->to",20,0
Loss,"KPI from->to",22,0
Loss,"KPI from->to",24,0
Loss,"KPI from->to",26,0
Loss,"KPI from->to",28,0
Loss,"KPI from->to",30,0
Loss,"KPI from->to",32,0
Loss,"KPI from->to",34,0
Loss,"KPI from->to",36,0
Loss,"KPI from->to",38,0
Loss,"KPI from->to",40,1
Loss,"KPI from->to",42,0
Loss,"KPI from->to",44,0
Loss,"KPI from->to",46,0
Loss,"KPI from->to",48,0
Loss,"KPI from->to",50,0
Loss,"KPI from->to",52,0
Loss,"KPI from->to",54,0
Loss,"KPI from->to",56,0
Loss,"KPI from->to",58,0
Loss,"KPI from->to",60,0
Loss,"KPI from->to",62,0
Loss,"KPI from->to",64,0
Loss,"KPI from->to",66,0
Loss,"KPI from->to",68,0
Loss,"KPI from->to",70,0
Loss,"KPI from->to",72,0
Loss,"KPI from->to",74,0
Loss,"KPI from->to",76,0
Loss,"KPI from->to",78,0
Loss,"KPI from->to",80,0
Loss,"KPI from->to",82,0
Loss,"KPI from->to",84,0
Loss,"KPI from->to",86,0
Loss,"KPI from->to",88,0
Loss,"KPI from->to",90,0
Loss,"KPI from->to",92,0
Loss,"KPI from->to",94,0
Loss,"KPI from->to",96,0.96153846153846
Loss,"KPI from->to",98,0
Loss,"KPI from->to",100,0

Metric,"Pair Name",Timestamp,Value
"Delay (ms)","KPI from->to",2,2
"Delay (ms)","KPI from->to",4,2
"Delay (ms)","KPI from->to",6,3
"Delay (ms)","KPI from->to",8,2
"Delay (ms)","KPI from->to",10,2
"Delay (ms)","KPI from->to",12,2
"Delay (ms)","KPI from->to",14,1
"Delay (ms)","KPI from->to",16,2
"Delay (ms)","KPI from->to",18,17
"Delay (ms)","KPI from->to",20,35
"Delay (ms)","KPI from->to",22,26
"Delay (ms)","KPI from->to",24,34
"Delay (ms)","KPI from->to",26,27
"Delay (ms)","KPI from->to",28,42
"Delay (ms)","KPI from->to",30,29
"Delay (ms)","KPI from->to",32,51
"Delay (ms)","KPI from->to",34,32
"Delay (ms)","KPI from->to",36,1
"Delay (ms)","KPI from->to",38,1
"Delay (ms)","KPI from->to",40,2
"Delay (ms)","KPI from->to",42,1
"Delay (ms)","KPI from->to",44,1
"Delay (ms)","KPI from->to",46,1
"Delay (ms)","KPI from->to",48,1
"Delay (ms)","KPI from->to",50,2
"Delay (ms)","KPI from->to",52,1
"Delay (ms)","KPI from->to",54,1
"Delay (ms)","KPI from->to",56,1
"Delay (ms)","KPI from->to",58,32
"Delay (ms)","KPI from->to",60,29
"Delay (ms)","KPI from->to",62,2
"Delay (ms)","KPI from->to",64,1
"Delay (ms)","KPI from->to",66,1
"Delay (ms)","KPI from->to",68,1
"Delay (ms)","KPI from->to",70,1
"Delay (ms)","KPI from->to",72,3
"Delay (ms)","KPI from->to",74,1
"Delay (ms)","KPI from->to",76,2
"Delay (ms)","KPI from->to",78,2
"Delay (ms)","KPI from->to",80,2
"Delay (ms)","KPI from->to",82,2
"Delay (ms)","KPI from->to",84,2
"Delay (ms)","KPI from->to",86,1
"Delay (ms)","KPI from->to",88,1
"Delay (ms)","KPI from->to",90,1
"Delay (ms)","KPI from->to",92,19
"Delay (ms)","KPI from->to",94,35
"Delay (ms)","KPI from->to",96,15
"Delay (ms)","KPI from->to",98,2
"Delay (ms)","KPI from->to",100,2

Metric,"Pair Name",Timestamp,Value
Loss,"KPI from->to",102,0
Loss,"KPI from->to",104,0
Loss,"KPI from->to",106,0
Loss,"KPI from->to",108,0
Loss,"KPI from->to",110,0
Loss,"KPI from->to",112,0
Loss,"KPI from->to",114,0
Loss,"KPI from->to",116,0
Loss,"KPI from->to",118,0
Loss,"KPI from->to",120,0

Metric,"Pair Name",Timestamp,Value
"Jitter (ms)","KPI from->to",2,0
"Jitter (ms)","KPI from->to",4,0
"Jitter (ms)","KPI from->to",6,0
"Jitter (ms)","KPI from->to",8,0
"Jitter (ms)","KPI from->to",10,0
"Jitter (ms)","KPI from->to",12,0
"Jitter (ms)","KPI from->to",14,0
"Jitter (ms)","KPI from->to",16,2
"Jitter (ms)","KPI from->to",18,22
"Jitter (ms)","KPI from->to",20,17
"Jitter (ms)","KPI from->to",22,3
"Jitter (ms)","KPI from->to",24,18
"Jitter (ms)","KPI from->to",26,4
"Jitter (ms)","KPI from->to",28,18
"Jitter (ms)","KPI from->to",30,4
"Jitter (ms)","KPI from->to",32,19
"Jitter (ms)","KPI from->to",34,9
"Jitter (ms)","KPI from->to",36,0
"Jitter (ms)","KPI from->to",38,0
"Jitter (ms)","KPI from->to",40,0
"Jitter (ms)","KPI from->to",42,0
"Jitter (ms)","KPI from->to",44,0
"Jitter (ms)","KPI from->to",46,0
"Jitter (ms)","KPI from->to",48,0
"Jitter (ms)","KPI from->to",50,1
"Jitter (ms)","KPI from->to",52,0
"Jitter (ms)","KPI from->to",54,0
"Jitter (ms)","KPI from->to",56,0
"Jitter (ms)","KPI from->to",58,20
"Jitter (ms)","KPI from->to",60,6
"Jitter (ms)","KPI from->to",62,0
"Jitter (ms)","KPI from->to",64,0
"Jitter (ms)","KPI from->to",66,0
"Jitter (ms)","KPI from->to",68,0
"Jitter (ms)","KPI from->to",70,0
"Jitter (ms)","KPI from->to",72,3
"Jitter (ms)","KPI from->to",74,0
"Jitter (ms)","KPI from->to",76,0
"Jitter (ms)","KPI from->to",78,1
"Jitter (ms)","KPI from->to",80,0
"Jitter (ms)","KPI from->to",82,0
"Jitter (ms)","KPI from->to",84,0
"Jitter (ms)","KPI from->to",86,0
"Jitter (ms)","KPI from->to",88,0
"Jitter (ms)","KPI from->to",90,0
"Jitter (ms)","KPI from->to",92,24
"Jitter (ms)","KPI from->to",94,17
"Jitter (ms)","KPI from->to",96,1
"Jitter (ms)","KPI from->to",98,0
"Jitter (ms)","KPI from->to",100,0

Metric,"Pair Name",Timestamp,Value
"Jitter (ms)","KPI from->to",102,0
"Jitter (ms)","KPI from->to",104,0
"Jitter (ms)","KPI from->to",106,1
"Jitter (ms)","KPI from->to",108,0
"Jitter (ms)","KPI from->to",110,0
"Jitter (ms)","KPI from->to",112,0
"Jitter (ms)","KPI from->to",114,0
"Jitter (ms)","KPI from->to",116,0
"Jitter (ms)","KPI from->to",118,0
"Jitter (ms)","KPI from->to",120,0

Metric,"Pair Name",Timestamp,Value
"Max Delay Variation (ms)","KPI from->to",2,2
"Max Delay Variation (ms)","KPI from->to",4,1
"Max Delay Variation (ms)","KPI from->to",6,44
"Max Delay Variation (ms)","KPI from->to",8,2
"Max Delay Variation (ms)","KPI from->to",10,2
"Max Delay Variation (ms)","KPI from->to",12,1
"Max Delay Variation (ms)","KPI from->to",14,2
"Max Delay Variation (ms)","KPI from->to",16,52
"Max Delay Variation (ms)","KPI from->to",18,118
"Max Delay Variation (ms)","KPI from->to",20,121
"Max Delay Variation (ms)","KPI from->to",22,114
"Max Delay Variation (ms)","KPI from->to",24,117
"Max Delay Variation (ms)","KPI from->to",26,118
"Max Delay Variation (ms)","KPI from->to",28,169
"Max Delay Variation (ms)","KPI from->to",30,118
"Max Delay Variation (ms)","KPI from->to",32,117
"Max Delay Variation (ms)","KPI from->to",34,118
"Max Delay Variation (ms)","KPI from->to",36,2
"Max Delay Variation (ms)","KPI from->to",38,2
"Max Delay Variation (ms)","KPI from->to",40,31
"Max Delay Variation (ms)","KPI from->to",42,3
"Max Delay Variation (ms)","KPI from->to",44,3
"Max Delay Variation (ms)","KPI from->to",46,2
"Max Delay Variation (ms)","KPI from->to",48,2
"Max Delay Variation (ms)","KPI from->to",50,38
"Max Delay Variation (ms)","KPI from->to",52,2
"Max Delay Variation (ms)","KPI from->to",54,2
"Max Delay Variation (ms)","KPI from->to",56,2
"Max Delay Variation (ms)","KPI from->to",58,111
"Max Delay Variation (ms)","KPI from->to",60,117
"Max Delay Variation (ms)","KPI from->to",62,51
"Max Delay Variation (ms)","KPI from->to",64,4
"Max Delay Variation (ms)","KPI from->to",66,1
"Max Delay Variation (ms)","KPI from->to",68,2
"Max Delay Variation (ms)","KPI from->to",70,2
"Max Delay Variation (ms)","KPI from->to",72,57
"Max Delay Variation (ms)","KPI from->to",74,3
"Max Delay Variation (ms)","KPI from->to",76,10
"Max Delay Variation (ms)","KPI from->to",78,13
"Max Delay Variation (ms)","KPI from->to",80,2
"Max Delay Variation (ms)","KPI from->to",82,2
"Max Delay Variation (ms)","KPI from->to",84,23
"Max Delay Variation (ms)","KPI from->to",86,2
"Max Delay Variation (ms)","KPI from->to",88,2
"Max Delay Variation (ms)","KPI from->to",90,10
"Max Delay Variation (ms)","KPI from->to",92,116
"Max Delay Variation (ms)","KPI from->to",94,128
"Max Delay Variation (ms)","KPI from->to",96,115
"Max Delay Variation (ms)","KPI from->to",98,3
"Max Delay Variation (ms)","KPI from->to",100,3

Metric,"Pair Name",Timestamp,Value
"Max Delay Variation (ms)","KPI from->to",102,2
"Max Delay Variation (ms)","KPI from->to",104,3
"Max Delay Variation (ms)","KPI from->to",106,45
"Max Delay Variation (ms)","KPI from->to",108,1
"Max Delay Variation (ms)","KPI from->to",110,4
"Max Delay Variation (ms)","KPI from->to",112,5
"Max Delay Variation (ms)","KPI from->to",114,2
"Max Delay Variation (ms)","KPI from->to",116,2
"Max Delay Variation (ms)","KPI from->to",118,46
"Max Delay Variation (ms)","KPI from->to",120,2

Metric,"Pair Name",Timestamp,Value
MOS,"KPI from->to",102,4.37
MOS,"KPI from->to",104,4.37
MOS,"KPI from->to",106,3.5
MOS,"KPI from->to",108,4.37
MOS,"KPI from->to",110,4.37
MOS,"KPI from->to",112,4.37
MOS,"KPI from->to",114,4.37
MOS,"KPI from->to",116,4.37
MOS,"KPI from->to",118,3.5
MOS,"KPI from->to",120,4.37


